tree
version=v4
num_class=1
num_tree_per_iteration=1
label_index=0
max_feature_idx=9
objective=regression
feature_names=ret_1d ret_5d ret_20d gap_1d intraday_ret high_low_range volatility_5d volatility_20d volume_ratio_5d amount_ratio_5d
feature_infos=[-0.22598212957382202:0.2816154956817627] [-0.50476193428039551:1.4887917041778564] [-0.74644148349761963:3.7994270324707031] [-0.19128584861755371:0.20019817352294922] [-0.21928566694259644:0.2816154956817627] [0:0.46462392807006836] [0:0.52493315935134888] [0:0.15173156559467316] [0:847.290771484375] [0:736.3328857421875]
tree_sizes=3266 3294 3310 3287 3286 3292 3299 3296 3294 3319 3276 3316 3310 3365 3267 3358 3269 3308 3303 3266 3282 3379 3302 3339 3303 3332 3334 3359 3331 3346 3262 3310 3244 3354 3268 3350 3317 3319 3283 3333 3368 3272 3332 3306 3325 3350 3238 3335 3380 3321 3286 3277 3256 3337 3371 3377 3316 3345 3368 3355 3335 3338 3273 3260 3288 3309 3329 3225 3348 3228 3309 3271 3358 3233 3293 3364 3155 3284 3317 3339 3247 3341 3383 3169 3304 3146 3394 3361 3235 3186 3243 3355 3233 3272 3378 3135 3312 3360 3297 3308

Tree=0
num_leaves=31
num_cat=0
split_feature=0 5 0 5 5 3 5 6 8 2 1 5 5 9 1 1 3 2 7 8 4 0 1 8 3 1 8 8 0 2
split_gain=30.612 23.344 9.88048 3.50905 2.40096 2.19066 5.09802 1.98892 1.43913 1.33127 1.3089 1.26172 0.940067 0.815008 0.798752 0.744198 0.629814 0.590061 0.554646 0.524385 0.49673 1.59767 0.607115 0.468794 0.453504 0.429996 0.426214 0.421316 0.392769 0.354159
threshold=0.098949134349823012 1.0000000180025095e-35 -0.09985527396202086 0.099895417690277113 1.0000000180025095e-35 -0.041095882654190057 0.0076001286506652841 0.013907577376812698 0.92446139454841625 -0.14067798852920529 0.088050305843353285 1.0000000180025095e-35 0.13452279567718509 5.5106449127197275 0.0041667819023132333 0.074179887771606459 0.010119855403900148 0.2396693825721741 0.027069376781582836 3.4519252777099614 0.1079729199409485 -0.054122149944305413 0.088050305843353285 0.56752547621727001 -0.017913430929183956 0.060998022556304939 2.6923823356628422 3.109082937240601 -0.05135944485664367 0.0025348663330078129
decision_type=10 2 8 2 2 8 2 10 8 8 10 2 2 10 8 8 8 8 10 10 2 10 8 10 8 10 10 10 8 8
left_child=2 7 4 5 -1 6 -4 -2 -3 18 20 14 26 16 -11 -6 17 28 -7 24 22 -22 27 -9 -12 -19 -10 -5 -13 -8
right_child=1 8 3 10 15 9 29 23 12 11 19 13 -14 -15 -16 -17 -18 25 -20 -21 21 -23 -24 -25 -26 -27 -28 -29 -30 -31
leaf_value=-0.002176878252142328 0.0045980059677600046 0.0016502773063891403 -0.0017416254437062862 0.00022393395645336749 -0.00042826761971991159 0.00032831516390639218 0.00029611974610372445 0.0035199525960522694 0.0011042095657514954 0.00024479906678856521 -0.00031937465374579148 0.00042690992169227405 0.00052227461166217944 -0.00021802801210381821 0.0019333210522404817 -0.0012807374034776819 0.000374679509754274 0.0002725077125414473 0.00044430042602133118 -0.00050822770062156487 0.0032407503777300757 6.6638600287488928e-05 -0.00075089913679730782 0.0025333992674026113 3.1408752675495411e-05 0.00011410360460548357 0.00081176767437952523 -0.00014498576821980752 0.00030974401011019787 -2.9536764420684666e-05
leaf_weight=2670 3757 7382 4036 77230 15207 160463 17347 2627 36193 1090 12572 72749 12435 7235 1958 3079 381781 141120 288202 7666 555 1381 1760 2248 34503 61518 19011 8600 4257485 16094
leaf_count=2670 3757 7382 4036 77230 15207 160463 17347 2627 36193 1090 12572 72749 12435 7235 1958 3079 381781 141120 288202 7666 555 1381 1760 2248 34503 61518 19011 8600 4257485 16094
internal_value=0.000321374 0.00127075 0.000307132 0.00031122 -0.000776488 0.000317708 -6.32343e-05 0.00373297 0.000987405 0.000320365 6.78504e-05 0.000312854 0.000915042 0.000312224 0.00132966 -0.000571886 0.000313005 0.00030781 0.000402819 -0.000124749 0.000185619 0.00097761 0.000168107 0.00306557 -6.22842e-05 0.000224418 0.00100351 0.000186964 0.000311712 0.000139387
internal_weight=5.65995e+06 83653 5.5763e+06 5.55534e+06 20956 5.41108e+06 37477 8632 75021 5.3736e+06 144267 4.92494e+06 67639 4.92189e+06 3048 18286 4.91465e+06 4.53287e+06 448665 54741 89526 1936 87590 4875 47075 202638 55204 85830 4.33023e+06 33441
internal_count=5659954 83653 5576301 5555345 20956 5411078 37477 8632 75021 5373601 144267 4924936 67639 4921888 3048 18286 4914653 4532872 448665 54741 89526 1936 87590 4875 47075 202638 55204 85830 4330234 33441
is_linear=0
shrinkage=1


Tree=1
num_leaves=31
num_cat=0
split_feature=0 5 0 5 5 7 1 8 1 2 5 0 5 0 3 9 5 1 8 1 0 7 2 9 1 5 8 4 0 1
split_gain=27.6278 21.0688 9.00807 4.67573 2.83343 1.79651 1.43153 1.30281 1.27616 1.11124 2.03007 1.08398 0.858724 0.813644 0.687619 1.39773 0.838717 0.648388 0.584146 0.550472 0.523656 0.511876 0.488807 0.468407 0.46001 0.436165 0.401936 0.40122 1.45795 0.544067
threshold=0.098949134349823012 1.0000000180025095e-35 -0.089001655578613267 1.0000000180025095e-35 0.09747940301895143 0.071812923997640624 0.072245776653289809 0.89966988563537609 0.13678532838821414 -0.13293343782424924 1.0000000180025095e-35 -1.0000000180025095e-35 0.13452279567718509 -0.09985527396202086 0.044700920581817634 2.433048009872437 0.0076001286506652841 0.093830525875091567 3.109082937240601 -0.021827578544616696 0.018808782100677494 0.027195961214601997 1.0000000180025095e-35 5.5106449127197275 0.018637716770172123 0.058252394199371345 0.56752547621727001 0.1079729199409485 -0.054122149944305413 0.13678532838821414
decision_type=10 2 8 2 2 8 8 8 10 8 2 10 2 10 8 10 2 10 10 8 10 10 10 10 8 2 10 2 10 8
left_child=2 5 3 -1 9 26 13 -3 18 10 11 -4 -9 -5 17 16 -16 20 27 -18 22 -12 -11 -10 -22 -19 -2 29 -29 -6
right_child=1 7 4 6 8 -7 -8 12 23 14 21 -13 -14 -15 15 -17 19 25 -20 -21 24 -23 -24 -25 -26 -27 -28 28 -30 -31
leaf_value=-0.0023703572148881988 0.0030564407932849027 0.0012949841247350579 -0.001970964195799538 -0.0007115709897860524 -9.837544990128015e-05 0.0041299004803372437 -0.001312081739649931 0.0006511713910943575 -0.00043818515736722809 -2.9685751416774436e-05 1.1821765313654596e-05 0.00055159661268368613 0.00019280079326283305 -0.0002095010034341957 0.0014557694739565571 -0.00027452264255648867 0.0011059372876141189 -3.1400911048927946e-05 -0.00044641205278927966 0.00024914734621532997 7.861789419143205e-05 0.00011432207730570967 5.6455428521066885e-06 -0.0012375532503950974 -4.6599500424240053e-06 -0.00016950900623947815 0.0021708756625179472 0.0027897789684610198 -0.00021184617388649059 -0.00098150226729840019
leaf_weight=3994 2837 6757 1835 15182 99906 3430 5575 55752 33821 2137239 198838 554 12512 17226 2116 8189 2234 129747 13766 11635 312574 314383 1806312 1937 353202 102197 2365 551 1514 1774
leaf_count=3994 2837 6757 1835 15182 99906 3430 5575 55752 33821 2137239 198838 554 12512 17226 2116 8189 2234 129747 13766 11635 312574 314383 1806312 1937 353202 102197 2365 551 1514 1774
internal_value=4.69936e-11 0.000901917 -1.35302e-05 -0.000743213 -7.99557e-06 0.00324107 -0.000572057 0.000632731 -0.000219978 -1.95762e-06 6.78401e-05 -0.00138601 0.000567161 -0.000444718 -9.35437e-06 0.000256644 0.000528757 -1.06826e-05 -0.000140388 0.000387228 -6.57794e-06 7.46103e-05 -1.35025e-05 -0.00048152 3.44381e-05 -9.22533e-05 0.00265433 -9.97778e-05 0.000590034 -0.000113793
internal_weight=5.65995e+06 83653 5.5763e+06 41977 5.53432e+06 8632 37983 75021 153269 5.38106e+06 515610 2389 68264 32408 4.86544e+06 24174 15985 4.84127e+06 117511 13869 4.60933e+06 513221 3.94355e+06 35758 665776 231944 5202 103745 2065 101680
internal_count=5659954 83653 5576301 41977 5534324 8632 37983 75021 153269 5381055 515610 2389 68264 32408 4865445 24174 15985 4841271 117511 13869 4609327 513221 3943551 35758 665776 231944 5202 103745 2065 101680
is_linear=0
shrinkage=0.05


Tree=2
num_leaves=31
num_cat=0
split_feature=0 5 0 5 5 6 6 8 1 2 5 0 5 0 9 3 5 3 5 1 8 7 2 4 9 8 3 3 3 0
split_gain=24.9345 19.0154 8.12991 4.21998 2.55718 1.63882 1.29911 1.18818 1.15175 1.00312 1.8239 1.00718 0.747582 0.643616 0.640582 1.18179 0.969465 0.608056 0.670288 0.549588 0.5272 0.486608 0.479584 0.443152 0.474512 0.429786 0.407527 0.4027 0.399684 0.401444
threshold=0.098949134349823012 1.0000000180025095e-35 -0.089001655578613267 1.0000000180025095e-35 0.09747940301895143 0.013907577376812698 0.074130844324827208 0.96865028142929088 0.13678532838821414 -0.12573680281639096 1.0000000180025095e-35 -1.0000000180025095e-35 0.13452279567718509 -0.09985527396202086 4.2064647674560556 0.044700920581817634 0.0076001286506652841 -0.041095882654190057 0.016666591167449955 -0.021827578544616696 3.109082937240601 0.027195961214601997 0.2396693825721741 -0.0032520592212676998 1.3211789727211001 3.4519252777099614 0.036720097064971931 -0.014563113451004027 0.010119855403900148 -0.057577490806579583
decision_type=10 2 8 2 2 10 8 8 10 8 2 10 2 10 10 8 2 10 2 8 10 10 8 2 8 10 10 8 10 10
left_child=2 5 3 -1 9 -2 13 -3 20 10 11 -4 -9 -5 15 17 -17 18 -11 -18 -6 26 28 24 -8 27 -12 -10 29 -19
right_child=1 7 4 6 8 -7 23 12 25 14 21 -13 -14 -15 -16 16 19 22 -20 -21 -22 -23 -24 -25 -26 -27 -28 -29 -30 -31
leaf_value=-0.0022518690166216447 0.0038642845079312396 0.001157525274001015 -0.0018611006300886493 -0.00062810797648664961 -9.4788199515038172e-05 0.0024732644824169755 -0.00061007069790508907 0.00060961349253867148 -0.00064123872014161401 -0.001554529048659747 6.5922163688567775e-06 0.00054613343433470901 0.00017731453707991838 -0.0001330202916284319 -0.00030971417032548331 0.0013826179393914085 0.00099590028406872067 0.00015069725755425493 -0.00021322738672047766 0.00015232490275099637 -0.00042409307450179715 0.0001040989921805842 -7.9209661784747953e-05 -0.0019511028750354713 -0.0013025024452133522 -0.00090456071945552705 0.0010180935957090698 -0.00026118534864521181 4.9246780015012103e-05 -1.0659110893605927e-05
leaf_weight=3994 3757 8506 1875 11780 103745 4875 6145 54253 10553 974 235931 565 12262 14827 17687 2125 2195 38907 20861 15991 13766 341840 229309 1086 4145 4672 999 20533 314855 4156941
leaf_count=3994 3757 8506 1875 11780 103745 4875 6145 54253 10553 974 235931 565 12262 14827 17687 2125 2195 38907 20861 15991 13766 341840 229309 1086 4145 4672 999 20533 314855 4156941
internal_value=1.121e-10 0.000856828 -1.28538e-05 -0.000706058 -7.59578e-06 0.00307907 -0.000543457 0.000601096 -0.000208979 -1.85973e-06 6.01785e-05 -0.00130369 0.000529923 -0.000352231 -9.37191e-06 -8.26102e-06 0.000372313 -9.88438e-06 -0.000273128 0.000254191 -0.000133368 6.59306e-05 -8.67169e-06 -0.000990641 -0.000889094 -0.000457446 1.08614e-05 -0.000390221 -5.08575e-06 -9.16286e-06
internal_weight=5.65995e+06 83653 5.5763e+06 41977 5.53432e+06 8632 37983 75021 153269 5.38106e+06 581210 2440 66515 26607 4.79984e+06 4.78216e+06 20311 4.76185e+06 21835 18186 117511 578770 4.74001e+06 11376 10290 35758 236930 31086 4.5107e+06 4.19585e+06
internal_count=5659954 83653 5576301 41977 5534324 8632 37983 75021 153269 5381055 581210 2440 66515 26607 4799845 4782158 20311 4761847 21835 18186 117511 578770 4740012 11376 10290 35758 236930 31086 4510703 4195848
is_linear=0
shrinkage=0.05


Tree=3
num_leaves=31
num_cat=0
split_feature=0 5 0 5 5 7 1 1 8 0 3 5 2 5 0 5 8 9 3 8 6 3 0 1 9 4 3 8 2 8
split_gain=22.5036 17.1619 7.33743 3.80863 2.3247 1.48134 1.34094 1.19179 1.07415 0.877302 1.34165 1.77774 0.804533 0.705144 0.668737 0.527269 0.517198 0.46359 0.511228 0.44888 0.443235 0.426857 0.415937 0.414388 0.41432 0.397853 1.37891 0.383002 0.36756 0.361256
threshold=0.098949134349823012 1.0000000180025095e-35 -0.089001655578613267 1.0000000180025095e-35 0.090602457523345961 0.071812923997640624 0.13678532838821414 0.055690348148345954 0.89966988563537609 -0.054122149944305413 -0.041095882654190057 0.01035284996032715 -0.13293343782424924 0.11776316165924074 -0.09985527396202086 1.0000000180025095e-35 3.109082937240601 5.5106449127197275 0.010119855403900148 2.6923823356628422 0.048953711986541755 0.044700920581817634 0.045553565025329597 -0.02663442492485046 5.5106449127197275 0.1079729199409485 -0.0088157653808593733 1.4597157239913943 0.2396693825721741 0.56752547621727001
decision_type=10 2 8 2 2 8 10 8 8 10 8 2 8 2 10 2 10 10 10 10 10 10 10 8 10 2 8 10 8 10
left_child=2 5 3 -1 9 29 16 14 -3 27 11 -11 20 19 -5 22 23 18 28 -10 21 -12 -14 -6 -8 -25 -27 -4 -17 -2
right_child=1 8 4 7 6 -7 24 -9 13 10 12 -13 15 -15 -16 17 -18 -19 -20 -21 -22 -23 -24 25 -26 26 -28 -29 -30 -31
leaf_value=-0.0021393038063515966 0.0027734849370160929 0.0011723767094964353 0.00022064953909986485 -0.00063721375155385569 4.29987537192722e-05 0.00373225389408247 -0.00038334423286653056 -0.0011519060916823209 0.00073195921555129937 -0.001618935397130231 4.3854409517619662e-05 -0.00022806041118903246 -9.9398098641821951e-05 0.00026772241940673251 -0.00017775274874573782 -9.591364051360916e-06 -0.000359800371344291 -0.00046337081575727602 4.9309379574418065e-05 0.00041145048159934135 0.00023509239702312838 0.0009346028789546187 0.0012043483562657197 -0.00014784270322716254 -0.001081959483515995 -0.00044576842728603368 0.0026654720461616916 -3.0636867926319176e-05 -8.1401883562294593e-05 0.0019342104041697762
leaf_weight=3994 2837 6757 63179 14891 49175 3430 40838 6175 30581 2642 450423 17572 991 20680 16917 4183294 17933 5593 360375 17003 33467 1348 1597 96032 2238 1003 551 19952 186121 2365
leaf_count=3994 2837 6757 63179 14891 49175 3430 40838 6175 30581 2642 450423 17572 991 20680 16917 4183294 17933 5593 360375 17003 33467 1348 1597 96032 2238 1003 551 19952 186121 2365
internal_value=1.02446e-10 0.000813991 -1.22111e-05 -0.000670763 -7.21601e-06 0.00292515 -0.000171295 -0.000516291 0.000571043 -8.15856e-07 -3.3709e-06 -0.000409921 -1.79746e-06 0.000511504 -0.000392864 -8.07738e-06 -0.000106331 -8.46739e-06 -7.92937e-06 0.000617444 5.9521e-05 4.65143e-05 0.000705271 -7.53566e-05 -0.000419665 -0.000134997 0.000658385 0.000160339 -1.26502e-05 0.00239237
internal_weight=5.65995e+06 83653 5.5763e+06 41977 5.53432e+06 8632 207770 37983 75021 5.32655e+06 5.24342e+06 20214 5.22321e+06 68264 31808 4.73797e+06 164694 4.73538e+06 4.72979e+06 47584 485238 451771 2588 146761 43076 97586 1554 83131 4.36942e+06 5202
internal_count=5659954 83653 5576301 41977 5534324 8632 207770 37983 75021 5326554 5243423 20214 5223209 68264 31808 4737971 164694 4735383 4729790 47584 485238 451771 2588 146761 43076 97586 1554 83131 4369415 5202
is_linear=0
shrinkage=0.05


Tree=4
num_leaves=31
num_cat=0
split_feature=0 5 0 5 5 3 5 6 8 2 9 8 3 5 1 5 1 1 1 0 4 0 6 3 4 8 1 5 0 1
split_gain=20.3099 15.4893 6.63164 2.39395 1.58014 1.46412 2.71054 1.35029 0.981579 0.944033 0.815247 0.806579 1.12252 0.805805 0.648582 0.622897 0.611301 0.579856 0.552765 0.496706 0.478478 1.07219 0.508826 0.441632 0.432198 0.558107 0.406469 0.403733 0.541411 0.393107
threshold=0.098949134349823012 1.0000000180025095e-35 -0.09985527396202086 0.10909950733184816 1.0000000180025095e-35 -0.049429625272750848 0.0076001286506652841 0.013907577376812698 1.009633541107178 -0.16249111294746396 4.2064647674560556 3.4519252777099614 0.044700920581817634 0.0076001286506652841 -0.015963792800903317 0.13452279567718509 0.0967424511909485 -0.023904740810394284 0.088050305843353285 0.018808782100677494 0.1079729199409485 -0.054122149944305413 inf 0.013513505458831789 -0.017031639814376828 1.3740830421447756 -0.1147540509700775 1.0000000180025095e-35 -1.0000000180025095e-35 -0.17040237784385678
decision_type=10 2 8 2 2 8 2 10 8 8 10 10 8 2 8 2 10 8 10 8 2 10 8 8 2 8 8 2 10 8
left_child=2 7 4 5 -1 6 -4 -2 -3 27 18 12 16 -14 -15 -10 19 -6 20 24 22 -22 -5 -21 25 -11 -8 28 -7 -29
right_child=1 8 3 10 17 9 26 -9 15 11 -12 -13 13 14 -16 -17 -18 -19 -20 23 21 -23 -24 -25 -26 -27 -28 29 -30 -31
leaf_value=-0.0020354367499500494 0.0034916854363528428 0.0010152968951086063 -0.001737182391605208 -0.00011544816093978112 -0.00055051423774675208 -0.0018292946395598198 0.00015439010561328818 0.0022290567697200031 0.00054684729480083808 3.7474212837676371e-05 -0.00079073107141870648 -0.00024052209859907163 0.0012540708147647623 0.00089793492744495165 0.00012629893358751098 0.00014977106561908085 -8.7707633344283789e-05 -0.001167065428394014 -0.00037508420556432107 2.1919466615895911e-05 0.0025105313237977597 -0.00011779933180992948 -0.0010222059168153918 0.00015256876589617811 -1.8630788194366196e-05 -7.1946310093610016e-05 -0.00032525997857980708 0.00032783801617602862 0.00039276745779370532 7.2460983437358045e-05
leaf_weight=2670 3757 9576 3237 47718 12864 632 6252 4875 53322 756828 6734 36836 2198 3228 17388 12123 225769 5422 34151 631553 555 1284 1598 72062 3242346 137745 15043 15877 483 295828
leaf_count=2670 3757 9576 3237 47718 12864 632 6252 4875 53322 756828 6734 36836 2198 3228 17388 12123 225769 5422 34151 631553 555 1284 1598 72062 3242346 137745 15043 15877 483 295828
internal_value=1.59938e-10 0.000773298 -1.16006e-05 -8.25162e-06 -0.000899366 -3.99136e-06 -0.000389386 0.00277895 0.000542492 -2.25294e-06 -0.000261129 -7.39898e-06 -5.71155e-06 0.000344219 0.000247157 0.000473296 -7.28738e-06 -0.000733382 -0.000219313 -3.53646e-06 -0.000115316 0.00067635 -0.00014485 3.53003e-05 -1.01419e-05 2.06257e-05 -0.000184439 8.20713e-05 -0.000867244 8.54699e-05
internal_weight=5.65995e+06 83653 5.5763e+06 5.55534e+06 20956 5.4633e+06 24532 8632 75021 5.43877e+06 92040 5.12595e+06 5.08912e+06 22814 20616 65445 5.0663e+06 18286 85306 4.84053e+06 51155 1839 49316 703615 4.13692e+06 894573 21295 312820 1115 311705
internal_count=5659954 83653 5576301 5555345 20956 5463305 24532 8632 75021 5438773 92040 5125953 5089117 22814 20616 65445 5066303 18286 85306 4840534 51155 1839 49316 703615 4136919 894573 21295 312820 1115 311705
is_linear=0
shrinkage=0.05


Tree=5
num_leaves=31
num_cat=0
split_feature=0 5 0 5 5 2 1 6 8 0 3 5 2 0 5 5 9 5 9 9 3 1 0 2 9 5 3 9 9 8
split_gain=18.3299 13.9795 6.0828 3.10015 1.94543 1.23352 1.12869 1.02905 0.914311 0.791228 1.10835 1.50125 0.703698 0.460332 0.453703 0.444877 0.431796 0.410223 0.474278 0.399584 0.521511 0.386323 0.367249 0.358682 0.356408 0.347744 0.341432 0.334295 0.32837 0.321615
threshold=0.098949134349823012 1.0000000180025095e-35 -0.089001655578613267 1.0000000180025095e-35 0.090602457523345961 0.61588323116302501 0.13678532838821414 0.074130844324827208 1.314632833003998 -0.057577490806579583 -0.041095882654190057 0.017667949199676517 -0.17064350843429563 -0.09985527396202086 1.0000000180025095e-35 0.13452279567718509 5.5106449127197275 0.043024361133575446 1.2518469691276553 4.2064647674560556 0.013513505458831789 -0.02663442492485046 0.043762743473052985 0.2396693825721741 5.5106449127197275 0.084630966186523451 -0.014563113451004027 1.1992365717887881 1.2936459779739382 0.56752547621727001
decision_type=10 2 8 2 2 8 10 8 8 10 8 2 8 10 2 2 10 2 8 10 8 8 10 8 10 2 8 8 10 10
left_child=2 5 3 27 9 29 16 13 25 28 11 -11 -12 -5 22 -10 21 -9 -19 20 23 -6 -14 -16 26 -3 -8 -1 -4 -2
right_child=1 8 4 7 6 -7 24 17 15 10 12 -13 14 -15 19 -17 -18 18 -20 -21 -22 -23 -24 -25 -26 -27 -28 -29 -30 -31
leaf_value=-0.0017445022660328578 0.0024837811177819136 0.0011538131616920771 0.00024687962638690212 -0.00053438526901861876 3.013799949429958e-05 0.0032989117388034432 -0.00056821606756414869 -0.002070809418209136 0.00048104928831569439 -0.001422388562417226 8.0874746215948433e-05 -0.00019627589443728754 -9.9121512751279507e-05 -0.0001156836239169749 -5.678664037266631e-06 0.00011951127783262567 -0.00059713309991829392 -0.00049172045769303859 -0.0011604328093961422 -0.0002634718564343131 6.8314729260948352e-05 -0.00013665133217905792 0.0011073021248104685 -7.4903969079648244e-05 -0.00099870426990372979 0.00067996001198529217 -0.00025462268685953683 -0.0030374328282476736 -5.0203069237969138e-07 0.001655680767879651
leaf_weight=3406 2518 5404 45303 11780 50793 3899 12517 668 45463 2892 248230 18219 1021 14827 4548458 10469 4204 5867 4841 14991 231587 109697 1649 195147 2238 13685 28321 588 19057 2215
leaf_count=3406 2518 5404 45303 11780 50793 3899 12517 668 45463 2892 248230 18219 1021 14827 4548458 10469 4204 5867 4841 14991 231587 109697 1649 195147 2238 13685 28321 588 19057 2215
internal_value=1.78881e-10 0.000734638 -1.10206e-05 -0.000610632 -6.47256e-06 0.00264003 -0.000156571 -0.000471266 0.000515369 -6.17719e-07 -2.74893e-06 -0.000364301 -1.29253e-06 -0.000301073 -5.37766e-06 0.000413382 -9.69701e-05 -0.000869263 -0.00079412 -5.72637e-06 -4.94969e-06 -8.38648e-05 0.000646105 -8.52654e-06 -0.000384438 0.000814159 -0.000350752 -0.00193556 0.000173631 0.00209667
internal_weight=5.65995e+06 83653 5.5763e+06 41977 5.53432e+06 8632 207770 37983 75021 5.32655e+06 5.26219e+06 21111 5.24108e+06 26607 4.99285e+06 55932 164694 11376 10708 4.99018e+06 4.97519e+06 160490 2670 4.7436e+06 43076 19089 40838 3994 64360 4733
internal_count=5659954 83653 5576301 41977 5534324 8632 207770 37983 75021 5326554 5262194 21111 5241083 26607 4992853 55932 164694 11376 10708 4990183 4975192 160490 2670 4743605 43076 19089 40838 3994 64360 4733
is_linear=0
shrinkage=0.05


Tree=6
num_leaves=31
num_cat=0
split_feature=0 5 0 5 5 2 1 1 8 3 5 2 8 9 1 0 2 1 4 8 2 0 4 1 9 0 0 1 6 9
split_gain=16.5631 12.3056 5.48267 2.7981 1.87947 1.56039 0.933865 0.901582 0.88895 1.00227 1.41615 0.919694 0.883047 0.728858 0.618981 0.572643 0.566859 0.500071 0.824131 0.497321 0.447192 0.42449 0.414347 0.410548 0.402841 0.380733 0.411306 0.592567 0.487443 0.358153
threshold=0.098949134349823012 1.0000000180025095e-35 -0.089001655578613267 1.0000000180025095e-35 0.11283105611801149 0.37043792009353643 0.072245776653289809 -0.036772578954696648 2.8624101877212529 0.044700920581817634 1.0000000180025095e-35 -0.17064350843429563 1.314632833003998 1.7987497448921206 0.088050305843353285 -1.0000000180025095e-35 0.2396693825721741 -0.17040237784385678 -0.027007579803466793 0.49774548411369329 -0.041862189769744866 -0.09985527396202086 -0.018302828073501583 0.029557466506958011 5.5106449127197275 -0.057577490806579583 0.014041304588317873 0.045767366886138923 0.046331051737070091 5.5106449127197275
decision_type=8 2 8 2 2 8 8 8 10 8 2 8 8 8 8 10 8 8 2 10 10 10 2 10 10 8 10 10 8 8
left_child=2 5 3 -1 8 7 19 -2 9 10 15 17 -3 20 -6 -4 25 18 -12 -5 -11 -21 -14 -18 -10 -13 -27 28 -28 -16
right_child=1 12 4 6 14 -7 -8 -9 24 13 11 16 22 -15 29 -17 23 -19 -20 21 -22 -23 -24 -25 -26 26 27 -29 -30 -31
leaf_value=-0.001838843064257988 -0.0019778761679543743 0.00077345574850927435 -0.001416398763962807 -0.0015946157054266244 -0.00012278550237488855 0.0029826844238432476 -0.0010454139953114323 0.0018211804018061339 -0.00012898461569874623 0.0010755774562229258 0.00080751221731026009 0.0001266664341961387 -0.00070645834619996375 4.6992157686541572e-05 -0.00037058614667917933 -0.00013766143738107081 -1.9870356065637184e-05 7.2406470400328171e-05 5.4342864906400381e-05 -0.00051107032298697611 0.00038179643786086291 -0.00014377475914915196 0.00039952410142354649 -0.00014868496343548441 -0.00047168580876493567 -1.139204188267055e-05 3.8262246100112444e-05 -3.459567103079031e-05 0.00019961913977943418 -0.0009673706116693848
leaf_weight=3994 162 19089 2471 776 37122 5174 5575 3838 65248 3964 6257 56485 858 9263 30558 1356 132962 251937 8656 14672 5612 16960 60495 115661 9872 3797567 645149 295017 50465 2739
leaf_count=3994 162 19089 2471 776 37122 5174 5575 3838 65248 3964 6257 56485 858 9263 30558 1356 132962 251937 8656 14672 5612 16960 60495 115661 9872 3797567 645149 295017 50465 2739
internal_value=1.50159e-10 0.000674342 -1.08488e-05 -0.000580112 -6.5263e-06 0.00240921 -0.000447708 0.00166686 -3.21481e-06 -8.31013e-07 -2.10967e-06 -1.42311e-06 0.000476462 0.000363218 -0.000263185 -0.000963465 -6.16375e-06 8.90602e-05 0.000370381 -0.000344858 0.00066907 -0.00031415 0.000384046 -7.97961e-05 -0.000174027 -2.38502e-06 -3.90743e-06 2.47847e-05 4.99685e-05 -0.000419705
internal_weight=5.65995e+06 89616 5.57034e+06 41977 5.52836e+06 9174 37983 4000 5.45794e+06 5.38282e+06 5.36398e+06 5.36016e+06 80442 18839 70419 3827 5.09331e+06 266850 14913 32408 9576 31632 61353 248623 75120 4.84468e+06 4.7882e+06 990631 695614 33297
internal_count=5659954 89616 5570338 41977 5528361 9174 37983 4000 5457942 5382822 5363983 5360156 80442 18839 70419 3827 5093306 266850 14913 32408 9576 31632 61353 248623 75120 4844683 4788198 990631 695614 33297
is_linear=0
shrinkage=0.05


Tree=7
num_leaves=31
num_cat=0
split_feature=0 5 0 5 5 2 6 1 8 1 2 5 0 1 5 0 2 5 8 1 4 5 3 3 1 0 4 8 9 8
split_gain=14.9483 11.106 4.94822 2.52536 1.73173 1.41733 0.86648 0.840902 0.823389 0.757774 0.706918 0.925096 0.667241 0.490942 0.474243 0.432354 0.445364 0.415903 0.490427 0.407088 0.62895 0.383824 0.393038 0.381195 0.550842 0.377283 0.369874 0.344157 0.34301 0.362496
threshold=0.098949134349823012 1.0000000180025095e-35 -0.089001655578613267 1.0000000180025095e-35 0.099895417690277113 0.48186320066452032 0.074130844324827208 -0.036772578954696648 0.89966988563537609 0.12947082519531253 -0.12350770831108092 1.0000000180025095e-35 0.043762743473052985 0.093830525875091567 0.058252394199371345 0.018808782100677494 1.0000000180025095e-35 0.11283105611801149 2.8624101877212529 -0.17040237784385678 -0.027007579803466793 0.049605011940002448 0.016715228557586673 0.044700920581817634 -0.0090195238590240461 -0.09985527396202086 -0.0032520592212676998 3.4519252777099614 1.3211789727211001 0.55230879783630382
decision_type=8 2 8 2 2 8 8 8 8 8 8 2 10 10 2 8 10 2 8 8 2 2 10 10 8 10 2 8 8 10
left_child=2 5 3 -1 10 7 25 -2 -3 -6 11 12 -4 15 -15 16 23 18 -10 20 -13 22 -17 -12 -25 -5 28 -11 29 -8
right_child=1 8 4 6 9 -7 26 -9 17 27 13 19 -14 14 -16 21 -18 -19 -20 -21 -22 -23 -24 24 -26 -27 -28 -29 -30 -31
leaf_value=-0.0017469239470794115 -0.0018436154614879876 0.00098087286788858742 -0.0011991354383176526 -0.00048037623008013915 -0.00011046876486277987 0.0029196727288777705 -0.002049972715156985 0.0018038853642140273 0.00062281434169318911 -0.00030901423887700648 -2.7600844436254503e-05 0.00065578765779657775 0.0018142981178750428 -1.3445651994581809e-05 -0.00015374278009593827 5.1690510766719109e-05 7.2034605080721554e-06 0.00024328114720244262 0.00029549332206643995 4.5756315008639054e-05 5.3451516606207703e-05 -9.7679147052943418e-06 0.0002447196924892972 0.0013095641496530487 -2.7212627590159931e-05 -0.00010132125623607308 -0.0016679202822623429 -0.00072323560355753178 -0.0010492583372488811 -0.00036772073717508918
leaf_weight=3994 163 6757 2146 11780 98265 4519 338 4492 28613 30876 2064228 7043 200 131976 110806 342514 1811099 25996 19076 583947 11265 296252 28570 1303 1884 14827 1086 5987 4145 5807
leaf_count=3994 163 6757 2146 11780 98265 4519 338 4492 28613 30876 2064228 7043 200 131976 110806 342514 1811099 25996 19076 583947 11265 296252 28570 1303 1884 14827 1086 5987 4145 5807
internal_value=1.22236e-10 0.000640627 -1.03064e-05 -0.000551112 -6.19999e-06 0.00228877 -0.000425327 0.0016758 0.000452639 -0.000182992 -1.77042e-06 4.91745e-05 -0.000941572 -8.20261e-06 -7.74778e-05 -4.50279e-06 -1.0899e-05 0.000404187 0.000491892 5.30354e-05 0.000285191 3.26715e-05 6.65526e-05 -2.67571e-05 0.000519566 -0.000269156 -0.000790535 -0.000376307 -0.000697783 -0.00046057
internal_weight=5.65995e+06 89616 5.57034e+06 41977 5.52836e+06 9174 37983 4655 80442 135128 5.39323e+06 604601 2346 4.78863e+06 242782 4.54585e+06 3.87851e+06 73685 47689 602255 18308 667336 371084 2.06742e+06 3187 26607 11376 36863 10290 6145
internal_count=5659954 89616 5570338 41977 5528361 9174 37983 4655 80442 135128 5393233 604601 2346 4788632 242782 4545850 3878514 73685 47689 602255 18308 667336 371084 2067415 3187 26607 11376 36863 10290 6145
is_linear=0
shrinkage=0.05


Tree=8
num_leaves=31
num_cat=0
split_feature=0 5 0 5 5 2 1 1 8 1 2 5 0 3 4 6 8 8 5 5 5 0 4 8 8 1 9 3 4 7
split_gain=13.491 10.0233 4.46593 2.27919 1.58116 1.2928 0.971614 0.786463 0.743126 0.73732 0.585212 0.833811 0.602387 0.454787 0.397151 0.395159 0.384708 0.38309 0.377981 0.356306 0.349466 0.405845 0.754563 0.384915 0.330825 0.329771 0.327272 0.348277 0.318314 0.443074
threshold=0.098949134349823012 1.0000000180025095e-35 -0.089001655578613267 1.0000000180025095e-35 0.090602457523345961 0.33830356597900396 0.14475452899932864 -0.021276623010635373 0.89966988563537609 -0.042595356702804558 -0.12350770831108092 1.0000000180025095e-35 0.043762743473052985 -0.041095882654190057 -0.018302828073501583 0.048272632062435157 3.9659343957901005 0.44235906004905706 0.016666591167449955 1.0000000180025095e-35 0.11283105611801149 0.098949134349823012 0.1079729199409485 2.6923823356628422 3.109082937240601 -0.026087015867233273 5.5106449127197275 0.0093853473663330095 -0.017031639814376828 0.038577992469072349
decision_type=8 2 8 2 2 8 8 8 8 8 8 2 10 10 2 10 10 10 2 2 2 10 2 8 8 10 10 10 2 8
left_child=2 5 3 -1 10 9 16 17 -3 -2 11 12 -4 18 -10 -13 25 -5 -12 -15 23 22 -22 -16 -8 -6 27 28 -21 -30
right_child=1 8 4 7 6 -7 24 -9 14 -11 13 15 -14 19 20 -17 -18 -19 -20 26 21 -23 -24 -25 -26 -27 -28 -29 29 -31
leaf_value=-0.0016595996176690217 -0.0019269205062867854 0.00093183648988605676 -0.0011392065357640506 -0.0016363308114275194 3.6575363941318408e-05 0.0026707500535928744 -0.00029171541040420097 -0.00077954643109623704 -0.00068492751574918999 0.0016075886683779275 -0.0012027020521546106 3.8467450800631026e-05 0.0017240345348610974 0.00058273925579731495 0.0005998833802689698 0.00019666787224913369 -0.00039205573041098087 -0.00024102664547651293 -0.00019345884920434316 2.1423835924156194e-05 -0.00095273513494805459 0.00021239919129180355 0.0023831157281297174 0.0003108772653116027 -0.00065569656172736568 -0.00011900166267927596 -0.00038632078208355146 3.9239329778235971e-05 -9.606083430069796e-06 -6.7749410877176756e-05
leaf_weight=3994 153 6757 2146 500 50270 5399 32978 10200 858 3622 973 550623 200 2572 27173 42520 9783 27283 19550 696908 244 24851 551 20008 7701 105635 5643 400585 3235703 364571
leaf_count=3994 153 6757 2146 500 50270 5399 32978 10200 858 3622 973 550623 200 2572 27173 42520 9783 27283 19550 696908 244 24851 551 20008 7701 105635 5643 400585 3235703 364571
internal_value=1.00113e-10 0.000608599 -9.79118e-06 -0.000523565 -5.88999e-06 0.00217434 -0.000141682 -0.000404068 0.000430009 0.00146386 -6.24441e-07 4.60869e-05 -0.00089448 -6.50957e-06 0.000383978 4.98085e-05 -8.79241e-05 -0.000266195 -0.000241364 -5.48531e-06 0.000396581 0.000248006 0.00135937 0.000477334 -0.000360636 -6.88375e-05 -5.8071e-06 -5.34994e-06 -9.50658e-06 -1.54938e-05
internal_weight=5.65995e+06 89616 5.57034e+06 41977 5.52836e+06 9174 206367 37983 80442 3775 5.32199e+06 595489 2346 4.7265e+06 73685 593143 165688 27783 20523 4.70598e+06 72827 25646 795 47181 40679 155905 4.70341e+06 4.69777e+06 4.29718e+06 3.60027e+06
internal_count=5659954 89616 5570338 41977 5528361 9174 206367 37983 80442 3775 5321994 595489 2346 4726505 73685 593143 165688 27783 20523 4705982 72827 25646 795 47181 40679 155905 4703410 4697767 4297182 3600274
is_linear=0
shrinkage=0.05


Tree=9
num_leaves=31
num_cat=0
split_feature=0 5 0 8 2 8 7 3 5 4 9 2 8 6 0 9 5 9 5 1 4 5 5 4 8 3 0 1 6 6
split_gain=12.1764 9.31742 4.1116 1.62577 0.958345 0.920113 0.915954 0.77999 2.00136 0.875482 0.947979 0.716157 0.648785 0.589782 0.561676 0.492041 0.441188 0.396527 0.388895 0.372111 0.662162 0.337028 0.321199 0.309953 0.499433 0.408183 0.396369 0.589441 0.413497 0.354784
threshold=0.098949134349823012 1.0000000180025095e-35 -0.09985527396202086 3.109082937240601 0.29375302791595465 0.51130178570747387 0.062475753948092468 0.044700920581817634 1.0000000180025095e-35 0.1079729199409485 1.5348948240280154 -0.18509086966514585 1.2881950139999392 0.039887947961688049 -1.0000000180025095e-35 0.91170427203178417 0.10909950733184816 1.2439222335815432 0.13452279567718509 -0.17040237784385678 -0.020066112279891964 0.15749621391296389 0.12408369779586793 -0.022535234689712521 1.3851177096366885 -0.018656700849533078 0.013729989528656008 0.045767366886138923 0.046331051737070091 0.05292469076812268
decision_type=10 2 8 10 10 10 8 8 2 2 8 8 8 10 10 10 2 10 2 8 2 2 2 2 8 10 8 8 8 10
left_child=2 6 5 4 7 -1 -2 8 14 10 -9 19 -3 -5 -4 -6 23 -7 -14 20 -10 -12 -15 24 25 29 -25 28 -28 -13
right_child=1 12 3 13 15 17 -8 9 11 -11 21 16 18 22 -16 -17 -18 -19 -20 -21 -22 -23 -24 26 -26 -27 27 -29 -30 -31
leaf_value=-0.0014619748692912835 0.0017202986485405436 0.00067942201108667168 -0.0013352192655714538 -0.00014516908003861653 -2.8122813498085887e-05 -0.00034380828457714914 0.0027667304475923944 0.00072120488550479137 0.0006229733454561051 0.0022551731666681008 8.8657490987815958e-05 0.00040001877658160754 0.00039917717404086556 -0.00036637492088979984 -0.00012347422875883725 -0.00023168795049364517 -0.00015316281007210912 -0.00082064787265843952 6.3505508792559932e-05 7.0810216955998883e-05 -2.7574377451465408e-05 -0.00094708721800386821 -0.00084477527144025339 -1.5974031338043024e-05 -6.4592434131355547e-05 4.0664948827094194e-05 3.2988656844558714e-05 -3.6937345203382232e-05 0.00017504708917387462 2.0274791009026373e-05
leaf_weight=3391 5054 18214 3588 44931 52738 9515 3578 7099 8496 543 18122 15146 46196 18321 1304 67909 49322 8050 10611 195110 7248 820 4340 3372373 114580 492011 688057 327587 55344 10356
leaf_count=3391 5054 18214 3588 44931 52738 9515 3578 7099 8496 543 18122 15146 46196 18321 1304 67909 49322 8050 10611 195110 7248 820 4340 3372373 114580 492011 688057 327587 55344 10356
internal_value=8.69459e-11 0.000598759 -8.98232e-06 -6.34531e-06 -3.3434e-06 -0.000708009 0.00215432 -2.10666e-07 -1.55551e-06 0.000269947 0.000228467 -6.286e-07 0.000419749 -0.000250065 -0.00101231 -0.000142705 -4.34426e-06 -0.000562377 0.000336479 8.96795e-05 0.000323501 4.37724e-05 -0.000458031 -2.89805e-06 2.98621e-05 5.07749e-05 -7.55836e-06 1.89412e-05 4.35647e-05 0.000245817
internal_weight=5.65995e+06 83653 5.5763e+06 5.55534e+06 5.48775e+06 20956 8632 5.36711e+06 5.34052e+06 26584 26041 5.33563e+06 75021 67592 4892 120647 5.12478e+06 17565 56807 210854 15744 18942 22661 5.07545e+06 632093 517513 4.44336e+06 1.07099e+06 743401 25502
internal_count=5659954 83653 5576301 5555345 5487753 20956 8632 5367106 5340522 26584 26041 5335630 75021 67592 4892 120647 5124776 17565 56807 210854 15744 18942 22661 5075454 632093 517513 4443361 1070988 743401 25502
is_linear=0
shrinkage=0.05


Tree=10
num_leaves=31
num_cat=0
split_feature=0 5 0 5 5 2 6 1 8 3 5 2 8 9 9 2 0 1 0 2 1 4 4 5 9 9 9 9 1 2
split_gain=10.9973 8.18148 3.72014 1.89176 1.33502 1.10482 0.710555 0.682016 0.663927 0.791755 0.986123 0.669961 0.633001 0.571297 0.470023 0.438163 0.400465 0.375456 0.369509 0.366752 0.359036 0.691122 0.340049 0.318095 0.34042 0.315584 0.310228 0.309097 0.308248 0.307512
threshold=0.098949134349823012 1.0000000180025095e-35 -0.089001655578613267 1.0000000180025095e-35 0.11283105611801149 0.61588323116302501 0.081009093672037139 -0.020779877901077267 2.8624101877212529 0.044700920581817634 1.0000000180025095e-35 -0.18509086966514585 0.89966988563537609 1.7987497448921206 4.2064647674560556 0.29375302791595465 -1.0000000180025095e-35 0.090856134891510024 -0.057577490806579583 -0.041862189769744866 -0.17040237784385678 -0.026431709527969357 -0.020066112279891964 0.043024361133575446 1.2365442514419558 1.3626695275306704 5.5106449127197275 1.1992365717887881 0.060998022556304939 0.33830356597900396
decision_type=8 2 10 2 2 8 8 8 10 10 2 8 8 8 10 8 10 8 8 10 8 2 2 2 8 8 10 8 10 10
left_child=2 5 3 27 8 7 25 -2 9 10 16 20 -3 19 17 18 -4 -6 -13 -11 21 -12 -14 -8 -25 -5 -10 -1 -17 -24
right_child=1 12 4 6 14 -7 23 -9 26 13 11 15 22 -15 -16 28 -18 -19 -20 -21 -22 -23 29 24 -26 -27 -28 -29 -30 -31
leaf_value=-0.0013292528489736877 -0.0013364565857924557 0.00085128547597986242 -0.0011825563731502264 -0.00011153800306028805 -7.5882701463693368e-05 0.0025833026339616557 -0.0018958585005716796 0.0015950161823803097 -0.00011057989666611304 0.0009620547608475351 0.00074881342385906121 0.00012100885434222972 -0.00066507862962284902 4.3171013221426121e-05 -0.00066614634518841285 -3.7604978150248916e-05 -0.00011320350821567771 -0.00031768265554914374 -3.2569145073340371e-06 0.00033376789397508347 7.0207296062688648e-05 2.5781912966879901e-05 0.00040887862018567506 -0.00036388495498491241 -0.0010042004003793278 -0.00044605973251245136 -0.00041131827999536748 -0.00257155746964703 -0.00017971844297596636 0.00015342874656660861
leaf_weight=3406 206 6757 2471 17109 35888 4036 576 4932 65248 3964 5805 60558 822 9263 5482 123967 1356 29049 4916314 5612 190716 7673 58082 4189 4117 11992 9872 588 55123 14781
leaf_count=3406 206 6757 2471 17109 35888 4036 576 4932 65248 3964 5805 60558 822 9263 5482 123967 1356 29049 4916314 5612 190716 7673 58082 4189 4117 11992 9872 588 55123 14781
internal_value=1.11242e-10 0.000549481 -8.84008e-06 -0.000477758 -5.27949e-06 0.00196407 -0.000368889 0.00147725 -2.48856e-06 -4.28445e-07 -1.56491e-06 -9.91999e-07 0.000388132 0.000323138 -0.000221592 -4.50982e-06 -0.000803787 -0.000184053 -1.74484e-06 0.000593922 8.78336e-05 0.000337225 0.000345649 -0.000760316 -0.00068135 -0.000249399 -0.000150107 -0.00151274 -8.13475e-05 0.000357061
internal_weight=5.65995e+06 89616 5.57034e+06 41977 5.52836e+06 9174 37983 5138 5.45794e+06 5.38282e+06 5.36398e+06 5.36016e+06 80442 18839 70419 5.15596e+06 3827 64937 4.97687e+06 9576 204194 13478 73685 8882 8306 29101 75120 3994 179090 72863
internal_count=5659954 89616 5570338 41977 5528361 9174 37983 5138 5457942 5382822 5363983 5360156 80442 18839 70419 5155962 3827 64937 4976872 9576 204194 13478 73685 8882 8306 29101 75120 3994 179090 72863
is_linear=0
shrinkage=0.05


Tree=11
num_leaves=31
num_cat=0
split_feature=0 5 0 5 1 3 5 8 8 0 8 3 0 9 1 2 5 2 3 1 9 1 1 0 2 1 3 1 4 8
split_gain=9.92517 7.38394 3.41981 1.38674 1.00764 0.809548 1.78674 0.760605 0.596582 0.562888 0.561576 0.950558 0.541346 0.483509 0.430506 0.423357 0.383454 0.378954 0.381059 0.407229 0.363984 0.324277 0.315506 0.307884 0.486459 0.461274 0.291159 0.287543 0.285469 0.284003
threshold=0.098949134349823012 1.0000000180025095e-35 -0.09985527396202086 0.10909950733184816 0.3061321377754212 -0.041095882654190057 0.019393980503082279 0.59499293565750133 1.314632833003998 -1.0000000180025095e-35 2.1300016641616826 0.044700920581817634 -0.05135944485664367 3.2554059028625493 0.013993918895721437 -0.041862189769744866 0.024346470832824711 -0.13293343782424924 -0.01141923666000366 0.059671461582183845 1.2439222335815432 0.088050305843353285 -0.19784396886825559 0.017340958118438724 -0.0054790973663330069 0.045767366886138923 -0.017913430929183956 -0.1337887644767761 -0.018302828073501583 0.6227664351463319
decision_type=8 2 10 2 8 8 2 10 8 10 10 8 8 10 10 8 2 8 10 10 10 8 8 10 10 8 10 8 2 10
left_child=2 4 7 5 9 6 -4 -1 -3 14 11 12 22 21 -2 -13 -17 -14 19 -19 -9 -5 -7 24 -20 -25 -23 -8 -10 -11
right_child=1 8 3 13 -6 10 27 20 28 29 -12 15 17 -15 -16 16 -18 18 23 -21 -22 26 -24 25 -26 -27 -28 -29 -30 -31
leaf_value=-0.001287446266602332 -0.0025900376797219891 0.00061283750381195112 -0.0011569399247400248 -7.0109093371860444e-05 0.0023179819956465719 0.00056064464349925682 0.00018352725383323455 -0.00028811348713635176 -0.0006123824468945889 0.0018278474023969875 -8.3984430074912289e-05 0.00079593921909859545 4.0787575854621787e-05 -0.00048966981682000115 0.0015389460679636193 0.00086609952369538779 6.1060183588344669e-05 -2.8066741080239559e-05 -2.5961064104578956e-05 -0.00015976722487834287 -0.00074945736652129663 -0.00049738349571122544 9.524775608170864e-05 5.6454406286062131e-05 1.1046161137458698e-05 -2.9285942225541996e-05 -0.00017296593652266781 -0.0001770370033637379 0.00030561342134358946 0.00094235356704908092
leaf_weight=3785 160 19089 4575 46750 5260 3772 6869 9121 858 1963 197007 4743 480859 12412 103 1834 7629 279787 1802181 74277 8050 10192 104670 477882 1750569 233518 21519 28337 60495 1688
leaf_count=3785 160 19089 4575 46750 5260 3772 6869 9121 858 1963 197007 4743 480859 12412 103 1834 7629 279787 1802181 74277 8050 10192 104670 477882 1750569 233518 21519 28337 60495 1688
internal_value=6.47264e-11 0.000522009 -8.39815e-06 -5.99061e-06 0.00186588 -2.76563e-06 -0.000227495 -0.000645909 0.000368726 0.00125788 -1.11576e-06 2.01075e-06 8.96487e-07 -0.000199705 -0.000973279 0.00041044 0.000217158 -1.45448e-06 -5.85283e-06 -5.56958e-05 -0.000504429 -0.000153829 0.000111441 -1.71422e-06 -7.72626e-06 2.831e-05 -0.000277247 -0.000106685 0.000292766 0.00141882
internal_weight=5.65995e+06 89616 5.57034e+06 5.54938e+06 9174 5.45851e+06 39781 20956 80442 3914 5.41873e+06 5.22172e+06 5.20752e+06 90873 263 14206 9463 5.09907e+06 4.61821e+06 354064 17171 78461 108442 4.26415e+06 3.55275e+06 711400 31711 35206 61353 3651
internal_count=5659954 89616 5570338 5549382 9174 5458509 39781 20956 80442 3914 5418728 5221721 5207515 90873 263 14206 9463 5099073 4618214 354064 17171 78461 108442 4264150 3552750 711400 31711 35206 61353 3651
is_linear=0
shrinkage=0.05


Tree=12
num_leaves=31
num_cat=0
split_feature=0 5 0 8 5 2 1 9 1 8 0 3 5 3 5 8 5 5 8 6 1 4 8 1 7 0 1 6 9 8
split_gain=8.95756 6.66421 3.09253 1.59412 1.16432 0.924865 0.72471 0.58737 0.55934 0.54531 0.455906 0.707242 0.720044 0.423369 0.611797 0.430415 0.386677 0.326253 0.389667 0.296618 0.287262 0.280785 0.539851 0.441701 0.324788 0.322004 0.310664 0.412837 0.278891 0.27692
threshold=0.098949134349823012 1.0000000180025095e-35 -0.089001655578613267 0.52418407797813427 0.090602457523345961 0.61588323116302501 0.14475452899932864 1.7987497448921206 -0.042595356702804558 0.86990946531295787 -0.054122149944305413 -0.041095882654190057 0.019393980503082279 0.013513505458831789 0.009903609752655031 3.9659343957901005 0.0076001286506652841 0.11776316165924074 2.6923823356628422 0.070118784904479994 -0.047290027141571038 -0.015536695718765257 1.3740830421447756 -0.10168227553367613 0.045313406735658653 0.010258018970489504 0.060998022556304939 0.046331051737070091 5.5106449127197275 1.4732224345207217
decision_type=8 2 8 10 2 8 8 10 8 8 8 10 2 8 2 10 2 2 8 10 10 2 8 10 8 10 8 10 10 8
left_child=2 5 3 -1 10 8 28 19 -2 -3 29 12 -12 21 -15 -16 -9 18 -11 -5 -18 22 23 -13 25 -23 27 -27 -6 -4
right_child=1 9 4 7 6 -7 -8 16 -10 17 11 13 -14 14 15 -17 20 -19 -20 -21 -22 24 -24 -25 -26 26 -28 -29 -30 -31
leaf_value=-0.0012682628959704019 -0.0016133780910034376 0.0008085233067477662 0.00017401676781715944 -9.0359986133455039e-05 -6.4124277657105706e-05 0.002339162935526488 -0.00031035620041844954 -0.0024943150943675814 0.0014195891132351281 0.00049597884622092634 -0.0010202463736769581 0.00016413889773187731 -0.00017401341811673767 0.0009166999735370345 6.5953804628782463e-05 -0.00031005761045918779 -0.00042786383684155705 0.00015159503034070616 0.00021942787417224459 -0.0004319476728503822 -0.0010598108966782653 -1.6044165285520267e-05 -8.0448766710990784e-05 2.4464051090920663e-05 -6.599043958496562e-05 2.0667934270439906e-05 -3.9404232552888626e-05 0.00018465665769765266 -0.00046790318796354846 -4.179636204076954e-05
leaf_weight=5054 156 6007 58663 18283 161296 4036 40679 282 4982 30656 2941 61184 17273 2073 249691 7849 6059 21983 21796 9741 2558 2610511 115756 755671 242052 926612 211774 40036 4392 19908
leaf_count=5054 156 6007 58663 18283 161296 4036 40679 282 4982 30656 2941 61184 17273 2073 249691 7849 6059 21983 21796 9741 2558 2610511 115756 755671 242052 926612 211774 40036 4392 19908
internal_value=7.70838e-11 0.000495911 -7.97827e-06 -0.000435515 -4.73189e-06 0.00177261 -0.000121258 -0.000321498 0.00132721 0.00035029 -2.13407e-07 -2.00483e-06 -0.000297179 -8.62434e-07 6.13812e-05 5.4493e-05 -0.000675371 0.000313299 0.000381067 -0.000209105 -0.000615562 -4.118e-06 2.06057e-05 3.49262e-05 -9.8381e-06 -6.25085e-06 1.54439e-05 2.74601e-05 -7.48303e-05 0.000119335
internal_weight=5.65995e+06 89616 5.57034e+06 41977 5.52836e+06 9174 206367 36923 5138 80442 5.32199e+06 5.24342e+06 20214 5.22321e+06 259613 257540 8899 74435 52452 28024 8617 4.9636e+06 932611 816855 4.03098e+06 3.78893e+06 1.17842e+06 966648 165688 78571
internal_count=5659954 89616 5570338 41977 5528361 9174 206367 36923 5138 80442 5321994 5243423 20214 5223209 259613 257540 8899 74435 52452 28024 8617 4963596 932611 816855 4030985 3788933 1178422 966648 165688 78571
is_linear=0
shrinkage=0.05


Tree=13
num_leaves=31
num_cat=0
split_feature=0 5 0 8 2 2 5 5 5 0 2 8 6 1 1 3 0 1 0 5 4 8 3 7 0 1 2 3 6 4
split_gain=8.08427 6.01454 2.84533 1.17604 0.851152 0.765263 0.641488 0.574453 0.560226 1.25947 0.534296 0.501511 0.478598 0.477149 0.370926 0.347119 0.299186 0.442152 0.27315 0.27143 0.269985 0.591027 0.322066 0.298408 0.325673 0.275908 0.356462 0.357729 0.263064 0.26283
threshold=0.098949134349823012 1.0000000180025095e-35 -0.09985527396202086 3.109082937240601 0.33830356597900396 0.2396693825721741 1.0000000180025095e-35 0.069981634616851821 1.0000000180025095e-35 -1.0000000180025095e-35 -0.20457771420478818 1.1351059675216677 0.039887947961688049 -0.042595356702804558 -0.065217345952987657 0.014635026454925539 -0.025842636823654171 -0.15378871560096738 -0.089001655578613267 0.15749621391296389 -0.015266597270965574 1.3530778884887698 -0.021175712347030636 0.04475276172161103 0.010258018970489504 -0.0041709840297698966 -0.0054790973663330069 -0.068172544240951524 0.046331051737070091 -0.020066112279891964
decision_type=8 2 10 10 8 8 2 2 2 10 10 8 10 8 8 8 10 8 10 2 2 8 10 10 10 10 10 10 10 2
left_child=2 4 6 5 13 8 -1 18 9 -4 16 -3 -5 -2 -8 20 17 -10 -7 -14 21 22 -12 24 25 26 27 -22 -29 -13
right_child=1 11 3 12 -6 7 14 -9 10 -11 15 29 19 -15 -16 -17 -18 -19 -20 -21 23 -23 -24 -25 -26 -27 -28 28 -30 -31
leaf_value=-0.0013129424380624094 -0.0016199643593573492 0.00061303751135416168 -0.0010917143148786166 -0.00011817687586351774 0.0020867631080348443 -0.0010298918346438989 -0.0003047993742229145 -0.00018127775089928479 0.00047802958406139521 0.00038903068548753512 0.00021609333637122603 -0.00061093169053187592 -0.00035202243030889004 0.0012231820177637201 -0.00076743979710031498 6.4273263974830723e-05 4.9074174285455986e-05 0.00011348079376373214 -2.7386779016344821e-05 -0.0010243310911879854 0.00053459018287478036 -7.13620845600899e-05 3.1065219380429704e-05 -7.6927406906811147e-05 1.5507571850347602e-05 -4.4197988511411175e-07 4.226944670951194e-06 -5.8065956068977446e-05 0.00016649606442205235 0.00028817633885713497
leaf_weight=2670 153 13319 3498 44931 5399 681 11231 97480 11074 2435 24219 822 21045 3622 7055 197694 102993 33412 183011 1616 2585 149991 812043 156414 1162071 1308979 417280 802674 13256 66301
leaf_count=2670 153 13319 3498 44931 5399 681 11231 97480 11074 2435 24219 822 21045 3622 7055 197694 102993 33412 183011 1616 2585 149991 812043 156414 1162071 1308979 417280 802674 13256 66301
internal_value=4.56379e-11 0.000471118 -7.57941e-06 -5.38339e-06 0.00168399 -2.82746e-06 -0.000589084 -8.31717e-05 1.51637e-06 -0.000484029 2.07102e-06 0.000332776 -0.000212669 0.00110755 -0.000483325 -6.70062e-07 9.58791e-05 0.000204237 -3.11089e-05 -0.000400009 -3.31754e-06 2.00317e-05 3.64241e-05 -9.27838e-06 -6.42385e-06 -1.64388e-05 -3.3383e-05 -5.25566e-05 -5.44174e-05 0.000277157
internal_weight=5.65995e+06 89616 5.57034e+06 5.54938e+06 9174 5.48179e+06 20956 281172 5.20062e+06 5933 5.19468e+06 80442 67592 3775 18286 5.04721e+06 147479 44486 183692 22661 4.84951e+06 986253 836262 3.86326e+06 3.70684e+06 2.54477e+06 1.2358e+06 818515 815930 67123
internal_count=5659954 89616 5570338 5549382 9174 5481790 20956 281172 5200618 5933 5194685 80442 67592 3775 18286 5047206 147479 44486 183692 22661 4849512 986253 836262 3863259 3706845 2544774 1235795 818515 815930 67123
is_linear=0
shrinkage=0.05


Tree=14
num_leaves=31
num_cat=0
split_feature=0 5 0 5 5 1 1 9 9 0 0 3 5 2 2 1 7 5 6 7 8 3 5 8 0 6 9 8 8 2
split_gain=7.29609 5.4282 2.57686 1.36286 0.992788 0.776996 0.638196 0.509029 0.464814 0.447278 0.404718 0.593493 0.633488 0.394652 0.365929 0.344991 0.321094 0.320865 0.314936 0.297875 0.29113 0.286471 0.431239 0.347685 0.263827 0.254956 0.252004 0.243852 0.24377 0.234669
threshold=0.098949134349823012 1.0000000180025095e-35 -0.089001655578613267 0.050844430923461921 0.090602457523345961 0.3061321377754212 0.181605339050293 1.3211789727211001 1.5701501369476321 0.098949134349823012 -0.061502665281295769 -0.041095882654190057 0.021526396274566654 -0.18509086966514585 -0.14067798852920529 0.013993918895721437 0.022566976025700573 0.081245720386505141 0.070118784904479994 0.027069376781582836 2.5601600408554082 0.0091286897659301775 0.0076001286506652841 3.9659343957901005 0.009780466556549074 0.061935609206557281 0.62602341175079357 1.4597157239913943 0.52418407797813427 0.11394745111465455
decision_type=8 2 10 2 2 8 8 8 8 10 8 10 2 10 8 10 10 2 8 10 10 10 2 10 8 10 10 8 10 8
left_child=2 5 3 13 10 9 20 28 17 15 27 12 -12 -1 19 -2 -15 -3 -9 -13 29 -16 -23 24 -24 -18 -11 -4 -5 -6
right_child=1 8 4 7 6 -7 -8 18 -10 26 11 14 -14 16 21 -17 25 -19 -20 -21 -22 22 23 -25 -26 -27 -28 -29 -30 -31
leaf_value=-0.0016189581128183196 -0.0023700225926206811 0.00084591352325296689 0.00022820620961580196 -0.0012532094873673003 9.0750599412464705e-06 0.0019967925157499756 -0.0003411331449051188 -0.00032434927581412873 0.00023907612908344165 0.0016355509688069975 -0.0009220551768382685 -1.1065259114181708e-05 -0.00015164273438594486 -0.0025896444097171555 -8.0037073428404531e-06 0.001326392455442916 -0.00047092799470179142 0.0004035623353890285 -0.00081071876362314897 7.539930607800314e-05 -0.00021326465206265383 0.0008065445089673487 -2.1203967885574564e-06 -0.00028113360042880447 7.6524864572741837e-05 -0.0012154655811724515 0.00080374288429188037 -3.5450665320591928e-05 -6.6570341403926229e-05 -0.00011774670809004976
leaf_weight=1962 160 5298 30664 442 80788 5260 26455 10372 57010 1779 3102 156538 19051 237 4389333 103 3565 18134 4902 273891 32623 1800 210940 8728 215665 1698 1872 12282 18799 66501
leaf_count=1962 160 5298 30664 442 80788 5260 26455 10372 57010 1779 3102 156538 19051 237 4389333 103 3565 18134 4902 273891 32623 1800 210940 8728 215665 1698 1872 12282 18799 66501
internal_value=2.39966e-11 0.000447563 -7.20048e-06 -0.000397467 -4.2371e-06 0.0015998 -0.000111838 -0.000264982 0.000316138 0.00106592 -6.4722e-08 -1.30837e-06 -0.000259557 -0.00101015 -2.20038e-07 -0.000922836 -0.000792718 0.00050361 -0.000480486 4.3954e-05 -7.81198e-05 -4.15953e-06 3.44405e-05 3.12462e-05 3.76379e-05 -0.000711323 0.00120939 0.000152805 -9.38933e-05 -4.81854e-05
internal_weight=5.65995e+06 89616 5.57034e+06 41977 5.52836e+06 9174 206367 34515 80442 3914 5.32199e+06 5.27905e+06 22153 7462 5.2569e+06 263 5500 23432 15274 430429 179912 4.82647e+06 437133 435333 426605 5263 3651 42946 19241 147289
internal_count=5659954 89616 5570338 41977 5528361 9174 206367 34515 80442 3914 5321994 5279048 22153 7462 5256895 263 5500 23432 15274 430429 179912 4826466 437133 435333 426605 5263 3651 42946 19241 147289
is_linear=0
shrinkage=0.05


Tree=15
num_leaves=31
num_cat=0
split_feature=0 5 0 8 1 3 7 5 5 0 5 1 2 8 7 1 3 4 0 0 7 6 1 1 2 8 1 2 0 5
split_gain=6.58522 5.06755 2.3692 1.00339 0.715025 0.588923 0.580161 0.528639 0.522299 1.06009 0.478891 0.456081 0.453202 0.38567 0.327458 0.322503 0.306699 0.896132 0.331069 0.295028 0.278621 0.331366 0.32916 0.29637 0.356099 0.32174 0.269079 0.267786 0.265399 0.26303
threshold=0.098949134349823012 1.0000000180025095e-35 -0.09985527396202086 3.9659343957901005 0.10391002893447877 -0.014563113451004027 0.062475753948092468 1.0000000180025095e-35 1.0000000180025095e-35 -0.039735108613967889 0.11283105611801149 0.00285714864730835 -0.20457771420478818 2.0252500772476201 0.032875826582312591 -0.065217345952987657 0.015958845615386966 0.086200773715972914 0.014041304588317873 -1.0000000180025095e-35 0.050221854820847518 0.027277058921754364 -0.022900730371475216 -0.0015735924243927 1.0000000180025095e-35 1.4325788617134096 0.052098751068115241 0.084249079227447524 0.024412751197814945 0.012745618820190431
decision_type=10 2 8 10 10 8 8 2 2 8 2 8 8 10 8 8 8 2 10 10 8 8 10 8 10 8 10 8 10 2
left_child=2 6 7 4 8 27 -2 -1 9 -4 13 19 -10 -3 -5 -9 20 18 -18 -11 21 23 -22 24 25 -14 28 -6 -23 -7
right_child=1 10 3 14 5 29 -8 15 12 11 -12 -13 16 -15 -16 -17 17 -19 -20 -21 22 26 -24 -25 -26 -27 -28 -29 -30 -31
leaf_value=-0.0011943441554245144 0.0012421708730067337 0.0005369859816001805 -0.0009942322195095226 -0.00019191587456751251 -4.0217198750534386e-05 0.00067949569265988866 0.0020748658202808831 -0.00027476122347302063 8.8038551212740897e-05 -0.0022426604592012912 0.00013652688086100267 0.0011664155840987931 -2.8953797507488415e-05 0.00025534345982387581 -0.00056248687351622296 -0.00070614609196747015 -4.340972678566459e-06 0.0019628399312484903 0.00013405481854073082 2.6513630967909284e-05 -1.6713731040951049e-06 2.1956108160852512e-05 -0.00011725803655527508 6.967947520379798e-06 1.0899130418497797e-05 -0.00012140858599203036 -2.9023088851435937e-05 -0.00032193453281594161 9.1776606466827994e-05 -5.4664494589977355e-05
leaf_weight=2670 5054 25216 3722 22650 11257 1227 3578 11231 146439 158 26332 989 1211306 23473 8091 7055 97433 618 77652 1445 133131 737187 114623 1715282 580170 102024 201687 33655 166923 187676
leaf_count=2670 5054 25216 3722 22650 11257 1227 3578 11231 146439 158 26332 989 1211306 23473 8091 7055 97433 618 77652 1445 133131 737187 114623 1715282 580170 102024 201687 33655 166923 187676
internal_value=-2.00375e-11 0.00044033 -6.60572e-06 -4.60398e-06 -3.01886e-06 -8.85852e-05 0.00158753 -0.000537232 7.62579e-07 -0.000453685 0.000308313 0.000322602 1.30565e-06 0.000401214 -0.000289465 -0.000441225 -1.16634e-06 6.37538e-05 5.70394e-05 -0.000198407 -3.465e-06 -7.49038e-07 -5.51476e-05 -8.08674e-06 -2.17245e-05 -3.61361e-05 2.31976e-05 -0.000251326 3.48469e-05 -4.98923e-05
internal_weight=5.65995e+06 83653 5.5763e+06 5.55534e+06 5.5246e+06 233815 8632 20956 5.29079e+06 6314 75021 2592 5.28448e+06 48689 30741 18286 5.13804e+06 175703 175085 1603 4.96233e+06 4.71458e+06 247754 3.60878e+06 1.8935e+06 1.31333e+06 1.1058e+06 44912 904110 188903
internal_count=5659954 83653 5576301 5555345 5524604 233815 8632 20956 5290789 6314 75021 2592 5284475 48689 30741 18286 5138036 175703 175085 1603 4962333 4714579 247754 3608782 1893500 1313330 1105797 44912 904110 188903
is_linear=0
shrinkage=0.05


Tree=16
num_leaves=31
num_cat=0
split_feature=0 5 0 5 9 1 7 5 9 5 0 4 3 5 3 3 0 2 8 9 6 2 9 7 6 6 5 5 2 2
split_gain=5.94324 4.57466 2.14482 1.14558 0.841962 0.646717 0.553221 0.519804 0.469595 0.433293 0.413641 0.7819 0.395763 0.545694 0.349788 0.339962 0.335414 0.332643 0.326227 0.320041 0.307566 0.304727 0.283322 0.275544 0.265822 0.265231 0.256385 0.251238 0.238433 0.230063
threshold=0.098949134349823012 0.0086321234703063982 -0.089001655578613267 0.052996397018432624 5.5106449127197275 0.1001989245414734 0.062475753948092468 0.071982622146606459 1.3211789727211001 0.13452279567718509 -0.054122149944305413 0.1079729199409485 -0.041095882654190057 0.021526396274566654 0.014635026454925539 -0.014132887125015257 0.015950977802276615 -0.17064350843429563 2.074431419372559 1.276572108268738 0.090408030897378935 -0.10608115792274474 1.185458302497864 0.022566976025700573 0.061935609206557281 0.070118784904479994 0.079698085784912123 0.15749621391296389 0.3143227100372315 -0.099290043115615831
decision_type=10 2 8 2 10 10 8 2 8 2 10 2 10 2 10 8 10 10 10 8 10 8 8 10 10 8 2 2 8 8
left_child=2 6 3 17 5 10 -2 -7 -5 18 11 19 13 -12 -14 -9 -16 -1 26 21 -11 -4 -18 -19 -25 -10 -3 -21 -28 -15
right_child=1 9 4 8 -6 7 -8 15 25 20 12 -13 14 29 16 -17 22 23 -20 27 -22 -23 -24 24 -26 -27 28 -29 -30 -31
leaf_value=-0.0014154747098497347 0.0011608611321179208 0.00069521264944740217 0.00032667696152784999 -7.2170319040202753e-05 -0.0004124524599637902 -2.1576772792622454e-05 0.0019596674554559729 -0.00032249276473360995 -0.00030162414806034687 -0.00010229781276237667 -0.00083648077504845295 0.0019710003663550402 -2.655536055464586e-06 0.00015286454211767088 8.2173742895525421e-06 -0.00011399845119475205 0.000239170106596726 -0.0023415074310594451 0.00021768309773801273 -4.3740254966664456e-06 0.00048677194260303479 8.9319617079892437e-05 6.0458234045076637e-05 -0.00036115811812573043 -0.0011042870384021979 -0.00075043306472239368 0.00047214230659879658 -0.00083274356405310494 0.00014147276985803121 -0.00021390904150733267
leaf_weight=2288 5438 8053 18569 19039 12561 153065 3612 26143 10282 10120 2971 553 4919804 5882 120244 77546 38201 243 27763 39578 2836 49750 52873 3427 1855 4843 18012 936 7819 15648
leaf_count=2288 5438 8053 18569 19039 12561 153065 3612 26143 10282 10120 2971 553 4919804 5882 120244 77546 38201 243 27763 39578 2836 49750 52873 3427 1855 4843 18012 936 7819 15648
internal_value=-4.6643e-12 0.000418316 -6.27546e-06 -0.000362327 -3.5748e-06 -2.6446e-06 0.00147986 -8.01315e-05 -0.000237401 0.000289524 1.13415e-06 9.73485e-05 -9.07234e-07 -0.000201379 5.00521e-08 -0.000166569 6.304e-05 -0.000908492 0.000344764 8.78102e-05 2.66741e-05 0.000153837 0.000135421 -0.000698323 -0.000622299 -0.000445372 0.000448879 -2.3532e-05 0.000372059 -0.000113704
internal_weight=5.65995e+06 83653 5.5763e+06 41977 5.53432e+06 5.52176e+06 9050 256754 34164 74603 5.26501e+06 109386 5.15562e+06 24501 5.13112e+06 103689 211318 7813 61647 108833 12956 68319 91074 5525 5282 15125 33884 40514 25831 21530
internal_count=5659954 83653 5576301 41977 5534324 5521763 9050 256754 34164 74603 5265009 109386 5155623 24501 5131122 103689 211318 7813 61647 108833 12956 68319 91074 5525 5282 15125 33884 40514 25831 21530
is_linear=0
shrinkage=0.05


Tree=17
num_leaves=31
num_cat=0
split_feature=0 5 0 5 2 3 5 8 8 3 0 1 8 7 5 8 1 7 0 1 1 9 1 1 5 2 8 5 9 4
split_gain=5.37063 4.01222 1.97085 0.929052 0.614037 0.485509 0.789212 0.454342 0.453854 0.70776 0.482625 0.401506 0.397657 0.392562 0.343887 0.328603 0.325858 0.30484 0.438766 0.458815 0.327149 0.297494 0.287423 0.268683 0.267073 0.265127 0.312588 0.243506 0.238019 0.233296
threshold=0.098949134349823012 1.0000000180025095e-35 -0.09985527396202086 0.11283105611801149 0.27710837125778204 -0.049429625272750848 0.0076001286506652841 0.65824174880981456 1.8572309613227846 0.036720097064971931 -0.05135944485664367 -0.014527827501296995 0.86990946531295787 0.021925952285528186 0.025729835033416752 3.109082937240601 -0.042595356702804558 0.050221854820847518 0.025608122348785404 0.040231287479400642 0.013483583927154543 1.2439222335815432 -0.1147540509700775 -0.19784396886825559 0.054525256156921394 0.61588323116302501 2.6923823356628422 0.078309774398803725 3.6269932985305791 -0.013375282287597655
decision_type=8 2 10 2 8 8 2 10 10 8 10 8 8 8 2 10 8 8 8 10 10 10 8 8 2 10 8 2 8 2
left_child=2 4 7 5 16 6 -4 -1 9 10 23 13 -3 -11 -13 -5 -2 18 29 -20 -19 -9 28 -7 -10 26 27 -14 -8 -12
right_child=1 12 3 15 -6 8 22 21 24 11 17 14 25 -15 -16 -17 -18 20 19 -21 -22 -23 -24 -25 -26 -27 -28 -29 -30 -31
leaf_value=-0.00095196057351186719 -0.0014346547660667426 0.00066230645103238601 -0.00094972459228558894 -0.00013881154498933106 0.0016758184466302392 0.00050206472411466101 0.00026634011059249865 -0.00016931087208042379 -7.6016989752174077e-06 0.0012486301475957251 1.7639456805295093e-05 0.00071104775202921952 0.00063114484315465421 0.00037153982307134979 5.638414284520569e-05 -0.00044914885171775754 0.00093052696250853434 -1.7073573731384738e-05 9.5531770184511644e-05 -1.4577338577958584e-05 -0.00014140835390283126 -0.00059154682737756086 -0.00022981135896066077 8.9758142995460745e-05 -9.9179033661690779e-05 -0.00012722205312073475 0.00013798430861471387 0.00029922075646608893 -0.00077657239391844886 -9.2222303867862214e-06
leaf_weight=4246 152 6007 3237 64642 5949 4104 5808 8660 143275 1795 1073339 2348 6588 4409 13737 9826 3073 175849 241146 155690 75671 8050 15519 105575 179182 4624 28947 34276 603 3273627
leaf_count=4246 152 6007 3237 64642 5949 4104 5808 8660 143275 1795 1073339 2348 6588 4409 13737 9826 3073 175849 241146 155690 75671 8050 15519 105575 179182 4624 28947 34276 603 3273627
internal_value=-1.50207e-11 0.000383991 -6.17777e-06 -4.35009e-06 0.00137461 -1.96411e-06 -0.000221065 -0.000490143 -9.52262e-07 2.66627e-06 1.43876e-06 0.000283799 0.000271001 0.000625468 0.000151987 -0.000179766 0.000818642 -8.39269e-07 2.00485e-06 5.23329e-05 -5.44807e-05 -0.000372745 -0.000113472 0.00010519 -5.84893e-05 0.000239413 0.000263699 0.000352747 0.000168141 -2.58963e-06
internal_weight=5.65995e+06 89616 5.57034e+06 5.54938e+06 9174 5.47491e+06 25167 20956 5.44975e+06 5.12729e+06 5.105e+06 22289 80442 6204 16085 74468 3225 4.99532e+06 4.7438e+06 396836 251520 16710 21930 109679 322457 74435 69811 40864 6411 4.34697e+06
internal_count=5659954 89616 5570338 5549382 9174 5474914 25167 20956 5449747 5127290 5105001 22289 80442 6204 16085 74468 3225 4995322 4743802 396836 251520 16710 21930 109679 322457 74435 69811 40864 6411 4346966
is_linear=0
shrinkage=0.05


Tree=18
num_leaves=31
num_cat=0
split_feature=0 5 0 8 5 1 2 9 8 0 8 5 4 1 1 8 3 5 0 5 0 2 1 2 1 5 8 9 3 6
split_gain=4.84703 3.62106 1.78074 0.969487 0.758617 0.622922 0.569742 0.428408 0.360911 0.346796 0.635798 0.496801 0.359362 0.478901 0.319718 0.296545 0.320889 0.291022 0.394934 0.279473 0.277585 0.26511 0.26468 0.259372 0.248771 0.241028 0.249137 0.238526 0.247882 0.230028
threshold=0.098949134349823012 1.0000000180025095e-35 -0.089001655578613267 0.52418407797813427 0.084630966186523451 0.13678532838821414 0.61588323116302501 1.7987497448921206 0.80309540033340465 0.047525942325592048 0.85347551107406627 1.0000000180025095e-35 -0.022535234689712521 -0.1147540509700775 -0.020779877901077267 1.4875419139862063 0.044700920581817634 0.057106435298919685 0.019184648990631107 0.0076001286506652841 -0.067567557096481309 -0.21318903565406797 -0.036099582910537713 -0.047021955251693719 0.056938707828521735 0.11283105611801149 2.8624101877212529 5.5106449127197275 -0.014563113451004027 0.031506109982728965
decision_type=8 2 8 10 2 8 8 10 8 8 10 2 2 8 8 8 10 2 10 2 10 8 10 8 8 2 8 8 10 8
left_child=2 6 3 -1 9 22 14 -5 -3 11 -11 -4 13 21 -2 16 20 18 -14 -9 -15 29 -6 -18 -19 26 -10 28 -7 -13
right_child=1 8 4 7 5 27 -8 19 25 10 -12 12 17 15 -16 -17 23 24 -20 -21 -22 -23 -24 -25 -26 -27 -28 -29 -30 -31
leaf_value=-0.00097971264098958366 -0.00097000096983091842 0.00068504124718412034 -0.00055814400469489367 -0.00014539549172060413 3.616195943872257e-05 -0.00038598150986202725 0.0017505316200681104 -0.0020899371051701777 0.00038655598286179137 0.00046895887527121315 5.0701331668740298e-05 0.00014203859554542763 -7.8823749697163013e-06 0.00030137656616825736 0.0010369768470273784 -6.4094350357501732e-05 0.0010125449035832321 -2.079325316128615e-05 3.9201220591484389e-05 -0.00049275489072951627 2.8056808263862839e-05 0.00012338774185996086 -8.4695496373903435e-05 5.3100505292521925e-05 -0.00011480194739925982 0.00011013684600610671 0.00015553139985998224 -0.00059731638978032832 -0.00013518554599286348 0.00061335320848278124
leaf_weight=5054 206 4649 3998 28024 64910 13965 4036 282 30065 10051 94549 4616 3669877 9461 4932 86351 1515 213794 506889 8617 509697 38844 149958 1316 104902 26652 19076 4315 33457 5896
leaf_count=5054 206 4649 3998 28024 64910 13965 4036 282 30065 10051 94549 4616 3669877 9461 4932 86351 1515 213794 506889 8617 509697 38844 149958 1316 104902 26652 19076 4315 33457 5896
internal_value=1.99558e-13 0.000364793 -5.86889e-06 -0.000330296 -3.40544e-06 -8.56891e-05 0.00130589 -0.00024138 0.000257452 7.63755e-07 9.08957e-05 -1.06436e-06 -6.32054e-07 3.38881e-05 0.000956337 2.17352e-05 3.59338e-05 -5.68244e-06 -2.16834e-06 -0.000543597 3.30383e-05 0.000183677 -4.81854e-05 0.00056672 -5.17374e-05 0.000231215 0.00029688 -0.000241441 -0.000209047 0.000406424
internal_weight=5.65995e+06 89616 5.57034e+06 41977 5.52836e+06 266605 9174 36923 80442 5.26176e+06 104600 5.15716e+06 5.15316e+06 657696 5138 608340 521989 4.49546e+06 4.17677e+06 8899 519158 49356 214868 2831 318696 75793 49141 51737 47422 10512
internal_count=5659954 89616 5570338 41977 5528361 266605 9174 36923 80442 5261756 104600 5157156 5153158 657696 5138 608340 521989 4495462 4176766 8899 519158 49356 214868 2831 318696 75793 49141 51737 47422 10512
is_linear=0
shrinkage=0.05


Tree=19
num_leaves=31
num_cat=0
split_feature=0 5 0 5 1 8 3 5 2 5 1 2 8 1 8 1 4 8 5 9 2 3 7 4 9 1 3 6 2 3
split_gain=4.37449 3.26807 1.64292 0.783332 0.537645 0.450069 0.566592 0.791943 0.404575 0.371234 0.360464 0.334017 0.316772 0.370453 0.314903 0.313715 0.459168 0.299335 0.288141 0.248995 0.245573 0.282713 0.225771 0.223619 0.221917 0.219441 0.213833 0.21293 0.209667 0.207311
threshold=0.098949134349823012 0.0076001286506652841 -0.09985527396202086 0.11776316165924074 0.3061321377754212 2.1973848342895512 0.044700920581817634 1.0000000180025095e-35 -0.12350770831108092 0.057662606239318855 -0.014527827501296995 0.3143227100372315 0.6227664351463319 -0.0072192549705505362 1.2881950139999392 -0.17040237784385678 -0.027007579803466793 3.109082937240601 0.041602432727813728 5.5106449127197275 0.41349774599075323 0.055594146251678474 0.022359325550496582 -0.023885339498519894 0.77012872695922863 -0.19784396886825559 -0.068172544240951524 0.045171439647674567 -0.25047084689140314 -0.019416004419326779
decision_type=8 2 10 2 8 10 10 2 8 2 8 10 8 10 8 8 2 8 2 10 10 10 8 2 8 8 10 8 10 10
left_child=2 4 9 5 12 6 7 -4 15 -1 22 -10 -2 -14 -3 16 28 -5 -12 -7 23 -22 -8 -16 -13 -11 -18 -19 -9 -17
right_child=1 14 3 17 -6 19 10 8 11 25 18 24 13 -15 20 29 26 27 -20 -21 21 -23 -24 -25 -26 -27 -28 -29 -30 -31
leaf_value=-0.00080581551618023417 0.0013031643915923903 0.0004258371462711279 -0.00062851902840789769 -0.00013367836480367878 0.0015524135315148251 -6.3676514033774305e-05 0.0012162779919211073 0.00077860072157449954 -2.7608961443646219e-06 0.00022147423595280009 0.00059278896105914136 1.3804376992269212e-05 -0.0018128218651792512 0.00059484674401255773 -0.00064376535896593177 0.00015563746935245312 0.00073738387566429496 -0.0002071977097671258 3.0748384974388012e-05 -0.00031437142439784117 -0.00027674455973759698 0.00046845332537930658 0.00042694203531768962 0.00023545668376793788 -0.00016076534744957789 -0.00038838290953767027 -5.6900146371565205e-05 -0.00065964324935896112 0.00029233773730941262 2.5108667917905392e-05
leaf_weight=5373 1778 18077 5009 47414 5358 180154 1410 3804 4593336 1649 2976 26979 171 2251 732 32196 927 5287 9746 10480 5173 1687 2536 54389 55977 13934 9749 5119 5316 550967
leaf_count=5373 1778 18077 5009 47414 5358 180154 1410 3804 4593336 1649 2976 26979 171 2251 732 32196 927 5287 9746 10480 5173 1687 2536 54389 55977 13934 9749 5119 5316 550967
internal_value=4.00774e-12 0.000346556 -5.57547e-06 -3.90676e-06 0.00122037 -1.97917e-06 7.35315e-07 -1.82789e-07 4.13501e-07 -0.000447446 0.000291785 -4.55673e-06 0.000796505 0.000424181 0.000242218 3.89604e-05 0.000234705 -0.00018698 0.00016226 -7.74599e-05 0.000188659 -9.34451e-05 0.000709227 0.000223769 -0.000103992 -0.000323837 1.21304e-05 -0.00042981 0.000495224 3.23153e-05
internal_weight=5.65995e+06 89616 5.57034e+06 5.54938e+06 9558 5.49156e+06 5.30093e+06 5.28426e+06 5.27925e+06 20956 16668 4.67629e+06 4200 2422 80058 602959 19796 57820 12722 190634 61981 6860 3946 55121 82956 15583 10676 10406 9120 583163
internal_count=5659954 89616 5570338 5549382 9558 5491562 5300928 5284260 5279251 20956 16668 4676292 4200 2422 80058 602959 19796 57820 12722 190634 61981 6860 3946 55121 82956 15583 10676 10406 9120 583163
is_linear=0
shrinkage=0.05


Tree=20
num_leaves=31
num_cat=0
split_feature=0 5 0 5 5 1 2 9 0 8 5 4 1 8 2 8 3 1 5 0 2 7 3 6 2 1 6 8 5 8
split_gain=3.948 2.95167 1.48838 0.835023 0.639063 0.53645 0.487058 0.358675 0.316722 0.559488 0.399548 0.317006 0.415824 0.310553 0.308241 0.27786 0.287832 0.266234 0.257513 0.379701 0.249672 0.24895 0.240128 0.233803 0.232166 0.226188 0.218125 0.215536 0.2113 0.219532
threshold=0.098949134349823012 1.0000000180025095e-35 -0.089001655578613267 0.050844430923461921 0.084630966186523451 0.13678532838821414 inf 1.3211789727211001 0.047525942325592048 0.79687741398811351 1.0000000180025095e-35 -0.022535234689712521 -0.12658008933067319 0.80309540033340465 -0.18509086966514585 1.3851177096366885 -0.018656700849533078 -0.042595356702804558 0.055010139942169196 0.019184648990631107 0.075538218021392836 0.022566976025700573 0.044700920581817634 0.081009093672037139 -0.21318903565406797 -0.02663442492485046 0.058574525639414794 5.1182987689971933 0.11283105611801149 2.8624101877212529
decision_type=8 2 8 2 2 8 8 8 8 10 2 2 8 8 10 8 10 8 2 8 8 10 10 10 8 10 10 10 2 8
left_child=2 6 3 14 8 25 17 -5 10 -10 -4 12 24 -3 -1 16 -14 -2 19 -13 -20 -16 -18 -9 -12 27 -23 -6 29 -15
right_child=1 13 4 7 5 -7 -8 23 9 -11 11 18 15 28 21 -17 22 -19 20 -21 -22 26 -24 -25 -26 -27 -28 -29 -30 -31
leaf_value=-0.0013194710110576748 -0.0011189067807001404 0.00062895316103746312 -0.00050055120317181489 -5.4581875287744768e-05 3.8248528185159554e-05 -0.00022310424646729976 0.0016681412731954293 -0.00028251872386863121 0.00049179798032781034 5.3889778000910926e-05 0.00042198807863301382 -7.2542559467317393e-06 0.00022492979072176244 0.00035363918772351321 -0.0021714277332893208 -4.8930588122191004e-05 2.7961864730454108e-05 0.00096286414610883414 -8.9208611725477768e-06 3.9927740918210525e-05 -9.1502361310963766e-05 -0.0002795966816056195 0.00052230416263769608 -0.00077546861351449211 0.00012523942586930068 -7.9609494218582308e-05 -0.00095297787445816618 -0.00085952751830713908 9.4612700796233159e-05 0.00013677601371666324
leaf_weight=1962 157 4649 3998 19241 69819 51737 3273 12283 7888 96712 8731 3640877 19793 30065 237 112132 487682 5744 208422 482976 163187 3403 2468 2991 26890 144375 1860 674 26652 19076
leaf_count=1962 157 4649 3998 19241 69819 51737 3273 12283 7888 96712 8731 3640877 19793 30065 237 112132 487682 5744 208422 482976 163187 3403 2468 2991 26890 144375 1860 674 26652 19076
internal_value=2.85055e-11 0.000329229 -5.29669e-06 -0.000301898 -3.04453e-06 -7.85666e-05 0.0011789 -0.000198196 7.82075e-07 8.69173e-05 -9.64979e-07 -5.77286e-07 3.18448e-05 0.000232315 -0.000781477 2.23311e-05 3.80009e-05 0.000907297 -5.32072e-06 -1.7284e-06 -4.51855e-05 -0.000589354 3.0452e-05 -0.000379094 0.000197985 -4.37633e-05 -0.000517713 2.96526e-05 0.000207978 0.00026946
internal_weight=5.65995e+06 89616 5.57034e+06 41977 5.52836e+06 266605 9174 34515 5.26176e+06 104600 5.15716e+06 5.15316e+06 657696 80442 7462 622075 509943 5901 4.49546e+06 4.12385e+06 371609 5500 490150 15274 35621 214868 5263 70493 75793 49141
internal_count=5659954 89616 5570338 41977 5528361 266605 9174 34515 5261756 104600 5157156 5153158 657696 80442 7462 622075 509943 5901 4495462 4123853 371609 5500 490150 15274 35621 214868 5263 70493 75793 49141
is_linear=0
shrinkage=0.05


Tree=21
num_leaves=31
num_cat=0
split_feature=0 5 0 8 7 4 2 3 1 5 1 6 8 7 6 1 6 1 0 0 3 8 5 2 1 2 0 3 9 9
split_gain=3.56311 2.66684 1.36804 0.687931 0.466527 0.492238 0.453013 0.420028 0.428236 0.40943 0.394876 0.355297 0.328592 0.325064 0.289222 0.448654 0.373836 0.368506 0.282606 0.277332 0.350029 0.272952 0.289263 0.336111 0.271254 0.272873 0.267803 0.256279 0.255757 0.255505
threshold=0.098949134349823012 0.0076001286506652841 -0.09985527396202086 2.5601600408554082 0.050221854820847518 0.027870535850524906 0.29375302791595465 0.036720097064971931 -0.0067690014839172355 1.0000000180025095e-35 -0.17040237784385678 0.040353249758481986 0.65824174880981456 0.02268127724528313 0.024785171262919906 0.052098751068115241 0.046331051737070091 -0.023904740810394284 -0.017937213182449337 -0.05135944485664367 -0.020211338996887204 2.074431419372559 0.079698085784912123 0.41349774599075323 -0.0024843513965606685 1.0000000180025095e-35 0.018808782100677494 -0.014563113451004027 5.5106449127197275 1.2439222335815432
decision_type=8 2 10 10 8 2 8 10 10 2 10 10 10 10 10 10 10 10 10 10 10 8 2 8 10 10 10 10 10 8
left_child=2 6 12 4 7 -6 -2 9 13 -4 18 -5 -1 -9 24 16 19 -18 -11 20 -16 22 -3 -24 25 29 -21 -17 -13 -12
right_child=1 21 3 11 5 -7 -8 8 -10 10 14 28 -14 -15 15 27 17 -19 -20 26 -22 -23 23 -25 -26 -27 -28 -29 -30 -31
leaf_value=-0.00080098785142500111 0.0006615607968210712 0.00058277967855217534 -0.00050492959363768099 -6.6833279638323635e-05 -3.1030347381742159e-05 -0.00019537084247934434 0.0013712629395932578 0.00096176855277438572 7.8687430697481098e-05 0.00034500721283514684 -2.467640966794401e-05 -0.0001917125439403985 -0.00030840953657662227 0.00027312359862350646 0.00035788040915657004 -0.00012538629421405081 0.00017142977407253758 2.6289644043304126e-05 -3.2761455515916667e-05 1.2615539402509675e-06 6.4185552652849153e-05 0.0001268414061020802 0.00033886384999872273 -3.4753188160306764e-05 7.5045734726683967e-06 9.665878005322206e-06 6.2423714490804502e-05 -1.1297420498076975e-05 -0.00054659725529257127 -9.2776260213149619e-05
leaf_weight=4246 3626 7878 3983 91439 258776 55301 5932 2672 20889 14292 1091647 28954 16710 4778 12785 58156 90234 84863 7574 755121 49118 40313 23811 8056 1674193 525838 234569 320421 6156 157623
leaf_count=4246 3626 7878 3983 91439 258776 55301 5932 2672 20889 14292 1091647 28954 16710 4778 12785 58156 90234 84863 7574 755121 49118 40313 23811 8056 1674193 525838 234569 320421 6156 157623
internal_value=2.02828e-12 0.000312769 -5.0319e-06 -3.50918e-06 -8.19885e-07 -5.99671e-05 0.00110212 2.81639e-06 0.000194772 1.7456e-06 2.14324e-06 -0.000118749 -0.000408247 0.000520207 1.22602e-06 1.87582e-05 3.34428e-05 0.000101086 0.000214159 2.21796e-05 0.000124848 0.000218517 0.000311497 0.000244415 -6.93326e-06 -2.05503e-05 1.57578e-05 -2.88237e-05 -0.00025395 -3.32688e-05
internal_weight=5.65995e+06 89616 5.57034e+06 5.54938e+06 5.42283e+06 314077 9558 5.10876e+06 28339 5.08042e+06 5.07643e+06 126549 20956 7450 5.05457e+06 1.60527e+06 1.22669e+06 175097 21866 1.05159e+06 61903 80058 39745 31867 3.4493e+06 1.77511e+06 989690 378577 35110 1.24927e+06
internal_count=5659954 89616 5570338 5549382 5422833 314077 9558 5108756 28339 5080417 5076434 126549 20956 7450 5054568 1605267 1226690 175097 21866 1051593 61903 80058 39745 31867 3449301 1775108 989690 378577 35110 1249270
is_linear=0
shrinkage=0.05


Tree=22
num_leaves=31
num_cat=0
split_feature=0 5 0 8 9 2 2 5 9 0 3 5 8 5 3 2 6 0 9 1 9 3 8 4 1 2 6 9 2 7
split_gain=3.21574 2.4076 1.25809 0.723635 0.56663 0.462376 0.415206 0.389869 0.371641 0.29121 0.275058 0.388145 0.271628 0.267172 0.25853 0.247358 0.237114 0.236225 0.275306 0.228525 0.230406 0.226768 0.211422 0.288155 0.30342 0.268338 0.325292 0.244842 0.227396 0.206248
threshold=0.098949134349823012 1.0000000180025095e-35 -0.089001655578613267 0.57712116837501537 5.5106449127197275 0.2396693825721741 inf 0.064641952514648451 1.3410564064979555 -0.061502665281295769 -0.041095882654190057 0.021526396274566654 0.73523262143135082 0.0076001286506652841 0.010119855403900148 -0.17064350843429563 0.06402794644236566 0.009780466556549074 1.7179718017578127 -0.14235085248947141 0.8496711552143098 0.044700920581817634 1.6656175255775454 -0.015536695718765257 -0.10168227553367613 -0.20457771420478818 0.030496827326714996 0.59089067578315746 -0.015061229467391966 0.018814032897353176
decision_type=8 2 8 10 10 8 8 2 10 8 10 2 8 2 10 10 10 10 8 10 10 10 10 2 10 10 10 8 10 8
left_child=2 6 3 -1 5 9 15 29 -5 -4 11 -11 -3 -10 22 -2 -15 -16 21 20 -13 -19 23 24 25 26 -12 -25 -24 -7
right_child=1 12 4 8 -6 7 -8 -9 13 10 14 19 -14 16 17 -17 -18 18 -20 -21 -22 -23 28 27 -26 -27 -28 -29 -30 -31
leaf_value=-0.0008120521104227886 -0.001397162697262942 0.00063950624072091952 0.00011169037669513603 -5.839681461606086e-05 -0.00033813549399001495 -0.00061164907209677671 0.0015162174562833803 -0.00013658581945769627 -0.0017951466481096149 -0.0007133889858984715 6.7623236405119777e-05 -0.00044614099823728453 0.00018996519303740101 -0.00021377207520250141 7.2195811623465961e-07 0.00086104803720756483 -0.00063308052774471561 0.00010271915309294131 -1.37545485334283e-05 -0.0001620934021941126 0.00050514097443069787 0.00045960860987612114 -9.2749190846599404e-05 -3.678129216219749e-05 1.7999148367697327e-05 7.8652199972359342e-05 0.00055889851166457285 -4.292602080655355e-08 -9.4362123550737456e-06 -1.1318534720783071e-05
leaf_weight=5500 123 3513 59186 20814 12561 1442 3273 112315 326 2850 6374 836 76929 10332 200922 5778 5005 141141 59373 19206 2658 4595 127881 534155 781528 54815 7148 3003748 227795 167832
leaf_count=5500 123 3513 59186 20814 12561 1442 3273 112315 326 2850 6374 836 76929 10332 200922 5778 5005 141141 59373 19206 2658 4595 127881 534155 781528 54815 7148 3003748 227795 167832
internal_value=2.44287e-11 0.000297132 -4.78031e-06 -0.000277473 -2.7097e-06 -1.94578e-06 0.00106451 -6.43596e-05 -0.000196849 1.41195e-06 1.50693e-07 -0.000163495 0.000209605 -0.000380817 9.62679e-07 0.000813749 -0.000350639 3.92549e-05 7.7001e-05 -9.44266e-05 0.000277468 0.000113975 -2.31508e-06 6.90335e-07 2.68335e-05 0.000127865 0.000327343 -5.58972e-06 -3.9391e-05 -1.64362e-05
internal_weight=5.65995e+06 89616 5.57034e+06 41977 5.52836e+06 5.5158e+06 9174 281589 36477 5.23421e+06 5.17502e+06 25550 80442 15663 5.14948e+06 5901 15337 406031 205109 22700 3494 145736 4.74344e+06 4.38777e+06 849865 68337 13522 3.5379e+06 355676 169274
internal_count=5659954 89616 5570338 41977 5528361 5515800 9174 281589 36477 5234211 5175025 25550 80442 15663 5149475 5901 15337 406031 205109 22700 3494 145736 4743444 4387768 849865 68337 13522 3537903 355676 169274
is_linear=0
shrinkage=0.05


Tree=23
num_leaves=31
num_cat=0
split_feature=0 5 0 8 2 6 3 4 5 9 2 5 7 9 6 2 8 7 0 1 9 0 7 7 1 6 1 0 6 1
split_gain=2.90511 2.28198 1.1386 0.593174 0.414573 0.359682 0.320635 0.641494 0.559489 0.428371 0.326821 0.311521 0.287948 0.279239 0.278667 0.271705 0.265608 0.222114 0.260249 0.287623 0.215095 0.210965 0.202676 0.187322 0.276963 0.216506 0.267087 0.287439 0.268016 0.264083
threshold=0.098949134349823012 0.0086321234703063982 -0.09985527396202086 3.109082937240601 0.3143227100372315 0.074130844324827208 0.036720097064971931 0.086200773715972914 1.0000000180025095e-35 1.7179718017578127 -0.18509086966514585 0.13452279567718509 0.034015089273452766 0.91170427203178417 0.090408030897378935 -0.01884481310844421 0.65824174880981456 0.027069376781582836 -0.026914656162261959 -0.19784396886825559 1.2439222335815432 0.099904358386993422 0.02268127724528313 0.047823259606957443 -0.038832873106002801 0.024785171262919906 0.054478168487548835 0.018808782100677494 0.046331051737070091 0.0037006735801696782
decision_type=10 2 8 10 10 8 8 2 2 8 8 2 8 10 10 10 10 10 10 10 10 10 8 8 10 8 8 8 8 10
left_child=2 5 16 4 6 -2 8 9 -4 15 17 21 -5 -6 -13 22 -1 -10 19 -19 -18 -3 -8 25 -25 29 27 -27 -29 -12
right_child=1 11 3 12 13 -7 7 -9 10 -11 23 14 -14 -15 -16 -17 20 18 -20 -21 -22 -23 -24 24 -26 26 -28 28 -30 -31
leaf_value=-0.0007253413445995234 0.00085771073764859089 9.938092655433109e-05 -0.0005337160929344911 -9.5635394660099877e-05 -6.6280045480530487e-06 0.0015814978339132721 0.00094152345026078947 0.0017372295582536727 -3.3774513912537619e-05 -1.6218474750831658e-05 -1.871767793026092e-05 -0.00014412885937364089 -0.00034535355558738015 -0.0001740408786775706 0.00041658421617608529 0.0001158972880525181 -0.00010950300428654498 0.00055597733578616529 5.0392185972056359e-05 0.00014779701097981761 -0.0004685263913240613 0.00030577730389585805 0.00037033069686910413 1.7078679598405615e-05 -8.1208222526185235e-05 1.3755792324522398e-05 -2.3415438197965244e-05 5.2358095680015901e-05 0.00019409101501244411 9.6345596813393271e-06
leaf_weight=4246 6745 17156 4911 52820 44021 2305 2236 621 47574 23078 1974624 10120 14772 57367 2836 7446 8660 4846 118425 39396 8050 44491 5088 121432 174924 861748 330017 224652 39170 1406177
leaf_count=4246 6745 17156 4911 52820 44021 2305 2236 621 47574 23078 1974624 10120 14772 57367 2836 7446 8660 4846 118425 39396 8050 44491 5088 121432 174924 861748 330017 224652 39170 1406177
internal_value=1.93639e-12 0.000292465 -4.38747e-06 -2.99979e-06 -1.18653e-06 0.00104221 6.98945e-07 0.000144532 -3.35714e-07 0.000118354 1.54642e-07 0.000201502 -0.000150215 -0.000101354 -2.1369e-05 0.000328609 -0.00037224 6.12556e-05 8.90484e-05 0.000192518 -0.000282479 0.000248341 0.000544819 -2.34811e-06 -4.09352e-05 1.63712e-08 1.6139e-05 2.77363e-05 7.3402e-05 -6.92513e-06
internal_weight=5.65995e+06 83653 5.5763e+06 5.55534e+06 5.48775e+06 9050 5.38636e+06 38469 5.3479e+06 37848 5.34298e+06 74603 67592 101388 12956 14770 20956 210241 162667 44242 16710 61647 7324 5.13274e+06 296356 4.83639e+06 1.45559e+06 1.12557e+06 263822 3.3808e+06
internal_count=5659954 83653 5576301 5555345 5487753 9050 5386365 38469 5347896 37848 5342985 74603 67592 101388 12956 14770 20956 210241 162667 44242 16710 61647 7324 5132744 296356 4836388 1455587 1125570 263822 3380801
is_linear=0
shrinkage=0.05


Tree=24
num_leaves=31
num_cat=0
split_feature=0 5 0 5 5 1 6 0 8 9 5 5 4 1 2 6 5 0 8 0 1 3 8 3 4 9 5 5 2 2
split_gain=2.62189 2.05955 1.0553 0.628062 0.490044 0.359791 0.324639 0.299202 0.483024 0.290741 0.281146 0.268553 0.258676 0.361244 0.256026 0.251505 0.240985 0.298285 0.221245 0.229271 0.205517 0.200724 0.200417 0.197446 0.71292 0.336452 0.192788 0.19087 0.199371 0.187336
threshold=0.098949134349823012 0.0086321234703063982 -0.089001655578613267 0.052996397018432624 0.084630966186523451 0.13678532838821414 0.074130844324827208 0.047525942325592048 0.69414964318275463 1.2439222335815432 0.13452279567718509 1.0000000180025095e-35 -0.018969446420669552 -0.10168227553367613 -0.18509086966514585 0.090408030897378935 0.058252394199371345 0.014041304588317873 1.3325460553169253 -0.067567557096481309 -0.10168227553367613 0.012599945068359377 2.0252500772476201 -0.014563113451004027 0.1079729199409485 5.5106449127197275 0.052088916301727302 0.063829839229583754 0.3143227100372315 0.0034149289131164555
decision_type=10 2 8 2 2 8 8 8 8 8 2 2 2 8 8 10 2 8 8 8 8 10 10 8 2 8 2 2 8 10
left_child=2 6 3 14 7 -6 -2 11 -9 -5 22 -4 13 -13 -1 -12 17 -14 19 -15 -16 -11 27 -7 25 -25 -10 -3 -29 -20
right_child=1 10 4 9 5 23 -8 8 26 21 15 12 16 18 20 -17 -18 -19 29 -21 -22 -23 -24 24 -26 -27 -28 28 -30 -31
leaf_value=-0.0011798703552270869 0.00081483156287103029 0.00061256300717215349 -0.00041023236607431383 -1.9047795991587489e-05 -3.9473206827308311e-05 -0.00033926029830487096 0.0015024572453522774 0.00058215171608392224 0.0002074394248086156 -0.00026233287424917701 -0.00013692311417302881 0.00012610066869006524 -8.9985300366792311e-06 0.00029783494420303295 -0.00025539950013930021 0.00039576233379439471 -5.0169374305198924e-05 2.5069287570598316e-05 -7.9235292718079779e-05 2.3822102703120822e-05 -0.00084941336272578542 -0.0009316201771179481 0.00013928850914181177 -0.00010053913001077316 0.0015314739182496614 -0.00058265327397656608 2.9369996208941331e-05 0.00036147769237656165 7.6114408411017797e-05 4.4426111744511726e-05
leaf_weight=1808 6745 4769 3998 17496 215111 14898 2305 4640 18463 15461 10120 79813 3217911 7728 3522 2836 280009 802810 100240 620548 2483 1207 28689 33375 638 4058 85985 19204 8985 44099
leaf_count=1808 6745 4769 3998 17496 215111 14898 2305 4640 18463 15461 10120 79813 3217911 7728 3522 2836 280009 802810 100240 620548 2483 1207 28689 33375 638 4058 85985 19204 8985 44099
internal_value=4.26864e-11 0.000277844 -4.16809e-06 -0.000253918 -2.27373e-06 -6.82173e-05 0.000990114 1.08317e-06 8.3027e-05 -0.000161419 0.000191427 -6.50186e-07 -3.32338e-07 2.48301e-05 -0.000658318 -2.02995e-05 -5.31968e-06 -2.19627e-06 1.43685e-05 2.7193e-05 -0.000501118 -0.000310852 0.000235924 -0.000184946 -0.000124553 -0.000152818 6.08485e-05 0.000320036 0.000270527 -4.14537e-05
internal_weight=5.65995e+06 83653 5.5763e+06 41977 5.53432e+06 268080 9050 5.26624e+06 109088 34164 74603 5.15716e+06 5.15316e+06 852428 7813 12956 4.30073e+06 4.02072e+06 772615 628276 6005 16668 61647 52969 38071 37433 104448 32958 28189 144339
internal_count=5659954 83653 5576301 41977 5534324 268080 9050 5266244 109088 34164 74603 5157156 5153158 852428 7813 12956 4300730 4020721 772615 628276 6005 16668 61647 52969 38071 37433 104448 32958 28189 144339
is_linear=0
shrinkage=0.05


Tree=25
num_leaves=31
num_cat=0
split_feature=0 5 0 8 8 3 4 8 2 2 0 3 9 1 6 7 5 5 9 6 6 4 1 5 2 0 2 3 2 0
split_gain=2.3663 1.8588 0.952437 0.573588 0.468213 0.392909 0.53936 0.328298 0.372593 0.324933 0.314643 0.319281 0.306473 0.299206 0.293011 0.264394 0.253734 0.243681 0.238821 0.236822 0.22699 0.22303 0.208609 0.206048 0.201562 0.19255 0.192102 0.214907 0.253642 0.412268
threshold=0.098949134349823012 0.0086321234703063982 -0.089001655578613267 0.57712116837501537 2.1300016641616826 0.036720097064971931 0.086200773715972914 1.0000000180025095e-35 -0.047021955251693719 0.33830356597900396 -0.054122149944305413 -0.041095882654190057 3.6269932985305791 0.16626155376434329 0.074130844324827208 0.025632422417402271 0.13452279567718509 0.021526396274566654 0.8496711552143098 0.06402794644236566 0.090408030897378935 -0.0032520592212676998 -0.15378871560096738 0.13452279567718509 -0.041862189769744866 0.10007381439208986 -0.12350770831108092 -0.011695832014083861 -0.0093152821063995344 0.018018066883087162
decision_type=10 2 8 10 10 8 2 10 8 10 8 8 10 10 8 8 2 2 10 10 10 2 8 2 10 8 8 8 10 10
left_child=2 14 3 -1 5 9 7 23 15 10 22 17 19 24 -2 -9 25 -12 -11 -5 -18 -21 -4 -7 -6 -3 -13 -28 29 -29
right_child=1 16 4 12 13 6 -8 8 -10 18 11 26 -14 -15 -16 -17 20 -19 -20 21 -22 -23 -24 -25 -26 -27 27 28 -30 -31
leaf_value=-0.00071716633791718705 0.00077409600662884249 0.00014454286423394913 0.00031219344139997104 -3.3901667509049905e-05 -0.00014689187605292938 -2.6902002824985567e-05 0.0016130640477572851 0.0009195614799486127 0.00011767113531610062 9.0875641267027821e-06 -0.00063074557514931906 2.7728632625389946e-05 -0.00084237775649360382 -0.00028524327831387598 0.0014273669395947863 0.00029500364968205285 -0.00013007764828370415 -0.00012628322183148315 -0.00017407225170138461 -0.0002448862385256679 0.00037598117611699035 -0.0010309082493016525 6.6700524940965867e-05 -0.00096520603764501289 -3.0346283447807872e-05 0.0003222514987412806 -4.1651596902993306e-05 -2.1884712527849259e-05 1.1399745276631022e-05 4.9268406821582108e-05
leaf_weight=5500 6745 34040 9644 21246 48190 10988 632 2897 16283 28950 2705 570460 1616 15440 2305 4084 10120 20764 46196 12644 2836 971 84199 617 161179 27607 334138 1691349 2254175 231434
leaf_count=5500 6745 34040 9644 21246 48190 10988 632 2897 16283 28950 2705 570460 1616 15440 2305 4084 10120 20764 46196 12644 2836 971 84199 617 161179 27607 334138 1691349 2254175 231434
internal_value=5.44755e-11 0.000263954 -3.9597e-06 -0.000241226 -2.16003e-06 8.32509e-07 0.000166613 0.00014035 0.000248706 -2.83439e-07 1.20866e-06 -4.59083e-07 -0.000169446 -7.28372e-05 0.000940621 0.000554279 0.000181857 -0.000184451 -0.000103511 -0.000138229 -1.92836e-05 -0.000301016 9.19322e-05 -7.68674e-05 -5.71719e-05 0.000224129 3.90714e-07 -3.06636e-06 2.02917e-08 -1.33204e-05
internal_weight=5.65995e+06 83653 5.5763e+06 41977 5.53432e+06 5.30952e+06 35501 34869 23264 5.27401e+06 5.19887e+06 5.10502e+06 36477 224809 9050 6981 74603 23469 75146 34861 12956 13615 93843 11605 209369 61647 5.08156e+06 4.5111e+06 4.17696e+06 1.92278e+06
internal_count=5659954 83653 5576301 41977 5534324 5309515 35501 34869 23264 5274014 5198868 5105025 36477 224809 9050 6981 74603 23469 75146 34861 12956 13615 93843 11605 209369 61647 5081556 4511096 4176958 1922783
is_linear=0
shrinkage=0.05


Tree=26
num_leaves=31
num_cat=0
split_feature=0 5 0 8 2 6 9 3 4 5 4 8 1 7 3 1 5 2 6 5 0 9 7 9 1 2 7 3 8 6
split_gain=2.13561 1.67763 0.872829 0.495952 0.34872 0.264464 0.241303 0.237451 0.536547 0.432134 0.295276 0.521477 0.365455 0.254291 0.248016 0.352182 0.233965 0.23004 0.328756 0.226292 0.216939 0.234029 0.207466 0.207203 0.241475 0.205872 0.200215 0.197917 0.18839 0.188236
threshold=0.098949134349823012 0.0086321234703063982 -0.09985527396202086 3.9659343957901005 0.3143227100372315 0.074130844324827208 1.0013483762741091 0.010119855403900148 0.086200773715972914 1.0000000180025095e-35 -0.013375282287597655 1.3420587778091433 -0.071130812168121324 0.04475276172161103 -0.068172544240951524 -0.14235085248947141 0.11283105611801149 -0.17064350843429563 0.032307213172316558 0.055519044399261482 0.009780466556549074 1.3626695275306704 0.023236032575368885 0.59089067578315746 -0.1201481521129608 0.61588323116302501 0.03057827148586512 0.044700920581817634 1.314632833003998 0.090408030897378935
decision_type=10 2 8 10 10 8 10 8 2 2 2 8 8 8 8 10 2 8 10 2 10 8 8 8 10 8 8 10 10 10
left_child=2 5 22 4 7 -2 -6 9 20 -4 11 12 17 14 15 -12 28 18 -11 -15 -9 27 -1 24 -16 29 -5 -22 -3 -18
right_child=1 16 3 26 6 -7 -8 8 -10 10 13 -13 -14 19 23 -17 25 -19 -20 -21 21 -23 -24 -25 -26 -27 -28 -29 -30 -31
leaf_value=-0.0019577419315042564 0.00073539694907398794 0.0004001536916874741 -0.00046962531290676337 -0.00011335799219672192 -1.8370409244400631e-05 0.0013560295268358216 -0.00017191914489389761 -1.4101530322336597e-06 0.0014769272543084962 7.7666009280214033e-05 0.00084408416087891874 -5.9133673808556291e-05 1.9116036461020101e-05 -2.3306004482678216e-05 -0.00026391182228295562 2.8615846369653859e-05 5.9319468145490261e-05 6.8369571312126319e-05 0.00037034586983367742 -0.00012365818317877964 0.00010405816006944557 9.3135822084433319e-06 -0.00031064989851313876 -1.3994843259710895e-06 -3.1191927126148321e-05 -0.00029404532239618624 -0.00038483545599735461 0.00048210650785852796 0.00017792304888475028 0.00052558391293441615
leaf_weight=192 6745 13083 4951 20612 52768 2305 49671 217189 644 22146 2070 177031 788539 163034 11418 3671 20231 151077 16929 85709 117722 91657 20764 3097418 467394 3678 10129 3566 35188 2423
leaf_count=192 6745 13083 4951 20612 52768 2305 49671 217189 644 22146 2070 177031 788539 163034 11418 3671 20231 151077 16929 85709 117722 91657 20764 3097418 467394 3678 10129 3566 35188 2423
internal_value=5.87648e-11 0.000250758 -3.76174e-06 -2.54675e-06 -1.43233e-06 0.000893602 -9.28246e-05 2.94329e-07 3.5911e-05 -2.77955e-06 -2.31593e-06 1.98355e-05 3.412e-05 -8.999e-06 -5.60422e-06 0.00032274 0.000172764 9.63391e-05 0.000204474 -5.78846e-05 3.37501e-05 6.9611e-05 -0.000325833 -6.13141e-06 -3.6742e-05 5.28756e-05 -0.000202818 0.000115177 0.000238162 0.000109211
internal_weight=5.65995e+06 83653 5.5763e+06 5.55534e+06 5.5246e+06 9050 102439 5.42216e+06 430778 4.99139e+06 4.98644e+06 1.15572e+06 978691 3.83071e+06 3.58197e+06 5741 74603 190152 39075 248743 430134 212945 20956 3.57623e+06 478812 26332 30741 121288 48271 22654
internal_count=5659954 83653 5576301 5555345 5524604 9050 102439 5422165 430778 4991387 4986436 1155722 978691 3830714 3581971 5741 74603 190152 39075 248743 430134 212945 20956 3576230 478812 26332 30741 121288 48271 22654
is_linear=0
shrinkage=0.05


Tree=27
num_leaves=31
num_cat=0
split_feature=0 5 0 5 9 1 3 6 9 2 0 1 7 4 4 0 7 2 0 5 1 1 1 3 3 2 2 9 5 5
split_gain=1.92742 1.51411 0.797136 0.512537 0.421483 0.325651 0.41832 0.310657 0.27615 0.27079 0.320784 0.303275 0.271126 0.270479 0.262238 0.260409 0.246307 0.219301 0.21927 0.21679 0.215657 0.204207 0.203956 0.386091 0.348009 0.438949 0.28796 0.260781 0.222084 0.20947
threshold=0.098949134349823012 0.0086321234703063982 -0.089001655578613267 0.058252394199371345 5.5106449127197275 0.088050305843353285 -0.011131197214126585 0.027277058921754364 1.2439222335815432 -0.20457771420478818 -0.017937213182449337 -0.1337887644767761 0.038577992469072349 0.031455874443054206 0.1079729199409485 -0.05135944485664367 0.062475753948092468 -0.18509086966514585 0.018808782100677494 0.13452279567718509 0.014999032020568849 -0.040267586708068841 -0.0024843513965606685 -0.041095882654190057 0.036720097064971931 -0.037028491497039788 1.0000000180025095e-35 1.3740950822830202 0.10272169113159181 1.0000000180025095e-35
decision_type=10 2 8 2 10 10 8 10 8 8 10 10 8 2 2 10 8 8 10 2 10 10 10 8 10 8 8 8 2 2
left_child=2 16 3 17 5 7 13 14 -5 10 11 -9 18 -7 22 -16 -2 -1 -11 -3 -20 -14 23 -4 26 -26 27 -25 -28 -29
right_child=1 19 4 8 -6 6 -8 9 -10 12 -12 -13 21 -15 15 -17 -18 -19 20 -21 -22 -23 -24 24 25 -27 28 29 -30 -31
leaf_value=-0.0010320771634878354 0.00063614134464684189 0.00020320054091344376 -0.00039746257817489323 9.8640985810406957e-06 -0.00029121983647776526 -7.3230659280202373e-05 -1.9353119303422789e-05 0.00044049385829816125 -0.00027835031397370317 1.7293701549675359e-05 2.9022075553984673e-05 0.00012033354017609469 2.5204930583812606e-05 -0.00026724686452347268 0.0015129832263277919 -0.00038183159390344146 0.0011690352729099528 -0.00042802722280312191 0.00011956453644182226 -2.1794396868303484e-05 2.2955080588544027e-05 -4.8129115373077858e-05 6.5025323061724585e-06 -2.2620492464358623e-05 0.00078084967884074275 -0.000191086318332297 1.3262918296895016e-05 -0.0018975405641228173 -0.00047546917210290128 -9.8340596137929816e-05
leaf_weight=1930 5438 61647 6631 16984 12561 43155 262590 11404 16274 647535 47641 21050 161897 30774 549 270 3612 6789 122381 12956 109405 229491 1819575 1251256 3007 1892 632465 161 2332 116302
leaf_count=1930 5438 61647 6631 16984 12561 43155 262590 11404 16274 647535 47641 21050 161897 30774 549 270 3612 6789 122381 12956 109405 229491 1819575 1251256 3007 1892 632465 161 2332 116302
internal_value=8.06628e-11 0.000238222 -3.57365e-06 -0.000220636 -1.92723e-06 -1.26909e-06 -4.89327e-05 1.82426e-06 -0.000131171 2.24439e-05 0.000111612 0.000232845 1.68234e-05 -0.000153995 -5.43966e-06 0.000888615 0.000848934 -0.00056184 3.2232e-05 0.000164127 7.39643e-05 -1.77946e-05 -5.6309e-06 -1.65928e-05 -1.53344e-05 0.000405524 -1.63642e-05 -2.92814e-05 1.14668e-05 -0.000100844
internal_weight=5.65995e+06 83653 5.5763e+06 41977 5.53432e+06 5.52176e+06 336519 5.18524e+06 33258 1.3508e+06 80095 32454 1.27071e+06 73929 3.83444e+06 819 9050 8719 879321 74603 231786 391388 3.83362e+06 2.01405e+06 2.00742e+06 4899 2.00252e+06 1.36772e+06 634797 116463
internal_count=5659954 83653 5576301 41977 5534324 5521763 336519 5185244 33258 1350804 80095 32454 1270709 73929 3834440 819 9050 8719 879321 74603 231786 391388 3833621 2014046 2007415 4899 2002516 1367719 634797 116463
is_linear=0
shrinkage=0.05


Tree=28
num_leaves=31
num_cat=0
split_feature=0 5 0 8 3 4 5 2 5 4 1 2 8 3 0 6 7 8 7 6 1 1 4 3 9 0 2 3 8 9
split_gain=1.73952 1.36819 0.727979 0.444205 0.329711 0.444964 0.340664 0.336431 0.318746 0.287517 0.359493 0.277364 0.239631 0.271754 0.236328 0.236018 0.216133 0.215653 0.207585 0.23305 0.579353 0.267033 0.262041 0.333941 0.225948 0.20435 0.204097 0.257389 0.239413 0.203056
threshold=0.098949134349823012 1.0000000180025095e-35 -0.09985527396202086 2.074431419372559 0.017607092857360843 0.086200773715972914 1.0000000180025095e-35 0.33830356597900396 0.11776316165924074 -0.022535234689712521 -0.15378871560096738 -0.23536863923072812 1.1527398824691775 -0.019416004419326779 0.014958500862121584 0.054844588041305549 0.071812923997640624 0.69093385338783275 0.04475276172161103 0.042931184172630317 1.0000000180025095e-35 -0.089147299528121934 -0.007685065269470214 -0.068172544240951524 0.64729008078575145 -0.067567557096481309 0.33830356597900396 0.055594146251678474 2.074431419372559 1.00578910112381
decision_type=10 2 8 10 8 2 2 10 2 2 8 8 8 10 10 10 8 8 8 10 10 10 2 10 10 10 8 10 10 10
left_child=2 16 -1 4 6 14 -4 9 -5 10 11 -8 13 15 -6 25 -2 -3 19 21 24 22 -11 -24 -21 -12 28 -28 -19 -9
right_child=1 17 3 8 5 -7 7 29 -10 18 12 -13 -14 -15 -16 -17 -18 26 -20 20 -22 -23 23 -25 -26 -27 27 -29 -30 -31
leaf_value=-0.00029753037884800289 0.00061903319251125906 0.00058207884471196117 -0.00041454238200819857 -5.1640097697097069e-05 1.2979109293774711e-05 0.0013960980729580273 0.00050231636042986558 -3.5657078940966456e-05 -0.00026873514832284249 1.4930106434744967e-05 0.00067421368630047663 0.00011882910339082442 -2.2595540712080931e-05 3.621606083729708e-05 0.00013871882879407444 1.5669687292954864e-05 0.0011305633227807795 0.00030334113874960918 -4.415897022362094e-05 3.9201294295456819e-05 -2.161596330875781e-05 -1.9084932078466472e-06 0.00066794702598470279 -0.00017960796659289186 0.00020177494109524256 0.00022578450934992707 -9.9807591651293172e-05 0.00037303504223008431 9.2388665363524799e-05 -0.00020807699178974684
leaf_weight=20956 5202 2878 4983 230856 85895 632 6428 39518 18243 35656 3746 17690 189462 414517 66145 7872 3430 24864 300268 33274 123420 3826238 1188 51598 59752 7896 14382 3597 29300 30068
leaf_count=20956 5202 2878 4983 230856 85895 632 6428 39518 18243 35656 3746 17690 189462 414517 66145 7872 3430 24864 300268 33274 123420 3826238 1188 51598 59752 7896 14382 3597 29300 30068
internal_value=6.85758e-11 0.000226312 -3.39499e-06 -2.2854e-06 7.77972e-07 7.31909e-05 -1.36724e-06 -9.67272e-07 -6.75403e-05 5.28787e-07 3.16477e-05 0.000221054 2.43208e-05 4.48006e-05 6.76827e-05 0.000227142 0.000822402 0.000157715 -4.01899e-06 -1.10144e-06 4.94034e-05 -3.8939e-06 -8.97871e-05 -0.000160521 0.000143626 0.000370119 0.000140778 -5.19202e-06 0.00018923 -0.000110161
internal_weight=5.65995e+06 83653 5.5763e+06 5.55534e+06 5.30625e+06 152672 5.15357e+06 5.14859e+06 249099 5.079e+06 647611 24118 623493 434031 152040 19514 8632 75021 4.43139e+06 4.13113e+06 216446 3.91468e+06 88442 52786 93026 11642 72143 17979 54164 69586
internal_count=5659954 83653 5576301 5555345 5306246 152672 5153574 5148591 249099 5079005 647611 24118 623493 434031 152040 19514 8632 75021 4431394 4131126 216446 3914680 88442 52786 93026 11642 72143 17979 54164 69586
is_linear=0
shrinkage=0.05


Tree=29
num_leaves=31
num_cat=0
split_feature=0 5 0 8 5 1 0 8 9 6 3 4 9 1 0 8 5 2 3 5 6 1 3 2 2 8 0 5 5 1
split_gain=1.56994 1.23517 0.672406 0.459718 0.378765 0.386992 0.363723 0.410289 0.264417 0.212133 0.211789 0.474863 0.296147 0.207232 0.245123 0.193336 0.235659 0.239341 0.19218 0.223582 0.178133 0.183909 0.20162 0.212333 0.211038 0.195052 0.195419 0.186812 0.169564 0.168427
threshold=0.098949134349823012 0.0086321234703063982 -0.089001655578613267 0.59499293565750133 0.074319899082183852 0.080454707145690932 0.047525942325592048 0.85347551107406627 1.8601431846618655 0.074130844324827208 -0.010880291461944578 0.1079729199409485 5.5106449127197275 -0.15378871560096738 -0.014138847589492796 2.8624101877212529 0.071982622146606459 0.41349774599075323 -0.041095882654190057 0.025729835033416752 0.022516029886901382 0.0037006735801696782 0.036720097064971931 0.017241418361663822 -0.053211987018585198 1.1649512052536013 -0.013105779886245726 0.039486825466156013 0.0076001286506652841 0.014999032020568849
decision_type=10 2 8 10 2 8 8 8 10 8 8 2 8 8 8 8 2 8 8 2 8 10 10 10 8 10 8 2 2 10
left_child=2 9 3 -1 6 13 18 -8 -5 -2 -7 12 -12 14 -6 16 -3 -18 19 -4 21 22 23 25 -24 26 -20 -23 -10 -22
right_child=1 15 4 8 5 10 7 -9 28 -11 11 -13 -14 -15 -16 -17 17 -19 20 -21 29 27 24 -25 -26 -27 -28 -29 -30 -31
leaf_value=-0.00062065871466564443 0.00062491455920341921 0.00045341734482180052 -0.00051902685859034207 -6.3654879123437944e-05 0.00026072424165651554 -0.00021820857822052616 0.00044519731757513848 6.9834460351556865e-05 -0.0016015234479381424 0.0011807337958491485 -6.1683251532007976e-05 0.0013455769544787823 -0.00039500092129396549 -2.5369435602246484e-05 -0.00018108160269977077 2.2965343591748177e-05 0.00021616415294574803 -6.4730802945839672e-05 1.6581927731981619e-05 -7.8670976637527974e-05 2.548052495748644e-05 1.7052698514088871e-05 0.0007240111805707968 1.3696766055600802e-05 4.6770099438705487e-06 -6.5238008368475076e-05 -2.9426772092220428e-05 -3.2665921191414964e-05 -0.00034303050405740755 -5.9065909626022222e-06
leaf_weight=5684 6745 7807 3423 28003 13002 37725 8105 71443 276 2305 87701 581 7211 263059 4138 21840 35298 9658 312009 18230 1120333 1077544 1879 439063 2228 259820 886670 229101 8014 691059
leaf_count=5684 6745 7807 3423 28003 13002 37725 8105 71443 276 2305 87701 581 7211 263059 4138 21840 35298 9658 312009 18230 1120333 1077544 1879 439063 2228 259820 886670 229101 8014 691059
internal_value=1.13312e-10 0.000214998 -3.22522e-06 -0.000202583 -1.71309e-06 -4.77495e-05 2.0035e-06 0.000108085 -0.000137092 0.000766594 -0.000117907 -7.8281e-05 -8.70112e-05 -1.43932e-05 0.000154058 0.000148075 0.00019986 0.000155819 3.29612e-07 -0.000148305 9.70792e-07 -6.10657e-06 -1.60296e-05 -1.67871e-05 0.000333877 -2.59639e-05 -1.7451e-05 8.33525e-06 -0.000385118 1.35061e-05
internal_weight=5.65995e+06 83653 5.5763e+06 41977 5.53432e+06 413417 5.12091e+06 79548 36293 9050 133218 95493 94912 280199 17140 74603 52763 44956 5.04136e+06 21653 5.01971e+06 3.20831e+06 1.90167e+06 1.89756e+06 4107 1.4585e+06 1.19868e+06 1.30664e+06 8290 1.81139e+06
internal_count=5659954 83653 5576301 41977 5534324 413417 5120907 79548 36293 9050 133218 95493 94912 280199 17140 74603 52763 44956 5041359 21653 5019706 3208314 1901669 1897562 4107 1458499 1198679 1306645 8290 1811392
is_linear=0
shrinkage=0.05


Tree=30
num_leaves=31
num_cat=0
split_feature=0 5 0 5 9 7 4 2 3 2 6 3 8 2 3 4 2 9 1 9 1 8 5 1 3 1 0 4 8 8
split_gain=1.41689 1.11651 0.606867 0.42265 0.345631 0.270331 0.310067 0.27373 0.24977 0.216563 0.219903 0.270234 0.195664 0.202066 0.254649 0.194239 0.209382 0.186781 0.186575 0.192349 0.18258 0.179414 0.311922 0.23681 0.218389 0.214506 0.174915 0.269114 0.1713 0.169439
threshold=0.098949134349823012 1.0000000180025095e-35 -0.089001655578613267 0.061602294445037849 5.5106449127197275 0.050221854820847518 0.026078522205352787 0.12173908948898317 0.018590986728668216 -0.11741006374359129 0.048272632062435157 -0.068172544240951524 1.1351059675216677 0.41349774599075323 0.055594146251678474 0.018829882144927982 -0.21318903565406797 4.2064647674560556 0.3061321377754212 0.51732814311981212 -0.19784396886825559 1.7363901138305666 0.052088916301727302 -0.009916186332702635 -0.015003502368927 -0.19784396886825559 -0.089001655578613267 0.086200773715972914 2.8624101877212529 0.52418407797813427
decision_type=10 2 8 2 10 8 2 10 10 10 10 10 8 8 10 2 10 8 8 10 8 10 2 10 10 10 10 2 10 8
left_child=2 18 3 17 5 9 -7 26 20 10 11 -4 -3 28 -15 16 -12 -1 19 -2 -5 22 23 -13 -25 -24 27 -8 -14 -22
right_child=1 12 4 8 -6 6 7 -9 -10 -11 15 21 13 14 -16 -17 -18 -19 -20 -21 29 -23 25 24 -26 -27 -28 -29 -30 -31
leaf_value=-0.00042327719321411334 0.00090247709685204467 0.0003160761014379688 0.00060402717490960853 0.00028253912343432873 -0.00026359870672046137 -2.146484596081997e-05 -0.00026024632629933938 -0.00025775678357754724 -0.00082445597626418688 -2.1435066938091735e-06 0.00042271144797112264 -1.7476390127681821e-05 0.00021344388222223882 -0.0002469198007021243 0.00036059250597941209 -3.2062574050817773e-06 0.00012296512504689292 -0.0012532894596698381 0.00094176113987573811 0.00016573777293679172 -0.0014166484035202304 -0.00010323331211999929 0.00052497456762698176 0.00030301795180767937 4.3560564131795656e-05 9.0701352204247752e-05 -6.9181393038654154e-05 0.001278617534924479 2.5720628790683212e-05 -0.00010915575282860503
leaf_weight=8627 1512 13319 1981 3115 12561 256039 532 29109 1170 4555467 8712 311850 32719 7402 2248 14998 17587 735 4981 2139 249 28494 2923 8574 149680 103361 31848 608 19333 28081
leaf_count=8627 1512 13319 1981 3115 12561 256039 532 29109 1170 4555467 8712 311850 32719 7402 2248 14998 17587 735 4981 2139 249 28494 2923 8574 149680 103361 31848 608 19333 28081
internal_value=1.17674e-10 0.00020425 -3.06397e-06 -0.000192457 -1.62742e-06 -1.03143e-06 -4.57745e-05 -0.000146006 -0.000107448 1.70404e-06 2.87458e-05 2.11484e-05 0.000142283 0.000104763 -0.000105375 0.000140387 0.000222274 -0.000488567 0.000742729 0.000471009 -8.07442e-05 1.92384e-05 2.52931e-05 7.80366e-06 5.76195e-05 0.000102649 -4.73913e-05 0.000560882 0.000143722 -0.000120697
internal_weight=5.65995e+06 83653 5.5763e+06 41977 5.53432e+06 5.52176e+06 318136 62097 32615 5.20363e+06 648160 606863 75021 61702 9650 41297 26299 9362 8632 3651 31445 604882 576388 470104 158254 106284 32988 1140 52052 28330
internal_count=5659954 83653 5576301 41977 5534324 5521763 318136 62097 32615 5203627 648160 606863 75021 61702 9650 41297 26299 9362 8632 3651 31445 604882 576388 470104 158254 106284 32988 1140 52052 28330
is_linear=0
shrinkage=0.05


Tree=31
num_leaves=31
num_cat=0
split_feature=0 5 0 8 5 3 4 4 3 1 7 5 0 2 1 0 2 2 6 2 1 6 8 5 7 2 5 5 2 2
split_gain=1.27876 1.00809 0.559043 0.373444 0.306476 0.293485 0.328953 0.292034 0.329637 0.316286 0.277611 0.249984 0.245795 0.230689 0.201923 0.19059 0.249086 0.187891 0.182766 0.182366 0.213297 0.239636 0.181666 0.174896 0.172673 0.170554 0.166834 0.160412 0.174617 0.1593
threshold=0.098949134349823012 0.0086321234703063982 -0.09985527396202086 1.8238846659660342 0.11776316165924074 0.017607092857360843 0.086200773715972914 -0.018969446420669552 -0.041095882654190057 -0.089147299528121934 0.05226599425077439 0.025114119052886966 0.014958500862121584 0.12768322229385379 0.016556322574615482 0.028903007507324222 0.072423398494720473 -0.035007536411285393 0.074130844324827208 -0.23536863923072812 -0.19784396886825559 0.042420867830514915 0.7878827452659608 0.11283105611801149 0.023236032575368885 0.26315778493881231 0.011865317821502687 1.0000000180025095e-35 -0.1491630673408508 0.61588323116302501
decision_type=10 2 8 10 2 8 2 2 10 8 10 2 10 10 10 8 8 10 8 8 10 8 8 2 8 8 2 2 10 8
left_child=2 18 24 5 17 7 12 9 11 19 15 -9 -7 -12 -15 -10 -17 -5 -2 20 -4 -22 -18 -3 -1 27 -14 28 -26 -25
right_child=1 23 3 4 -6 6 -8 8 10 -11 13 -13 26 14 -16 16 22 -19 -20 -21 21 -23 -24 29 25 -27 -28 -29 -30 -31
leaf_value=-0.0017494282156450391 0.000560857092409714 0.00019012214539423133 0.00066444091489452231 -9.7488810134027787e-05 -0.00022750069478670598 1.1163526831990003e-05 0.0012096950351584285 -0.00051346090727018702 -5.6377641135344899e-06 1.3372558826689501e-05 -1.3282834464441713e-05 -0.00010985281872854403 0.0005923177461027271 -7.1330711677592153e-05 -0.00027720231483604292 7.4260491073243048e-05 0.0001660958460839281 -1.6037356832721482e-05 0.0010767557141750457 7.7295926986907954e-05 4.0381874128357031e-05 0.00055353517132193609 -3.6221836269928961e-05 7.9480289374087685e-05 -0.0010127596746554762 -0.00052446371900535685 0.00012899988261425529 -0.00010897019566112291 -0.00014809792780368065 -0.00027524267655086154
leaf_weight=192 6745 48271 2718 97821 22840 81960 632 4488 3774881 696317 50978 26400 2010 25886 22062 175547 12252 256336 2305 115398 8779 3070 117449 22654 1104 4367 57521 14054 1239 3678
leaf_count=192 6745 48271 2718 97821 22840 81960 632 4488 3774881 696317 50978 26400 2010 25886 22062 175547 12252 256336 2305 115398 8779 3070 117449 22654 1104 4367 57521 14054 1239 3678
internal_value=1.23306e-10 0.000194039 -2.91079e-06 -1.93842e-06 -4.9984e-05 1.55943e-06 7.2417e-05 -4.402e-07 -5.77429e-06 2.67372e-05 -4.57144e-06 -0.000168511 6.73286e-05 -8.73331e-05 -0.000166061 -2.56479e-06 3.54373e-05 -3.85351e-05 0.000692359 9.83407e-05 0.000265038 0.000173372 -1.71091e-05 0.00013358 -0.000260668 -0.000246818 0.000144653 -0.000172845 -0.000555777 2.99247e-05
internal_weight=5.65995e+06 83653 5.5763e+06 5.55534e+06 376997 5.17835e+06 142123 5.03622e+06 4.20994e+06 826282 4.17906e+06 30888 141491 98926 47948 4.08013e+06 305248 354157 9050 129965 14567 11849 129701 74603 20956 20764 59531 16397 2343 26332
internal_count=5659954 83653 5576301 5555345 376997 5178348 142123 5036225 4209943 826282 4179055 30888 141491 98926 47948 4080129 305248 354157 9050 129965 14567 11849 129701 74603 20956 20764 59531 16397 2343 26332
is_linear=0
shrinkage=0.05


Tree=32
num_leaves=31
num_cat=0
split_feature=0 5 0 8 5 0 5 2 8 9 5 8 6 0 2 3 0 6 5 0 3 4 9 0 7 1 0 1 0 2
split_gain=1.17355 0.592931 0.509178 0.359598 0.326599 0.489872 0.432354 0.321716 0.27669 0.233187 0.218691 0.203685 0.193386 0.225774 0.191754 0.185183 0.255106 0.178547 0.205944 0.173717 0.269005 0.161269 0.228316 0.226369 0.152111 0.147539 0.143857 0.137113 0.136482 0.142518
threshold=0.099904358386993422 0.0093641877174377459 -0.089001655578613267 0.59499293565750133 0.074319899082183852 0.047525942325592048 0.0076001286506652841 0.11151081323623659 1.0264857411384585 1.2439222335815432 0.13452279567718509 1.6656175255775454 0.081009093672037139 0.10041838884353639 inf -0.010416597127914427 1.0000000180025095e-35 0.081009093672037139 1.0000000180025095e-35 -0.061502665281295769 -0.041095882654190057 0.1079729199409485 5.5106449127197275 0.098949134349823012 0.033436708152294166 -0.19784396886825559 -0.026914656162261959 -0.065217345952987657 -0.067567557096481309 0.21143853664398196
decision_type=10 2 8 10 2 8 2 8 8 10 2 10 10 10 8 8 10 10 2 10 10 2 8 10 8 8 8 8 10 10
left_child=2 -2 3 -1 5 19 14 11 -8 -5 -3 25 13 -12 27 16 24 18 -11 -4 -21 22 -17 -23 28 26 -6 -7 -9 -30
right_child=1 10 4 9 7 6 8 15 -10 17 12 -13 -14 -15 -16 21 -18 -19 -20 20 -22 23 -24 -25 -26 -27 -28 -29 29 -31
leaf_value=-0.00054564933914313355 0.0006622809894657408 0.00021259203426595309 0.00014226493656156085 5.8544228729272311e-06 0.00051630501282840956 -0.0011692459660748295 0.0002991285565315632 0.0015634712676511086 5.1745586240639522e-05 -0.0014560187132079401 0.00018605602588019185 -6.1272234838728479e-05 0.00023033991314450389 -0.00040094960348933457 0.0012665365982371737 -4.9382667649336556e-05 -0.00025496753715063418 -0.00056620470834368856 -0.00014043572356596385 -0.00019919009316726822 4.5934443537300909e-07 0.0012185827230164054 -0.00035947373448363908 -0.00031414676708883208 -8.2150970280361961e-05 2.4191426192166874e-05 -0.00015817850867475675 0.00048795598185952146 -9.3492383553585003e-05 0.00075403376344055479
leaf_weight=5684 6632 44459 21484 18569 2901 128 13589 208 67170 303 2542 95892 4362 4603 837 123821 33773 3524 13897 16928 5002947 574 6234 414 20639 140725 1086 3913 1324 792
leaf_count=5684 6632 44459 21484 18569 2901 128 13589 208 67170 303 2542 95892 4362 4603 837 123821 33773 3524 13897 16928 5002947 574 6234 414 20639 140725 1086 3913 1324 792
internal_value=1.19008e-10 0.000215289 -2.4076e-06 -0.000175892 -1.09671e-06 2.40763e-06 0.00012099 -4.30374e-05 9.33749e-05 -0.000117969 0.00016231 -4.75817e-06 -3.19655e-05 -0.000192112 0.000578066 -9.20849e-05 -0.000167546 -0.000247688 -0.000168608 3.93257e-07 -2.13952e-07 -5.94126e-05 -6.42491e-05 0.000576657 -3.89636e-05 3.26905e-05 0.000332592 0.000435187 0.000344446 0.000223935
internal_weight=5.65995e+06 62598 5.59736e+06 41977 5.55538e+06 5.127e+06 85637 428383 80759 36293 55966 240604 11507 7145 4878 187779 56736 17724 14200 5.04136e+06 5.01988e+06 131043 130055 988 22963 144712 3987 4041 2324 2116
internal_count=5659954 62598 5597356 41977 5555379 5126996 85637 428383 80759 36293 55966 240604 11507 7145 4878 187779 56736 17724 14200 5041359 5019875 131043 130055 988 22963 144712 3987 4041 2324 2116
is_linear=0
shrinkage=0.05


Tree=33
num_leaves=31
num_cat=0
split_feature=0 5 0 8 3 5 1 7 4 6 1 9 0 6 3 1 5 5 1 2 8 2 6 4 1 2 5 9 6 0
split_gain=1.05914 0.535131 0.465812 0.348962 0.469154 0.334173 0.262395 0.258812 0.31473 0.203862 0.435683 0.250402 0.234993 0.208784 0.27634 0.215226 0.240654 0.197369 0.185277 0.244361 0.183236 0.199456 0.181826 0.178494 0.233236 0.187786 0.178223 0.177613 0.174534 0.203767
threshold=0.099904358386993422 0.0093641877174377459 -0.09985527396202086 2.8624101877212529 0.044700920581817634 0.057106435298919685 -0.021827578544616696 0.050221854820847518 0.026078522205352787 0.030988108366727832 0.028862059116363529 0.62958869338035595 0.029620826244354252 0.048272632062435157 -0.068172544240951524 -0.034859746694564812 0.058850467205047614 0.13452279567718509 0.0037006735801696782 0.0093300938606262224 0.50477913022041332 -1.0000000180025095e-35 0.045171439647674567 -0.0014198720455169676 -0.089147299528121934 -0.077178508043289171 0.044939875602722175 0.97616997361183178 0.081009093672037139 0.10041838884353639
decision_type=10 2 8 10 10 2 8 10 2 10 8 10 10 10 10 10 2 2 8 8 10 10 10 2 10 8 2 8 10 10
left_child=2 -2 -1 4 7 -6 20 9 -9 18 11 12 23 14 -13 16 -15 -3 19 -4 -7 -22 -5 -11 25 -25 27 -20 29 -19
right_child=1 17 3 22 5 6 -8 8 -10 10 -12 13 -14 15 -16 -17 -18 28 26 -21 21 -23 -24 24 -26 -27 -28 -29 -30 -31
leaf_value=-0.00023757337137573879 0.00062917193374862658 0.00020196266882085073 -2.2506263889375701e-05 -5.6958026974196821e-05 0.00042231185426761886 -0.00037648921918634966 -2.184563205673195e-05 -2.0896655885782573e-05 -0.00016381589097429997 3.171191468779083e-05 -1.964160907349918e-05 0.0005690815360640673 0.00027868052390052031 0.00032361909608168247 4.526060888054544e-05 5.1295984991073977e-05 0.00010497763933358287 0.00017675687806200654 -1.052338515007597e-06 1.2573766405998103e-05 0.00096411137086977903 -6.766109327067592e-05 -0.00021785651264556998 -0.00034978344795334168 -1.917408843038338e-05 -4.9174509070323663e-05 -2.4969142532289781e-05 3.4008220456642169e-05 0.00021882556994461336 -0.0003809064707824693
leaf_weight=20956 6632 44459 1737280 70947 10818 490 14109 161828 50554 88917 402414 2534 7021 22580 370857 44502 28435 2542 730949 695024 1730 642 23333 11537 56377 9451 319927 714144 4362 4603
leaf_count=20956 6632 44459 1737280 70947 10818 490 14109 161828 50554 88917 402414 2534 7021 22580 370857 44502 28435 2542 730949 695024 1730 642 23333 11537 56377 9451 319927 714144 4362 4603
internal_value=1.29002e-10 0.000204526 -2.28722e-06 -1.40297e-06 2.37314e-07 0.000205155 6.67142e-05 -8.0675e-07 -5.49168e-05 1.38558e-06 2.11506e-05 4.67113e-05 -4.64468e-06 6.56918e-05 4.8817e-05 0.000131657 0.000201756 0.000154194 -3.53353e-06 -1.24822e-05 0.000503149 0.000684943 -9.67801e-05 -1.66092e-05 -7.21453e-05 -0.000214427 8.79835e-06 1.62741e-05 -3.03671e-05 -0.000182508
internal_weight=5.65995e+06 62598 5.59736e+06 5.5764e+06 5.48212e+06 27789 16971 5.45433e+06 212382 5.24195e+06 1.04462e+06 642211 173303 468908 373391 95517 51015 55966 4.19732e+06 2.4323e+06 2862 2372 94280 166282 77365 20988 1.76502e+06 1.44509e+06 11507 7145
internal_count=5659954 62598 5597356 5576400 5482120 27789 16971 5454331 212382 5241949 1044625 642211 173303 468908 373391 95517 51015 55966 4197324 2432304 2862 2372 94280 166282 77365 20988 1765020 1445093 11507 7145
is_linear=0
shrinkage=0.05


Tree=34
num_leaves=31
num_cat=0
split_feature=0 5 3 5 5 1 0 8 7 1 1 4 8 9 1 8 2 4 8 8 2 0 4 5 3 7 6 1 3 8
split_gain=0.960844 0.748758 0.445296 0.359716 0.329408 0.296605 0.281992 0.314598 0.248254 0.258837 0.238541 0.208616 0.172011 0.169693 0.158135 0.175264 0.157304 0.197467 0.178839 0.14896 0.146574 0.144867 0.142233 0.169617 0.141092 0.140817 0.139217 0.154142 0.323649 0.202584
threshold=0.098949134349823012 1.0000000180025095e-35 -0.049429625272750848 1.0000000180025095e-35 0.074319899082183852 -0.19784396886825559 0.047525942325592048 0.85347551107406627 0.035724485293030746 -0.1201481521129608 0.16626155376434329 -0.020855933427810665 0.69093385338783275 4.2064647674560556 0.3061321377754212 0.6227664351463319 0.33830356597900396 0.026666700839996341 1.8572309613227846 3.9659343957901005 -0.1491630673408508 -0.09985527396202086 -0.017659395933151242 0.055010139942169196 0.09762591123580934 0.023467624559998516 0.022516029886901382 -0.0015735924243927 0.036720097064971931 1.2249341011047366
decision_type=10 2 8 2 2 8 8 8 8 10 8 2 8 10 8 10 8 2 10 10 10 8 2 2 10 8 8 8 10 8
left_child=2 14 3 20 6 11 26 -8 9 19 21 -6 -3 22 15 -2 18 -18 -14 -5 -1 -7 23 -10 -19 -22 27 28 29 -4
right_child=1 12 4 8 5 10 7 -9 13 -11 -12 -13 16 -15 -16 -17 17 24 -20 -21 25 -23 -24 -25 -26 -27 -28 -29 -30 -31
leaf_value=-0.00078747456517977779 0.00068017248834356756 0.00049644820877926441 -1.009198569510625e-05 0.00052635231357104652 0.00039622564508762616 -0.00022642910414191715 0.00039077052135023412 6.2082079129840639e-05 -0.0005233702328422753 -8.615641622370865e-05 -0.00015837663043045985 -0.00028086086588387157 0.00025960880596817928 -0.0010605643511234315 0.00079238999795684596 -1.4563474509811939e-05 0.00040057695630037974 -0.00010347837735466492 7.2923443872483195e-05 -0.00049338689869340274 -0.00128173714716767 -3.1014417050280884e-05 -0.00027550801887224637 0.00014534892676529529 0.0016105666204859804 -0.000163887094934556 1.1736858565254757e-05 5.9380995941637501e-06 0.00054864635082703156 -6.1414616017380137e-05
leaf_weight=2891 1963 2878 1459894 3363 6055 9736 8105 71443 1177 7880 44625 1400 20871 572 4981 1688 2358 15501 33293 400 315 365168 13963 4861 120 2602 1821428 1526448 2533 221442
leaf_count=2891 1963 2878 1459894 3363 6055 9736 8105 71443 1177 7880 44625 1400 20871 572 4981 1688 2358 15501 33293 400 315 365168 13963 4861 120 2602 1821428 1526448 2533 221442
internal_value=1.40549e-10 0.000168198 -2.52311e-06 -0.000173043 -1.35235e-06 -4.35423e-05 2.1721e-06 9.5576e-05 -0.000107736 7.67608e-05 -4.90977e-05 0.000269053 0.000117452 -0.000212148 0.000609168 0.000359053 0.000102326 -2.58221e-05 0.000144862 0.000417854 -0.000535205 -3.60898e-05 -0.000187833 1.4929e-05 -9.02089e-05 -0.000284999 6.95435e-07 -5.56911e-06 -1.60005e-05 -1.68515e-05
internal_weight=5.65995e+06 83653 5.5763e+06 38024 5.53828e+06 426984 5.11129e+06 79548 32216 11643 419529 7455 75021 20573 8632 3651 72143 17979 54164 3763 5808 374904 20001 6038 15621 2917 5.03174e+06 3.21032e+06 1.68387e+06 1.68134e+06
internal_count=5659954 83653 5576301 38024 5538277 426984 5111293 79548 32216 11643 419529 7455 75021 20573 8632 3651 72143 17979 54164 3763 5808 374904 20001 6038 15621 2917 5031745 3210317 1683869 1681336
is_linear=0
shrinkage=0.05


Tree=35
num_leaves=31
num_cat=0
split_feature=0 8 0 5 9 3 5 4 8 2 1 7 3 3 6 1 6 3 7 0 1 5 2 8 2 0 4 1 3 0
split_gain=0.875803 0.439415 0.403548 0.30602 0.274501 0.238956 0.35353 0.278751 0.306928 0.252492 0.306097 0.232935 0.227972 0.211107 0.201213 0.255875 0.236851 0.274411 0.219632 0.198885 0.198327 0.196166 0.195786 0.210224 0.189807 0.15953 0.204659 0.225412 0.220617 0.155756
threshold=0.099904358386993422 0.73523262143135082 -0.089001655578613267 0.061602294445037849 5.5106449127197275 0.036720097064971931 1.0000000180025095e-35 0.086200773715972914 2.074431419372559 0.18465286493301394 0.027582645416259769 0.020968087948858741 -0.010880291461944578 0.018590986728668216 0.030988108366727832 0.0015710592269897463 0.046331051737070091 -0.068172544240951524 0.041205188259482391 0.0044687986373901376 0.0037006735801696782 0.15749621391296389 1.0000000180025095e-35 1.4597157239913943 inf 0.016657233238220218 -0.0096024870872497541 -0.071130812168121324 -0.013333290815353392 -0.054122149944305413
decision_type=10 10 8 2 10 8 2 2 8 8 10 8 10 10 10 10 10 10 8 10 8 2 10 10 8 10 2 8 10 8
left_child=2 -2 3 -1 5 9 24 8 11 14 -11 -8 19 -5 20 16 17 -16 -18 -12 22 -10 23 25 -7 26 -4 28 -28 -19
right_child=1 -3 4 13 -6 6 7 -9 21 10 12 -13 -14 -15 15 -17 18 29 -20 -21 -22 -23 -24 -25 -26 -27 27 -29 -30 -31
leaf_value=-0.00040848762460319845 0.00055448726337592675 0.0001383585775082299 1.5249627835362068e-06 -5.9639335468770292e-05 -0.00021778103477621192 0.00038005657472064383 0.00056535251451613649 0.0011079056644654063 -3.4007371537940314e-05 7.4045144649914063e-06 -8.0412115478754152e-05 0.00011860544812892491 -4.931305934537236e-05 -0.00074337028553973837 0.00056247967186871068 -4.8554780567136172e-06 0.00016006002914334243 0.00011493843962411641 3.5106886824602149e-05 -0.00026932418394208767 9.9613815263184811e-06 -0.00066658218836790372 8.9861644596517126e-06 -8.508442677605353e-05 0.0012443662246388106 4.4774003311906605e-05 -0.00034455415467176482 -2.9582661863576856e-05 -8.7411581584285092e-05 1.0855667314930709e-05
leaf_weight=9362 7163 55435 589152 31445 14552 3780 3405 632 25290 193116 30912 20362 168297 1170 2363 466621 74941 40287 66263 25365 1683086 1287 739043 122148 763 98054 9923 790059 52309 333369
leaf_count=9362 7163 55435 589152 31445 14552 3780 3405 632 25290 193116 30912 20362 168297 1170 2363 466621 74941 40287 66263 25365 1683086 1287 739043 122148 763 98054 9923 790059 52309 333369
internal_value=1.41093e-10 0.000185984 -2.07984e-06 -0.000156524 -9.12812e-07 -3.43207e-07 0.000102866 6.51945e-05 5.20829e-05 -1.38785e-06 -3.87531e-05 0.00018263 -7.84448e-05 -8.41889e-05 1.69193e-06 2.19904e-05 4.62098e-05 2.54755e-05 0.000101424 -0.000165561 -3.19829e-06 -6.46639e-05 -1.24243e-05 -2.1947e-05 0.00052546 -1.69375e-05 -2.11354e-05 -3.67995e-05 -0.000128418 2.2078e-05
internal_weight=5.65995e+06 62598 5.59736e+06 41977 5.55538e+06 5.54083e+06 55519 50976 50344 5.48531e+06 417690 23767 224574 32615 5.06762e+06 983844 517223 376019 141204 56277 4.08377e+06 26577 2.40069e+06 1.66164e+06 4543 1.5395e+06 1.44144e+06 852291 62232 373656
internal_count=5659954 62598 5597356 41977 5555379 5540827 55519 50976 50344 5485308 417690 23767 224574 32615 5067618 983844 517223 376019 141204 56277 4083774 26577 2400688 1661645 4543 1539497 1441443 852291 62232 373656
is_linear=0
shrinkage=0.05


Tree=36
num_leaves=31
num_cat=0
split_feature=0 5 3 5 8 3 5 6 2 5 2 8 7 1 0 7 3 1 4 0 9 1 1 5 1 5 3 4 6 7
split_gain=0.790417 0.409018 0.380307 0.302487 0.294746 0.366153 0.235952 0.232805 0.220433 0.21793 0.265598 0.22632 0.212107 0.248991 0.236227 0.190885 0.235687 0.200295 0.531378 0.195803 0.189913 0.264645 0.184065 0.178553 0.172477 0.169606 0.161222 0.151845 0.149892 0.145848
threshold=0.099904358386993422 0.0093641877174377459 -0.049429625272750848 1.0000000180025095e-35 1.8238846659660342 0.044700920581817634 0.050844430923461921 0.081009093672037139 -0.10440829396247862 0.023139178752899173 -0.003540486097335815 0.44235906004905706 0.050221854820847518 -0.040267586708068841 0.045553565025329597 0.027069376781582836 -0.0086455047130584699 -0.10168227553367613 0.0083864331245422381 -0.09985527396202086 3.6269932985305791 -0.1147540509700775 -0.17040237784385678 0.052996397018432624 -0.0090195238590240461 0.12408369779586793 0.09762591123580934 0.00072181224822998058 0.053874094039201743 0.035724485293030746
decision_type=10 2 8 2 10 10 2 8 8 2 8 10 10 10 8 10 10 10 2 10 10 10 10 2 10 2 10 2 10 8
left_child=2 -2 3 -1 5 8 -6 20 15 -7 11 -11 14 -14 -10 19 17 18 -17 -4 21 29 -18 -16 -13 -3 -8 -25 -24 -5
right_child=1 25 4 7 6 9 26 -9 12 10 -12 24 13 -15 23 16 22 -19 -20 -21 -22 -23 28 27 -26 -27 -28 -29 -30 -31
leaf_value=-0.00049152136642116844 0.00054793684967122992 0.00018520979776533912 -0.0011763807764468596 0.00047369571687955593 9.4056916112302767e-06 0.00052481168819485129 -6.8217961710251488e-05 -0.00035929812514201673 -2.6400246004986572e-06 -0.00012658295140176456 -2.2810185302482065e-05 0.00083807790691057052 1.5860266944505018e-05 -0.00010682794893670759 0.00023755816154780857 0.00013256990051121618 0.00022396424751559038 0.00015893458208927414 -0.00038374518494946141 1.0702630197653665e-07 -0.00060971158075069502 -0.00011401495001256494 1.2844217238166821e-05 -0.00066393964160745694 0.00015267187589878197 -1.1549632223947659e-05 -0.00046194829719489288 5.4013083508829733e-05 0.00016103888069975494 4.3528804657591515e-05
leaf_weight=5808 6632 41025 353 3596 137102 4425 243977 6812 4083515 1457 10246 2642 69207 102752 14510 18873 11579 72155 6770 366633 1339 16225 306449 742 1407 14941 2627 83729 18068 4358
leaf_count=5808 6632 41025 353 3596 137102 4425 243977 6812 4083515 1457 10246 2642 69207 102752 14510 18873 11579 72155 6770 366633 1339 16225 306449 742 1407 14941 2627 83729 18068 4358
internal_value=1.50822e-10 0.000176685 -1.97584e-06 -0.000159326 -8.96333e-07 2.23847e-06 -4.31791e-05 -9.96348e-05 1.40644e-06 0.000214814 0.000127703 0.000407744 -3.02757e-06 -5.74508e-05 -7.89999e-07 2.55145e-05 4.79639e-05 0.000116278 -3.75192e-06 -1.02783e-06 -3.03066e-05 1.80393e-06 2.80854e-05 7.55331e-05 0.0006 0.000132683 -7.24141e-05 4.76987e-05 2.10957e-05 0.000238042
internal_weight=5.65995e+06 62598 5.59736e+06 38138 5.55922e+06 5.17551e+06 383706 32330 5.15534e+06 20177 15752 5506 4.35446e+06 171959 4.1825e+06 800880 433894 97798 25643 366986 25518 24179 336096 98981 4049 55966 246604 84471 324517 7954
internal_count=5659954 62598 5597356 38138 5559218 5175512 383706 32330 5155335 20177 15752 5506 4354455 171959 4182496 800880 433894 97798 25643 366986 25518 24179 336096 98981 4049 55966 246604 84471 324517 7954
is_linear=0
shrinkage=0.05


Tree=37
num_leaves=31
num_cat=0
split_feature=0 5 0 8 1 3 9 6 0 7 9 6 1 0 3 6 5 9 4 4 7 8 7 6 9 2 1 4 4 2
split_gain=0.719689 0.570387 0.344412 0.260044 0.235443 0.261323 0.201144 0.191467 0.189609 0.167337 0.153212 0.152814 0.412568 0.229743 0.213443 0.145896 0.163556 0.144672 0.152517 0.140677 0.140226 0.139358 0.131515 0.234844 0.140166 0.128757 0.128582 0.331988 0.274849 0.168818
threshold=0.098949134349823012 1.0000000180025095e-35 -0.089001655578613267 0.59499293565750133 0.088050305843353285 -0.011131197214126585 1.2439222335815432 0.026331535540521148 0.0050607323646545419 0.044234212487936027 1.5701501369476321 0.046331051737070091 -0.021276623010635373 -0.05135944485664367 -0.023605108261108395 0.081009093672037139 1.0000000180025095e-35 5.5106449127197275 0.00579744577407837 0.0028096437454223637 0.071812923997640624 0.39594048261642462 0.042820673435926444 0.090408030897378935 5.5106449127197275 0.069341063499450697 -0.086639553308486925 -0.0080971419811248762 0.051520347595214851 -0.15223893523216245
decision_type=10 2 8 10 10 8 10 10 10 8 8 8 10 10 10 10 2 10 2 2 8 10 8 10 10 8 10 2 2 10
left_child=2 20 3 -1 7 8 -5 -4 -6 11 -3 13 -13 14 -9 16 -8 18 -7 -11 21 -2 24 -24 -12 -10 27 -15 29 -29
right_child=1 10 4 6 5 17 15 9 25 19 22 12 -14 26 -16 -17 -18 -19 -20 -21 -22 -23 23 -25 -26 -27 -28 28 -30 -31
leaf_value=-0.00045929750800771717 0.0006712980716908892 0.00020729726322978571 -4.4499302657164268e-06 1.9395584832529315e-05 -5.1950763391328899e-05 3.6528216465611237e-05 -0.0012918954185280249 0.00033036937798480948 -4.69138915955687e-05 1.4134435240472737e-05 0.00016111073417560782 0.00015629527130763465 5.0155105668296011e-06 5.5067276492418594e-05 7.1341297845515958e-05 -0.0005040061829017405 -0.00011949318937812949 -0.00025490933824936455 -4.2155788996631733e-05 -5.8404153563218943e-05 0.00077862384287605746 0.00014680292428457343 -0.00011386754045073565 0.00040605726891679468 -0.0001273718518015016 -0.00027069104135646766 1.7290582845318736e-05 -0.00029016615359490889 0.00048518726893582385 -8.8685795728564443e-05
leaf_weight=5684 2180 23432 3733520 18569 40829 98637 303 9515 8685 148013 26876 75933 110876 42759 48424 3524 13897 6307 163953 121871 3430 3022 17237 2484 4992 24740 853414 16237 1706 28905
leaf_count=5684 2180 23432 3733520 18569 40829 98637 303 9515 8685 148013 26876 75933 110876 42759 48424 3524 13897 6307 163953 121871 3430 3022 17237 2484 4992 24740 853414 16237 1706 28905
internal_value=1.36773e-10 0.000145568 -2.18363e-06 -0.000144862 -1.10141e-06 -4.1213e-05 -9.56053e-05 1.55008e-06 -0.000124245 1.6918e-05 0.000101277 2.49934e-05 6.65073e-05 1.72456e-05 0.000113885 -0.000216083 -0.000144599 -1.82839e-05 -1.25996e-05 -1.86218e-05 0.000530447 0.00036669 5.3119e-05 -4.8362e-05 0.000115918 -0.000212549 1.1308e-05 -4.56698e-05 -0.000137614 -0.000161161
internal_weight=5.65995e+06 83653 5.5763e+06 41977 5.53432e+06 343151 36293 5.19117e+06 74254 1.45765e+06 75021 1.18777e+06 186809 1.00096e+06 57939 17724 14200 268897 262590 269884 8632 5202 51589 19721 31868 33425 943021 89607 46848 45142
internal_count=5659954 83653 5576301 41977 5534324 343151 36293 5191173 74254 1457653 75021 1187769 186809 1000960 57939 17724 14200 268897 262590 269884 8632 5202 51589 19721 31868 33425 943021 89607 46848 45142
is_linear=0
shrinkage=0.05


Tree=38
num_leaves=31
num_cat=0
split_feature=0 9 3 5 0 8 1 5 4 1 9 1 3 6 7 2 6 5 0 8 7 9 5 3 4 9 1 0 1 7
split_gain=0.651875 0.347875 0.326899 0.27347 0.359123 0.295677 0.257625 0.256 0.199435 0.192178 0.162749 0.234152 0.15874 0.152089 0.143094 0.139716 0.152306 0.133693 0.132496 0.128318 0.132402 0.128039 0.127654 0.126417 0.122757 0.194748 0.193473 0.165619 0.178067 0.209985
threshold=0.099904358386993422 0.68119826912879955 -0.049429625272750848 0.073152780532836928 0.047525942325592048 1.0264857411384585 -0.19784396886825559 0.043317615985870368 0.011093556880950929 0.181605339050293 3.6269932985305791 -0.1147540509700775 0.015958845615386966 0.01031221402809024 0.039202019572258003 -0.17513018846511838 0.081009093672037139 0.11776316165924074 -0.09985527396202086 1.3420587778091433 0.050221854820847518 5.5106449127197275 0.13452279567718509 -0.02509289979934692 -0.014695078134536741 0.59089067578315746 -0.077948123216629014 0.025608122348785404 -0.1201481521129608 0.028694830834865574
decision_type=10 10 8 2 8 10 8 2 2 8 10 8 10 10 8 10 10 2 8 10 8 8 2 10 2 8 8 10 10 8
left_child=2 22 7 4 24 12 8 15 -5 18 11 14 -6 -7 -9 -1 21 -3 -8 20 23 -17 -2 -20 26 27 -4 28 29 -26
right_child=1 17 3 6 5 13 9 10 -10 -11 -12 -13 -14 -15 -16 16 -18 -19 19 -21 -22 -23 -24 -25 25 -27 -28 -29 -30 -31
leaf_value=-0.00062555607329505382 0.00057995228620988414 0.00017448239397791453 6.711169089751242e-05 0.00034562649361326292 0.00016233245908492766 0.00083196252856738854 -0.0002128269181593612 0.00044441450804995596 -0.00041915732848788964 -0.00014512190056877497 -0.00062308653385318043 -0.00013132215181435291 0.00044587543615825137 4.2300412026980126e-05 -9.1778301381459754e-06 -8.2239558939843678e-05 -0.00087436339392225979 9.0109633965206961e-06 0.00018657103454528559 -5.473952734817517e-05 -6.282107956330065e-05 -0.0010051534397983416 -0.0005358056330920949 1.3658530780999028e-05 -0.00061698095353883388 1.3094916480050203e-06 7.0624701964064958e-06 0.00016295182791532158 -2.8400611052023389e-05 -0.00011971459192764451
leaf_weight=3374 5554 39010 156762 6739 13344 615 9905 3303 975 41427 1267 19738 7835 60166 3670 5573 811 17766 11543 210535 56348 402 268 125340 2379 3361520 929334 10865 533916 19670
leaf_count=3374 5554 39010 156762 6739 13344 615 9905 3303 975 41427 1267 19738 7835 60166 3670 5573 811 17766 11543 210535 56348 402 268 125340 2379 3361520 929334 10865 533916 19670
internal_value=1.28965e-10 0.000160455 -1.79435e-06 -7.93511e-07 2.54835e-06 0.000106365 -3.75935e-05 -0.000147678 0.000248921 -4.24505e-05 -6.96089e-05 -4.33331e-05 0.000267243 5.0304e-05 0.000205715 -0.000362633 -0.000231835 0.000122705 -3.21681e-05 -2.77358e-05 1.68629e-06 -0.000144491 0.000528508 2.82411e-05 8.51472e-07 -3.26202e-06 1.57297e-05 -3.03728e-05 -3.41512e-05 -0.000173393
internal_weight=5.65995e+06 62598 5.59736e+06 5.55922e+06 5.09641e+06 81960 462812 38138 7714 455098 27978 26711 21179 60781 6973 10160 6786 56776 413671 403766 193231 5975 5822 136883 5.01445e+06 3.92835e+06 1.0861e+06 566830 555965 22049
internal_count=5659954 62598 5597356 5559218 5096406 81960 462812 38138 7714 455098 27978 26711 21179 60781 6973 10160 6786 56776 413671 403766 193231 5975 5822 136883 5014446 3928350 1086096 566830 555965 22049
is_linear=0
shrinkage=0.05


Tree=39
num_leaves=31
num_cat=0
split_feature=0 3 8 2 7 0 0 9 9 2 8 8 3 5 4 4 8 1 3 0 7 3 1 1 6 2 3 5 2 6
split_gain=0.59208 0.483747 0.29685 0.228984 0.216453 0.205779 0.190941 0.181612 0.178663 0.17186 0.161577 0.15521 0.144846 0.30347 0.243504 0.182421 0.400285 0.230858 0.200686 0.179955 0.175854 0.267204 0.234379 0.195557 0.361535 0.178685 0.175179 0.164999 0.158377 0.155724
threshold=0.098949134349823012 0.09762591123580934 3.9659343957901005 0.33830356597900396 0.047823259606957443 0.028231084346771244 -0.089001655578613267 0.78263172507286083 0.7261091172695161 0.61588323116302501 1.0717694759368899 1.8572309613227846 0.0078803300857543963 1.0000000180025095e-35 0.086200773715972914 -0.012861132621765135 1.3851177096366885 -0.066666692495346055 -0.026889681816101071 0.0068966746330261239 0.040827712044119842 -0.068172544240951524 -0.10168227553367613 -0.094793766736984239 0.044035628437995918 0.066326558589935317 -0.017913430929183956 0.049605011940002448 -0.10440829396247862 0.060140540823340423
decision_type=10 10 10 10 8 10 8 10 10 8 8 10 8 2 2 2 8 8 10 10 8 10 10 8 10 10 10 2 10 10
left_child=2 9 3 12 8 -4 -5 -8 -3 11 -11 -2 13 -1 19 16 17 18 27 -14 21 22 -17 24 -23 -22 -27 -15 -20 -29
right_child=1 4 5 6 -6 -7 7 -9 -10 10 -12 -13 14 15 -16 20 -18 -19 28 -21 25 23 -24 -25 -26 26 -28 29 -30 -31
leaf_value=-0.00032220830284411544 0.00019258047148678362 0.00058666690516486267 -0.00030379805845675304 -0.00040444241957576766 0.0006205614322802248 -4.5357277213052229e-05 5.1692016251170378e-05 -0.00011186147036557059 1.6483566348151439e-05 0.0001903805663507115 -0.00033239499157182147 3.6442267322928456e-05 -6.2494634309656224e-06 -0.00020922353309639998 0.00093752624051034661 0.00061730467742935789 -5.8217992718746415e-05 1.4237094604736804e-05 0.00011245844254002844 4.7843949620506981e-05 -1.5166700441973593e-05 -0.00016887114451069062 -1.0311750016595014e-05 -3.144034181252039e-06 0.00010365574377408556 -0.00021225624983284958 -6.0914917772723507e-05 0.0004762291063470567 2.3542308598815534e-05 3.6856722660998213e-06
leaf_weight=7421 28845 2058 13372 4350 6427 18165 23870 58740 4129 2205 4479 35510 295317 1475 726 3242 160428 780402 87540 320729 220540 44056 2748 3269683 16813 23850 96422 7061 117036 2315
leaf_count=7421 28845 2058 13372 4350 6427 18165 23870 58740 4129 2205 4479 35510 295317 1475 726 3242 160428 780402 87540 320729 220540 44056 2748 3269683 16813 23850 96422 7061 117036 2315
internal_value=1.03535e-10 0.000132033 -1.98062e-06 -1.11058e-06 0.00041736 -0.000154945 -8.16072e-05 -6.4603e-05 0.000206209 8.13644e-05 -0.000159933 0.000106428 1.72003e-07 -2.73541e-06 2.29922e-05 -2.24486e-06 1.50777e-05 2.68857e-05 7.2706e-05 2.1913e-05 -7.69154e-06 -4.19701e-06 0.000329423 -4.79713e-06 -9.35944e-05 -4.19028e-05 -9.09275e-05 0.000282238 6.15907e-05 0.000359568
internal_weight=5.65995e+06 83653 5.5763e+06 5.54476e+06 12614 31537 86960 82610 6187 71039 6684 64355 5.4578e+06 4.84103e+06 616772 4.83361e+06 1.15626e+06 995829 215427 616046 3.67735e+06 3.33654e+06 5990 3.33055e+06 60869 340812 120272 10851 204576 9376
internal_count=5659954 83653 5576301 5544764 12614 31537 86960 82610 6187 71039 6684 64355 5457804 4841032 616772 4833611 1156257 995829 215427 616046 3677354 3336542 5990 3330552 60869 340812 120272 10851 204576 9376
is_linear=0
shrinkage=0.05


Tree=40
num_leaves=31
num_cat=0
split_feature=0 8 3 8 3 5 5 2 0 6 9 2 8 4 7 1 0 7 3 1 4 0 8 1 7 2 0 1 7 0
split_gain=0.538647 0.288218 0.285719 0.239283 0.293214 0.228117 0.194801 0.183357 0.181425 0.186656 0.176991 0.172811 0.186211 0.188651 0.166275 0.21285 0.206894 0.164036 0.206521 0.233601 0.482542 0.173979 0.163072 0.158366 0.145705 0.144403 0.269896 0.163311 0.286948 0.275047
threshold=0.099904358386993422 0.73523262143135082 -0.049429625272750848 1.8238846659660342 0.044700920581817634 0.066277861595153822 0.050844430923461921 -0.10440829396247862 -0.029876291751861569 0.081009093672037139 2.0730001926422124 -0.003540486097335815 1.0000000180025095e-35 -0.0038219988346099849 0.050221854820847518 -0.013605445623397825 0.045553565025329597 0.025632422417402271 -0.0086455047130584699 -0.10168227553367613 0.010377109050750734 -0.09985527396202086 0.77568310499191295 -0.17040237784385678 0.036687500774860389 -0.0093152821063995344 0.012022852897644045 -0.034260660409927361 0.031191360205411914 -0.061502665281295769
decision_type=10 10 8 10 10 2 2 8 10 8 10 10 10 2 10 10 8 10 10 10 2 10 8 10 8 10 8 8 8 10
left_child=2 -2 5 4 7 -1 -5 17 9 10 -7 12 13 -6 16 -16 25 21 19 20 -19 -4 -18 -20 -10 26 -9 -27 29 -29
right_child=1 -3 3 6 11 8 -8 14 24 -11 -12 -13 -14 -15 15 -17 22 18 23 -21 -22 -23 -24 -25 -26 27 -28 28 -30 -31
leaf_value=-0.00025998926503544511 0.00044430101338865165 0.00010728512510843315 -0.0011942576826630647 8.9869629113235729e-06 -0.00021114587344988115 0.00040386682900914569 -6.5356405867144976e-05 -2.1779466099269914e-05 2.6652464472593689e-05 -0.00017548781067643917 -0.00023667564704352802 8.0498073062206568e-05 0.00055368854800234857 0.00089993339681617129 3.1879340081484875e-06 -0.00010811501043017885 0.00034598805448865343 9.853290269700624e-05 0.00020411496553019633 0.00014762657464427394 -0.00038734005017209403 -3.4020450159142689e-06 5.5784162728289739e-05 1.861458332219943e-05 -0.00038048950081730421 3.8730759060894445e-05 3.0424444135131127e-05 0.00069831648489696843 -3.5819480028842837e-05 9.8320274418129398e-06
leaf_weight=19117 7163 55435 306 137102 1871 5495 246604 1486710 4289 3391 1341 12736 5091 479 88480 83479 5103 20580 11878 78098 6797 317128 93878 366093 4505 324728 297058 1451 426997 1546571
leaf_count=19117 7163 55435 306 137102 1871 5495 246604 1486710 4289 3391 1341 12736 5091 479 88480 83479 5103 20580 11878 78098 6797 317128 93878 366093 4505 324728 297058 1451 426997 1546571
internal_value=1.14303e-10 0.000145856 -1.63109e-06 -6.95411e-07 2.12909e-06 -0.000138017 -3.87928e-05 1.38454e-06 -1.54226e-05 0.000127765 0.000278197 0.000192357 0.000383779 1.56116e-05 -2.65943e-06 -5.08454e-05 -6.78299e-07 2.33719e-05 4.1708e-05 0.000103571 -2.21065e-05 -4.55376e-06 7.07491e-05 2.44446e-05 -0.000181938 -2.40966e-06 -1.30857e-05 5.8711e-06 4.68374e-07 1.04778e-05
internal_weight=5.65995e+06 62598 5.59736e+06 5.55922e+06 5.17551e+06 38138 383706 5.15534e+06 19021 10227 6836 20177 7441 2350 4.35446e+06 171959 4.1825e+06 800880 483446 105475 27377 317434 98981 377971 8794 4.08352e+06 1.78377e+06 2.29975e+06 1.97502e+06 1.54802e+06
internal_count=5659954 62598 5597356 5559218 5175512 38138 383706 5155335 19021 10227 6836 20177 7441 2350 4354455 171959 4182496 800880 483446 105475 27377 317434 98981 377971 8794 4083515 1783768 2299747 1975019 1548022
is_linear=0
shrinkage=0.05


Tree=41
num_leaves=31
num_cat=0
split_feature=0 3 0 8 3 2 3 4 2 2 8 8 4 1 2 8 3 6 0 2 3 5 5 1 1 7 3 2 8 6
split_gain=0.48734 0.415771 0.266944 0.217859 0.246065 0.192971 0.177906 0.228729 0.193792 0.163476 0.193249 0.162677 0.158603 0.193257 0.203061 0.181764 0.229969 0.18608 0.160102 0.157488 0.144633 0.167161 0.14371 0.242447 0.153087 0.181764 0.192224 0.142845 0.142353 0.141241
threshold=0.098949134349823012 0.09762591123580934 -0.09985527396202086 2.4496251344680791 0.09762591123580934 0.29375302791595465 0.021007180213928226 0.086200773715972914 0.33830356597900396 0.33830356597900396 0.87310338020324718 1.314632833003998 -0.022535234689712521 -0.15378871560096738 -0.23536863923072812 1.1527398824691775 -0.019416004419326779 0.058574525639414794 -0.067567557096481309 -0.031977742910385125 -0.035714238882064812 0.020332753658294681 0.034739553928375251 inf -0.016891121864318844 0.023577844724059108 0.036720097064971931 -0.097674340009689317 1.8572309613227846 0.074130844324827208
decision_type=10 10 8 10 10 8 8 2 10 8 8 10 2 8 8 8 10 10 10 10 10 2 2 8 10 8 10 8 10 10
left_child=2 9 -1 6 19 29 8 22 12 28 -11 -10 13 14 -4 16 17 18 -15 -5 21 -14 -8 24 25 26 -24 -23 -2 -3
right_child=1 5 3 4 -6 -7 7 -9 11 10 -12 -13 20 15 -16 -17 -18 -19 -20 -21 -22 27 23 -25 -26 -27 -28 -29 -30 -31
leaf_value=-0.00017991073460238251 0.00021457556912816349 5.5237976761479316e-05 0.00039340607451143701 -0.00014774345886062608 -0.00058191477299621229 0.00054002933640441683 0.0001693107941721843 0.0010100845979861539 -4.7090534575734344e-05 0.00035993846140596559 -0.00012587822651867792 -0.00024255833959412225 -0.00038980548144472936 0.00056214761546498706 7.273057268194023e-05 -2.1156362439565999e-05 2.7999156062560275e-05 -1.1261863763493432e-05 0.00018887876618573228 -2.4283939412595861e-05 -2.1726997558700037e-06 0.00010435423138981512 0.00013641307051330938 -0.00050414199604923034 -1.5988007588979229e-06 7.9621628160243685e-05 0.00076701510794094027 -0.000116056449166705 4.8648092026382878e-05 0.0010030657034339637
leaf_weight=20956 21784 4465 6757 33776 2235 7719 22762 632 60044 2367 15099 12937 4294 4330 18320 205582 422597 6647 8537 109802 4506026 9780 2716 2084 62109 21614 2177 29587 31789 430
leaf_count=20956 21784 4465 6757 33776 2235 7719 22762 632 60044 2367 15099 12937 4294 4330 18320 205582 422597 6647 8537 109802 4506026 9780 2716 2084 62109 21614 2177 29587 31789 430
internal_value=1.18597e-10 0.000119787 -1.79689e-06 -1.12497e-06 -6.1434e-05 0.000384308 5.0066e-07 6.22743e-05 -8.30308e-07 7.28128e-05 -6.00233e-05 -8.1743e-05 3.00419e-07 2.29596e-05 0.000159149 1.76865e-05 3.57485e-05 0.000203558 0.000314525 -5.3328e-05 -3.05024e-06 -9.36147e-05 5.6986e-05 2.87955e-05 4.13342e-05 0.000141928 0.000417081 -6.12982e-05 0.000116121 0.000138688
internal_weight=5.65995e+06 83653 5.5763e+06 5.55534e+06 145813 12614 5.40953e+06 114094 5.29544e+06 71039 17466 72981 5.22246e+06 672770 25077 647693 442111 19514 12867 143578 4.54969e+06 43661 113462 90700 88616 26507 4893 39367 53573 4895
internal_count=5659954 83653 5576301 5555345 145813 12614 5409532 114094 5295438 71039 17466 72981 5222457 672770 25077 647693 442111 19514 12867 143578 4549687 43661 113462 90700 88616 26507 4893 39367 53573 4895
is_linear=0
shrinkage=0.05


Tree=42
num_leaves=31
num_cat=0
split_feature=0 9 4 0 8 2 3 5 4 9 2 1 7 5 8 6 1 3 8 4 1 6 3 7 1 9 0 0 2 9
split_gain=0.4454 0.249909 0.246529 0.209507 0.207624 0.188126 0.162527 0.221187 0.21073 0.210281 0.176981 0.268278 0.173461 0.166291 0.159056 0.157258 0.192345 0.211959 0.207525 0.186013 0.17103 0.202957 0.206681 0.174184 0.15239 0.151768 0.150544 0.149083 0.140921 0.140779
threshold=0.099904358386993422 5.5106449127197275 0.026078522205352787 -0.089001655578613267 0.65485593676567089 0.41349774599075323 0.031005024909973148 1.0000000180025095e-35 0.086200773715972914 2.7994939088821416 0.17411166429519656 0.027582645416259769 0.049370372667908675 0.15749621391296389 0.89966988563537609 0.030988108366727832 -0.005504518747329711 -0.041095882654190057 1.4597157239913943 -0.0096024870872497541 -0.010799139738082884 0.046331051737070091 -0.068172544240951524 0.041205188259482391 -0.17040237784385678 1.2138131260871889 -0.0077746510505676261 0.016657233238220218 inf 1.2439222335815432
decision_type=10 10 2 8 10 8 8 2 2 8 8 10 10 2 8 10 8 10 10 2 8 10 10 8 10 10 10 10 8 10
left_child=1 3 -2 4 -1 -4 10 28 9 -9 15 -12 -13 -11 -7 16 17 25 19 -19 21 22 -17 -23 -3 -5 -14 -21 -8 -6
right_child=2 24 5 6 29 14 7 8 -10 13 11 12 26 -15 -16 20 -18 18 -20 27 -22 23 -24 -25 -26 -27 -28 -29 -30 -31
leaf_value=-0.00037264825301166988 0.00035109978023119547 -0.0009198651929023168 0.00013364142815222495 -0.00045678492996737346 3.3894550394345705e-05 0.00035890729750540052 0.00028657598571991201 0.00010987726058032844 0.00095966011486531624 -4.4592428621894287e-05 1.0510000337764523e-05 -4.8493682680138214e-05 -3.5311513510244012e-05 -0.00066341165835496639 -0.00019534525439955021 0.00049090448328539197 7.8997072827892669e-06 1.0668706173539437e-05 -7.5551747720273646e-05 -2.8155357549336185e-05 -7.9313903652653468e-08 0.00015168912691748378 1.7993921590167111e-05 3.3839660478005627e-05 -0.00016903675205327009 2.1732092689875111e-05 -0.00024061457537221496 3.110440936223914e-05 0.0010312718973148867 -0.00016707700614447879
leaf_weight=6492 10704 708 42044 4608 17761 1532 3780 43044 632 23594 208946 204983 14195 1137 8318 2326 2084432 741746 123814 979882 508109 66521 323325 59309 14463 2587 24071 119023 763 17105
leaf_count=6492 10704 708 42044 4608 17761 1532 3780 43044 632 23594 208946 204983 14195 1137 8318 2326 2084432 741746 123814 979882 508109 66521 323325 59309 14463 2587 24071 119023 763 17105
internal_value=1.40723e-10 -1.48317e-06 0.000132632 -9.32372e-07 -0.000113049 8.7563e-05 -9.54888e-08 7.40421e-05 5.16023e-05 4.31207e-05 -1.08461e-06 -3.10435e-05 -6.6737e-05 -7.30681e-05 -0.000109113 1.61637e-06 -2.68988e-06 -1.38852e-05 -1.28929e-05 -8.67807e-06 1.98185e-05 4.22119e-05 2.13732e-05 9.61424e-05 -0.000204135 -0.000284753 -0.000164459 -2.17369e-05 0.000411848 -6.47026e-05
internal_weight=5.65995e+06 5.59736e+06 62598 5.58218e+06 41358 51894 5.54083e+06 72950 68407 67775 5.46788e+06 452195 243249 24731 9850 5.01568e+06 4.05609e+06 1.97166e+06 1.96446e+06 1.84065e+06 959590 451481 325651 125830 15171 7195 38266 1.0989e+06 4543 34866
internal_count=5659954 5597356 62598 5582185 41358 51894 5540827 72950 68407 67775 5467877 452195 243249 24731 9850 5015682 4056092 1971660 1964465 1840651 959590 451481 325651 125830 15171 7195 38266 1098905 4543 34866
is_linear=0
shrinkage=0.05


Tree=43
num_leaves=31
num_cat=0
split_feature=0 9 8 0 7 1 3 2 3 5 5 2 1 5 3 4 0 9 6 7 8 6 5 9 2 5 0 9 8 6
split_gain=0.401977 0.231095 0.230383 0.179919 0.17098 0.206505 0.163728 0.162779 0.176982 0.150571 0.137943 0.11854 0.116971 0.168761 0.116809 0.126191 0.116573 0.183103 0.107027 0.105446 0.132543 0.125602 0.148632 0.132566 0.131704 0.103447 0.103358 0.102866 0.113562 0.172755
threshold=0.099904358386993422 0.68119826912879955 3.9659343957901005 0.028903007507324222 0.050221854820847518 -0.040267586708068841 0.01524859666824341 0.12768322229385379 -0.010201990604400633 1.0000000180025095e-35 0.15749621391296389 -0.093315571546554552 -0.19784396886825559 0.057106435298919685 -0.068172544240951524 0.1079729199409485 0.0088757872581481951 1.185458302497864 0.039887947961688049 0.040147807449102409 3.9659343957901005 0.090408030897378935 0.062305271625518806 1.5886884331703188 0.61588323116302501 0.15749621391296389 0.042118251323699958 0.45013128221035009 1.6656175255775454 0.041360350325703628
decision_type=10 10 10 10 8 10 8 10 8 2 2 10 8 2 8 2 10 8 10 10 10 10 2 10 10 2 10 8 10 10
left_child=2 25 4 10 6 14 9 -7 -9 11 -4 -1 13 -11 -6 -16 -8 26 -5 20 -3 23 -23 -21 -24 -2 -18 -14 29 -29
right_child=1 19 3 18 5 7 16 8 -10 12 -12 -13 27 -15 15 -17 17 -19 -20 21 -22 22 24 -25 -26 -27 -28 28 -30 -31
leaf_value=-0.0004039859160869894 0.00046461974989810947 0.00022886817907363176 -0.00022950489230384903 4.5740428323216575e-05 -0.00031480916177735864 -3.2023364542813269e-05 1.7177450659608869e-06 -0.00021715735182078113 -6.2166763200563742e-05 -0.00012508685288929811 -0.00087121056214726665 6.3303538770283758e-05 -4.0652212814056338e-05 0.00031688443700845646 1.4818969385674067e-05 0.00067715516291086322 0.00011492976463737934 2.7269920826896463e-05 -0.00018780670436139703 0.00012152883856999626 -3.7095989888508039e-05 0.0019633231910561196 0.00040673708951290968 -0.00010246354209327641 -0.00040032105652347506 -0.00072198815631150195 0.00029467437293301236 4.6643215666218597e-07 -2.4261451877227098e-05 3.6951284118219903e-05
leaf_weight=4072 5633 20459 12659 13547 2682 122776 89484 30967 45455 3207 896 2035 152547 6611 134669 722 37192 72716 7689 11714 6075 131 2628 15144 625 189 10189 4088735 406095 352411
leaf_count=4072 5633 20459 12659 13547 2682 122776 89484 30967 45455 3207 896 2035 152547 6611 134669 722 37192 72716 7689 11714 6075 131 2628 15144 625 189 10189 4088735 406095 352411
internal_value=1.39939e-10 0.000126001 -1.40901e-06 -0.000129672 -6.06764e-07 -3.51108e-05 1.62033e-06 -6.76836e-05 -0.000124973 -1.88864e-07 -0.000271983 -0.000248289 1.13634e-07 0.000172519 1.18822e-05 1.8356e-05 4.4918e-05 7.71062e-05 -3.88257e-05 9.52325e-05 0.000167976 3.14046e-05 0.000318425 -4.76935e-06 0.000251601 0.000425981 0.000153588 -2.24949e-07 1.04734e-06 3.36156e-06
internal_weight=5.65995e+06 62598 5.59736e+06 34791 5.56256e+06 337271 5.22529e+06 199198 76422 5.01571e+06 13555 6107 5.00961e+06 9818 138073 135391 209581 120097 21236 56776 26534 30242 3384 26858 3253 5822 47381 4.99979e+06 4.84724e+06 4.44115e+06
internal_count=5659954 62598 5597356 34791 5562565 337271 5225294 199198 76422 5015713 13555 6107 5009606 9818 138073 135391 209581 120097 21236 56776 26534 30242 3384 26858 3253 5822 47381 4999788 4847241 4441146
is_linear=0
shrinkage=0.05


Tree=44
num_leaves=31
num_cat=0
split_feature=0 9 1 6 0 8 3 2 6 5 1 7 5 8 3 0 2 0 8 9 5 2 5 0 2 8 4 1 2 6
split_gain=0.367369 0.325295 0.217756 0.158427 0.151836 0.133133 0.137323 0.130063 0.147674 0.146211 0.141897 0.129692 0.116938 0.116005 0.241054 0.183707 0.256264 0.208571 0.177619 0.176342 0.178202 0.172814 0.166741 0.175783 0.160816 0.164514 0.151494 0.210286 0.195065 0.203441
threshold=0.098949134349823012 0.63325247168540966 0.181605339050293 0.0049851955845952043 -0.09985527396202086 3.4519252777099614 -0.021175712347030636 0.61588323116302501 0.090408030897378935 0.15749621391296389 0.20357626676559451 0.023467624559998516 0.13452279567718509 1.688027620315552 0.044700920581817634 0.028231084346771244 0.056508064270019538 -0.013616353273391722 0.73839092254638683 0.64729008078575145 0.068056821823120131 -0.017008990049362179 1.0000000180025095e-35 -0.054122149944305413 -0.012147903442382811 1.0000000180025095e-35 -0.008331716060638426 -0.10581827163696288 -0.19104745984077451 0.042931184172630317
decision_type=10 10 10 10 8 10 8 8 10 2 10 8 2 8 10 10 8 10 10 10 2 8 2 10 10 10 2 10 8 10
left_child=2 12 4 -3 11 6 -4 8 9 -5 -11 -1 -2 14 15 17 -17 26 -18 -19 -21 22 23 -15 25 -16 27 28 29 -6
right_child=1 3 5 7 13 -7 -8 -9 -10 10 -12 -13 -14 21 24 16 18 19 -20 20 -22 -23 -24 -25 -26 -27 -28 -29 -30 -31
leaf_value=-0.0013991125440340286 0.00046483950546442193 0.00044626798737176391 -0.00023684334933931885 8.3786899703943685e-05 0.00012840606462657844 -0.00034844136894094995 -3.359581893690686e-05 -0.00016718010787454508 0.00042536275006292332 -0.00047924392388549542 8.9221212163019783e-05 -0.00012565462802432371 -0.00059233225529169435 -0.001596856991070016 -0.00034190887394331358 7.8259480013901183e-05 0.00016292048579223781 -2.827187497812877e-05 -2.6679066211711098e-05 1.0758520285834534e-06 -8.2434104627499119e-05 -2.8279476127638729e-06 -6.020038018321618e-05 -0.00027480217053545874 5.2242869464195064e-05 0.00057972130261450068 -3.5759603222366224e-05 1.5376189935979034e-05 5.1635172452332209e-05 0.0004582774897343537
leaf_weight=201 6939 2750 10505 60524 17683 4925 39773 5812 2947 2355 2055 19644 271 345 550 179347 13554 777185 139245 2486742 65565 355461 164941 922 4721 4011 126963 1083771 73894 6353
leaf_count=201 6939 2750 10505 60524 17683 4925 39773 5812 2947 2355 2055 19644 271 345 550 179347 13554 777185 139245 2486742 65565 355461 164941 922 4721 4011 126963 1083771 73894 6353
internal_value=1.42208e-10 0.000104003 -1.56007e-06 7.3719e-05 -5.72079e-07 -0.000100372 -7.60659e-05 5.98108e-05 7.9248e-05 6.35334e-05 -0.000214387 -0.000138623 0.000425027 -7.40557e-08 2.276e-06 1.80058e-06 3.77216e-05 -7.71794e-07 -9.85973e-06 -7.41915e-06 -1.06943e-06 -2.25065e-05 -6.45917e-05 -0.000635769 0.000256829 0.000468534 1.61403e-05 2.17166e-05 9.18832e-05 0.00021561
internal_weight=5.65995e+06 83653 5.5763e+06 76443 5.5211e+06 55203 50278 73693 67881 64934 4410 19845 7210 5.50125e+06 4.97958e+06 4.9703e+06 332146 4.63816e+06 152799 3.32949e+06 2.55231e+06 521669 166208 1267 9282 4561 1.30866e+06 1.1817e+06 97930 24036
internal_count=5659954 83653 5576301 76443 5521098 55203 50278 73693 67881 64934 4410 19845 7210 5501253 4979584 4970302 332146 4638156 152799 3329492 2552307 521669 166208 1267 9282 4561 1308664 1181701 97930 24036
is_linear=0
shrinkage=0.05


Tree=45
num_leaves=31
num_cat=0
split_feature=0 8 3 4 7 1 2 3 5 1 2 6 8 8 3 2 6 1 9 2 1 2 3 0 2 4 3 2 3 7
split_gain=0.332878 0.203022 0.21739 0.192733 0.171249 0.201387 0.16704 0.165782 0.162535 0.173881 0.161705 0.159007 0.144935 0.137862 0.137026 0.132055 0.129343 0.235185 0.169337 0.160771 0.141677 0.210343 0.137494 0.134838 0.191692 0.14997 0.122336 0.116988 0.189784 0.134907
threshold=0.099904358386993422 2.8624101877212529 0.044700920581817634 0.026078522205352787 0.047823259606957443 -0.038832873106002801 0.11394745111465455 -0.010201990604400633 0.057106435298919685 -0.026087015867233273 0.41349774599075323 0.045171439647674567 0.50477913022041332 0.89966988563537609 -0.068172544240951524 -0.012147903442382811 0.030988108366727832 0.052098751068115241 0.317832961678505 -0.099290043115615831 -0.0041709840297698966 1.0000000180025095e-35 -0.068172544240951524 0.025011718273162845 -0.25047084689140314 0.0097087025642395037 -0.041095882654190057 -0.099290043115615831 -0.013729959726333616 0.031523233279585845
decision_type=10 10 10 2 8 10 10 8 2 8 8 10 10 8 10 8 8 8 10 10 10 10 8 8 10 2 10 10 10 10
left_child=1 2 4 -2 16 -6 -7 -8 -4 12 -5 -3 -10 -12 -13 -14 20 18 19 -18 21 -1 -20 24 25 -24 -23 28 -22 -29
right_child=3 11 8 10 5 6 7 -9 9 -11 13 14 15 -15 -16 -17 17 -19 22 -21 27 26 23 -25 -26 -27 -28 29 -30 -31
leaf_value=-2.2138338822725272e-05 0.00030782731564195641 -3.5585114086498684e-05 0.0002908018093555943 0.00011753210971132325 1.0412965405422963e-05 -2.735804867050119e-05 -0.00019492073005605292 -5.9210367985722593e-05 -0.00036720146942751275 -2.5679031239976781e-05 0.00032819388464052474 -0.00071368457156322786 0.0008405008613953293 -0.00018781204525691991 -0.00015672366324498394 -2.9468400259246224e-08 -0.00046241076783089653 -2.1382596862085217e-05 0.00028225314828426599 -1.7124586743677967e-05 0.00024913992605335249 -0.00044992079364062737 0.00023640482521059678 7.7320015465208878e-05 1.7051047446526512e-05 -0.00012226230288938636 1.4399895287390861e-05 7.7473105703658745e-06 3.2117590400602198e-05 -3.5831031728927953e-05
leaf_weight=1418185 10704 71405 10818 42044 159529 135805 37852 55499 488 14420 1532 1158 1533 8318 23453 672 3287 275261 5607 5286 10670 1421 16699 141455 541245 3530 593212 1690432 179991 198443
leaf_count=1418185 10704 71405 10818 42044 159529 135805 37852 55499 488 14420 1532 1158 1533 8318 23453 672 3287 275261 5607 5286 10670 1421 16699 141455 541245 3530 593212 1690432 179991 198443
internal_value=1.10188e-10 -1.28222e-06 -2.41887e-08 0.000114661 -7.3422e-07 -3.27223e-05 -6.27513e-05 -0.00011424 0.00013911 4.32061e-05 7.48116e-05 -7.33615e-05 0.000411933 -0.000107531 -0.000182958 0.000584455 1.71101e-06 1.79052e-05 3.29857e-05 -0.000187887 -2.21597e-06 -1.16721e-05 3.56584e-05 3.3691e-05 2.26993e-05 0.000173814 1.32895e-05 6.9368e-06 4.42641e-05 3.169e-06
internal_weight=5.65995e+06 5.59736e+06 5.50134e+06 62598 5.47341e+06 388685 229156 93351 27931 17113 51894 96016 2693 9850 24611 2205 5.08472e+06 992370 717109 8573 4.09235e+06 2.01282e+06 708536 702929 561474 20229 594633 2.07954e+06 190661 1.88888e+06
internal_count=5659954 5597356 5501340 62598 5473409 388685 229156 93351 27931 17113 51894 96016 2693 9850 24611 2205 5084724 992370 717109 8573 4092354 2012818 708536 702929 561474 20229 594633 2079536 190661 1888875
is_linear=0
shrinkage=0.05


Tree=46
num_leaves=31
num_cat=0
split_feature=0 3 0 7 5 3 5 0 8 1 8 7 8 2 2 0 3 1 4 2 9 4 9 1 8 6 2 7 3 8
split_gain=0.304203 0.280149 0.197801 0.162726 0.160194 0.171875 0.154682 0.178232 0.214376 0.167731 0.13096 0.13058 0.161515 0.126243 0.166376 0.120872 0.150068 0.117632 0.168287 0.133377 0.115338 0.165858 0.110226 0.109343 0.149444 0.108865 0.113898 0.204404 0.107661 0.175833
threshold=0.098949134349823012 0.09762591123580934 -0.089001655578613267 0.047823259606957443 0.064641952514648451 0.01977568864822388 0.073152780532836928 0.047525942325592048 0.85347551107406627 0.181605339050293 0.71936905384063732 0.042820673435926444 2.5601600408554082 -0.18509086966514585 0.33830356597900396 -0.061502665281295769 -0.041095882654190057 -0.15378871560096738 -0.037571221590042107 -0.25047084689140314 1.2439222335815432 -0.054825484752655022 5.5106449127197275 -0.19784396886825559 0.53590539097785961 0.049712762236595161 0.12465113401412965 0.03527322597801686 -0.068172544240951524 3.9659343957901005
decision_type=8 10 8 8 2 10 2 10 10 8 10 8 10 8 10 8 10 8 2 8 10 2 8 8 8 8 10 8 10 8
left_child=2 11 4 10 13 20 7 15 -9 17 -3 12 -2 -1 22 25 -17 18 19 -8 21 23 -15 -6 -25 26 -4 -28 29 -20
right_child=1 3 6 -5 5 -7 9 8 -10 -11 -12 -13 -14 14 -16 16 -18 -19 28 -21 -22 -23 -24 24 -26 -27 27 -29 -30 -31
leaf_value=-0.00062579243881206428 0.00022009021908343335 0.00042714895478990493 0.00016526749347441988 0.00048598482111760291 0.00035362217410690061 -0.00066804498810556353 0.00059362272788611936 0.00031875129777514784 4.8748629462370853e-05 -0.0001315994203128533 -4.9374159175721078e-05 -7.4202389106886044e-06 1.1367151179064779e-05 -6.3752345046050036e-05 -0.00085680508760067626 -0.0001501726254188121 6.7991487465068531e-07 -2.5808755081622845e-05 0.00053494092211364491 0.00014753275979149935 -0.0001377155190947105 0.00041951020570511749 -0.0009026369785435517 -0.0013846393956822647 -4.2340137936590418e-05 -2.935070010080779e-05 0.0015626825523754441 0.00017580462276295779 -0.00014312580258442502 -0.00092068949373223937
leaf_weight=2125 19898 2286 11463 6427 1782 1102 2174 8316 63337 36706 3901 39754 17350 6675 840 16540 4987569 378003 1355 7303 14163 2644 415 210 12021 7358 421 718 6854 244
leaf_count=2125 19898 2286 11463 6427 1782 1102 2174 8316 63337 36706 3901 39754 17350 6675 840 16540 4987569 378003 1355 7303 14163 2644 415 210 12021 7358 421 718 6854 244
internal_value=1.04105e-10 9.13884e-05 -1.47017e-06 0.000309801 -0.000109596 -5.47729e-05 -6.4915e-07 1.78783e-06 8.0089e-05 -2.93524e-05 0.000126734 5.56058e-05 0.000122871 -0.000283623 -0.000191865 6.71091e-07 1.81275e-07 -1.98731e-05 0.000105259 0.000249917 -3.28238e-05 5.63658e-05 -0.000112975 -1.21781e-05 -6.5498e-05 0.000123465 0.000212686 0.000689347 -5.69336e-05 0.000312382
internal_weight=5.65995e+06 89616 5.57034e+06 12614 41977 31922 5.52836e+06 5.09572e+06 71653 432639 6187 77002 37248 10055 7930 5.02407e+06 5.00411e+06 395933 17930 9477 30820 16657 7090 14013 12231 19960 12602 1139 8453 1599
internal_count=5659954 89616 5570338 12614 41977 31922 5528361 5095722 71653 432639 6187 77002 37248 10055 7930 5024069 5004109 395933 17930 9477 30820 16657 7090 14013 12231 19960 12602 1139 8453 1599
is_linear=0
shrinkage=0.05


Tree=47
num_leaves=31
num_cat=0
split_feature=0 3 9 2 7 0 2 8 4 0 6 9 7 8 7 9 0 2 8 5 6 1 1 3 3 0 6 2 0 3
split_gain=0.274547 0.252842 0.185777 0.167511 0.200524 0.19885 0.153612 0.125639 0.124573 0.120438 0.119707 0.121177 0.117849 0.145768 0.115196 0.114384 0.15577 0.115108 0.205758 0.182648 0.224514 0.139814 0.136955 0.215959 0.136471 0.2165 0.237351 0.203841 0.244167 0.198914
threshold=0.098949134349823012 0.09762591123580934 5.5106449127197275 0.29375302791595465 0.019829322583973411 -0.089001655578613267 0.29375302791595465 0.65824174880981456 0.027870535850524906 0.031169593334198002 0.074130844324827208 0.51732814311981212 0.042820673435926444 2.5601600408554082 0.050221854820847518 0.45013128221035009 0.026239097118377689 -0.10440829396247862 1.4597157239913943 0.052088916301727302 0.048272632062435157 -0.0085751116275787336 -0.016429394483566281 -0.012986928224563597 -0.010880291461944578 -0.05135944485664367 0.050474556162953384 -0.0093152821063995344 0.010495185852050783 -0.023605108261108395
decision_type=8 10 10 8 8 10 8 8 2 10 10 10 8 10 10 10 10 10 8 2 8 10 8 10 8 10 10 10 10 10
left_child=2 12 3 15 -5 7 10 -6 -7 -4 11 -3 13 -2 -10 16 -1 18 19 20 22 -22 -17 -24 25 26 29 28 -26 -19
right_child=1 6 9 4 5 8 -8 -9 14 -11 -12 -13 -14 -15 -16 17 -18 24 -20 -21 21 -23 23 -25 27 -27 -28 -29 -30 -31
leaf_value=-4.1604679347174161e-05 0.00020908626158436315 0.00048992306093206827 -0.00035867931913671595 -0.00094388451876705718 -0.00088996800993485436 -1.1302682003471771e-05 0.00043324884983866391 -0.00022898237394191075 -5.3545638027149644e-05 -5.4342383962476569e-05 0.00087094154050751979 -0.00013959672528085948 -7.049234821646493e-06 1.0798831474245474e-05 -0.00022256970629821906 -1.0287161659262404e-05 0.0002767199595907205 0.00034159298532438826 -5.1502121796928042e-05 7.9390815674945458e-05 0.00024005275908711758 -4.9112732939606021e-05 0.0002201632216523235 2.6692927676378292e-05 -2.2007167998026699e-05 -4.2969833902452565e-05 -4.114038913227133e-05 1.1561733347745494e-05 2.3641210942582449e-05 5.6347031555326868e-05
leaf_weight=203772 19898 978 5826 617 818 155884 7719 5897 34560 7354 430 3487 39754 17350 14231 339306 3916 10596 90964 140868 17247 5517 15478 211615 1275366 346795 24807 2264177 380286 14441
leaf_count=203772 19898 978 5826 617 818 155884 7719 5897 34560 7354 430 3487 39754 17350 14231 339306 3916 10596 90964 140868 17247 5517 15478 211615 1275366 346795 24807 2264177 380286 14441
internal_value=9.35635e-11 8.68196e-05 -1.39668e-06 -9.51974e-07 -4.45401e-05 -4.19107e-05 0.000294315 -0.000309622 -3.31261e-05 -0.000188886 7.51832e-05 -1.6298e-06 5.28257e-05 0.000116727 -0.000102849 7.76889e-07 -3.56013e-05 2.24753e-06 1.94085e-05 2.82442e-05 1.6015e-05 0.000169973 9.82707e-06 3.98802e-05 -1.0165e-06 -2.89652e-05 6.84725e-05 1.81157e-06 -1.15222e-05 0.000177076
internal_weight=5.65995e+06 89616 5.57034e+06 5.55716e+06 212007 211390 12614 6715 204675 13180 4895 4465 77002 37248 48791 5.34515e+06 207688 5.13746e+06 820995 730031 589163 22764 566399 227093 4.31647e+06 396639 49844 3.91983e+06 1.65565e+06 25037
internal_count=5659954 89616 5570338 5557158 212007 211390 12614 6715 204675 13180 4895 4465 77002 37248 48791 5345151 207688 5137463 820995 730031 589163 22764 566399 227093 4316468 396639 49844 3919829 1655652 25037
is_linear=0
shrinkage=0.05


Tree=48
num_leaves=31
num_cat=0
split_feature=0 8 3 6 5 3 3 2 4 8 1 2 7 1 6 3 0 1 2 2 2 8 7 3 1 0 1 3 0 8
split_gain=0.250776 0.178997 0.201424 0.180984 0.15936 0.141514 0.131878 0.12777 0.161637 0.128241 0.128898 0.124694 0.165571 0.288324 0.183275 0.159978 0.151839 0.126968 0.181568 0.124669 0.12247 0.141936 0.112331 0.168566 0.153574 0.352851 0.124929 0.110402 0.109829 0.193343
threshold=0.099904358386993422 2.1300016641616826 0.044700920581817634 0.053874094039201743 1.0000000180025095e-35 0.055594146251678474 -0.068172544240951524 -0.037028491497039788 -0.010028690099716185 1.0000000180025095e-35 -0.016891121864318844 -0.10440829396247862 0.038577992469072349 -0.040267586708068841 0.023842343129217628 -0.017913430929183956 1.0000000180025095e-35 0.0037006735801696782 0.017241418361663822 -0.017008990049362179 0.41349774599075323 0.89966988563537609 0.027195961214601997 -0.0072859227657318107 -0.1098901331424713 -0.0095143616199493391 -0.15378871560096738 -0.0084819793701171858 0.023847997188568119 1.0306783914566042
decision_type=8 10 10 8 2 10 10 8 2 10 10 8 8 8 10 10 10 8 10 10 10 8 10 10 10 10 10 10 8 8
left_child=1 2 4 19 -1 20 -5 9 -9 -4 -11 22 14 -14 17 16 -15 18 -13 -3 -2 -22 -6 24 25 -24 -25 -21 -16 -30
right_child=5 3 7 6 11 -7 -8 8 -10 10 -12 12 13 15 28 -17 -18 -19 -20 27 21 -23 23 26 -26 -27 -28 -29 29 -31
leaf_value=-0.0002303418780458025 8.9764823216125032e-05 -8.6016739546127352e-05 -7.3788485476793266e-05 -0.00067336567998079562 -1.6294802426990473e-06 0.0002394922825734453 -0.00015057334300363256 -5.2233723004090997e-05 0.00026212920316717557 0.00071321759973833618 0.00018733791483390385 -2.5317680082037996e-05 2.4350126642760049e-05 -7.3254597010141546e-05 1.0427605413632333e-05 -3.5906699714370739e-05 -0.00024238696057468428 6.6646403584853174e-06 1.2615820349395135e-05 -0.00012681909998569487 0.0003642075724371127 -0.00021634681452553694 8.1039896912972476e-05 0.00014662619611608243 0.00011840718933785492 -0.00033168496608267534 9.2015437478084187e-06 1.0372710501843959e-05 0.00011962583512173573 1.8770720282871858e-05
leaf_weight=7491 47126 67978 1408 1282 379563 13593 20210 9902 6964 2522 2167 1154859 196026 48049 853820 384046 18333 1185821 433998 16449 1252 6590 22689 17484 90350 6709 305253 135082 68673 154265
leaf_count=7491 47126 67978 1408 1282 379563 13593 20210 9902 6964 2522 2167 1154859 196026 48049 853820 384046 18333 1185821 433998 16449 1252 6590 22689 17484 90350 6709 305253 135082 68673 154265
internal_value=8.94429e-11 -1.16535e-06 7.33327e-07 -4.3317e-05 9.63876e-08 9.50441e-05 -0.000181788 0.000148497 7.75751e-05 0.000344642 0.000470276 4.20911e-07 -2.85161e-06 -2.62669e-05 1.07859e-06 -4.82954e-05 -0.000119968 -5.71599e-06 -1.49561e-05 -2.97587e-05 5.93199e-05 -0.000123625 1.83267e-05 3.54451e-05 8.61084e-05 -1.31573e-05 1.66468e-05 -4.52048e-06 1.85874e-05 4.98382e-05
internal_weight=5.65995e+06 5.59139e+06 5.35039e+06 241001 5.32743e+06 68561 21492 22963 16866 6097 4689 5.31994e+06 4.49789e+06 646454 3.85144e+06 450428 66382 2.77468e+06 1.58886e+06 219509 54968 7842 822048 442485 119748 29398 322737 151531 1.07676e+06 222938
internal_count=5659954 5591393 5350392 241001 5327429 68561 21492 22963 16866 6097 4689 5319938 4497890 646454 3851436 450428 66382 2774678 1588857 219509 54968 7842 822048 442485 119748 29398 322737 151531 1076758 222938
is_linear=0
shrinkage=0.05


Tree=49
num_leaves=31
num_cat=0
split_feature=0 9 9 0 8 3 4 5 4 8 7 5 3 9 1 2 3 3 1 2 0 1 5 2 1 2 6 4 2 4
split_gain=0.226828 0.166597 0.144871 0.138856 0.142832 0.119767 0.175508 0.174126 0.159617 0.283063 0.191189 0.170529 0.155085 0.145956 0.186882 0.204714 0.141734 0.127188 0.137476 0.121798 0.115849 0.121782 0.126003 0.114354 0.113735 0.113113 0.106597 0.134887 0.187854 0.122668
threshold=0.099904358386993422 5.5106449127197275 0.68119826912879955 -0.089001655578613267 0.65485593676567089 0.0080645680427551287 0.1079729199409485 1.0000000180025095e-35 -0.012861132621765135 1.1649512052536013 0.04475276172161103 0.055519044399261482 -0.022400975227355954 0.55970850586891185 -0.089147299528121934 -0.079652011394500719 -0.011995881795883177 -0.068172544240951524 -0.15378871560096738 inf 0.0077720284461975106 0.018637716770172123 0.041875183582305915 -0.011194020509719847 -0.17040237784385678 0.48186320066452032 0.070118784904479994 -0.071965038776397691 -0.087512761354446397 -0.0032520592212676998
decision_type=10 10 10 8 10 8 2 2 2 8 8 2 8 8 10 10 10 10 10 8 10 8 2 8 10 10 10 2 10 2
left_child=1 3 -2 4 25 8 7 19 9 12 13 -12 23 14 15 16 -10 18 -15 -7 -9 -22 -23 -5 -3 -1 27 -6 -29 -28
right_child=2 24 -4 5 26 6 -8 20 10 -11 11 -13 -14 17 -16 -17 -18 -19 -20 -21 21 22 -24 -25 -26 -27 29 28 -30 -31
leaf_value=-0.00025339787848556943 0.00033216412503617816 -0.0007848412211513482 7.0288929122412839e-05 0.00030176999513300721 -9.1651446527698437e-05 0.00021169531992448051 0.0009116795385916308 -4.8987915008457426e-06 -0.00058636419596497561 -2.9499632998126531e-05 -1.5411808570999667e-05 -9.5842473112297489e-05 2.4493390849587491e-05 0.00061305525940120488 -2.3836685621789506e-05 -2.5910426882670415e-05 -0.00020704865548769446 -1.3098316868062721e-06 6.3980277308466657e-05 0.00090397885482190223 6.9882713135469899e-05 6.3579709908498396e-05 -2.4627951854450575e-05 7.0161363192261579e-05 -0.00013619799388947244 -0.0011174824184984186 -0.00012985713162831124 -2.6285751863012038e-05 0.0004231422677366582 -0.00074567887854038719
leaf_weight=6089 5822 708 56776 8510 13741 3780 551 301056 3173 284779 163815 110256 841706 1715 334700 14750 11000 3114003 3397 763 156877 65363 106374 14259 14463 403 10531 5870 3849 875
leaf_count=6089 5822 708 56776 8510 13741 3780 551 301056 3173 284779 163815 110256 841706 1715 334700 14750 11000 3114003 3397 763 156877 65363 106374 14259 14463 403 10531 5870 3849 875
internal_value=8.63703e-11 -1.05845e-06 9.46499e-05 -6.08736e-07 -9.18839e-05 7.25792e-08 2.05093e-05 1.97336e-05 -2.5716e-06 1.37343e-05 -7.55978e-06 -4.77685e-05 2.79766e-05 -4.39558e-06 -3.4374e-05 -0.000156308 -0.000292004 -9.00708e-07 0.000248271 0.000328138 1.7508e-05 3.80357e-05 8.94401e-06 0.000156735 -0.000166519 -0.000307201 -5.17845e-05 9.17693e-06 0.000151726 -0.000177161
internal_weight=5.65995e+06 5.59736e+06 62598 5.58218e+06 41358 5.54083e+06 634764 634213 4.90606e+06 1.14925e+06 3.75681e+06 274071 864475 3.48274e+06 363623 28923 14173 3.11912e+06 5112 4543 629670 328614 171737 22769 15171 6492 34866 23460 9719 11406
internal_count=5659954 5597356 62598 5582185 41358 5540827 634764 634213 4906063 1149254 3756809 274071 864475 3482738 363623 28923 14173 3119115 5112 4543 629670 328614 171737 22769 15171 6492 34866 23460 9719 11406
is_linear=0
shrinkage=0.05


Tree=50
num_leaves=31
num_cat=0
split_feature=0 8 3 3 5 6 2 2 4 1 2 2 4 8 1 5 2 0 0 2 7 1 0 8 5 1 4 6 1 4
split_gain=0.204714 0.155882 0.174184 0.162447 0.13644 0.145315 0.133257 0.119673 0.118435 0.129536 0.122508 0.116776 0.138084 0.114678 0.116619 0.107532 0.197822 0.12289 0.116667 0.113882 0.115805 0.164791 0.148406 0.15297 0.106429 0.152402 0.159316 0.129906 0.134727 0.104136
threshold=0.099904358386993422 2.1300016641616826 0.044700920581817634 -0.011131197214126585 0.079698085784912123 0.090408030897378935 0.26315778493881231 0.21989804506301883 -0.085582554340362535 -0.065217345952987657 -0.035007536411285393 -0.037028491497039788 -0.013624042272567747 1.0000000180025095e-35 -0.016891121864318844 1.0000000180025095e-35 -0.019762843847274777 1.0000000180025095e-35 1.0000000180025095e-35 -0.21318903565406797 0.047823259606957443 -0.038832873106002801 0.045553565025329597 0.85347551107406627 0.050000011920928962 -0.19784396886825559 -0.022975534200668331 0.050474556162953384 -0.1337887644767761 -0.044874548912048333
decision_type=10 10 10 10 2 10 10 8 2 10 10 8 2 10 10 2 8 8 8 8 8 10 8 8 2 8 2 10 8 2
left_child=1 2 15 6 5 -2 -3 -6 9 -5 -10 13 -13 -4 29 16 17 -1 -18 24 22 -22 -21 -24 27 26 -26 28 -17 -15
right_child=4 3 11 8 7 -7 -8 -9 10 -11 -12 12 -14 14 -16 19 18 -19 -20 20 21 -23 23 -25 25 -27 -28 -29 -30 -31
leaf_value=-0.00030315007216964523 0.00019062019446300005 -0.00011857184490276529 -6.9994455273524454e-05 5.9996120113116101e-05 0.00011389703981087759 0.0013008699217267957 -0.00053238967939067401 -5.0392305152145388e-05 -9.3330604070247683e-05 -0.00045670295424575654 1.650485981846126e-06 -5.3147348888830083e-05 0.00023606114052080967 0.0010183638589868508 0.00017537294403317452 -0.0002451827499962644 4.758869785649444e-05 -0.0016802650140905141 0.0010061009430520444 -3.2887959727815019e-08 1.2902985599910913e-05 -5.5911046448710987e-05 0.0002643039466553353 4.1066168818244245e-05 0.00053312638117270102 7.2789133546803997e-05 -5.1383357684072193e-05 0.00024428617013471244 1.0592553043093053e-05 0.00037411208601784417
leaf_weight=5480 16859 29683 1408 1952 26261 299 2081 19179 43015 3202 161068 9663 7203 1179 2167 5625 2011 166 376 4721451 146346 214537 8246 110418 3761 47250 1689 5382 60654 1343
leaf_count=5480 16859 29683 1408 1952 26261 299 2081 19179 43015 3202 161068 9663 7203 1179 2167 5625 2011 166 376 4721451 146346 214537 8246 110418 3761 47250 1689 5382 60654 1343
internal_value=7.93482e-11 -1.00553e-06 7.64387e-07 -4.03426e-05 8.99177e-05 0.000210042 -0.000145699 4.45553e-05 -2.43479e-05 -0.000261037 -1.83692e-05 0.000138174 7.03722e-05 0.000325691 0.000444496 1.72741e-07 -0.000182614 -0.000343929 0.000198932 4.48499e-07 -6.8214e-07 -2.80055e-05 1.35512e-06 5.65811e-05 4.77335e-05 0.000101671 0.000352006 8.06684e-06 -1.11181e-05 0.000675575
internal_weight=5.65995e+06 5.59736e+06 5.35636e+06 241001 62598 17158 31764 45440 209237 5154 204083 22963 16866 6097 4689 5.33339e+06 8033 5646 2387 5.32536e+06 5.201e+06 360883 4.84012e+06 118664 124361 52700 5450 71661 66279 2522
internal_count=5659954 5597356 5356355 241001 62598 17158 31764 45440 209237 5154 204083 22963 16866 6097 4689 5333392 8033 5646 2387 5325359 5200998 360883 4840115 118664 124361 52700 5450 71661 66279 2522
is_linear=0
shrinkage=0.05


Tree=51
num_leaves=31
num_cat=0
split_feature=0 8 0 8 3 5 4 0 2 8 5 2 5 1 7 3 2 5 2 8 5 6 7 8 0 8 4 4 2 1
split_gain=0.184759 0.146803 0.130579 0.128508 0.113997 0.168237 0.16681 0.190061 0.157624 0.148638 0.133709 0.132117 0.125623 0.113017 0.124188 0.132483 0.11131 0.110895 0.102756 0.10362 0.0984851 0.0981598 0.165651 0.0942171 0.0925064 0.254234 0.314577 0.197457 0.149951 0.144189
threshold=0.099904358386993422 3.9659343957901005 0.028903007507324222 1.5027972459793093 0.021007180213928226 0.022838532924652103 0.086200773715972914 -0.075857281684875474 0.33830356597900396 1.1769984960556032 0.090602457523345961 inf 1.0000000180025095e-35 -0.016891121864318844 0.024504712782800201 0.036720097064971931 -0.099290043115615831 0.15749621391296389 -0.053211987018585198 0.77862215042114269 0.090602457523345961 0.090408030897378935 0.042820673435926444 3.9659343957901005 -0.013616353273391722 1.1527398824691775 0.025445282459259037 0.03959548473358155 -0.1491630673408508 -0.051668673753738396
decision_type=10 10 10 10 8 2 2 10 10 10 2 8 2 8 10 10 10 2 8 10 2 10 10 10 10 8 2 2 8 10
left_child=1 4 17 20 8 -6 7 10 12 -10 -7 -12 16 14 15 -9 -1 -3 19 -17 -2 22 23 -5 25 26 28 -27 -14 -28
right_child=3 2 -4 21 5 6 -8 13 9 -11 11 -13 24 -15 -16 18 -18 -19 -20 -21 -22 -23 -24 -25 -26 27 29 -29 -30 -31
leaf_value=-0.00034120725055724021 0.00028402849353652233 -0.00018649501420414774 -2.5948725220260536e-05 0.00014220560602000332 0.00023851738662136073 -3.0700662479552858e-05 0.00083849860968737309 0.00013763484326605264 -2.8651250924541298e-05 -0.00018143592472824534 -0.00037591795384552912 -0.0013336354688331283 7.9094178197466018e-05 8.4540311154344298e-06 6.1181312133214385e-05 -0.00023079860817353337 7.1263396883717865e-05 -0.00076184775997055129 3.2727636009260157e-05 0.00086830689846155895 8.3574717861327344e-05 0.00034310973473857833 -0.00014941189738721132 -7.9645788584777665e-05 -4.0382737331743501e-06 -2.7519641769235914e-05 -0.0008273179110296283 0.00042514899672355848 1.8456473752256372e-05 -0.00010405748789832603
leaf_weight=4988 11165 12659 21236 17480 10339 2256 632 4967 56445 22171 1665 459 114979 91810 23326 242 2433 896 676 1857 13582 2312 11470 6589 3950990 367156 1551 2424 899959 1240
leaf_count=4988 11165 12659 21236 17480 10339 2256 632 4967 56445 22171 1665 459 114979 91810 23326 242 2433 896 676 1857 13582 2312 11470 6589 3950990 367156 1551 2424 899959 1240
internal_value=9.30088e-11 -9.55249e-07 -0.000103342 8.5423e-05 -3.14853e-07 4.45236e-05 2.88389e-05 2.48113e-05 -1.45749e-06 -7.17408e-05 -0.0002988 -0.000583413 -4.23862e-07 3.63488e-05 0.000118779 0.000292284 -0.000205986 -0.00022458 0.000568943 0.000741538 0.00017402 2.7495e-05 6.95348e-06 8.1472e-05 -1.38063e-07 1.09695e-05 2.3868e-05 -2.45495e-05 2.5326e-05 -0.000506136
internal_weight=5.65995e+06 5.59736e+06 34791 62598 5.56256e+06 138229 127890 127258 5.42434e+06 78616 4380 2124 5.34572e+06 122878 31068 7742 7421 13555 2775 2099 24747 37851 35539 24069 5.3383e+06 1.38731e+06 1.01773e+06 369580 1.01494e+06 2791
internal_count=5659954 5597356 34791 62598 5562565 138229 127890 127258 5424336 78616 4380 2124 5345720 122878 31068 7742 7421 13555 2775 2099 24747 37851 35539 24069 5338299 1387309 1017729 369580 1014938 2791
is_linear=0
shrinkage=0.05


Tree=52
num_leaves=31
num_cat=0
split_feature=0 5 8 2 8 5 2 5 1 4 2 0 8 9 1 8 4 3 4 6 2 2 7 7 6 5 1 4 6 1
split_gain=0.168291 0.391098 0.232942 0.184243 0.13683 0.132555 0.122742 0.11804 0.116146 0.259249 0.154681 0.134651 0.111461 0.102442 0.0997946 0.0965275 0.0914306 0.13345 0.142715 0.13316 0.0906269 0.0893304 0.107119 0.0887577 0.10538 0.0876684 0.106585 0.12281 0.0881845 0.105039
threshold=0.047525942325592048 0.055010139942169196 3.9659343957901005 0.41349774599075323 1.0529016852378847 0.15749621391296389 0.29375302791595465 1.0000000180025095e-35 0.088050305843353285 0.013398706912994387 0.08798545598983766 -0.089001655578613267 0.73839092254638683 1.0557760000228884 -0.12658008933067319 1.1351059675216677 -0.02047699689865112 0.09762591123580934 0.077049732208251967 0.023693182505667213 -0.1491630673408508 -0.21318903565406797 0.027464245446026329 0.038577992469072349 0.090408030897378935 0.04878050088882447 -0.19784396886825559 -0.020066112279891964 0.048953711986541755 -0.1337887644767761
decision_type=8 2 10 8 8 2 8 2 8 2 8 10 8 8 8 8 2 8 2 10 10 8 10 10 10 2 10 2 10 10
left_child=2 6 7 15 -5 -4 13 20 21 11 -11 12 -10 -2 -15 -3 -6 -18 19 -19 -1 22 -9 -17 -25 28 27 -27 29 -24
right_child=1 3 5 4 16 -7 -8 8 9 10 -12 -13 -14 14 -16 23 17 18 -20 -21 -22 -23 25 24 -26 26 -28 -29 -30 -31
leaf_value=-0.00037955669174484616 0.00027319775253731689 0.00010740882221265546 -0.00014376222559571325 8.6017854769902618e-05 -0.000863770595755356 -0.00073196344334983132 0.00029734235376310423 -5.613205906062401e-05 -0.0011586775134115946 -1.5891941063920648e-05 -0.00013168646758853793 1.6166215188153897e-05 -0.00019187282193803147 -0.0014934893009463073 6.6782007425908547e-05 3.7795615056539451e-05 -0.00020368033837347036 -0.00056727183427033256 0.00083645722803460496 0.00072260823447425166 -3.615540804846824e-05 -3.4316752913098253e-07 -0.00024726143717091842 -5.1760152845748366e-05 0.00028604300472266549 0.00046392384704850993 8.653417850392099e-05 -2.8413460915339214e-05 0.00020655698713513957 2.1981787204702152e-05
leaf_weight=3608 7662 32492 18571 6407 477 1009 14229 22290 320 46775 75218 161969 4195 102 20425 122551 17122 592 661 301 4109 4941774 3943 54944 2409 4138 39623 1825 5786 44427
leaf_count=3608 7662 32492 18571 6407 477 1009 14229 22290 320 46775 75218 161969 4195 102 20425 122551 17122 592 661 301 4109 4941774 3943 54944 2409 4138 39623 1825 5786 44427
internal_value=7.87645e-11 3.77658e-05 -1.96821e-06 1.28327e-05 -0.000113991 -0.000174109 0.000177632 -1.33935e-06 -1.05758e-06 -3.19167e-05 -8.72886e-05 8.65789e-06 -0.000260636 0.000117197 5.89565e-05 2.80953e-05 -0.000180899 -0.000163412 0.000280109 -0.000132175 -0.000196737 7.00419e-07 4.29608e-05 1.37702e-05 -3.75667e-05 6.51061e-05 0.000116198 0.000313263 2.20978e-05 2.91028e-08
internal_weight=5.65995e+06 280374 5.37958e+06 237956 25560 19580 42418 5.36e+06 5.35228e+06 288477 121993 166484 4515 28189 20527 212396 19153 18676 1554 893 7717 5.06381e+06 122032 179904 57353 99742 45586 5963 54156 48370
internal_count=5659954 280374 5379580 237956 25560 19580 42418 5360000 5352283 288477 121993 166484 4515 28189 20527 212396 19153 18676 1554 893 7717 5063806 122032 179904 57353 99742 45586 5963 54156 48370
is_linear=0
shrinkage=0.05


Tree=53
num_leaves=31
num_cat=0
split_feature=0 0 8 0 5 4 3 6 1 2 3 2 2 5 0 1 0 5 8 7 5 8 2 7 1 5 2 0 5 6
split_gain=0.159232 0.135128 0.117592 0.144342 0.240379 0.162758 0.179695 0.226181 0.151559 0.150311 0.140087 0.144274 0.130157 0.122086 0.166274 0.159201 0.147554 0.116891 0.112503 0.127703 0.111847 0.110504 0.108462 0.0998657 0.100071 0.148177 0.107786 0.0983283 0.0957193 0.0950434
threshold=0.099904358386993422 -0.09985527396202086 1.688027620315552 0.042118251323699958 0.051241099834442146 -0.025892555713653561 -0.022400975227355954 0.058574525639414794 -0.15378871560096738 -0.22318500280380246 -0.010880291461944578 -0.015061229467391966 0.20383954048156741 0.055010139942169196 0.021321952342987064 0.028213202953338627 -0.047618955373764031 0.12408369779586793 0.70697247982025158 0.037180989980697639 0.037344396114349372 0.42980241775512701 0.16001403331756595 0.023467624559998516 -0.066666692495346055 0.13452279567718509 -0.19104745984077451 -0.045678853988647454 0.026193678379058841 0.090408030897378935
decision_type=10 8 10 8 2 2 10 8 8 10 10 10 8 2 10 8 8 2 8 8 2 10 8 8 10 2 10 10 2 10
left_child=1 23 3 5 -5 6 7 -3 9 -8 12 -12 -4 14 16 27 20 21 -6 -20 -7 -2 -13 -1 25 -25 -27 -15 -16 -19
right_child=17 2 10 4 18 13 8 -9 -10 -11 11 22 -14 15 28 -17 -18 29 19 -21 -22 -23 -24 24 -26 26 -28 -29 -30 -31
leaf_value=-0.0012340096933708129 0.0003714930655357502 0.00028431885310762267 -6.5474171467086857e-05 0.00018655684868273229 0.00026648959487865167 -0.00033261282369904954 0.00035690073353693535 -2.7131038998168008e-05 1.4626910571632056e-05 6.122018602462615e-05 -5.4586811514887626e-05 2.1012625143757637e-05 -0.000278950365816818 0.00020948470917881297 0.00013368774071926341 -7.1004602592025012e-05 -2.7195866625915944e-06 -0.00010521982055852249 6.5314263468529252e-05 -3.7149136708320621e-05 -6.2908062308469372e-06 9.4728093018834367e-05 -5.9704734754559735e-05 -0.00010189798227479288 -0.00027172635677116542 -0.00017970190556824443 0.00065479327496775113 -8.0604872880506193e-06 2.7259813998456185e-05 0.00021169550774003253
leaf_weight=201 3930 14526 55163 26519 4499 5967 6322 9736 491718 13424 142767 237693 8201 5337 22855 146024 3736609 11995 58344 63509 4689 43727 50451 12040 6940 569 1206 192829 279218 2946
leaf_count=201 3930 14526 55163 26519 4499 5967 6322 9736 491718 13424 142767 237693 8201 5337 22855 146024 3736609 11995 58344 63509 4689 43727 50451 12040 6940 569 1206 192829 279218 2946
internal_value=4.99076e-11 -8.86843e-07 -4.10588e-07 1.85376e-06 4.97024e-05 3.69823e-07 2.63885e-05 0.000159342 2.00813e-05 0.0001559 -2.36926e-05 -1.34851e-05 -9.31077e-05 -2.80277e-06 -3.72788e-07 -3.13911e-05 -3.24945e-06 7.93025e-05 2.09779e-05 1.19111e-05 -0.000189034 0.000117559 6.8797e-06 -0.000127612 -0.000116839 -3.90162e-05 0.000387334 -2.20054e-06 3.53126e-05 -4.27219e-05
internal_weight=5.65995e+06 5.59736e+06 5.5764e+06 5.08212e+06 152871 4.92925e+06 535726 24262 511464 19746 494275 430911 63364 4.39353e+06 4.04934e+06 344190 3.74726e+06 62598 126352 121853 10656 47657 288144 20956 20755 13815 1775 198166 302073 14941
internal_count=5659954 5597356 5576400 5082125 152871 4929254 535726 24262 511464 19746 494275 430911 63364 4393528 4049338 344190 3747265 62598 126352 121853 10656 47657 288144 20956 20755 13815 1775 198166 302073 14941
is_linear=0
shrinkage=0.05


Tree=54
num_leaves=31
num_cat=0
split_feature=9 0 5 2 1 7 3 1 6 2 2 4 9 0 6 1 3 2 6 1 0 1 5 5 1 9 2 4 4 8
split_gain=0.147135 0.200422 0.174117 0.134432 0.114452 0.107655 0.128478 0.119816 0.106831 0.111356 0.0934807 0.126673 0.0924883 0.125592 0.0979231 0.130151 0.138661 0.129981 0.129899 0.214404 0.166716 0.135707 0.116384 0.107332 0.12272 0.113076 0.10502 0.101354 0.104154 0.0959928
threshold=5.5106449127197275 0.098949134349823012 0.068056821823120131 0.20383954048156741 -0.17040237784385678 0.050221854820847518 -0.068172544240951524 -0.040267586708068841 0.090408030897378935 -0.10800695419311522 0.056508064270019538 0.024896740913391117 0.45013128221035009 0.029620826244354252 0.02223292272537947 0.068723618984222426 -0.014563113451004027 -0.093315571546554552 0.046331051737070091 -0.034859746694564812 -0.047618955373764031 -0.19784396886825559 1.0000000180025095e-35 0.047274112701416023 0.0055555701255798349 0.97616997361183178 0.018284916877746586 0.0061728358268737802 -0.085582554340362535 inf
decision_type=10 10 2 8 10 8 8 10 10 10 8 2 8 8 10 8 10 10 8 10 10 10 2 2 10 8 10 2 2 8
left_child=1 5 8 -4 -2 12 -7 -8 9 -3 -9 -12 13 -1 23 18 17 -17 21 20 22 -16 -20 24 26 -26 -14 28 -18 -23
right_child=4 2 3 -5 -6 6 7 10 -10 -11 11 -13 14 -15 15 16 27 -19 19 -21 -22 29 -24 -25 25 -27 -28 -29 -30 -31
leaf_value=-4.1477438213412683e-05 -0.00075298043176728695 0.00045457187999936496 0.00010932861721698441 -4.2384523916986773e-05 -0.00011084941246663661 -0.00026635295498384377 1.2068917802944646e-05 1.0546412897063774e-05 0.0012053061013988038 0.00013936784018206191 -4.328893125379286e-05 -0.00015302099768454524 -1.525951773753329e-05 0.00031070632324041144 0.00025339822384000263 0.00020130958044158387 -0.00039376128900970128 -0.00011442094479480079 -0.0011598806596065582 1.0444313307110204e-05 0.0001550061916706473 1.0827489574299412e-05 6.5249763406633771e-06 -3.209956597590669e-05 -4.4264995513420248e-06 2.7975438733459867e-05 1.4444006534560625e-05 -2.856598549554765e-05 3.5903384472031718e-05 -0.0007061440938781711
leaf_weight=160497 718 3533 31952 26888 19935 5566 134710 48677 270 13537 109783 34585 1323137 2571 5777 3498 1426 47696 215 117811 64034 1429886 21607 291780 502352 580284 383916 171196 121651 466
leaf_count=160497 718 3533 31952 26888 19935 5566 134710 48677 270 13537 109783 34585 1323137 2571 5777 3498 1426 47696 215 117811 64034 1429886 21607 291780 502352 580284 383916 171196 121651 466
internal_value=4.86693e-11 4.87926e-07 8.1038e-05 4.0001e-05 -0.000133208 -6.15121e-07 -2.81662e-05 -2.41204e-05 0.000220279 0.000204629 -4.93739e-05 -6.95774e-05 1.14085e-06 -3.59229e-05 2.33372e-06 1.09937e-05 -1.68981e-05 -9.28441e-05 1.68699e-05 5.4239e-05 0.000114333 1.15703e-05 -5.01959e-06 -3.24557e-06 -2.27655e-07 1.29407e-05 -8.57919e-06 -3.68565e-06 3.0922e-05 1.05934e-05
internal_weight=5.65995e+06 5.6393e+06 76180 58840 20653 5.56312e+06 333321 327755 17340 17070 193045 144368 5.2298e+06 163068 5.06673e+06 1.98526e+06 345467 51194 1.6398e+06 203667 85856 1.43613e+06 21822 3.08147e+06 2.78969e+06 1.08264e+06 1.70705e+06 294273 123077 1.43035e+06
internal_count=5659954 5639301 76180 58840 20653 5563121 333321 327755 17340 17070 193045 144368 5229800 163068 5066732 1985263 345467 51194 1639796 203667 85856 1436129 21822 3081469 2789689 1082636 1707053 294273 123077 1430352
is_linear=0
shrinkage=0.05


Tree=55
num_leaves=31
num_cat=0
split_feature=0 5 8 2 8 5 6 2 9 9 0 2 5 4 7 0 2 3 9 1 3 6 0 1 8 0 1 3 6 3
split_gain=0.136765 0.308342 0.197634 0.157477 0.127339 0.119847 0.112015 0.0987394 0.0996801 0.0931834 0.0972417 0.0959244 0.168909 0.170505 0.181775 0.150854 0.206146 0.164096 0.131453 0.165778 0.128001 0.2294 0.224042 0.12799 0.108099 0.144541 0.126055 0.254859 0.180603 0.15069
threshold=0.047525942325592048 0.056000053882598884 3.9659343957901005 0.41349774599075323 0.70061734318733226 0.12408369779586793 0.090408030897378935 0.37043792009353643 1.0557760000228884 0.38182778656482702 -0.045678853988647454 -0.10440829396247862 0.050844430923461921 0.01365858316421509 0.036430703476071365 0.0093309879302978533 -0.0093152821063995344 -0.016637712717056271 1.1007510423660281 -0.034260660409927361 -0.02509289979934692 0.055925551801919944 -0.067567557096481309 0.018114745616912845 1.4597157239913943 -0.029233902692794796 -0.014527827501296995 -0.016637712717056271 0.05292469076812268 0.044700920581817634
decision_type=8 2 10 8 8 2 10 8 8 8 10 8 2 2 8 10 8 8 10 10 8 8 10 10 8 10 10 10 10 10
left_child=2 6 9 -3 -5 -4 7 8 -2 10 -1 24 15 20 -15 16 23 -18 19 -19 21 22 -14 -13 25 -11 28 -28 29 -27
right_child=1 3 5 4 -6 -7 -8 -9 -10 11 -12 12 13 14 -16 -17 17 18 -20 -21 -22 -23 -24 -25 -26 26 27 -29 -30 -31
leaf_value=-0.00026495141498709696 0.0002449498008503427 2.5404710005906813e-05 -0.00011164458921558008 0.00045797397481062743 -0.00012849127148777546 -0.00047465733399580824 0.0012271580362450986 0.00026965650488993922 4.8560876010121927e-05 7.2258184627161688e-05 -4.1608630913077179e-05 -2.6657362528442889e-05 0.00046750948250244415 -2.4050307704130464e-05 -0.00010253367866014905 1.9047328358424238e-05 -7.0683767063023533e-05 4.4965001028517333e-05 4.3220541001907724e-05 -4.2254663282637519e-06 -1.2868010172864964e-05 -2.6484441463891043e-05 8.4995493815579596e-05 1.6472410524623858e-05 -3.834894794486573e-05 -1.4362605985441386e-05 0.00026843336869868958 2.8525368383698094e-05 0.0001714957777827463 0.00068090592156466506
leaf_weight=5266 8922 210150 16955 961 24475 2625 241 12203 23422 117548 65259 1049287 5959 203317 115794 893844 63939 206564 262356 1002685 428701 21056 10703 205740 84266 364281 11636 227236 13783 780
leaf_count=5266 8922 210150 16955 961 24475 2625 241 12203 23422 117548 65259 1049287 5959 203317 115794 893844 63939 206564 262356 1002685 428701 21056 10703 205740 84266 364281 11636 227236 13783 780
internal_value=3.80369e-11 3.40452e-05 -1.77434e-06 1.11825e-05 -0.000106317 -0.000160334 0.000154301 0.000148469 0.00010274 -1.1951e-06 -5.82888e-05 -4.33851e-07 -3.31695e-06 -2.43667e-05 -5.25294e-05 1.17094e-06 -4.55503e-06 7.73085e-06 1.11379e-05 4.17728e-06 -5.09857e-06 8.32065e-05 0.000221818 -1.9587e-05 1.52914e-05 2.14389e-05 1.17682e-05 4.02129e-05 -6.16704e-06 -1.28752e-05
internal_weight=5.65995e+06 280374 5.37958e+06 235586 25436 19580 44788 44547 32344 5.36e+06 70525 5.28948e+06 4.46994e+06 785530 319111 3.68442e+06 2.79057e+06 1.53554e+06 1.4716e+06 1.20925e+06 466419 37718 16662 1.25503e+06 819530 735264 617716 238872 378844 365061
internal_count=5659954 280374 5379580 235586 25436 19580 44788 44547 32344 5360000 70525 5289475 4469945 785530 319111 3684415 2790571 1535544 1471605 1209249 466419 37718 16662 1255027 819530 735264 617716 238872 378844 365061
is_linear=0
shrinkage=0.05


Tree=56
num_leaves=31
num_cat=0
split_feature=9 0 5 7 1 0 2 2 1 5 4 6 8 6 6 8 0 8 4 4 3 7 1 9 0 1 2 2 3 3
split_gain=0.127974 0.171484 0.142807 0.112251 0.101489 0.0982574 0.112347 0.109777 0.121678 0.122009 0.118011 0.1408 0.112436 0.0970897 0.108801 0.0861963 0.0839523 0.18981 0.234962 0.230789 0.209109 0.188203 0.167352 0.160348 0.193737 0.138946 0.161823 0.135704 0.135146 0.130552
threshold=5.5106449127197275 0.098949134349823012 0.079698085784912123 0.040492681786417968 -0.17040237784385678 -0.089001655578613267 0.26315778493881231 -0.084833413362503038 -0.065217345952987657 0.15749621391296389 -0.071965038776397691 0.074130844324827208 0.33175033330917364 0.0066553258802741775 0.090408030897378935 0.65824174880981456 -0.010610073804855345 1.0965358614921572 0.024896740913391117 0.045539081096649177 0.055594146251678474 0.040827712044119842 -0.051668673753738396 0.59089067578315746 0.025011718273162845 -0.089147299528121934 -0.051075309514999383 0.016234219074249271 -0.016019046306610104 -0.029114395380020138
decision_type=10 10 2 8 10 8 8 10 10 2 2 10 10 10 10 8 10 8 2 2 10 10 10 8 10 10 8 10 10 10
left_child=1 5 13 -4 -2 6 7 12 9 10 -9 -12 -1 -3 -15 -8 17 18 20 27 -7 23 -20 24 25 26 28 -19 -18 -23
right_child=4 2 3 -5 -6 16 15 8 -10 -11 11 -13 -14 14 -16 -17 21 19 22 -21 -22 29 -24 -25 -26 -27 -28 -29 -30 -31
leaf_value=-0.00047048711444379744 -0.0007078534990695275 0.00040529159130248729 0.00011514622390169705 -2.9485396091224137e-05 -0.00010317770982738036 2.1160245435350016e-05 -0.00071669676336254848 -5.053432988522504e-05 -8.9665776039800187e-05 0.00096517792782902206 0.00046458386294752666 -0.00036812038919803555 -7.8148482825353508e-05 0.00011537337993966059 0.0010187527491100756 -0.00019094792379654137 -0.0008582551934155912 -3.6738676717805537e-05 -0.00071879071803165092 0.00040411261563232906 0.001846044417396544 -0.00022121171282590314 -4.3295631203580904e-05 3.3319788895815703e-06 0.0001876561321715878 -2.6422855618921192e-05 1.6076893975717817e-05 2.1854729312459963e-05 -0.0002039873886439846 -3.5095862918203413e-05
leaf_weight=2058 718 4042 23405 31429 19935 1180578 885 3965 7414 476 3304 599 16150 16965 339 6507 828 342214 1824 3231 156 9716 1843 3086163 10109 408795 10150 138937 16530 310689
leaf_count=2058 718 4042 23405 31429 19935 1180578 885 3965 7414 476 3304 599 16150 16965 339 6507 828 342214 1824 3231 156 9716 1843 3086163 10109 408795 10150 138937 16530 310689
internal_value=6.10437e-11 4.55064e-07 7.49633e-05 3.22492e-05 -0.000124232 -5.65247e-07 -7.73451e-05 -3.88975e-05 5.77242e-05 0.000188682 0.000141588 0.000336726 -0.000122517 0.000184681 0.000133129 -0.000253981 9.84776e-09 9.37782e-06 2.01617e-05 -1.69906e-05 2.14029e-05 -4.04756e-06 -0.000379398 -7.19513e-07 -2.87285e-05 -3.37425e-05 -0.000142514 -1.98193e-05 -0.000235244 -4.07403e-05
internal_weight=5.65995e+06 5.6393e+06 76180 54834 20653 5.56312e+06 41358 33966 15758 8344 7868 3903 18208 21346 17304 7392 5.52176e+06 1.66878e+06 1.1844e+06 484382 1.18073e+06 3.85298e+06 3667 3.53258e+06 446412 436303 27508 481151 17358 320405
internal_count=5659954 5639301 76180 54834 20653 5563121 41358 33966 15758 8344 7868 3903 18208 21346 17304 7392 5521763 1668783 1184401 484382 1180734 3852980 3667 3532575 446412 436303 27508 481151 17358 320405
is_linear=0
shrinkage=0.05


Tree=57
num_leaves=31
num_cat=0
split_feature=0 5 8 2 8 5 2 8 7 6 9 4 5 0 1 5 8 1 1 2 3 5 6 4 2 8 3 7 2 9
split_gain=0.119289 0.282623 0.172401 0.151673 0.127907 0.118606 0.117664 0.0841185 0.0892753 0.10253 0.082725 0.0794875 0.173066 0.167498 0.164249 0.16817 0.148608 0.140291 0.13229 0.112944 0.110444 0.144807 0.118885 0.105278 0.101102 0.108268 0.105778 0.0954632 0.0939706 0.0869803
threshold=0.047525942325592048 0.055010139942169196 3.4519252777099614 0.41349774599075323 1.0529016852378847 0.15749621391296389 0.41349774599075323 1.3530778884887698 0.038577992469072349 0.090408030897378935 1.0557760000228884 -0.012861132621765135 0.051241099834442146 0.0093309879302978533 -0.065217345952987657 0.15749621391296389 1.4875419139862063 -0.1337887644767761 0.074179887771606459 -0.1798954904079437 -0.031981140375137322 0.043956100940704353 0.055925551801919944 0.1079729199409485 0.0044667124748229989 1.0965358614921572 -0.015492409467697142 0.027464245446026329 0.41349774599075323 1.1007510423660281
decision_type=10 2 10 8 8 2 8 10 10 10 10 2 2 8 8 2 10 8 8 8 8 2 10 2 10 8 8 8 8 8
left_child=2 6 11 7 -5 -4 10 -3 -9 -10 -2 14 13 17 16 24 20 19 -14 -13 21 -1 -23 -20 25 26 -16 -15 -25 -19
right_child=1 3 5 4 -6 -7 -8 8 9 -11 -12 12 18 27 15 -17 -18 29 23 -21 -22 22 -24 28 -26 -27 -28 -29 -30 -31
leaf_value=-0.00057078840020417462 0.00023556699463029586 7.7055998475878217e-05 -9.7488022072200092e-05 8.4949948577088462e-05 -0.00017544192938948576 -0.00057120943999182199 0.00033022255640446712 3.0520933506005663e-05 -6.965058408034343e-05 0.00028788741424425626 5.797506699417287e-05 -0.00029693105948097565 -1.6541308178276622e-05 2.6523493417402741e-05 0.00015304475651103537 -0.00032779007616866405 -4.8115311215797547e-05 -1.1172692830119138e-05 -7.7809482179341566e-05 -5.0100898247514297e-05 4.8191912388993079e-05 0.00042795310695426301 3.0128492799250808e-05 -0.00072043230073618228 1.8617800423832983e-05 -4.0789349471401001e-05 -1.2149777083672898e-06 -5.7808368096004708e-06 0.00074100918892184729 1.4058935755457862e-05
leaf_weight=529 9538 57207 30113 6407 17863 1381 7878 109334 43100 2102 20982 7268 374004 709371 11438 3898 41019 1953997 133503 12789 270196 5131 2962 131 470797 214971 389967 337500 663 413915
leaf_count=529 9538 57207 30113 6407 17863 1381 7878 109334 43100 2102 20982 7268 374004 709371 11438 3898 41019 1953997 133503 12789 270196 5131 2962 131 470797 214971 389967 337500 663 413915
internal_value=6.40529e-11 3.21571e-05 -1.63845e-06 1.16896e-05 -0.000106701 -0.000118278 0.000157957 2.526e-05 6.08543e-06 -5.30182e-05 0.000113481 -9.5232e-07 -4.59656e-06 -5.66954e-07 9.23242e-06 -4.14436e-09 4.07413e-05 -7.87756e-06 -3.18265e-05 -0.000139554 5.38138e-05 0.000229967 0.000282373 -7.43938e-05 1.17141e-06 -1.21544e-05 3.18101e-06 1.61089e-05 0.000499287 -6.76216e-06
internal_weight=5.65995e+06 274411 5.38554e+06 236013 24270 31494 38398 211743 154536 45202 30520 5.35405e+06 3.94314e+06 3.43484e+06 1.41091e+06 1.09107e+06 319837 2.38797e+06 508301 20057 278818 8622 8093 134297 1.08717e+06 616376 401405 1.04687e+06 794 2.36791e+06
internal_count=5659954 274411 5385543 236013 24270 31494 38398 211743 154536 45202 30520 5354049 3943141 3434840 1410908 1091071 319837 2387969 508301 20057 278818 8622 8093 134297 1087173 616376 401405 1046871 794 2367912
is_linear=0
shrinkage=0.05


Tree=58
num_leaves=31
num_cat=0
split_feature=9 0 7 9 6 3 0 2 7 3 8 2 3 1 2 0 0 8 5 6 1 3 4 1 9 7 5 3 1 7
split_gain=0.11244 0.149628 0.0907541 0.096746 0.12589 0.0901734 0.0889244 0.101924 0.0972898 0.0990986 0.0848164 0.0821612 0.159202 0.198046 0.145975 0.173918 0.144508 0.115959 0.115807 0.16967 0.176824 0.171601 0.130608 0.239202 0.125561 0.136146 0.107263 0.103264 0.102391 0.118754
threshold=5.5106449127197275 0.099904358386993422 0.038577992469072349 1.5886884331703188 0.090408030897378935 -0.068172544240951524 -0.089001655578613267 0.48186320066452032 0.022902990691363815 0.031005024909973148 0.65140470862388622 -0.099290043115615831 -0.010880291461944578 0.060998022556304939 -0.0093152821063995344 0.010495185852050783 0.0050607323646545419 1.5496783256530764 0.052088916301727302 0.048953711986541755 -0.014527827501296995 -0.0086455047130584699 -0.0045870840549468985 -0.077948123216629014 0.60727581381797802 0.029704050160944465 1.0000000180025095e-35 -0.068172544240951524 -0.040267586708068841 0.03043213672935963
decision_type=10 10 10 8 10 10 8 10 8 10 8 8 8 8 10 8 10 8 2 10 8 10 2 10 10 8 2 8 8 10
left_child=1 6 -3 -4 -5 -2 7 8 -1 -10 -9 17 13 -13 15 -14 -15 18 19 20 22 -22 -8 24 25 -24 -17 -19 -16 -30
right_child=5 2 3 4 -6 -7 11 10 9 -11 -12 12 14 16 28 26 -18 27 -20 -21 21 -23 23 -25 -26 -27 -28 -29 29 -31
leaf_value=-0.00092182575976110573 -0.00070984319629276626 0.00015759249278520177 0.00011622623480854649 -9.9161557486146488e-05 0.00032947400333268581 -9.804904731424525e-05 1.0873197988327585e-05 -0.0010891320347047521 -3.7694077109595492e-05 -0.00078569888942183754 -0.00026273641128948089 -1.1776286419037239e-05 -1.9277219456237822e-05 -3.9941482500674725e-05 3.7404763594399642e-05 0.00051515667057166906 -0.00015508848557947347 0.00030866225770964108 5.8577149474940575e-05 0.00013988655828589726 0.00014260309211840147 2.2065296146438433e-05 -0.00042625898707758861 -1.6014523946753991e-05 -8.3575746072995767e-05 -0.00012933285147735579 1.7102613518923256e-05 -5.5330475738392149e-05 1.1415926332297024e-05 -1.5621777350169272e-05
leaf_weight=319 620 23039 16469 15686 1922 20033 219491 363 38108 447 2121 341285 1331746 64660 269748 1083 47092 2001 153238 24393 34203 215918 7144 141005 24118 8401 394876 72946 1648630 538849
leaf_count=319 620 23039 16469 15686 1922 20033 219491 363 38108 447 2121 341285 1331746 64660 269748 1083 47092 2001 153238 24393 34203 215918 7144 141005 24118 8401 394876 72946 1648630 538849
internal_value=5.62191e-11 4.2655e-07 8.09428e-05 2.91178e-05 -5.23578e-05 -0.000116448 -3.97293e-07 -7.34406e-05 -5.35939e-05 -4.63865e-05 -0.000383892 1.47933e-07 -2.53841e-06 -3.06935e-05 5.09502e-07 -1.06271e-05 -8.84651e-05 1.39476e-05 1.9339e-05 1.04268e-05 5.57038e-06 3.85488e-05 -1.5043e-05 -4.65281e-05 -0.000155003 -0.00026581 1.84662e-05 -4.56083e-05 8.33978e-06 4.75563e-06
internal_weight=5.65995e+06 5.6393e+06 57116 34077 17608 20653 5.58218e+06 41358 38874 38555 2484 5.54083e+06 4.63797e+06 453037 4.18493e+06 1.7277e+06 111752 902858 827911 674673 650280 250121 400159 180668 39663 15545 395959 74947 2.45723e+06 2.18748e+06
internal_count=5659954 5639301 57116 34077 17608 20653 5582185 41358 38874 38555 2484 5540827 4637969 453037 4184932 1727705 111752 902858 827911 674673 650280 250121 400159 180668 39663 15545 395959 74947 2457227 2187479
is_linear=0
shrinkage=0.05


Tree=59
num_leaves=31
num_cat=0
split_feature=0 8 6 8 7 5 2 8 5 1 9 2 5 0 2 3 4 7 7 6 9 0 1 0 3 7 8 0 1 3
split_gain=0.104815 0.249566 0.152048 0.150366 0.146391 0.100842 0.0977741 0.089563 0.0806182 0.108739 0.0759478 0.0784977 0.140858 0.154442 0.145678 0.150353 0.143758 0.143616 0.113028 0.107803 0.105116 0.102659 0.100588 0.0995096 0.0895125 0.12623 0.0954955 0.12266 0.118515 0.22884
threshold=0.047525942325592048 0.79687741398811351 0.0028996655019000177 3.9659343957901005 0.038577992469072349 0.12408369779586793 0.19710594415664676 1.7631382346153261 0.15749621391296389 inf 0.38182778656482702 -0.10440829396247862 0.046585083007812507 0.021321952342987064 -0.021634548902511593 -0.016637712717056271 0.0099232792854309099 0.036430703476071365 0.019024820066988472 0.024785171262919906 1.1007510423660281 -0.01639345288276672 0.00285714864730835 0.047525942325592048 0.027573645114898685 0.020335807465016845 1.4597157239913943 -0.029233902692794796 -0.016429394483566281 -0.016637712717056271
decision_type=10 10 10 10 8 2 8 10 2 8 8 8 2 8 10 8 2 8 10 8 10 10 8 8 8 8 8 10 10 10
left_child=3 8 -3 10 7 -5 -6 -4 -2 -10 -1 23 13 14 22 -16 18 -18 -14 -15 21 -17 -13 24 26 -26 27 -12 -29 -30
right_child=1 2 4 5 6 -7 -8 -9 9 -11 11 12 16 19 15 20 17 -19 -20 -21 -22 -23 -24 -25 25 -27 -28 28 29 -31
leaf_value=-5.257539438543054e-05 0.00020940931221199649 0.00038454293116438418 9.0897474972368613e-05 -9.5179104085608979e-05 1.1558271316217602e-05 -0.00042816516678150949 -8.8409881556389262e-05 1.2371195816666337e-05 0.00075250403642712627 -0.0011232434621604626 6.5046765416721392e-05 -2.3930519169059217e-05 -6.7722156077873986e-05 1.508439291094823e-05 -7.2371989954433738e-05 3.4836552128105385e-05 -2.076386855175515e-05 -8.2216614425763875e-05 4.914214968146532e-06 8.3980069482385942e-05 3.1616418577634993e-05 -2.0242390416834138e-06 6.0759394076148028e-06 -0.0010083565135237452 0.00064237428611192281 9.5873844683381815e-05 -3.9004249077315428e-05 -8.8158611244768784e-06 0.00024971076542744765 2.51706578314859e-05
leaf_weight=70525 20501 2774 59593 16955 52283 2625 45959 92941 111 249 117328 868714 60068 157566 57379 222072 279781 144011 494036 88765 427561 1264087 411631 237 1239 7149 81021 365948 11922 234923
leaf_count=70525 20501 2774 59593 16955 52283 2625 45959 92941 111 249 117328 868714 60068 157566 57379 222072 279781 144011 494036 88765 427561 1264087 411631 237 1239 7149 81021 365948 11922 234923
internal_value=2.59955e-11 3.01431e-05 1.64655e-05 -1.53587e-06 1.23925e-05 -0.000139841 -3.52087e-05 4.30508e-05 0.000196375 -0.000544406 -1.03118e-06 -3.44699e-07 -2.95004e-06 1.74006e-06 -1.15181e-06 7.37797e-06 -1.97257e-05 -4.16466e-05 -2.96009e-06 3.99111e-05 9.76915e-06 3.48377e-06 -1.42834e-05 1.38796e-05 1.41765e-05 0.000176665 1.2496e-05 1.82109e-05 9.24346e-06 3.60164e-05
internal_weight=5.65995e+06 274411 253550 5.38554e+06 250776 19580 98242 152534 20861 360 5.36596e+06 5.29544e+06 4.47567e+06 3.49778e+06 3.25144e+06 1.9711e+06 977896 423792 554104 246331 1.91372e+06 1.48616e+06 1.28034e+06 819767 819530 8388 811142 730121 612793 246845
internal_count=5659954 274411 253550 5385543 250776 19580 98242 152534 20861 360 5365963 5295438 4475671 3497775 3251444 1971099 977896 423792 554104 246331 1913720 1486159 1280345 819767 819530 8388 811142 730121 612793 246845
is_linear=0
shrinkage=0.05


Tree=60
num_leaves=31
num_cat=0
split_feature=0 5 6 0 8 3 7 3 2 4 2 3 2 7 9 2 3 5 2 9 0 8 2 0 9 1 2 3 4 8
split_gain=0.100063 0.108963 0.127299 0.20557 0.101077 0.137373 0.12496 0.117799 0.116514 0.0939754 0.100289 0.0912991 0.0889943 0.126647 0.0905827 0.0832353 0.0810148 0.0800151 0.0765605 0.0922435 0.0870423 0.18128 0.154617 0.096141 0.136285 0.1267 0.151145 0.143416 0.126587 0.136823
threshold=0.10007381439208986 0.13452279567718509 0.081009093672037139 0.10041838884353639 1.8238846659660342 0.031005024909973148 0.040492681786417968 -0.068172544240951524 -0.017008990049362179 0.097031533718109145 0.61588323116302501 0.09762591123580934 -0.047021955251693719 0.022033237852156166 0.74810001254081737 0.18465286493301394 -0.0084819793701171858 0.011865317821502687 0.61588323116302501 0.77012872695922863 0.032859086990356452 0.81245097517967235 0.1067296862602234 -0.012093007564544676 0.64729008078575145 -0.1098901331424713 -0.099290043115615831 -0.013729959726333616 0.060531198978424079 1.0965358614921572
decision_type=10 2 10 10 10 10 10 10 10 2 10 10 10 8 10 10 10 2 10 10 10 8 8 10 8 10 8 10 2 8
left_child=4 -2 3 -3 5 18 8 -8 -6 -4 -11 16 13 14 -7 -9 -10 -15 20 -20 23 -22 -23 28 25 26 27 -25 29 -1
right_child=1 2 9 -5 6 12 7 15 11 10 -12 -13 -14 17 -16 -17 -18 -19 19 -21 21 22 -24 24 -26 -27 -28 -29 -30 -31
leaf_value=1.8644275564470039e-05 0.00012313342363783734 0.00034574579826097149 -0.00085830939367713258 -0.00037149523966022781 -5.5509408549502361e-05 -0.00013687110555833039 -0.00052224016946250142 -3.3637746391060316e-05 -7.1284565363750082e-05 0.00031042062193278207 -0.00037897671981208325 -0.00032576186929066244 4.0689053841770238e-05 0.00039388109575547701 0.00062488591582371975 -0.00018648573636506665 1.8281723374897397e-05 5.4988264294103864e-05 9.5304268705474776e-05 -0.00018940834445805535 0.00014629493398811942 4.601029353807134e-05 -3.4344517207432043e-05 -0.00070016410897284559 -7.6430412888298731e-09 -1.9799088664122934e-05 -2.7074431424530976e-05 -0.00018888232243126937 0.00046550669102521814 -1.5585882255333752e-05
leaf_weight=1084613 31459 1275 220 4603 121118 470 1652 23712 28702 3328 626 2072 31733 2139 2290 14265 209704 9362 3872 10718 29014 151592 98934 1543 2640156 719173 18345 12299 1522 399443
leaf_count=1084613 31459 1275 220 4603 121118 470 1652 23712 28702 3328 626 2072 31733 2139 2290 14265 209704 9362 3872 10718 29014 151592 98934 1543 2640156 719173 18345 12299 1522 399443
internal_value=2.12642e-11 7.73432e-05 -6.59611e-05 -0.000215886 -5.7143e-07 1.28836e-06 -2.47546e-05 -0.000109042 -1.55169e-05 0.00014517 0.000201207 4.6257e-06 8.73168e-05 0.000191061 0.000495164 -9.10542e-05 7.49847e-06 0.000118046 5.23183e-07 -0.000113848 8.46802e-07 2.79806e-05 1.42778e-05 -7.08426e-07 -5.35459e-06 -2.41429e-05 -0.000121195 -0.000245923 9.89858e-06 9.43101e-06
internal_weight=5.65995e+06 41511 10052 5878 5.61844e+06 5.21722e+06 401225 39629 361596 4174 3954 240478 45994 14261 2760 37977 238406 11501 5.17122e+06 14590 5.15663e+06 279540 250526 4.87709e+06 3.39152e+06 751360 32187 13842 1.48558e+06 1.48406e+06
internal_count=5659954 41511 10052 5878 5618443 5217218 401225 39629 361596 4174 3954 240478 45994 14261 2760 37977 238406 11501 5171224 14590 5156634 279540 250526 4877094 3391516 751360 32187 13842 1485578 1484056
is_linear=0
shrinkage=0.05


Tree=61
num_leaves=31
num_cat=0
split_feature=9 3 4 5 9 7 0 8 2 0 6 2 0 2 1 3 6 1 9 2 6 0 3 5 1 5 1 2 3 2
split_gain=0.0957813 0.124403 0.132226 0.148 0.115005 0.10578 0.133568 0.120139 0.116271 0.101054 0.0819905 0.0840701 0.0808306 0.0880335 0.0807128 0.0746441 0.0710571 0.174051 0.138333 0.191709 0.113352 0.286638 0.149182 0.0968077 0.0906786 0.090102 0.0893863 0.156211 0.122167 0.162915
threshold=5.5106449127197275 0.044700920581817634 0.097031533718109145 0.059484660625457771 1.461025655269623 0.050221854820847518 0.099904358386993422 1.3325460553169253 0.19071841239929202 -0.049498707056045525 0.090408030897378935 -0.035007536411285393 -1.0000000180025095e-35 -1.0000000180025095e-35 -0.17040237784385678 -0.068172544240951524 0.030988108366727832 0.0051031112670898446 0.62602341175079357 -0.0016388595104217527 0.050474556162953384 -0.039735108613967889 -0.068172544240951524 0.044291615486145026 -0.1147540509700775 0.0076001286506652841 -0.01500001549720764 0.017241418361663822 -0.0019156634807586668 -0.058411478996276849
decision_type=10 10 2 2 8 8 8 10 10 10 10 10 10 8 10 10 10 8 10 10 10 10 10 2 10 2 8 10 8 10
left_child=1 5 3 10 12 6 16 -7 -9 -6 11 -3 13 -5 -2 -10 26 18 19 -18 22 25 24 -23 -20 -22 27 -1 29 -28
right_child=14 2 -4 4 9 7 -8 8 15 -11 -12 -13 -14 -15 -16 -17 17 -19 20 -21 21 23 -24 -25 -26 -27 28 -29 -30 -31
leaf_value=-1.9554922640759752e-05 -0.00062794143208437351 0.00029472852250948768 0.00098554661690650408 0.00096882153423039357 -0.00054492156484340021 -1.5154597444343622e-05 0.00010700768399230453 -4.4642205701868473e-05 -0.00068254044678156024 -4.1805881709236117e-05 0.0011020453830679683 8.9700420616967483e-05 7.5540434078639175e-05 0.00015637017467850351 -8.87005532491814e-05 -0.00018407136618942262 -5.7039484656066989e-05 -7.4751938467646928e-06 0.00046362873800559273 5.9451968810431039e-05 -0.0012489170769162253 0.00030761687827528939 3.2624572862634694e-05 0.00013788596803187601 -0.00012097895451633717 -3.4944310313382171e-05 5.9168284214645132e-05 1.9231957112271043e-05 -4.2885761680494047e-06 7.3509312784499816e-06
leaf_weight=1246633 718 7149 399 623 1055 296716 29807 32210 788 18198 228 16631 3370 717 19935 15682 84803 542270 3146 60523 153 11403 310447 31918 840 20436 193719 327855 1682469 699113
leaf_count=1246633 718 7149 399 623 1055 296716 29807 32210 788 18198 228 16631 3370 717 19935 15682 84803 542270 3146 60523 153 11403 310447 31918 840 20436 193719 327855 1682469 699113
internal_value=7.49354e-12 3.93642e-07 8.02339e-05 7.26836e-05 -1.52227e-05 -2.97111e-07 1.46768e-06 -2.7099e-05 -9.99011e-05 -6.94018e-05 0.000160422 0.000151348 0.000206212 0.00053454 -0.000107477 -0.00020796 8.64519e-07 1.23795e-05 3.29394e-05 -8.52495e-06 4.88663e-05 0.00010957 3.65276e-05 0.000182569 0.00034043 -4.40257e-05 -2.09329e-06 -1.14783e-05 3.64455e-06 1.85939e-05
internal_weight=5.65995e+06 5.6393e+06 48370 47971 23963 5.59093e+06 5.24554e+06 345396 48680 19253 24008 23780 4710 1340 20653 16470 5.21573e+06 1.06594e+06 523669 145326 378343 63910 314433 43321 3986 20589 4.14979e+06 1.57449e+06 2.5753e+06 892832
internal_count=5659954 5639301 48370 47971 23963 5590931 5245535 345396 48680 19253 24008 23780 4710 1340 20653 16470 5215728 1065939 523669 145326 378343 63910 314433 43321 3986 20589 4149789 1574488 2575301 892832
is_linear=0
shrinkage=0.05


Tree=62
num_leaves=31
num_cat=0
split_feature=0 3 5 9 5 3 5 0 6 9 4 3 1 9 2 4 4 6 7 3 4 8 1 2 9 1 7 2 2 3
split_gain=0.0933416 0.0865652 0.139255 0.108376 0.0868896 0.0854248 0.0843912 0.159823 0.149132 0.0867441 0.103845 0.103409 0.0932852 0.0866985 0.0808263 0.0788678 0.0781896 0.0695378 0.069908 0.06899 0.102678 0.180751 0.1547 0.219221 0.289142 0.142107 0.119347 0.129336 0.111411 0.102574
threshold=-0.09985527396202086 0.018590986728668216 0.11776316165924074 1.0752422809600832 0.15749621391296389 -0.01141923666000366 0.13452279567718509 0.10007381439208986 0.090408030897378935 3.2554059028625493 0.014218151569366457 0.09762591123580934 -0.1337887644767761 0.74810001254081737 0.61588323116302501 0.1079729199409485 0.1079729199409485 0.053874094039201743 0.023236032575368885 0.0078803300857543963 -0.0091743171215057356 1.1649512052536013 -0.1201481521129608 -0.16630828380584714 0.8496711552143098 -0.049843013286590569 0.049370372667908675 0.069341063499450697 0.012195169925689699 -0.026889681816101071
decision_type=8 10 2 8 2 10 2 10 10 8 2 8 10 8 8 2 2 10 8 10 2 8 8 10 10 10 10 10 10 10
left_child=1 2 5 4 -4 17 7 19 9 -8 -11 12 15 -10 -15 -12 -13 18 -1 20 21 25 23 -22 -25 29 -24 -28 -23 -2
right_child=6 -3 3 -5 -6 -7 8 -9 13 10 11 16 -14 14 -16 -17 -18 -19 -20 -21 22 28 26 24 -26 -27 27 -29 -30 -31
leaf_value=-0.0010081540400191619 0.00021138989768332346 -0.00071089475354663362 0.00026028762695155686 -2.1762903069989187e-05 0.0010899198173060479 -0.00047086592358213509 -5.9868819556932908e-05 0.00011328990555796952 0.0013630861744214472 -0.00048208248871755812 -0.00026523504402109374 -0.00057159885209391277 -0.00012605036949751351 0.00026994365915282003 -0.00018893234468849343 -0.0013887145050534774 0.00071881721629560161 -0.00022060780162383174 2.7819823655729699e-05 1.5452197881409369e-05 -0.00021792166257158428 -4.0291371548542832e-05 -3.5571384781273987e-06 -9.4562703494742705e-05 0.00027135991229067187 7.7736661308747e-06 1.0202189189167099e-05 -0.00010564182244034043 2.5439539117073512e-05 4.2288346771175196e-05
leaf_weight=166 9235 573 1107 2870 441 1908 25648 31459 150 2963 350 148 5357 3566 1312 282 555 7350 6541 660037 20782 245657 3293572 22229 7129 812166 40355 59794 87401 308851
leaf_count=166 9235 573 1107 2870 441 1908 25648 31459 150 2963 350 148 5357 3566 1312 282 555 7350 6541 660037 20782 245657 3293572 22229 7129 812166 40355 59794 87401 308851
internal_value=1.71619e-11 -0.000105326 -8.82689e-05 0.000160141 0.000497187 -0.000157017 3.91457e-07 9.10615e-07 -7.16753e-05 -0.000107961 -0.000235696 -0.000126548 -0.000193903 0.000183068 0.00014651 -0.000767936 0.000446725 -0.000114387 2.03273e-06 2.75566e-07 -1.76576e-06 9.32975e-06 -6.48029e-06 -9.36638e-05 -5.69954e-06 1.8869e-05 -5.19218e-06 -5.89629e-05 -2.30423e-05 4.71985e-05
internal_weight=5.65995e+06 20956 20383 4418 1548 15965 5.639e+06 5.59867e+06 40331 35303 9655 6692 5989 5028 4878 632 703 14057 6707 5.56721e+06 4.90717e+06 1.46331e+06 3.44386e+06 50140 29358 1.13025e+06 3.39372e+06 100149 333058 318086
internal_count=5659954 20956 20383 4418 1548 15965 5638998 5598667 40331 35303 9655 6692 5989 5028 4878 632 703 14057 6707 5567208 4907171 1463310 3443861 50140 29358 1130252 3393721 100149 333058 318086
is_linear=0
shrinkage=0.05


Tree=63
num_leaves=31
num_cat=0
split_feature=8 3 6 2 7 8 0 7 2 7 5 8 8 4 8 0 6 3 8 8 6 1 9 5 4 2 7 4 4 2
split_gain=0.0879669 0.197869 0.104495 0.110227 0.0904165 0.12408 0.115959 0.0888381 0.0849215 0.08044 0.0848074 0.0754667 0.0868661 0.0745337 0.0849753 0.0770153 0.127667 0.141018 0.21114 0.139912 0.112877 0.256047 0.14326 0.117498 0.104756 0.100127 0.154269 0.106441 0.0904364 0.0794274
threshold=2.8624101877212529 0.044700920581817634 0.090408030897378935 -0.052173882722854607 0.05226599425077439 1.1075671315193178 0.099904358386993422 0.030281521379947666 0.2396693825721741 0.022142209112644199 0.012471854686737062 1.3420587778091433 0.61503031849861156 -0.085582554340362535 0.60740312933921825 -0.05135944485664367 0.060140540823340423 -0.021175712347030636 0.37109205126762396 1.314632833003998 0.05292469076812268 -0.016891121864318844 0.67792344093322765 0.055010139942169196 0.086200773715972914 0.16944521665573123 0.031523233279585845 -0.051676183938980096 0.025445282459259037 -0.10101252794265746
decision_type=10 10 10 10 10 8 10 10 8 8 2 8 10 2 10 10 10 8 10 10 10 10 10 2 2 10 8 2 2 8
left_child=1 4 3 9 6 -6 13 -2 -8 -3 -11 12 -12 14 -1 16 17 18 -15 25 -17 22 -22 -24 -19 -20 -27 -28 -21 -25
right_child=7 2 -4 -5 5 -7 8 -9 -10 10 11 -13 -14 15 -16 20 -18 24 19 28 21 -23 23 29 -26 26 27 -29 -30 -31
leaf_value=-0.00072355773821668212 -9.2858057991808022e-06 0.0005277058059017382 0.00062650256656533515 4.7574414271674672e-05 -1.0942704798564003e-05 -0.00010555295894578185 0.00017858922530435565 -0.00010116154837106618 -1.185806456048506e-05 0.00036604207242160085 -0.00021698488174481511 -0.00010565109521134184 0.00049401888086968322 -0.00021658381753583337 -9.9760858427669246e-05 -1.2090900939970285e-06 -8.3580698766168933e-05 1.8967118838327962e-05 0.00025484840171428001 3.5297965286443487e-05 3.6304101576555174e-05 -1.0410156538844273e-06 0.00034419911456077244 8.0893944838882297e-06 0.00066475222471330505 0.002033133861984057 0.001557963414271422 0.00027922875616159229 0.00066768861854250329 0.00022608324563152326
leaf_weight=579 69944 1939 962 28215 142297 45811 15880 42176 9270 3401 611 3211 1442 3495 9310 5003652 18195 79161 14339 11346 19733 104858 10517 7375 632 187 194 988 594 9640
leaf_count=579 69944 1939 962 28215 142297 45811 15880 42176 9270 3401 611 3211 1442 3495 9310 5003652 18195 79161 14339 11346 19733 104858 10517 7375 632 187 194 988 594 9640
internal_value=2.89752e-12 8.86148e-07 0.000111996 9.923e-05 8.36545e-08 -3.39841e-05 1.28826e-06 -4.38472e-05 0.000108395 0.000236657 0.000171475 4.57214e-05 0.000282412 7.79492e-07 -0.000136354 1.03612e-06 3.91752e-05 5.93094e-05 0.000149542 0.00019583 8.08841e-08 4.25106e-05 0.000139128 0.000212822 2.40903e-05 0.00029389 0.000702328 0.000490245 6.68119e-05 0.000131602
internal_weight=5.65995e+06 5.54783e+06 39781 38819 5.50805e+06 188108 5.31994e+06 112120 25150 10604 8665 5264 2053 5.2948e+06 9889 5.28491e+06 129131 110936 31143 27648 5.15578e+06 152123 47265 27532 79793 15708 1369 1182 11940 17015
internal_count=5659954 5547834 39781 38819 5508053 188108 5319945 112120 25150 10604 8665 5264 2053 5294795 9889 5284906 129131 110936 31143 27648 5155775 152123 47265 27532 79793 15708 1369 1182 11940 17015
is_linear=0
shrinkage=0.05


Tree=64
num_leaves=31
num_cat=0
split_feature=0 2 9 8 0 5 2 8 8 2 5 0 5 0 8 3 6 7 2 3 6 1 9 0 5 2 4 3 1 8
split_gain=0.0813756 0.0851613 0.0794739 0.0780844 0.0780822 0.202124 0.117808 0.102774 0.089981 0.0819314 0.0762952 0.076256 0.113865 0.126602 0.0867772 0.106046 0.162836 0.0887951 0.174712 0.0830761 0.0789626 0.210749 0.279742 0.106332 0.0782013 0.113631 0.0759576 0.102744 0.0756571 0.12098
threshold=-0.089001655578613267 0.48186320066452032 3.6269932985305791 0.65140470862388622 0.047525942325592048 0.056000053882598884 0.41349774599075323 1.0916386842727663 5.1182987689971933 0.41349774599075323 0.10909950733184816 -0.061502665281295769 0.069981634616851821 0.0040864348411560067 1.3851177096366885 -0.022400975227355954 0.042931184172630317 0.027195961214601997 0.095920324325561537 -0.041095882654190057 0.048953711986541755 -0.043367385864257806 0.66769817471504223 -0.061502665281295769 1.0000000180025095e-35 0.080601811408996596 0.1079729199409485 -0.041095882654190057 -0.047290027141571038 1.4087300896644595
decision_type=8 10 8 8 10 2 8 8 10 8 2 8 2 8 8 10 10 8 10 8 8 8 10 10 2 8 2 10 10 10
left_child=1 2 -1 -3 8 9 -7 -8 11 -6 -10 14 19 -14 15 16 -2 18 -17 28 -21 22 23 -22 25 -23 27 -15 29 -13
right_child=4 3 -4 -5 5 6 7 -9 10 -11 -12 12 13 26 -16 17 -18 -19 -20 20 21 24 -24 -25 -26 -27 -28 -29 -30 -31
leaf_value=-3.2522284397329286e-05 0.00049908471402868471 -0.0010292941858746677 -0.00031767490115883364 -0.00023685800621736728 9.4277925188705424e-05 2.066695688268203e-05 6.2450866704820529e-05 -0.00016306490000679639 -8.2113404377707702e-05 0.00027288269294992623 -0.00045028163952800268 -0.00033638804669286449 1.7656061867237778e-07 -0.00030777256825728589 -2.5014834654680662e-05 0.00018150119519432938 0.00010484682670805 1.5412471258778261e-05 0.0015156626416679784 -3.6998637052994744e-07 -0.0012035530630264909 -0.00066086625027504784 0.00024545427890793552 2.2178642070928509e-05 -5.2173171204122463e-07 0.0011097882403643881 0.00036091704119908048 -5.9501866677186064e-05 -1.7765978997718431e-06 0.00012049892767772501
leaf_weight=36860 3599 363 2616 2138 32762 209501 7193 16969 5688 7986 1869 5908 161045 4290 23622 2601 9617 27767 270 4735497 177 122 23578 29555 153074 345 1045 144527 7451 1919
leaf_count=36860 3599 363 2616 2138 32762 209501 7193 16969 5688 7986 1869 5908 161045 4290 23622 2601 9617 27767 270 4735497 177 122 23578 29555 153074 345 1045 144527 7451 1919
internal_value=6.17865e-11 -6.93568e-05 -5.14264e-05 -0.000352239 5.18302e-07 2.65301e-05 8.60992e-06 -9.59293e-05 -8.17499e-07 0.000129288 -0.000173216 -5.7331e-07 -1.24975e-06 -3.06019e-05 5.22427e-05 9.38572e-05 0.000212236 4.27881e-05 0.000307455 5.91011e-07 9.50886e-07 3.11898e-05 0.00011684 1.48414e-05 1.4513e-06 0.000646795 -6.36769e-05 -6.66609e-05 -0.000115819 -0.000224369
internal_weight=5.65995e+06 41977 39476 2501 5.61798e+06 274411 233663 24162 5.34357e+06 40748 7557 5.33601e+06 5.26853e+06 310907 67476 43854 13216 30638 2871 4.95763e+06 4.94235e+06 206851 53310 29732 153541 467 149862 148817 15278 7827
internal_count=5659954 41977 39476 2501 5617977 274411 233663 24162 5343566 40748 7557 5336009 5268533 310907 67476 43854 13216 30638 2871 4957626 4942348 206851 53310 29732 153541 467 149862 148817 15278 7827
is_linear=0
shrinkage=0.05


Tree=65
num_leaves=31
num_cat=0
split_feature=8 3 6 2 1 8 4 5 7 0 8 2 6 6 3 6 1 9 2 4 2 6 3 1 7 3 4 5 2 2
split_gain=0.0769821 0.169143 0.0956515 0.0977778 0.0818992 0.123137 0.0882621 0.0825028 0.081366 0.133353 0.0993133 0.0914634 0.0807534 0.0964777 0.0816147 0.0721068 0.154542 0.113929 0.149149 0.107424 0.169244 0.152437 0.136408 0.105223 0.101721 0.0930969 0.132677 0.0910112 0.112953 0.0877272
threshold=2.8624101877212529 0.044700920581817634 0.090408030897378935 -0.035007536411285393 -0.0090195238590240461 1.0000000180025095e-35 -0.044874548912048333 0.012471854686737062 0.050221854820847518 0.099904358386993422 1.3325460553169253 0.19071841239929202 0.052083458751440055 0.081009093672037139 -0.068172544240951524 0.03406950272619725 0.0072891116142272958 0.62252989411354076 -0.034006237983703606 -0.019689053297042843 -0.22318500280380246 0.050474556162953384 -0.068172544240951524 -0.1098901331424713 0.032875826582312591 -0.049429625272750848 0.010629773139953615 0.055010139942169196 -0.11545047163963316 -0.15906661748886106
decision_type=10 10 10 10 8 10 2 2 8 8 10 10 10 10 10 10 10 10 10 2 10 10 10 10 10 10 2 2 10 8
left_child=1 8 3 4 5 -3 -7 -6 9 15 -10 -12 -2 -14 -15 -1 17 18 -17 20 -19 22 -21 29 -25 26 -26 -23 -29 -24
right_child=12 2 -4 -5 7 6 -8 -9 10 -11 11 -13 13 14 -16 16 -18 19 -20 21 -22 27 23 24 25 -27 -28 28 -30 -31
leaf_value=-1.4492500528778695e-06 -2.1528391799240622e-05 -0.00036145762382005717 0.00059581142133957718 4.0163229827218693e-05 0.0003089087883857183 0.00081485533679957083 0.00028576061255971777 -2.0304944554372957e-05 -1.3098639810987586e-05 0.0001237371313904363 -4.1559043570080825e-05 -0.00019253713022263227 -0.0001880393108499396 -0.00078822174294079404 0.00015347945126332118 -6.4630648184086994e-05 -7.0902933396648465e-06 0.00019151324290389565 5.0023169269167807e-05 0.00038824960504501888 -6.1486946074900997e-06 0.00024392119505882643 -0.0001653899162365725 0.00010367610572415847 0.0004876138208723663 1.7543239565901379e-05 -0.0012135238610514918 -5.224851170393391e-05 0.00018191446901448383 5.3473681639368601e-05
leaf_weight=4328686 92589 453 962 27416 3357 1408 1793 4392 296716 22269 29379 15232 15729 245 3557 55613 406311 12112 57891 2955 102202 18509 10091 66045 170 53252 348 8285 13607 8380
leaf_count=4328686 92589 453 962 27416 3357 1408 1793 4392 296716 22269 29379 15232 15729 245 3557 55613 406311 12112 57891 2955 102202 18509 10091 66045 170 53252 348 8285 13607 8380
internal_value=5.60795e-11 8.29028e-07 0.000103557 9.13435e-05 0.000214381 0.000409489 0.000518671 0.000122338 8.70708e-08 1.64903e-06 -2.35566e-05 -9.31122e-05 -4.10181e-05 -0.000133406 9.26051e-05 1.12052e-06 1.47564e-05 3.6435e-05 -6.15328e-06 5.27682e-05 1.47958e-05 7.66654e-05 5.21672e-05 4.49828e-05 6.21076e-05 1.10486e-05 -0.000655372 0.000162307 9.32974e-05 -6.60975e-05
internal_weight=5.65995e+06 5.54783e+06 39781 38819 11403 3654 3201 7749 5.50805e+06 5.16673e+06 341327 44611 112120 19531 3802 5.14446e+06 815771 409460 113504 295956 114314 181642 141241 138286 119815 53770 518 40401 21892 18471
internal_count=5659954 5547834 39781 38819 11403 3654 3201 7749 5508053 5166726 341327 44611 112120 19531 3802 5144457 815771 409460 113504 295956 114314 181642 141241 138286 119815 53770 518 40401 21892 18471
is_linear=0
shrinkage=0.05


Tree=66
num_leaves=31
num_cat=0
split_feature=0 3 5 9 5 3 0 8 7 6 6 5 5 8 4 6 8 1 8 0 5 9 0 8 4 1 6 1 1 7
split_gain=0.0747398 0.0780757 0.130806 0.0953082 0.0783487 0.0758805 0.0704709 0.232241 0.134086 0.110365 0.0894431 0.0866543 0.085218 0.138993 0.116022 0.133974 0.0806419 0.0790999 0.0731791 0.0723684 0.203929 0.1728 0.136272 0.125789 0.211826 0.154524 0.118613 0.133703 0.118589 0.133846
threshold=-0.09985527396202086 0.018590986728668216 0.11776316165924074 1.0752422809600832 0.15749621391296389 -0.01063832640647888 0.042118251323699958 0.79687741398811351 0.038577992469072349 0.0094623928889632242 0.090408030897378935 0.062305271625518806 0.15749621391296389 1.3960846066474917 0.1079729199409485 0.042931184172630317 1.0767898559570315 0.0967424511909485 1.4875419139862063 -0.010610073804855345 0.064641952514648451 0.72918650507926952 0.025608122348785404 1.0965358614921572 0.024896740913391117 -0.051668673753738396 0.01621631067246199 -0.010799139738082884 -0.1098901331424713 0.030281521379947666
decision_type=8 10 2 8 2 10 10 10 10 10 10 2 2 8 2 10 10 10 10 8 2 8 10 8 2 10 8 10 10 8
left_child=1 2 5 4 -4 -1 12 -8 9 -9 18 -12 19 -14 17 -16 -11 -15 -10 23 21 22 28 24 -2 -26 27 -23 29 -21
right_child=6 -3 3 -5 -6 -7 7 8 10 16 11 -13 13 14 15 -17 -18 -19 -20 20 -22 26 -24 -25 25 -27 -28 -29 -30 -31
leaf_value=-0.00010594990376902663 1.7678207415503107e-05 -0.00066935539145041348 0.00025381614623274051 -7.8832039057952236e-06 0.0010416317814420483 -0.0004515373448270196 0.00016904803751454714 0.00042382677336097073 -4.5371479688913849e-06 0.0001329941448429063 0.0012815551948393233 0.00013542599875454369 0.00020704591640782939 -0.00061284824008310307 0.00059862221366397848 -0.0010161653533704458 2.1313988575415692e-05 -0.00020979631701705307 -8.8922743771074393e-05 -0.00031167628760241073 -5.2184936375471831e-05 -3.4141950735028652e-05 9.3032785143260817e-05 -1.3580731550115253e-05 -0.0006912738507188703 -3.8624560215931995e-05 1.7704645566129798e-05 4.4710903631992494e-06 -1.8268139274984302e-05 -6.2576410267299522e-05
leaf_weight=14177 1188245 573 1107 2870 441 1788 25024 1803 54669 17701 170 4653 1873 2081 635 160 186053 2935 48469 6865 213717 296243 26748 489975 1813 1814 1104634 921702 1015883 25133
leaf_count=14177 1188245 573 1107 2870 441 1788 25024 1803 54669 17701 170 4653 1873 2081 635 160 186053 2935 48469 6865 213717 296243 26748 489975 1813 1814 1104634 921702 1015883 25133
internal_value=6.11975e-11 -9.42488e-05 -7.80495e-05 0.000162706 0.00047878 -0.00014468 3.50331e-07 2.24672e-05 1.07671e-05 3.44642e-05 -3.4352e-05 0.000176082 -1.06228e-06 -0.000167441 -0.000288161 0.000272765 3.10167e-05 -0.0003771 -4.41941e-05 -8.20706e-07 -4.81083e-06 -1.83053e-06 -1.84087e-05 7.74609e-06 1.65135e-05 -0.00036496 5.83999e-06 -4.92085e-06 -2.12534e-05 -0.000116028
internal_weight=5.65995e+06 20956 20383 4418 1548 15965 5.639e+06 338542 313518 205557 107961 4823 5.30046e+06 7684 5811 795 203754 5016 103138 5.29277e+06 3.61092e+06 3.39721e+06 1.07463e+06 1.68185e+06 1.19187e+06 3627 2.32258e+06 1.21794e+06 1.04788e+06 31998
internal_count=5659954 20956 20383 4418 1548 15965 5638998 338542 313518 205557 107961 4823 5300456 7684 5811 795 203754 5016 103138 5292772 3610925 3397208 1074629 1681847 1191872 3627 2322579 1217945 1047881 31998
is_linear=0
shrinkage=0.05


Tree=67
num_leaves=31
num_cat=0
split_feature=9 3 6 0 2 8 5 4 5 7 1 7 7 0 5 6 0 1 1 3 8 2 1 2 7 5 2 0 0 2
split_gain=0.0727565 0.0899782 0.114646 0.11122 0.095906 0.142531 0.093639 0.0885808 0.0931134 0.0834694 0.0801233 0.144537 0.0720282 0.0673457 0.0691491 0.0718933 0.0976003 0.0673303 0.0634155 0.061379 0.0799186 0.073809 0.0610633 0.0604595 0.0589315 0.0544754 0.155193 0.108209 0.078754 0.0538699
threshold=5.5106449127197275 0.021007180213928226 0.090408030897378935 -0.075857281684875474 0.33830356597900396 1.2970179915428164 0.039486825466156013 0.097031533718109145 0.023139178752899173 0.062475753948092468 -0.020779877901077267 0.025632422417402271 0.023919980973005298 0.099904358386993422 0.15749621391296389 0.081009093672037139 0.10041838884353639 0.12298619747161867 0.036084115505218513 0.036720097064971931 0.60335844755172741 -0.026331484317779538 -0.12658008933067319 0.11896735429763795 0.059923326596617706 1.0000000180025095e-35 -0.019762843847274777 1.0000000180025095e-35 -0.09985527396202086 0.37043792009353643
decision_type=10 10 10 8 10 10 2 2 2 10 8 10 8 10 2 10 10 10 10 10 10 10 10 8 8 2 8 8 10 8
left_child=1 4 3 -3 13 -6 29 8 -4 24 11 19 -2 25 -15 16 -16 -11 -14 -8 -21 -22 -13 -17 -10 26 27 -1 -28 -5
right_child=12 2 7 6 5 -7 10 -9 9 17 -12 22 18 14 15 23 -18 -19 -20 20 21 -23 -24 -25 -26 -27 28 -29 -30 -31
leaf_value=-0.00022541969977374918 8.3676718965946541e-05 -0.00044089536789125431 0.0015469235235301795 7.5510623075579264e-05 -1.680990390877649e-05 -0.00016680007376710195 0.00016985848487754336 0.00087252589594831182 4.2574091315986032e-05 -4.8037767272843569e-05 -8.9251416011082414e-06 0.00022969736037019525 -0.00046111156001198529 0.00010506945965224395 0.00051885572694269357 -0.00033015066047080779 -0.00048771904636970621 0.00078688798314421415 -0.00011201802321026682 -0.00027505463787559262 0.00071382158405733484 -0.00020876619869211158 -1.6566670937011475e-05 0.00036803534197498046 -0.00080725656234446441 -1.0227646719678801e-07 0.00063954732640250503 -0.0015166712747252419 6.645206918446512e-06 0.00023160589419404283
leaf_weight=5754 4482 1233 120 33861 65812 20858 3093 641 682 413 90263 3035 1426 25143 282 465 1620 580 14745 289 1915 244 14730 926 290 5358155 770 166 1356 6605
leaf_count=5754 4482 1233 120 33861 65812 20858 3093 641 682 413 90263 3035 1426 25143 282 465 1620 580 14745 289 1915 244 14730 926 290 5358155 770 166 1356 6605
internal_value=5.81359e-11 3.43133e-07 3.75434e-05 3.18987e-05 -7.2914e-07 -5.2908e-05 3.56861e-05 0.000358929 0.00020069 0.000117732 1.24153e-05 9.50628e-05 -9.3672e-05 1.09173e-07 7.68516e-05 -0.000138566 -0.000338285 0.000439934 -0.000142829 0.000317992 0.00050501 0.000609507 2.5516e-05 0.000134568 -0.000211545 -2.97506e-07 -0.000130293 -0.000261877 0.000236064 0.000100994
internal_weight=5.65995e+06 5.6393e+06 157994 155268 5.48131e+06 86670 154035 2726 2085 1965 113569 23306 20653 5.39464e+06 28436 3293 1902 993 16171 5541 2448 2159 17765 1391 972 5.3662e+06 8046 5920 2126 40466
internal_count=5659954 5639301 157994 155268 5481307 86670 154035 2726 2085 1965 113569 23306 20653 5394637 28436 3293 1902 993 16171 5541 2448 2159 17765 1391 972 5366201 8046 5920 2126 40466
is_linear=0
shrinkage=0.05


Tree=68
num_leaves=31
num_cat=0
split_feature=8 0 5 2 2 3 8 2 0 4 1 3 6 0 8 5 2 5 0 1 0 2 0 6 1 5 6 1 1 9
split_gain=0.068253 0.14848 0.16809 0.0986767 0.144756 0.10928 0.0959908 0.111497 0.0763472 0.074116 0.163284 0.105283 0.209078 0.131103 0.110045 0.105451 0.104335 0.080404 0.167692 0.156415 0.124609 0.109077 0.102936 0.0985362 0.0766178 0.0759526 0.0750201 0.128921 0.125601 0.230257
threshold=1.8238846659660342 0.042118251323699958 0.051241099834442146 -0.015061229467391966 0.16001403331756595 -0.029114395380020138 0.69093385338783275 0.41349774599075323 0.10007381439208986 -0.028901726007461544 -0.19784396886825559 -0.023605108261108395 0.042931184172630317 -0.089001655578613267 0.65485593676567089 0.057662606239318855 -0.23536863923072812 0.047274112701416023 -0.047618955373764031 0.028213202953338627 0.022792041301727298 0.069341063499450697 -0.043901413679122918 0.074130844324827208 0.16626155376434329 0.026193678379058841 0.042931184172630317 -0.1201481521129608 -0.012211740016937254 0.75433781743049633
decision_type=10 10 2 10 10 10 8 8 10 2 8 8 8 10 10 2 8 2 8 8 8 8 8 10 10 2 8 8 10 10
left_child=1 9 -3 -2 -5 -6 -4 8 -8 10 16 12 -12 14 -13 -14 -1 18 -11 22 26 -21 23 -19 -15 -22 27 -20 29 -28
right_child=3 2 6 4 5 -7 7 -9 -10 17 11 13 15 24 -16 -17 -18 19 20 21 25 -23 -24 -25 -26 -27 28 -29 -30 -31
leaf_value=0.0004756361972040673 -5.4321527699681353e-05 0.00014959055655811189 0.00022995083041161703 1.6317793128894449e-05 -0.00033861000560073888 -5.3209157304657227e-05 2.2171156217432255e-05 -9.53315691348105e-05 0.0001658044176346451 -0.00017571153511304811 0.00039371524511319162 -0.00061496180340706453 -0.00027462757889542254 1.1772226163639859e-05 -0.00010521725857205234 8.2676430383056917e-05 0.00010644554626543728 0.00020621569316467804 -0.00011526027189693665 -5.1942221609511224e-06 0.0001355140037982109 -7.3723132385560127e-05 -3.0163632984019579e-06 -0.000219041462838901 0.00024315610987133852 2.9349803121472148e-05 3.5864476928998208e-05 -1.5663014614721966e-06 -7.9620409471953052e-06 0.00025626632803020169
leaf_weight=2976 136409 31764 5462 223148 3551 60203 128596 19450 9968 13432 5299 1180 2350 412535 10239 16973 5360 10005 25110 90628 18464 161615 374598 1576 3608 192297 57387 3534567 86271 14933
leaf_count=2976 136409 31764 5462 223148 3551 60203 128596 19450 9968 13432 5299 1180 2350 412535 10239 16973 5360 10005 25110 90628 18464 161615 374598 1576 3608 192297 57387 3534567 86271 14933
internal_value=6.65206e-11 1.56116e-06 4.43438e-05 -1.93116e-05 -2.66588e-06 -6.91106e-05 2.38931e-05 1.6769e-05 3.2505e-05 -9.57066e-08 1.90248e-05 1.49822e-05 0.000115518 9.19238e-06 -0.000157942 3.92103e-05 0.00023829 -2.01791e-06 6.47746e-07 -1.84792e-05 1.2507e-06 -4.91016e-05 1.52271e-06 0.000148331 1.37789e-05 3.86511e-05 -8.69256e-07 -2.36833e-06 3.27783e-05 8.13771e-05
internal_weight=5.65995e+06 5.23664e+06 195240 423311 286902 63754 163476 158014 138564 5.0414e+06 460520 452184 24622 427562 11419 19323 8336 4.58088e+06 3.94246e+06 638422 3.92903e+06 252243 386179 11581 416143 210761 3.71827e+06 3.55968e+06 158591 72320
internal_count=5659954 5236643 195240 423311 286902 63754 163476 158014 138564 5041403 460520 452184 24622 427562 11419 19323 8336 4580883 3942461 638422 3929029 252243 386179 11581 416143 210761 3718268 3559677 158591 72320
is_linear=0
shrinkage=0.05


Tree=69
num_leaves=31
num_cat=0
split_feature=9 3 6 0 2 8 4 5 5 7 8 3 7 7 0 5 6 0 1 1 1 6 2 7 7 4 9 0 5 8
split_gain=0.0644093 0.0776025 0.104088 0.0987522 0.0818919 0.103205 0.0802755 0.0833868 0.0792894 0.0754248 0.0732401 0.0882861 0.0665074 0.0642975 0.0638998 0.0805641 0.0869368 0.0858302 0.0609517 0.0589183 0.0567903 0.0542498 0.0539713 0.054425 0.0537716 0.050775 0.0501558 0.0836126 0.0529802 0.0508657
threshold=5.5106449127197275 0.021007180213928226 0.090408030897378935 -0.075857281684875474 0.41349774599075323 1.2970179915428164 0.097031533718109145 0.023139178752899173 0.039486825466156013 0.062475753948092468 1.9330480694770815 0.055594146251678474 0.071812923997640624 0.023919980973005298 0.10007381439208986 0.15749621391296389 0.081009093672037139 0.10041838884353639 0.12298619747161867 0.23739743232727054 0.053304970264434821 0.010076858568936588 0.11896735429763795 0.057937962934374816 0.057937962934374816 0.051520347595214851 0.77012872695922863 -0.089001655578613267 0.10909950733184816 0.65824174880981456
decision_type=10 10 10 10 10 10 2 2 2 10 8 10 10 8 10 2 10 10 10 10 10 10 8 10 8 2 10 8 2 8
left_child=1 4 3 -3 14 26 7 -4 -5 24 11 -10 -7 -2 19 -16 17 -17 -11 -1 -15 -21 -18 -24 -9 -20 27 29 -29 -6
right_child=13 2 6 8 5 12 -8 9 10 18 -12 -13 -14 20 15 16 22 -19 25 21 -22 -23 23 -25 -26 -27 -28 28 -30 -31
leaf_value=-1.794859491849206e-07 7.9426381595763758e-05 -0.00041601486560611037 0.0014644437546510835 9.3156570799916394e-05 -0.00076210195416255599 -0.00015771842100257977 0.00083002750081584268 0.00011662237576625045 2.5274654759844601e-05 -4.6042883636163898e-05 -3.9014212800583459e-05 0.00021737303665864718 -0.00059101627003690146 -0.00039705366728758919 0.00013299548055022625 0.00071837486236269571 -0.00030977840741815827 -0.00045080859166838125 0.00098685339377333685 0.00097053414625534378 -0.00010112181465642952 -0.00012581547669706717 0.00062744490751743967 -7.6663401372478176e-05 -0.00063572062732383599 -0.00016651356220918838 -6.460305658959498e-05 6.27664090002988e-05 0.00046633159543070968 -3.7967641325667503e-05
leaf_weight=5398838 4482 1233 120 40466 471 10918 641 562 63147 413 43816 6606 963 1827 17044 171 458 1807 460 113 14344 11137 656 471 410 120 25847 11037 877 499
leaf_count=5398838 4482 1233 120 40466 471 10918 641 562 63147 413 43816 6606 963 1827 17044 171 458 1807 460 113 14344 11137 656 471 410 120 25847 11037 877 499
internal_value=6.69755e-11 3.22862e-07 3.48703e-05 2.94917e-05 -6.72944e-07 -6.3979e-05 0.000341101 0.000190462 3.30605e-05 0.000111957 1.16469e-05 4.34703e-05 -0.000192886 -8.81349e-05 -8.29439e-08 8.77943e-05 -0.000128407 -0.00034942 0.000418239 -4.17684e-07 -0.000134579 -0.000114718 0.000147451 0.000333374 -0.000201051 0.00074835 -2.4432e-05 5.61551e-05 9.25098e-05 -0.000390006
internal_weight=5.65995e+06 5.6393e+06 157994 155268 5.48131e+06 50612 2726 2085 154035 1965 113569 69753 11881 20653 5.4307e+06 20607 3563 1978 993 5.41009e+06 16171 11250 1585 1127 972 580 38731 12884 11914 970
internal_count=5659954 5639301 157994 155268 5481307 50612 2726 2085 154035 1965 113569 69753 11881 20653 5430695 20607 3563 1978 993 5410088 16171 11250 1585 1127 972 580 38731 12884 11914 970
is_linear=0
shrinkage=0.05


Tree=70
num_leaves=31
num_cat=0
split_feature=8 0 5 6 8 7 3 6 1 2 0 7 5 0 8 6 7 4 1 2 0 6 3 6 5 0 1 0 2 8
split_gain=0.0603963 0.116392 0.154062 0.100167 0.0914623 0.094914 0.111588 0.0886744 0.132586 0.0872064 0.0840091 0.0749336 0.0653095 0.0691115 0.0638332 0.0636998 0.0633839 0.0620843 0.150641 0.105707 0.0931298 0.120197 0.118698 0.155617 0.085518 0.160631 0.140949 0.114503 0.10996 0.0840385
threshold=2.074431419372559 0.040745258331298835 0.051241099834442146 0.05292469076812268 0.69093385338783275 0.050221854820847518 0.055594146251678474 0.090408030897378935 0.062365591526031501 -0.0044825971126556388 0.098949134349823012 0.071812923997640624 0.15749621391296389 -0.089001655578613267 1.9330480694770815 0.06402794644236566 0.034834090620279319 -0.025892555713653561 -0.19784396886825559 -0.25047084689140314 -0.09985527396202086 0.090408030897378935 -0.02509289979934692 0.042420867830514915 0.044939875602722175 -0.047618955373764031 0.028213202953338627 0.026239097118377689 0.069341063499450697 0.67483577132225048
decision_type=10 10 2 10 8 8 10 10 10 8 10 10 2 10 8 10 10 2 8 8 10 10 10 8 2 8 8 8 8 8
left_child=1 17 -3 9 11 10 -7 12 -9 -2 15 -4 13 -5 -8 16 -6 18 19 -1 21 29 23 -22 25 -19 -26 -27 -28 -20
right_child=3 2 4 7 5 6 14 8 -10 -11 -12 -13 -14 -15 -16 -17 -18 24 20 -21 22 -23 -24 -25 26 27 28 -29 -30 -31
leaf_value=0.00047053937892696138 -5.287902684691661e-05 0.00012483807520455981 0.00017865701219717362 -0.00037216804817975037 3.6803091437910595e-05 -7.4113687938402804e-05 0.00059640751753948823 -0.00075345912732331817 0.000248339509599469 9.572229784453471e-06 0.00012116436712604345 0.0011636210784636205 -0.00029432786374406124 -7.3460104598322481e-05 -0.00029604175236635648 0.00018000654330375981 -3.377131659147586e-05 -0.00018141712236904357 -0.00073392824766373632 0.00010204077250144688 0.00037328472926295188 0.00028382594930342371 1.0324971190266051e-05 5.2732174084352357e-05 3.8395834392812534e-09 -3.6336035212328707e-07 -5.9659847158235497e-06 4.8757913774912502e-05 -6.8547379765762734e-05 -0.00014921218062274578
leaf_weight=2831 83672 39923 5633 2094 76052 37357 967 369 3077 168405 21273 199 4886 25597 252 5564 54693 12076 654 6224 5085 1566 542395 14816 439913 3674804 113771 122593 183247 9966
leaf_count=2831 83672 39923 5633 2094 76052 37357 967 369 3077 168405 21273 199 4886 25597 252 5564 54693 12076 654 6224 5085 1566 542395 14816 439913 3674804 113771 122593 183247 9966
internal_value=8.48838e-11 1.19622e-06 3.5088e-05 -2.23027e-05 1.73485e-05 1.15466e-05 -5.87478e-05 -0.000100291 0.000140879 -1.11574e-05 2.87549e-05 0.00021246 -0.000125806 -9.60611e-05 0.000411823 1.43323e-05 7.28051e-06 -4.02028e-07 1.49514e-05 0.000217289 1.17617e-05 -0.000124983 1.47255e-05 0.000134653 -2.37266e-06 6.43442e-07 -1.7964e-05 1.22246e-06 -4.4576e-05 -0.000185286
internal_weight=5.65995e+06 5.37185e+06 241913 288100 201990 196158 38576 36023 3446 252077 157582 5832 32577 27691 1219 136309 130745 5.12994e+06 583537 9055 574482 12186 562296 19901 4.5464e+06 3.80947e+06 736931 3.7974e+06 297018 10620
internal_count=5659954 5371854 241913 288100 201990 196158 38576 36023 3446 252077 157582 5832 32577 27691 1219 136309 130745 5129941 583537 9055 574482 12186 562296 19901 4546404 3809473 736931 3797397 297018 10620
is_linear=0
shrinkage=0.05


Tree=71
num_leaves=31
num_cat=0
split_feature=4 1 5 5 9 1 1 3 5 4 9 6 3 7 0 6 7 7 0 5 6 0 5 6 3 3 4 8 3 6
split_gain=0.0570741 0.0894606 0.0943365 0.0722373 0.108698 0.0648619 0.0636211 0.06236 0.0978655 0.099692 0.117181 0.0951766 0.0920927 0.0772585 0.0863164 0.0709965 0.0611207 0.0607489 0.0648436 0.0666563 0.062269 0.0552893 0.0693501 0.155615 0.0991658 0.0769654 0.0560089 0.116575 0.126406 0.158777
threshold=-0.085582554340362535 0.0024450421333312993 0.15749621391296389 0.15749621391296389 0.93370559811592113 0.043808043003082282 -0.041816532611846917 0.014635026454925539 0.028760969638824466 0.1079729199409485 3.2554059028625493 0.081009093672037139 0.055594146251678474 0.054824823513627059 0.0040864348411560067 0.090408030897378935 0.053484205156564719 0.042820673435926444 0.099904358386993422 0.090602457523345961 0.0028996655019000177 0.10007381439208986 0.15749621391296389 0.081009093672037139 -0.035714238882064812 -0.02509289979934692 -0.014695078134536741 1.1527398824691775 -0.031981140375137322 0.060140540823340423
decision_type=2 8 2 2 8 10 10 8 2 2 8 8 10 10 10 10 10 8 10 2 10 10 2 10 10 10 2 8 10 10
left_child=1 3 -3 -1 -5 -4 -6 13 15 10 12 -11 17 21 -15 -9 -14 18 -10 -20 -19 26 -23 24 -24 -26 27 28 29 -2
right_child=7 2 5 4 6 -7 -8 8 9 11 -12 -13 16 14 -16 -17 -18 20 19 -21 -22 22 23 -25 25 -27 -28 -29 -30 -31
leaf_value=-5.1682645538382132e-05 0.00039659091381683107 -8.8489130871834758e-05 -0.00095152957609416923 0.00115540825831513 0.00028162287589681507 -0.00034072853813473317 -0.00062072847124037091 8.3907555662513758e-05 2.4111185623527007e-05 -0.00042288704310293305 -7.483905746260952e-05 0.00048463215434982663 0.00010777998246469575 -5.5308803707012065e-06 -8.9361062807987544e-05 0.0012115038976272835 0.00041724970461939534 0.00077364804706677945 0.00035420036538139679 -0.00011154463743293374 -3.8796385477558544e-05 0.00012532265856551942 0.00064537076346312273 0.00040194054654074212 -0.0016480951274305965 -0.00039646262691123363 -2.9857733498622008e-06 -1.6617382520726141e-05 1.780554571143949e-05 -6.47990462810716e-05
leaf_weight=14048 4846 3904 572 304 963 1810 244 48972 143250 341 37247 1866 9057 76075 51489 139 1936 236 2880 1047 48417 16328 216 943 131 1797 4097493 303738 786635 3030
leaf_count=14048 4846 3904 572 304 963 1810 244 48972 143250 341 37247 1866 9057 76075 51489 139 1936 236 2880 1047 48417 16328 216 943 131 1797 4097493 303738 786635 3030
internal_value=8.87244e-11 -8.0661e-05 -0.000239834 -1.63422e-05 0.000312041 -0.000487741 9.8846e-05 3.12626e-07 2.26762e-05 9.82416e-06 6.79841e-06 0.000344285 2.15009e-05 -9.23811e-07 -3.93679e-05 8.71236e-05 0.000162314 1.35955e-05 2.9607e-05 0.000230029 -3.48397e-05 1.6548e-08 8.42338e-05 -0.000133067 -0.000368458 -0.000482316 -2.98164e-07 9.72912e-06 1.98013e-05 0.000219102
internal_weight=5.65995e+06 21845 6286 15559 1511 2382 1207 5.63811e+06 295388 246277 244070 2207 206823 5.34272e+06 127564 49111 10993 195830 147177 3927 48653 5.21516e+06 19415 3087 2144 1928 5.19574e+06 1.09825e+06 794511 7876
internal_count=5659954 21845 6286 15559 1511 2382 1207 5638109 295388 246277 244070 2207 206823 5342721 127564 49111 10993 195830 147177 3927 48653 5215157 19415 3087 2144 1928 5195742 1098249 794511 7876
is_linear=0
shrinkage=0.05


Tree=72
num_leaves=31
num_cat=0
split_feature=8 0 5 2 2 0 8 2 0 8 1 2 5 0 1 6 7 5 1 0 9 1 6 0 9 4 3 5 2 6
split_gain=0.0551592 0.130285 0.149868 0.0883188 0.138914 0.108379 0.0767814 0.0792571 0.076031 0.135658 0.0801299 0.105749 0.0986064 0.092276 0.104878 0.095627 0.0815269 0.0795158 0.130224 0.0897662 0.077027 0.121219 0.184214 0.0886003 0.108402 0.088088 0.0752937 0.0738295 0.070698 0.069267
threshold=1.6656175255775454 0.037064731121063239 0.050000011920928962 -0.015061229467391966 0.19710594415664676 -0.075857281684875474 0.55230879783630382 0.61588323116302501 -0.020737379789352414 0.33175033330917364 -0.1201481521129608 -0.22318500280380246 0.046585083007812507 -0.067567557096481309 -0.19784396886825559 0.029320812784135345 0.049370372667908675 0.047274112701416023 0.027582645416259769 0.021321952342987064 1.0013483762741091 -0.0028925538063049312 0.043470302596688278 -0.0055347979068756095 0.59089067578315746 0.0088164806365966814 0.036720097064971931 0.026193678379058841 0.10440158843994142 0.081009093672037139
decision_type=10 10 2 10 10 10 8 8 8 10 10 8 2 10 10 10 8 2 8 8 8 8 10 8 8 2 10 2 10 10
left_child=1 8 -3 -2 -5 -6 -4 -8 9 -1 11 12 -11 14 -14 -15 -17 19 -19 20 23 22 -22 -10 28 -26 -13 -21 -25 -7
right_child=3 2 6 4 5 29 7 -9 17 10 -12 26 13 15 -16 16 -18 18 -20 27 21 -23 -24 24 25 -27 -28 -29 -30 -31
leaf_value=-0.00017179134128416268 -4.2669280615200917e-05 0.00011893133824203919 0.00033850795218258548 1.2498305187072165e-05 -0.0004666909044570401 -7.6878434581645835e-05 2.3060761863443704e-05 -0.00011888928287403273 5.5506122606233822e-06 -8.7449516836077024e-05 1.0883141480428349e-05 3.2469034490239139e-05 0.00037491410925626491 9.6999088513200727e-05 -0.00013957721820923109 0.00055688272344945515 3.1015620303278368e-05 -9.4398931038478595e-07 -5.4161947602705314e-05 0.00011102537328350033 -2.1436121624238719e-05 2.2735805323225395e-05 0.00033045391576362864 -4.5926315548943617e-05 -1.5574638556518938e-05 1.472714733045603e-05 0.0012708967349494484 2.0058696292396689e-05 2.2184166865665006e-05 0.00013936701630117376
leaf_weight=9775 189518 46245 1850 309273 1696 50071 169527 10438 882295 2703 777829 56454 1603 2564 2589 4411 885 289428 190684 25140 281427 606869 3768 325702 835839 336353 122 197752 43146 3998
leaf_count=9775 189518 46245 1850 309273 1696 50071 169527 10438 882295 2703 777829 56454 1603 2564 2589 4411 885 289428 190684 25140 281427 606869 3768 325702 835839 336353 122 197752 43146 3998
internal_value=9.79737e-11 1.62688e-06 3.85644e-05 -1.49765e-05 -5.99119e-07 -7.32364e-05 1.81224e-05 1.4827e-05 -1.00288e-07 1.34024e-05 1.55344e-05 6.62536e-05 0.00018546 0.000246669 5.72042e-05 0.000347697 0.000469029 -2.9865e-06 -2.20804e-05 -3.9563e-07 -2.46058e-06 1.01006e-05 -1.67858e-05 -7.08455e-06 -1.43186e-05 -6.87973e-06 3.5162e-05 3.03193e-05 -3.79591e-05 -6.08864e-05
internal_weight=5.65995e+06 5.1054e+06 228060 554556 365038 55765 181815 179965 4.87734e+06 858935 849160 71331 14755 12052 4192 7860 5296 4.0184e+06 480112 3.53829e+06 3.3154e+06 892064 285195 2.42334e+06 1.54104e+06 1.17219e+06 56576 222892 368848 54069
internal_count=5659954 5105398 228060 554556 365038 55765 181815 179965 4877338 858935 849160 71331 14755 12052 4192 7860 5296 4018403 480112 3538291 3315399 892064 285195 2423335 1541040 1172192 56576 222892 368848 54069
is_linear=0
shrinkage=0.05


Tree=73
num_leaves=31
num_cat=0
split_feature=9 3 6 0 1 7 4 3 9 2 4 2 2 8 9 3 0 7 0 3 0 9 1 8 7 2 0 5 1 9
split_gain=0.0538767 0.061323 0.0860199 0.0795486 0.0710434 0.0807517 0.0958807 0.0906961 0.0699036 0.0679296 0.0677204 0.0683848 0.0660932 0.113536 0.0610785 0.0595391 0.06171 0.0566382 0.0519109 0.0515404 0.117726 0.0650341 0.0502385 0.0489273 0.0540355 0.0528354 0.0487817 0.0626811 0.0491873 0.0486095
threshold=5.5106449127197275 0.021007180213928226 0.090408030897378935 -0.075857281684875474 -0.016891121864318844 0.024504712782800201 -0.018302828073501583 0.036720097064971931 0.74200138449668895 -0.053211987018585198 0.097031533718109145 inf 0.33830356597900396 1.2970179915428164 1.7987497448921206 0.09762591123580934 0.10041838884353639 0.023919980973005298 0.049397885799407966 0.055594146251678474 -0.0041146278381347648 1.0460831522941592 0.036084115505218513 0.59095010161399852 0.038283899426460273 0.19071841239929202 0.018018066883087162 0.079698085784912123 0.0967424511909485 0.94099974632263195
decision_type=10 10 10 10 10 8 2 10 10 10 2 8 10 10 8 10 10 8 10 10 10 10 10 8 8 8 10 2 10 8
left_child=1 12 3 -3 5 7 14 -5 -9 -10 11 15 18 -14 19 16 -4 -2 -1 -7 21 -21 -19 -20 -25 -26 28 -28 -6 -29
right_child=17 2 10 4 26 6 -8 8 9 -11 -12 -13 13 -15 -16 -17 -18 22 23 20 -22 -23 -24 24 25 -27 27 29 -30 -31
leaf_value=-7.7685209013154928e-07 7.6657099569543591e-05 -0.00037373339859095767 0.00021806752502707093 0.00010936415291343791 -5.618233026501059e-05 -4.6252759692360435e-05 0.00013863082134562098 -0.00024739641644298441 0.00069991745301511033 5.4228534422151033e-05 0.00075845786511798856 -0.0009828305713041525 -1.1688267334168461e-05 -0.00014555566224482442 -0.00038760490231788371 0.00084912656514067901 -0.00081877523224871114 -0.00040748826870762875 0.00034984786952973036 0.002200144304515561 4.7035029363306911e-05 0.00045389126095100304 -9.6774009995927621e-05 4.649751722317744e-05 1.8962898238099161e-05 -8.1381457503598169e-05 5.9826111313286299e-05 0.00037879797999738478 7.1665003277347902e-05 -7.2936819990212498e-05
leaf_weight=5225321 4482 1233 1473 5050 36245 10521 14667 302 1869 521 641 120 65812 20858 1204 334 158 1426 1167 111 796 103 14745 107155 41897 19097 58013 620 9493 14520
leaf_count=5225321 4482 1233 1473 5050 36245 10521 14667 302 1869 521 641 120 65812 20858 1204 334 158 1426 1167 111 796 103 14745 107155 41897 19097 58013 620 9493 14520
internal_value=1.13363e-10 2.95339e-07 3.1006e-05 2.61165e-05 2.93196e-05 9.17741e-05 5.14838e-05 0.000234352 0.000468694 0.000559244 0.000309392 0.000171036 -5.89876e-07 -4.39061e-05 -4.88872e-05 0.000241965 0.000117185 -8.06072e-05 1.06048e-07 -1.34897e-05 0.000327505 0.00136568 -0.000124197 2.73534e-05 2.51131e-05 -1.24554e-05 1.08575e-05 3.61822e-05 -2.96464e-05 -5.4414e-05
internal_weight=5.65995e+06 5.6393e+06 157994 155268 154035 35144 27402 7742 2692 2390 2726 2085 5.48131e+06 86670 12735 1965 1631 20653 5.39464e+06 11531 1010 214 16171 169316 168149 60994 118891 73153 45738 15140
internal_count=5659954 5639301 157994 155268 154035 35144 27402 7742 2692 2390 2726 2085 5481307 86670 12735 1965 1631 20653 5394637 11531 1010 214 16171 169316 168149 60994 118891 73153 45738 15140
is_linear=0
shrinkage=0.05


Tree=74
num_leaves=31
num_cat=0
split_feature=8 3 2 2 1 0 9 7 4 6 0 7 6 0 3 1 9 4 2 0 1 3 2 6 0 9 9 4 8 6
split_gain=0.0512513 0.0971225 0.0754562 0.0868117 0.0680919 0.105629 0.0675949 0.0675646 0.0653944 0.0652183 0.0659955 0.056629 0.0985006 0.130935 0.177118 0.107112 0.106842 0.10018 0.105396 0.0903795 0.0836479 0.0878681 0.084236 0.0827403 0.0769878 0.0761926 0.0754408 0.0752254 0.0906905 0.160508
threshold=2.5601600408554082 0.055594146251678474 -0.003540486097335815 0.19710594415664676 -0.030019074678421017 -0.00098401308059692361 1.0460831522941592 0.066011428833007826 -0.064015030860900865 0.090408030897378935 -0.049498707056045525 0.050221854820847518 0.041360350325703628 -0.05135944485664367 -0.021175712347030636 -0.012676596641540526 2.6518087387084965 -0.033559173345565789 -0.25047084689140314 0.045553565025329597 -0.14235085248947141 -0.01063832640647888 -0.13043478131294248 0.050474556162953384 -0.0041146278381347648 0.65458020567893993 0.93733292818069469 0.027870535850524906 0.54707458615303051 0.090408030897378935
decision_type=10 10 8 10 8 10 8 10 2 10 10 8 8 8 10 10 8 2 10 10 10 10 10 10 10 8 10 2 8 10
left_child=1 11 7 8 5 6 -3 -2 -4 10 -6 12 13 14 -1 16 17 18 -14 -17 21 22 24 -22 -19 -25 -23 -13 29 -29
right_child=2 4 3 -5 9 -7 -8 -9 -10 -11 -12 27 15 -15 -16 19 -18 20 -20 -21 23 26 -24 25 -26 -27 -28 28 -30 -31
leaf_value=0.00024792894018180786 -8.1709986287251306e-05 0.0019626318660427812 -0.00022019564097245015 -0.00010162218560991598 -0.00063273913731119963 0.00017414800987864543 0.00064102268055472866 -0.0012552977804431969 2.1004062039483848e-05 0.00059184481690994128 7.336953201366478e-05 -7.2253797468968117e-06 0.00024814895382308915 -1.5333700975423169e-06 3.1009823299922175e-05 -9.7444703787749051e-06 -0.00086860454946780094 -0.00013501703357907279 -3.5373125144144073e-05 5.8016014084905078e-05 5.6010076285626288e-05 -1.6520202188076558e-05 0.00011930687453541914 5.6734387126579433e-05 -0.00055192705603140534 0.00018560875749306388 0.00027155055942050245 0.00014061071667472586 -7.406613604149295e-05 0.0018431386567729837
leaf_weight=11595 42382 141 2900 19913 335 1345 309 122 89720 597 21881 269715 3571 4594826 49930 233934 313 3341 39806 62319 73720 8655 1880 17881 1656 31987 3081 1799 70151 149
leaf_count=11595 42382 141 2900 19913 335 1345 309 122 89720 597 21881 269715 3571 4594826 49930 233934 313 3341 39806 62319 73720 8655 1880 17881 1656 31987 3081 1799 70151 149
internal_value=1.32431e-10 7.98604e-07 -2.83511e-05 -6.91334e-06 9.99069e-05 0.000396333 0.00105856 -8.5108e-05 1.34496e-05 7.65668e-05 6.2694e-05 3.53564e-07 1.66445e-06 -5.63152e-07 7.18938e-05 2.31777e-05 5.29286e-05 5.44876e-05 -1.20271e-05 4.50959e-06 7.47772e-05 -2.40375e-05 -0.000165943 8.96592e-05 -0.000273263 0.000139401 5.91224e-05 -1.93529e-05 -6.47201e-05 0.000271714
internal_weight=5.65995e+06 5.50492e+06 155037 112533 24608 1795 450 42504 92620 22813 22216 5.48031e+06 5.1385e+06 4.65635e+06 61525 482144 185891 185578 43377 296253 142201 18613 6877 123588 4997 49868 11736 341814 72099 1948
internal_count=5659954 5504917 155037 112533 24608 1795 450 42504 92620 22813 22216 5480309 5138495 4656351 61525 482144 185891 185578 43377 296253 142201 18613 6877 123588 4997 49868 11736 341814 72099 1948
is_linear=0
shrinkage=0.05


Tree=75
num_leaves=31
num_cat=0
split_feature=8 0 8 2 2 3 2 0 8 9 1 7 3 5 6 1 0 1 2 6 0 7 3 4 8 2 4 4 3 6
split_gain=0.0487379 0.112969 0.152373 0.129676 0.0806228 0.117079 0.0770894 0.0738717 0.107777 0.104437 0.135634 0.0999836 0.108513 0.0889388 0.130083 0.101831 0.0780932 0.0761997 0.107307 0.131879 0.0956653 0.117639 0.087566 0.0764411 0.0799303 0.0741715 0.112058 0.0825629 0.0731919 0.0749836
threshold=1.6656175255775454 0.029620826244354252 0.82482740283012401 0.072423398494720473 -0.041862189769744866 -0.010880291461944578 0.070909082889556899 -0.013616353273391722 0.33175033330917364 0.93733292818069469 -0.1201481521129608 0.03057827148586512 -0.0086455047130584699 0.036677420139312751 0.016316491179168228 -0.0076562464237213126 0.019184648990631107 -0.091917872428894029 -0.19104745984077451 0.042931184172630317 -0.075857281684875474 0.041978631168603904 0.044700920581817634 0.00072181224822998058 1.3740830421447756 0.060660123825073249 0.012097954750061037 0.1079729199409485 -0.031981140375137322 0.058574525639414794
decision_type=10 10 8 10 8 10 8 8 10 8 8 8 10 2 8 8 10 8 10 10 10 8 10 2 10 8 2 2 10 10
left_child=1 7 -3 -4 -2 6 -6 8 -1 10 11 12 -9 14 15 -11 -12 18 19 -10 -21 -22 23 28 -25 -15 -27 -28 29 -20
right_child=4 2 3 -5 5 -7 -8 9 17 13 16 -13 -14 25 -16 -17 -18 -19 22 20 21 -23 -24 24 -26 26 27 -29 -30 -31
leaf_value=-0.00013630243686392851 -4.7796459468435807e-05 0.00010670299365036439 4.5504747732912076e-05 -2.0613480425239613e-05 -3.549835781340968e-06 5.8252644200648819e-06 -0.00013609821539368924 -0.00071981046586139263 5.8300009636221164e-05 -3.2869972118583717e-05 -1.1911339404028057e-05 -6.4512500659554757e-05 -0.0001884996413719922 4.6724511918830312e-06 4.3579007813741615e-05 1.4404689819578837e-05 2.9500594727161472e-05 6.4417304238706097e-06 0.00026873675415742059 5.1021977702453643e-05 0.00056411461191884589 0.00015640440989407304 0.0012704842953202649 -0.00025233837426727977 0.00037189724518235423 7.660623834412216e-06 -8.0755901302061368e-05 0.00047557439211232122 1.6702350148563322e-05 -7.9952379138157795e-05
leaf_weight=12556 134334 53347 160507 137844 19109 375361 25752 1130 26355 151947 1966603 29956 6404 244808 283790 455035 120836 1162220 5728 3438 3761 3342 139 4211 583 71136 88175 671 108767 2109
leaf_count=12556 134334 53347 160507 137844 19109 375361 25752 1130 26355 151947 1966603 29956 6404 244808 283790 455035 120836 1162220 5728 3438 3761 3342 139 4211 583 71136 88175 671 108767 2109
internal_value=1.49824e-10 1.52932e-06 2.88736e-05 1.49569e-05 -1.40778e-05 -3.29871e-06 -7.96392e-05 -4.93726e-07 9.4899e-06 -4.38506e-06 -1.1207e-05 -0.000105467 -0.000268274 6.80409e-06 1.56352e-05 2.5703e-06 -9.51411e-06 1.08761e-05 4.34052e-05 0.000118088 0.000267551 0.000372334 2.07325e-05 1.9291e-05 -0.000176363 -1.26296e-05 -3.91054e-05 -7.6549e-05 2.73365e-05 0.000174903
internal_weight=5.65995e+06 5.1054e+06 351698 298351 554556 420222 44861 4.7537e+06 1.33321e+06 3.42049e+06 2.12493e+06 37490 7534 1.29556e+06 890772 606982 2.08744e+06 1.32065e+06 158433 36896 10541 7103 121537 121398 4794 404790 159982 88846 116604 7837
internal_count=5659954 5105398 351698 298351 554556 420222 44861 4753700 1333209 3420491 2124929 37490 7534 1295562 890772 606982 2087439 1320653 158433 36896 10541 7103 121537 121398 4794 404790 159982 88846 116604 7837
is_linear=0
shrinkage=0.05


Tree=76
num_leaves=31
num_cat=0
split_feature=0 1 5 6 1 1 6 9 9 2 4 3 2 2 7 0 6 5 0 2 2 4 2 9 3 6 8 5 6 3
split_gain=0.0480089 0.0646138 0.0841129 0.073898 0.102877 0.102148 0.0721951 0.0691189 0.0593745 0.0567704 0.0455782 0.0448285 0.0666706 0.0633666 0.0447399 0.0607004 0.0551782 0.154516 0.104415 0.055038 0.0675766 0.0577632 0.0486541 0.047774 0.0581677 0.0533627 0.0726557 0.0471632 0.048818 0.120647
threshold=-0.09985527396202086 -0.10581827163696288 0.12408369779586793 0.090408030897378935 0.16626155376434329 0.181605339050293 0.090408030897378935 3.2554059028625493 0.79497307538986217 0.1789159178733826 -0.017659395933151242 -0.029114395380020138 -0.12573680281639096 -0.18509086966514585 0.057937962934374816 0.10007381439208986 0.081009093672037139 0.15749621391296389 0.10041838884353639 0.33830356597900396 0.14028972387313846 0.077049732208251967 inf 0.76705080270767223 0.014635026454925539 0.090408030897378935 2.269404530525208 0.084630966186523451 0.090408030897378935 -0.010880291461944578
decision_type=8 10 2 8 10 10 10 8 8 8 2 10 10 10 10 10 10 2 10 8 10 2 8 8 10 10 8 2 10 10
left_child=1 2 6 4 7 10 11 -3 9 -4 -5 12 -1 -13 15 -2 17 -17 -19 20 -18 -21 -20 27 -25 26 -26 -16 -29 -30
right_child=14 3 8 5 -6 -7 -8 -9 -10 -11 -12 13 -14 -15 23 16 19 18 22 21 -22 -23 -24 24 25 -27 -28 28 29 -31
leaf_value=-8.8322889477599213e-05 4.7012493440261126e-07 -0.00013011326418676755 0.0014080504015372805 0.00010317651750961779 -0.00072951910897439535 0.0010700146356134612 -0.0011040224815915508 -0.00077914004213277405 0.00018612122317261326 -1.8008994603795663e-05 -0.00051534372697727008 6.1746690724115574e-05 0.00025511862159388181 -0.00039139788866843369 -1.4913501035672455e-05 8.0457443088213342e-05 8.7011071503556288e-05 0.00050236621559607644 -0.00036439245542991481 -0.00088337247124777799 0.00066933909965772155 0.00014437318517582999 -0.0012399315908932461 -8.608573999237189e-05 3.7332608536807189e-05 0.00027398553102327827 -0.00043535272694206981 7.5421324368173863e-05 0.0010481045811784257 -0.00010756460050634389
leaf_weight=3651 5499311 6483 211 1390 936 239 160 437 1542 104 378 1392 2304 1729 38996 29982 879 345 2247 170 1150 681 170 47479 7992 2018 904 5772 451 451
leaf_count=3651 5499311 6483 211 1390 936 239 160 437 1542 104 378 1392 2304 1729 38996 29982 879 345 2247 170 1150 681 170 47479 7992 2018 904 5772 451 451
internal_value=1.57566e-10 -7.5537e-05 7.25087e-06 -0.000168641 -0.000237811 0.000102095 -5.44938e-05 -0.000171206 0.000314209 0.000938657 -2.92802e-05 -3.58722e-05 4.45758e-05 -0.000189335 2.80887e-07 8.91562e-07 6.59474e-05 4.74879e-05 -0.000310302 0.000275732 0.000417231 -6.17303e-05 -0.000426461 -3.21996e-05 -6.216e-05 4.19223e-05 -1.07446e-05 6.10781e-06 0.000128919 0.000470791
internal_weight=5.65995e+06 20956 11093 9863 7856 2007 9236 6920 1857 315 1768 9076 5955 3121 5.639e+06 5.53494e+06 35624 32744 2762 2880 2029 851 2417 104063 58393 10914 8896 45670 6674 902
internal_count=5659954 20956 11093 9863 7856 2007 9236 6920 1857 315 1768 9076 5955 3121 5638998 5534935 35624 32744 2762 2880 2029 851 2417 104063 58393 10914 8896 45670 6674 902
is_linear=0
shrinkage=0.05


Tree=77
num_leaves=31
num_cat=0
split_feature=9 3 4 8 6 8 0 1 3 1 7 3 2 2 7 2 4 7 9 5 6 0 2 0 6 5 9 4 0 1
split_gain=0.047116 0.0508205 0.0909112 0.0986025 0.0714512 0.061391 0.0637551 0.0558355 0.0608129 0.0522144 0.0780345 0.156632 0.0608086 0.0511931 0.0506382 0.0471896 0.0533618 0.0465991 0.0759947 0.129696 0.131111 0.0496018 0.0493978 0.0463485 0.0580538 0.0460838 0.0458817 0.0708266 0.0893134 0.113934
threshold=5.5106449127197275 0.014635026454925539 -0.0066902637481689444 1.2553398609161379 0.0028996655019000177 0.77267968654632579 -0.075857281684875474 0.23739743232727054 0.011019289493560793 -0.026087015867233273 0.026026952080428604 0.036720097064971931 -0.25047084689140314 -0.026331484317779538 0.024384186603128914 -0.01884481310844421 0.1079729199409485 0.059923326596617706 0.77012872695922863 0.13452279567718509 0.090408030897378935 0.049397885799407966 0.61588323116302501 -0.089001655578613267 0.090408030897378935 0.11283105611801149 0.45998661220073706 -0.0068965256214141837 -0.089001655578613267 -0.19784396886825559
decision_type=10 10 2 10 10 10 10 10 10 10 8 10 8 10 8 10 2 10 10 2 10 10 8 10 10 2 8 2 10 10
left_child=1 7 5 15 -5 6 -3 17 -9 10 11 -7 -12 -13 -2 -4 -17 21 19 -19 -21 26 -23 -11 -25 -24 27 28 29 -1
right_child=14 2 3 4 -6 9 -8 8 -10 23 12 13 -14 -15 -16 16 -18 18 -20 20 -22 22 25 24 -26 -27 -28 -29 -30 -31
leaf_value=0.00046551069684203241 6.6430558741756272e-05 -0.0011089647663741035 0.00014259759887854179 0.00037645630318365879 3.0886962101901866e-06 8.749274578246616e-05 -5.5041199304385553e-05 -6.2227390137490455e-05 -0.00045071767029442543 -0.00038726859691634 0.00032262191082182789 0.00067797138376844267 -2.1673222210849995e-05 -0.00016830228669641656 -0.00011859956405604313 5.4103061031665324e-05 0.00094710171679686199 6.9670988715666214e-07 -9.2003218475310834e-05 0.00011167196264970814 0.0018449866438686514 3.2103270074906918e-05 7.6545031295288081e-07 -8.328181077784012e-06 0.00039235805144757438 -0.0003541688423305627 1.2342839114355642e-07 -4.4983059978316292e-05 2.6446107025205684e-05 -0.0013574618584358616
leaf_weight=129 4824 143 27906 1303 73854 8012 41172 20293 1059 794 1400 1721 15156 199 15829 39787 167 34518 35805 253 191 153224 2124 75100 914 1605 4912115 132792 57313 252
leaf_count=129 4824 143 27906 1303 73854 8012 41172 20293 1059 794 1400 1721 15156 199 15829 39787 167 34518 35805 253 191 153224 2124 75100 914 1605 4912115 132792 57313 252
internal_value=1.4204e-10 2.76223e-07 2.07503e-05 4.90166e-05 9.56671e-06 -7.20445e-06 -5.87158e-05 -8.24171e-07 -8.15156e-05 1.33988e-05 7.39317e-05 0.000184726 7.45861e-06 0.000590217 -7.53802e-05 9.27077e-05 5.78592e-05 -5.00925e-07 -4.0804e-05 1.16309e-05 0.00085978 4.1358e-08 2.77269e-05 -7.47732e-06 -3.50519e-06 -0.000152056 -8.1024e-07 -2.48869e-05 2.13677e-05 -0.000740632
internal_weight=5.65995e+06 5.6393e+06 287628 143017 75157 144611 41315 5.35167e+06 21352 103296 26488 9932 16556 1920 20653 67860 39954 5.33032e+06 70767 34962 444 5.25955e+06 156953 76808 76014 3729 5.1026e+06 190486 57694 381
internal_count=5659954 5639301 287628 143017 75157 144611 41315 5351673 21352 103296 26488 9932 16556 1920 20653 67860 39954 5330321 70767 34962 444 5259554 156953 76808 76014 3729 5102601 190486 57694 381
is_linear=0
shrinkage=0.05


Tree=78
num_leaves=31
num_cat=0
split_feature=8 0 5 2 2 3 8 2 7 5 0 2 9 1 3 3 1 0 9 6 7 1 6 6 3 7 1 6 4 2
split_gain=0.0450417 0.0901998 0.103076 0.0697334 0.090262 0.104705 0.0648 0.0781784 0.0633209 0.0554677 0.0516164 0.0509867 0.111466 0.10861 0.094411 0.0778178 0.196396 0.144624 0.119314 0.0855456 0.0792081 0.0707352 0.0686595 0.0645432 0.0623891 0.0610536 0.177657 0.128743 0.0894181 0.0772193
threshold=1.8238846659660342 0.042118251323699958 0.056000053882598884 -0.047021955251693719 0.12173908948898317 -0.014563113451004027 0.69093385338783275 0.41349774599075323 0.071812923997640624 1.0000000180025095e-35 0.10007381439208986 -0.090376079082489 0.317832961678505 -0.0085751116275787336 0.055594146251678474 -0.019416004419326779 -0.045688778162002557 -0.03051275014877319 0.59089067578315746 0.053874094039201743 0.023577844724059108 -0.1337887644767761 0.070118784904479994 0.0078416294418275374 -0.068172544240951524 0.031191360205411914 -0.044896274805068963 0.02076748758554459 0.01922780275344849 0.26315778493881231
decision_type=10 10 2 8 8 10 8 8 10 2 10 8 10 8 8 10 10 10 10 8 8 10 10 10 10 8 10 8 2 10
left_child=1 11 -3 9 -5 -6 8 10 -4 -2 -8 12 13 -1 15 16 17 22 20 -17 -19 -22 23 -14 -24 27 -27 29 -28 -13
right_child=3 2 6 4 5 -7 7 -9 -10 -11 -12 25 14 -15 -16 19 -18 18 -20 -21 21 -23 24 -25 -26 26 28 -29 -30 -31
leaf_value=-0.00026043765123253077 -0.0005778500508053445 0.00010275026170754873 0.00015977674476668613 1.1788684241876207e-05 -0.00019116922099039294 -2.7052044664045321e-05 1.4242641245634344e-05 -8.5067216958251133e-05 0.0011106601184819938 -5.1831427046545037e-05 0.00013335482619064457 -5.0815735491933847e-06 -0.00047761386392089646 8.4747647005542818e-05 0.00055058859327684754 5.7554514920415732e-06 0.00019265202353301036 -0.0014844898773561477 -7.2634343436754671e-05 0.00010344305630664872 -0.00077982501212765733 -0.00016030034234605449 -0.0011409922673368729 0.00010864761118129258 -0.000131039982896994 1.9827830080891852e-05 -1.7336986118778792e-05 1.7099831318223289e-05 -6.0743477393106909e-05 -0.00020065724155888428
leaf_weight=7215 503 43218 4632 234143 10918 88399 118272 19085 181 89348 9852 2134079 481 3330 812 891176 20217 182 8734 22988 743 1212 197 18096 673 295599 593940 888407 148264 5058
leaf_count=7215 503 43218 4632 234143 10918 88399 118272 19085 181 89348 9852 2134079 481 3330 812 891176 20217 182 8734 22988 743 1212 197 18096 673 295599 593940 888407 148264 5058
internal_value=1.46682e-10 1.26831e-06 3.46137e-05 -1.56878e-05 -5.15361e-06 -4.50953e-05 1.52428e-05 9.33953e-06 0.000195759 -5.47826e-05 2.34027e-05 -2.30771e-08 1.0239e-05 -0.000151434 1.20049e-05 1.1551e-05 7.19493e-05 -8.54277e-06 -0.000154595 8.21206e-06 -0.000489381 -0.00039603 7.31051e-05 9.34431e-05 -0.000360778 -2.48691e-06 -1.29525e-05 1.10057e-06 -2.6008e-05 -5.54411e-06
internal_weight=5.65995e+06 5.23664e+06 195240 423311 333460 99317 152022 147209 4813 89851 128124 5.0414e+06 976056 10545 965511 964699 50535 30318 10871 914164 2137 1955 19447 18577 870 4.06535e+06 1.0378e+06 3.02754e+06 742204 2.13914e+06
internal_count=5659954 5236643 195240 423311 333460 99317 152022 147209 4813 89851 128124 5041403 976056 10545 965511 964699 50535 30318 10871 914164 2137 1955 19447 18577 870 4065347 1037803 3027544 742204 2139137
is_linear=0
shrinkage=0.05


Tree=79
num_leaves=31
num_cat=0
split_feature=4 1 5 5 9 1 1 3 9 3 7 6 0 4 1 5 4 1 7 8 2 1 9 2 3 4 7 6 1 7
split_gain=0.0448081 0.0705266 0.0801381 0.0621703 0.0887592 0.0592197 0.0551372 0.0497466 0.0457931 0.0432117 0.0822245 0.0917632 0.0636637 0.0793949 0.0760819 0.12274 0.0604558 0.153916 0.191237 0.143898 0.131585 0.199061 0.168586 0.120855 0.195637 0.122454 0.110297 0.102811 0.0971094 0.0928556
threshold=-0.085582554340362535 0.0024450421333312993 0.15749621391296389 0.15749621391296389 0.93370559811592113 0.043808043003082282 -0.041816532611846917 -0.017263948917388913 1.2518469691276553 0.0065659284591674813 0.028828117996454242 0.048953711986541755 0.0068966746330261239 0.086200773715972914 -0.048960506916046136 1.0000000180025095e-35 -0.0085372626781463606 -0.071130812168121324 0.025012977421283725 1.1649512052536013 -0.17513018846511838 -0.12658008933067319 1.0460831522941592 0.075538218021392836 -0.012986928224563597 0.0092497467994689959 0.071812923997640624 0.031506109982728965 -0.035506427288055413 0.05226599425077439
decision_type=2 8 2 2 8 10 10 8 10 8 10 10 10 2 8 2 2 8 8 10 10 10 10 8 8 2 10 10 8 10
left_child=1 3 7 -1 -5 -4 -6 -3 -7 16 12 -12 13 14 15 -11 19 18 -18 28 21 -20 -22 25 -25 -19 -26 -24 -2 -29
right_child=9 2 5 4 6 8 -8 -9 -10 10 11 -13 -14 -15 -16 -17 17 23 20 -21 22 -23 27 24 26 -27 -28 29 -30 -31
leaf_value=-4.7147120548533579e-05 3.3639026057050927e-05 0.00075560711492276937 -0.00088442274798034904 0.001052384805054734 0.00026777309059274615 0.00052734748985362701 -0.0005722652977568273 -0.00011170458632137315 -0.00037703362409252845 -0.0015571647909131698 -2.1719319958455862e-05 3.3806520361514797e-05 4.3529116288267254e-05 0.00056559733098078926 -8.3982449932367995e-06 7.1595156834917579e-05 -0.00015377187775603195 -6.5494952452282823e-06 -0.00023040364341711484 -2.2307953945694537e-05 -1.8926829387653081e-05 4.9842197233097177e-06 -9.1263748917527274e-05 -8.109066292234748e-05 -8.1639156126438782e-06 1.6436802292949964e-05 -0.00034021168431401977 0.00031516615134107744 3.7204564864150056e-06 -0.00020538039384732757
leaf_weight=14048 441157 172 572 304 963 152 244 3732 1658 115 273453 102222 229971 632 190384 40541 35744 1437176 17192 328194 96644 18806 2681 112549 624152 970756 2510 8196 704078 956
leaf_count=14048 441157 172 572 304 963 152 244 3732 1658 115 273453 102222 229971 632 190384 40541 35744 1437176 17192 328194 96644 18806 2681 112549 624152 970756 2510 8196 704078 956
internal_value=1.1166e-10 -7.14697e-05 -0.000212798 -1.43615e-05 0.000290281 -0.000441288 9.76227e-05 -7.33094e-05 -0.000300836 2.77036e-07 1.07583e-05 -6.61057e-06 2.48927e-05 6.39308e-06 4.86095e-06 6.69498e-05 -1.55103e-06 -5.2848e-06 -5.02234e-05 6.88072e-06 -2.46039e-05 -0.000107436 2.8846e-06 -2.71141e-06 -2.03954e-05 2.71742e-06 -9.49442e-06 0.000181012 1.52454e-05 0.000260774
internal_weight=5.65995e+06 21845 6286 15559 1511 2382 1207 3904 1810 5.63811e+06 837318 375675 461643 231672 231040 40656 4.80079e+06 3.32736e+06 180219 1.47343e+06 144475 35998 108477 3.14714e+06 739211 2.40793e+06 626662 11833 1.14524e+06 9152
internal_count=5659954 21845 6286 15559 1511 2382 1207 3904 1810 5638109 837318 375675 461643 231672 231040 40656 4800791 3327362 180219 1473429 144475 35998 108477 3147143 739211 2407932 626662 11833 1145235 9152
is_linear=0
shrinkage=0.05


Tree=80
num_leaves=31
num_cat=0
split_feature=8 3 4 3 4 3 3 2 7 1 8 4 5 1 2 4 5 6 6 7 7 2 0 4 8 0 5 9 1 2
split_gain=0.0425311 0.0721758 0.0699196 0.0584136 0.0808118 0.0715522 0.0663184 0.0563505 0.0770072 0.0588646 0.0899142 0.073805 0.065137 0.0560717 0.0532637 0.0530596 0.0486587 0.0491281 0.0465074 0.0455989 0.0452791 0.0803968 0.0632779 0.0590158 0.0756468 0.0699401 0.0620946 0.0834554 0.0586498 0.0552767
threshold=2.8624101877212529 0.044700920581817634 0.097031533718109145 0.055594146251678474 -0.0040151476860046378 0.09762591123580934 -0.003640741109848022 -0.035007536411285393 0.071812923997640624 -0.0090195238590240461 1.0000000180025095e-35 -0.041480690240859978 0.067150592803955092 0.3061321377754212 -0.03300467133522033 0.033108770847320564 0.012471854686737062 0.090408030897378935 0.081009093672037139 0.030870717018842701 0.05226599425077439 0.11151081323623659 0.099904358386993422 -0.022535234689712521 1.1351059675216677 -0.075857281684875474 0.11776316165924074 0.56462672352790844 -0.013605445623397825 0.2396693825721741
decision_type=10 10 2 10 2 10 10 10 10 8 10 2 2 8 8 2 2 8 10 8 10 10 10 2 8 10 2 10 10 8
left_child=1 20 7 6 5 -5 -2 9 -9 10 -3 -12 -13 -4 -8 -10 -11 -18 -6 -16 22 -22 -1 -23 26 -26 28 -28 -25 -24
right_child=3 2 13 4 18 -7 14 8 15 16 11 12 -14 -15 19 -17 17 -19 -20 -21 21 23 29 24 25 -27 27 -29 -30 -31
leaf_value=6.0821192139404798e-07 -8.9216278068657355e-05 -0.00033901836827260421 0.0001263840178911447 -0.00013861444747644591 -4.7412958123746913e-05 -0.0005113246259665818 -0.00010053313036994839 1.1768718665519806e-05 0.00086662583196150738 0.00022116625672160056 0.0006520194250727835 0.00029651055713759121 -0.00064547636193434531 0.0015691511229450291 5.0268526119678992e-05 -0.0002131221496179555 2.330292943391017e-05 -0.00054130475095554118 0.00045966744573562612 -3.8137430803325262e-05 1.1014851814682831e-05 8.373721260306955e-06 0.00013673697187763147 -8.3496983117661008e-06 -0.00076892521078306077 -0.00014532315377647988 0.0015424268415503606 9.629267705813382e-05 -0.00011883093449987359 -1.6913982168796192e-05
leaf_weight=5294795 25149 453 131 3574 4555 2013 10438 27413 439 3367 1612 1410 210 138 44096 153 4030 425 501 21794 87658 27204 15880 24250 459 20065 101 4568 23803 9270
leaf_count=5294795 25149 453 131 3574 4555 2013 10438 27413 439 3367 1612 1410 210 138 44096 153 4030 425 501 21794 87658 27204 15880 24250 459 20065 101 4568 23803 9270
internal_value=9.68871e-11 6.16264e-07 6.7722e-05 -3.04883e-05 -0.000141922 -0.00027297 -1.87998e-05 6.22408e-05 2.39635e-05 0.000155388 0.000320123 0.000412585 0.000174078 0.00086961 4.40227e-06 0.000587681 7.77485e-05 -3.06691e-05 2.9147e-06 2.10269e-05 1.31592e-07 -2.39768e-05 9.84045e-07 -5.45122e-05 -7.78682e-05 -0.000159306 -4.6163e-05 0.000127899 -6.30778e-05 8.01046e-05
internal_weight=5.65995e+06 5.54783e+06 39781 112120 10643 5587 101477 39512 28005 11507 3685 3232 1620 269 76328 592 7822 4455 5056 65890 5.50805e+06 188108 5.31994e+06 100450 73246 20524 52722 4669 48053 25150
internal_count=5659954 5547834 39781 112120 10643 5587 101477 39512 28005 11507 3685 3232 1620 269 76328 592 7822 4455 5056 65890 5508053 188108 5319945 100450 73246 20524 52722 4669 48053 25150
is_linear=0
shrinkage=0.05


Tree=81
num_leaves=31
num_cat=0
split_feature=8 0 8 2 5 0 7 3 0 9 1 2 3 7 9 1 4 8 6 2 3 5 3 6 5 0 1 3 5 6
split_gain=0.0401848 0.0913548 0.126003 0.10652 0.0717405 0.0721077 0.0642516 0.0781862 0.0619722 0.1128 0.123846 0.135828 0.131981 0.0852683 0.0730356 0.0765667 0.162423 0.131229 0.115719 0.0768898 0.0766864 0.0712688 0.0736735 0.097013 0.0958179 0.0776684 0.0741599 0.069399 0.069324 0.12202
threshold=1.6656175255775454 0.030352771282196048 0.85347551107406627 0.1067296862602234 0.03875237703323365 -0.011345237493515013 0.071812923997640624 0.0064107775688171395 -0.010610073804855345 0.72918650507926952 -0.089147299528121934 -0.099290043115615831 -0.013729959726333616 0.021925952285528186 0.317832961678505 -0.071130812168121324 0.01312917470932007 1.2105222940444949 0.048272632062435157 -0.21318903565406797 0.055594146251678474 0.035576581954956062 -0.031981140375137322 0.074130844324827208 0.070949733257293715 -0.042418479919433587 -0.19784396886825559 0.031005024909973148 0.03494387865066529 0.016316491179168228
decision_type=10 10 8 10 2 10 10 10 8 8 10 8 10 8 10 10 2 10 10 10 10 2 10 10 2 10 10 10 2 8
left_child=1 8 -3 -4 5 -2 -5 -8 14 10 11 12 13 -10 27 16 20 18 19 -18 21 -16 23 24 -23 26 -24 -1 29 -11
right_child=4 2 3 6 -6 -7 7 -9 9 28 -12 -13 -14 -15 15 -17 17 -19 -20 -21 -22 22 25 -25 -26 -27 -28 -29 -30 -31
leaf_value=-8.9303743306279614e-05 -6.6347374818774508e-05 9.3837121326747575e-05 3.7415398890121759e-05 -1.9575036892280912e-05 -2.224075441330998e-05 3.850868876654213e-05 -0.00045426848916694314 7.7817417712372969e-05 -0.0017029964587241661 -1.9907252539981545e-06 -1.3162489176965089e-05 -2.264992663682828e-05 -0.00013134780475802934 -0.0004344128754464565 -1.4639708654398028e-05 3.5936477864625352e-06 0.00017840914110400942 0.00018894632168664027 4.6649288762619481e-05 -0.00071766753726038848 0.0012421272470832761 9.2008525569112879e-05 0.00018109145750507276 -0.00018019960724794827 0.00040039858465682528 6.6883174842905728e-05 -8.2818942924763937e-06 -0.0010112049428415417 -1.151106088926995e-05 2.8490465215870828e-05
leaf_weight=14829 19589 57696 169525 105701 434408 100559 1852 1100 139 973778 1009721 39502 26030 2514 54311 1294854 270 1161 918 2087 131 5697 5543 1693 4515 127130 76587 206 632566 495342
leaf_count=14829 19589 57696 169525 105701 434408 100559 1852 1100 139 973778 1009721 39502 26030 2514 54311 1294854 270 1161 918 2087 131 5697 5543 1693 4515 127130 76587 206 632566 495342
internal_value=1.12746e-10 1.38863e-06 2.65926e-05 1.26454e-05 -1.2783e-05 2.14125e-05 -2.60018e-05 -0.000256039 -3.86258e-07 -4.41653e-06 -1.75667e-05 -8.27857e-05 -0.0001656 -0.000501495 7.67359e-06 8.72069e-06 3.24268e-05 -0.000267684 -0.00042957 -0.000614988 3.72582e-05 3.66807e-05 4.92834e-05 0.000170268 0.000228382 4.23997e-05 4.50107e-06 -0.000102001 2.3279e-06 8.28661e-06
internal_weight=5.65995e+06 5.1054e+06 335874 278178 554556 120148 108653 2952 4.76952e+06 3.17959e+06 1.07791e+06 68185 28683 2653 1.58993e+06 1.5749e+06 280043 4436 3275 2357 275607 275476 221165 11905 10212 209260 82130 15035 2.10169e+06 1.46912e+06
internal_count=5659954 5105398 335874 278178 554556 120148 108653 2952 4769524 3179592 1077906 68185 28683 2653 1589932 1574897 280043 4436 3275 2357 275607 275476 221165 11905 10212 209260 82130 15035 2101686 1469120
is_linear=0
shrinkage=0.05


Tree=82
num_leaves=31
num_cat=0
split_feature=7 4 3 6 9 4 3 1 2 3 3 2 3 9 4 9 1 0 1 2 9 0 0 6 0 3 1 8 3 6
split_gain=0.0393552 0.105401 0.0974623 0.0933852 0.119949 0.0866056 0.085177 0.0824759 0.161515 0.162765 0.126966 0.114255 0.107974 0.102672 0.0844065 0.14113 0.138202 0.0810183 0.0784739 0.100305 0.151992 0.130784 0.103933 0.119583 0.115139 0.106727 0.0997156 0.079892 0.117516 0.084875
threshold=0.038577992469072349 0.026078522205352787 0.09762591123580934 0.032594379037618644 5.5106449127197275 -0.085582554340362535 -0.022400975227355954 -0.01500001549720764 0.044878184795379646 0.036720097064971931 -0.0019156634807586668 -0.058411478996276849 -0.014563113451004027 1.0013483762741091 -0.0051456987857818595 1.0100545287132265 -0.079895436763763414 0.010495185852050783 -0.010354906320571898 -0.057395160198211663 0.74200138449668895 -0.0020202100276947017 0.0068966746330261239 0.045171439647674567 -0.089001655578613267 -0.0091743171215057356 -0.077948123216629014 1.3851177096366885 -0.068172544240951524 0.046331051737070091
decision_type=8 2 10 10 8 2 8 8 10 10 8 10 10 10 2 8 10 8 10 10 10 10 10 10 10 10 10 10 10 10
left_child=3 -2 6 7 5 -5 -3 8 9 14 11 12 -9 -12 15 -1 -16 -18 19 20 21 -7 24 -24 -21 -25 -23 -22 29 -29
right_child=1 2 -4 4 -6 18 -8 10 -10 -11 13 -13 -14 -15 16 -17 17 -19 -20 22 27 26 23 25 -26 -27 -28 28 -30 -31
leaf_value=9.6248866255068332e-06 -2.6231209229200655e-07 -0.00012487321833952285 0.00097852056089758345 -0.00016897283727131151 -0.00014390194622016458 2.64175772627785e-05 -2.9743851272075498e-05 0.00017135032245637108 3.3760918290177584e-05 0.00033126982640202095 -1.5642646446381234e-05 1.0502604439478062e-05 4.2232209136884255e-05 9.0799651373906181e-06 -0.0001232795726168259 -3.5807450178798418e-05 -3.6548383861523842e-05 7.1016164757921186e-06 9.3522300272080692e-06 0.00046398320432754605 8.3772779749583231e-05 -0.00021722510233743934 9.4615536371077695e-05 0.00069433991277226823 3.5572761776761711e-05 0.00022783472870027051 -2.6560977729661651e-05 0.00047364984200714178 -5.4399444750378783e-05 -0.00018780329725631771
leaf_weight=493185 680428 27172 233 5920 11150 29251 175553 17932 183130 3359 865151 691691 166744 816099 38273 261604 401656 144567 409704 1602 70117 14254 29587 1430 72571 8578 13215 1887 23259 652
leaf_count=493185 680428 27172 233 5920 11150 29251 175553 17932 183130 3359 865151 691691 166744 816099 38273 261604 401656 144567 409704 1602 70117 14254 29587 1430 72571 8578 13215 1887 23259 652
internal_value=8.75145e-11 -9.69489e-06 -4.1318e-05 1.79309e-06 1.87614e-05 2.14209e-05 -4.2495e-05 -1.08737e-06 -1.02875e-05 -1.62955e-05 4.40109e-06 1.98312e-05 5.47704e-05 -3.64199e-06 -1.71675e-05 -6.12163e-06 -3.14316e-05 -2.49957e-05 2.30882e-05 4.42129e-05 1.77249e-05 -4.71573e-05 7.97496e-05 0.000145158 4.48318e-05 0.000294554 -0.000125503 5.60935e-05 -1.9137e-05 0.000303786
internal_weight=5.65995e+06 883386 202958 4.77657e+06 693177 682027 202725 4.08339e+06 1.52577e+06 1.34264e+06 2.55762e+06 876367 184676 1.68125e+06 1.33928e+06 754789 584496 546223 676107 266403 152635 56720 113768 39595 74173 10008 27469 95915 25798 2539
internal_count=5659954 883386 202958 4776568 693177 682027 202725 4083391 1525774 1342644 2557617 876367 184676 1681250 1339285 754789 584496 546223 676107 266403 152635 56720 113768 39595 74173 10008 27469 95915 25798 2539
is_linear=0
shrinkage=0.05


Tree=83
num_leaves=31
num_cat=0
split_feature=0 5 4 8 6 1 8 2 2 4 7 6 8 4 7 2 7 0 8 3 6 3 1 2 7 5 7 2 7 2
split_gain=0.0394784 0.0611817 0.109298 0.115413 0.0898901 0.089754 0.0998596 0.0715731 0.093362 0.0991379 0.0877306 0.0881373 0.0623736 0.0597619 0.0585948 0.0581126 0.0755516 0.057205 0.0627246 0.0829855 0.102585 0.0637958 0.056385 0.0554222 0.0518807 0.0519447 0.0498149 0.163813 0.0491362 0.0565436
threshold=-0.089001655578613267 0.065441548824310317 -0.054825484752655022 1.7936236858367922 0.081009093672037139 -0.19784396886825559 0.55752241611480724 0.41349774599075323 -0.1491630673408508 -0.00070369243621826161 0.022463800385594371 0.081009093672037139 0.78178536891937267 -0.018633574247360226 0.059923326596617706 -0.099290043115615831 0.066011428833007826 -0.067567557096481309 1.314632833003998 -0.022400975227355954 0.05292469076812268 0.055594146251678474 0.20357626676559451 -0.010226070880889891 0.040827712044119842 0.025269746780395511 0.028694830834865574 0.1067296862602234 0.054824823513627059 0.12465113401412965
decision_type=8 2 2 10 10 8 8 10 10 2 10 10 8 2 10 10 8 8 8 10 10 10 10 10 10 2 8 10 8 10
left_child=1 7 5 4 15 -3 -7 8 -1 12 -11 23 14 -6 -10 -4 -17 18 19 20 28 -20 -5 24 25 -12 27 -21 29 -2
right_child=17 2 3 22 13 6 -8 -9 9 10 11 -13 -14 -15 -16 16 -18 -19 21 26 -22 -23 -24 -25 -26 -27 -28 -29 -30 -31
leaf_value=-0.00033137851335866142 0.00042197130673728107 0.00023232439847177295 0.00024983602486837344 -0.00011074755080908517 0.00019665979438431285 -0.00103278938933914 -6.9454042229465018e-05 -0.00066273215033595774 -0.0010399772556278462 -0.00083420981514123645 0.00023058928630064032 -0.00038414083551793331 -0.00010629696303811295 -0.00066229213564561462 7.7322634211614604e-06 0.00094296747842446287 -0.00014985485695287546 -8.8375389533915139e-08 -2.4484077244553321e-06 0.00014282290625055032 7.6691154970016245e-05 -0.00078977020235484205 -0.0012493750723332332 0.00076672718569170684 -0.00030966921113894231 0.001024321412860832 1.5053202320451292e-05 0.0018523718544372148 4.5993682999794415e-05 0.0010452445050133069
leaf_weight=3385 2849 2534 904 885 968 271 24560 648 396 206 1688 503 2017 255 201 1046 186 5573749 18114 1463 4829 260 123 585 382 234 15420 154 722 417
leaf_count=3385 2849 2534 904 885 968 271 24560 648 396 206 1688 503 2017 255 201 1046 186 5573749 18114 1463 4829 260 123 585 382 234 15420 154 722 417
internal_value=1.05498e-10 -4.83083e-05 -1.40075e-05 0.000218255 0.000359042 -5.10793e-05 -8.00088e-05 -0.000154537 -0.000120158 -5.02577e-06 0.00016521 0.000226134 -0.000239318 1.71704e-05 -0.000687808 0.000554687 0.000777992 3.6107e-07 5.70003e-05 0.000107196 0.000231708 -1.36317e-05 -0.000250788 0.000332484 0.000221943 0.000327707 4.27483e-05 0.000306681 0.000419349 0.000501846
internal_weight=5.65995e+06 41977 31732 4367 3359 27365 24831 10245 9597 6212 3598 3392 2614 1223 597 2136 1232 5.61798e+06 44228 25854 8817 18374 1008 2889 2304 1922 17037 1617 3988 3266
internal_count=5659954 41977 31732 4367 3359 27365 24831 10245 9597 6212 3598 3392 2614 1223 597 2136 1232 5617977 44228 25854 8817 18374 1008 2889 2304 1922 17037 1617 3988 3266
is_linear=0
shrinkage=0.05


Tree=84
num_leaves=31
num_cat=0
split_feature=0 8 7 6 7 8 3 5 7 9 3 3 6 6 7 8 3 9 7 4 5 3 2 2 5 0 2 3 9 1
split_gain=0.0378135 0.084984 0.0637969 0.0624794 0.0703353 0.0615513 0.0832253 0.0589974 0.0536371 0.0529728 0.050416 0.0493325 0.0502783 0.04892 0.0481541 0.052819 0.0732111 0.0453485 0.0475858 0.0441694 0.0420524 0.0571861 0.0418 0.0408162 0.0859323 0.10112 0.13079 0.120745 0.10312 0.0880013
threshold=0.049397885799407966 1.1527398824691775 0.026934624649584297 0.090408030897378935 0.05123968422412873 3.4519252777099614 0.09762591123580934 0.066277861595153822 0.038283899426460273 1.3118802309036257 0.055594146251678474 0.00043517351150512701 0.081009093672037139 0.038535173982381828 0.071812923997640624 1.2472808957099917 0.018590986728668216 0.62602341175079357 0.071812923997640624 0.1079729199409485 0.10909950733184816 -0.068172544240951524 -0.20457771420478818 -0.10440829396247862 0.046585083007812507 0.010258018970489504 -0.019762843847274777 -0.016637712717056271 1.1007510423660281 -0.034260660409927361
decision_type=10 10 10 10 10 10 10 2 8 10 10 10 10 10 10 10 10 8 10 2 2 10 10 8 2 8 8 10 10 10
left_child=5 8 -3 4 11 23 20 -5 -2 17 -6 13 19 -4 -9 -16 -17 18 -10 -13 -7 -22 -15 -1 25 26 -25 -28 29 -29
right_child=1 2 3 7 10 6 -8 14 9 -11 -12 12 -14 22 15 16 -18 -19 -20 -21 21 -23 -24 24 -26 -27 27 28 -30 -31
leaf_value=9.7067245464567401e-06 0.00014691402782512341 5.4349755456732772e-05 -3.3828278670779142e-05 0.0011887031070435409 -0.00013813355110026286 -2.7191544411090828e-05 -0.00049408299412967329 0.00025714095403040702 0.00014511365170773581 0.00055864309787983797 0.00015596545276356464 -2.9174887371860842e-05 0.00036441908236188163 -0.00029186888426193969 0.00075173095990398306 -0.0007776381901804173 0.0002550365758777064 1.2137261485303383e-05 0.0010036580411655952 -0.00037917991749413649 -0.00083766200881699106 -0.00013923559011128872 7.8312058953085501e-05 -1.6552293354026035e-05 -1.5368441518423014e-05 1.745757569863133e-05 -6.4344358856115158e-05 3.00841167188335e-05 3.5333681760271496e-05 -3.541452005597332e-06
leaf_weight=832771 17235 47192 17440 142 15939 25814 1113 2630 4845 486 1603 77542 802 780 128 412 293 32407 166 911 309 5391 32403 1097731 989183 760509 59526 235896 287532 1110823
leaf_count=832771 17235 47192 17440 142 15939 25814 1113 2630 4845 486 1603 77542 802 780 128 412 293 32407 166 911 309 5391 32403 1097731 989183 760509 59526 235896 287532 1110823
internal_value=9.60225e-11 1.88792e-05 3.60584e-06 -1.22508e-05 -1.72804e-05 -8.84594e-07 -6.93512e-05 0.000193375 7.37839e-05 4.05286e-05 -0.000111251 -4.58747e-06 -2.92154e-05 3.39696e-05 0.000152231 -0.00017891 -0.000348702 3.37843e-05 0.000173749 -3.32439e-05 -5.43355e-05 -0.000177238 6.9602e-05 -4.689e-07 -2.33492e-06 1.29472e-06 -3.10864e-06 5.60416e-06 8.152e-06 2.34854e-06
internal_weight=5.65995e+06 253356 198217 151025 147420 5.4066e+06 32627 3605 55139 37904 17542 129878 79255 50623 3463 833 705 37418 5011 78453 31514 5700 33183 5.37397e+06 4.5412e+06 3.55202e+06 2.79151e+06 1.69378e+06 1.63425e+06 1.34672e+06
internal_count=5659954 253356 198217 151025 147420 5406598 32627 3605 55139 37904 17542 129878 79255 50623 3463 833 705 37418 5011 78453 31514 5700 33183 5373971 4541200 3552017 2791508 1693777 1634251 1346719
is_linear=0
shrinkage=0.05


Tree=85
num_leaves=31
num_cat=0
split_feature=0 5 3 3 2 9 2 5 3 7 5 4 6 2 4 7 5 7 8 8 2 1 6 1 2 2 1 2 0 8
split_gain=0.0350076 0.059361 0.109194 0.0689289 0.0953215 0.0629266 0.0603847 0.0606372 0.134586 0.0875347 0.0559385 0.0738346 0.0731468 0.0793275 0.0761809 0.051002 0.0503177 0.045417 0.0452318 0.0408682 0.0396602 0.0392594 0.0357089 0.0509896 0.0354428 0.0680577 0.0347062 0.0340524 0.0332287 0.0767011
threshold=-0.09985527396202086 0.11776316165924074 0.0078803300857543963 -0.026889681816101071 -0.17513018846511838 1.0752422809600832 0.080601811408996596 0.15749621391296389 -0.023605108261108395 0.066011428833007826 0.081245720386505141 -0.012121230363845823 0.081009093672037139 -0.099290043115615831 -0.0043804347515106192 0.05123968422412873 1.0000000180025095e-35 0.071812923997640624 0.63724130392074596 0.70697247982025158 -0.17513018846511838 -0.034859746694564812 0.090408030897378935 0.025063335895538334 0.11394745111465455 -0.012147903442382811 -0.1098901331424713 0.0064101815223693856 0.049397885799407966 1.1527398824691775
decision_type=8 2 10 10 8 8 10 2 10 8 2 2 10 10 2 8 2 10 8 8 8 8 8 8 8 10 10 10 10 10
left_child=1 3 5 10 -5 17 20 9 -9 -8 12 22 13 26 18 16 -16 24 -15 -6 -7 -4 -12 -24 25 -3 -1 -18 -2 -30
right_child=28 2 21 4 19 6 7 8 -10 -11 11 -13 -14 14 15 -17 27 -19 -20 -21 -22 -23 23 -25 -26 -27 -28 -29 29 -31
leaf_value=-0.00010619374368624413 -5.9264935300850997e-07 0.00013003665110520861 -2.9882233130066612e-05 7.7728281987910356e-05 -0.0010291931591154934 -0.00013169286587091719 -0.00035081619769921978 -0.0019272344449227177 0.00024238223171172045 0.0012707021453322589 0.00012165459340957821 -0.00098162591328967703 -0.00038086833953035644 -0.00077115004569157798 0.00032896523360077053 -0.0002056467045336814 0.00078100774975964891 0.00095695199545125652 5.2673788478014022e-05 -0.00037028676803816193 0.00038036420237516047 -0.0006225229496336415 -0.00023225425276480425 0.00090054289255831843 -9.3341121257612376e-05 0.0011898349371136055 -0.00050293607500834345 0.001812616420654267 7.0096417208491985e-05 3.4259193141771545e-06
leaf_weight=3403 5385642 403 521 1349 255 548 341 148 137 109 2053 135 1906 188 524 213 286 370 1406 2978 1216 602 136 364 354 242 657 112 55139 198217
leaf_count=3403 5385642 403 521 1349 255 548 341 148 137 109 2053 135 1906 188 524 213 286 370 1406 2978 1216 602 136 364 354 242 657 112 55139 198217
internal_value=1.07224e-10 -6.45031e-05 8.59917e-05 -0.000111553 -0.000275284 0.000212006 6.26771e-05 -0.000317814 -0.000887095 4.38982e-05 -4.56287e-05 0.000153684 -0.000107255 -3.03943e-05 0.000178036 0.00049091 0.000651876 0.000484349 -4.49124e-05 -0.00042256 0.000221305 -0.000347847 0.000214079 0.000592573 0.000308529 0.000528893 -0.000170504 0.00107513 2.39829e-07 1.79359e-05
internal_weight=5.65995e+06 20956 4991 15965 4582 3868 2499 735 285 450 11383 2688 8695 6789 2729 1135 922 1369 1594 3233 1764 1123 2553 500 999 645 4060 398 5.639e+06 253356
internal_count=5659954 20956 4991 15965 4582 3868 2499 735 285 450 11383 2688 8695 6789 2729 1135 922 1369 1594 3233 1764 1123 2553 500 999 645 4060 398 5638998 253356
is_linear=0
shrinkage=0.05


Tree=86
num_leaves=31
num_cat=0
split_feature=7 4 3 6 9 3 4 1 2 3 3 2 3 9 4 9 1 3 0 3 1 1 2 9 3 8 5 0 4 7
split_gain=0.0346131 0.0970922 0.085428 0.0832684 0.104707 0.0752302 0.074465 0.07373 0.14373 0.15324 0.116901 0.103357 0.0973886 0.0882277 0.0820315 0.120613 0.119543 0.0788691 0.0783892 0.0748903 0.0713588 0.069993 0.0915936 0.124024 0.0878411 0.116668 0.100819 0.0856333 0.0808316 0.0667258
threshold=0.038577992469072349 0.026078522205352787 0.09762591123580934 0.032594379037618644 5.5106449127197275 -0.022400975227355954 -0.085582554340362535 -0.01500001549720764 0.024394750595092777 0.036720097064971931 -0.0019156634807586668 -0.058411478996276849 -0.014563113451004027 1.0013483762741091 -0.0051456987857818595 1.2211476564407351 -0.076142102479934679 -0.017913430929183956 0.010258018970489504 -0.0086455047130584699 -0.051668673753738396 -0.010354906320571898 -0.0044825971126556388 0.74200138449668895 -0.068172544240951524 1.3851177096366885 1.0000000180025095e-35 -0.089001655578613267 -0.0051456987857818595 0.025012977421283725
decision_type=8 2 10 10 8 8 2 10 10 10 8 10 10 10 2 8 10 8 10 10 10 10 10 8 10 10 2 10 2 8
left_child=3 20 5 7 6 -3 -5 8 9 14 11 12 -9 -12 15 17 19 -1 -18 -16 -2 22 23 -8 26 -26 -25 -24 -28 -13
right_child=1 2 -4 4 -6 -7 21 10 -10 -11 13 29 -14 -15 16 -17 18 -19 -20 -21 -22 -23 27 24 25 -27 28 -29 -30 -31
leaf_value=0.00016583322929739278 2.2551894868203472e-05 -0.00011796397743504789 0.00091535888914999952 -0.0001563558514749997 -0.00013427298500287931 -2.8561499208592964e-05 -2.6493380670756011e-05 0.00016290598583897613 2.3719950469020805e-05 0.00032584958084494692 -1.4691266295816409e-05 1.9460190233989938e-05 4.0280343421778977e-05 8.2264354308578797e-06 -0.00021431354227204841 -4.976342460520844e-05 -3.732606934947461e-05 1.2303011235744781e-06 7.1450406780475327e-06 -7.0093020488043873e-05 -1.1644629436773355e-05 8.7627671232014537e-06 0.00062205098888602978 -0.00084777547812134595 7.7015909674126384e-05 -3.9868931243066687e-05 -0.0002771893622767938 8.3935372677559753e-05 0.00046390820250633773 -1.5637832910523226e-05
leaf_weight=7370 230926 27172 233 5920 11150 175553 75243 17932 265209 3254 865151 506916 166744 816099 12554 131204 365862 572612 135900 31809 449502 409704 746 179 86471 28347 422 72155 2840 184775
leaf_count=7370 230926 27172 233 5920 11150 175553 75243 17932 265209 3254 865151 506916 166744 816099 12554 131204 365862 572612 135900 31809 449502 409704 746 179 86471 28347 422 72155 2840 184775
internal_value=1.07071e-10 -9.09203e-06 -3.94431e-05 1.68162e-06 1.77045e-05 -4.0545e-05 2.01893e-05 -1.03835e-06 -9.73704e-06 -1.6776e-05 4.15096e-06 1.89568e-05 5.21881e-05 -3.56674e-06 -1.7663e-05 -6.47139e-06 -3.22372e-05 3.32224e-06 -2.52813e-05 -0.000110909 -3.88791e-08 2.17353e-05 4.16858e-05 2.36904e-05 5.56201e-05 4.81585e-05 0.000304507 8.94504e-05 0.000367978 1.00843e-05
internal_weight=5.65995e+06 883386 202958 4.77657e+06 693177 202725 682027 4.08339e+06 1.52577e+06 1.26056e+06 2.55762e+06 876367 184676 1.68125e+06 1.25731e+06 711186 546125 579982 501762 44363 680428 676107 266403 193502 118259 114818 3441 72901 3262 691691
internal_count=5659954 883386 202958 4776568 693177 202725 682027 4083391 1525774 1260565 2557617 876367 184676 1681250 1257311 711186 546125 579982 501762 44363 680428 676107 266403 193502 118259 114818 3441 72901 3262 691691
is_linear=0
shrinkage=0.05


Tree=87
num_leaves=31
num_cat=0
split_feature=8 0 5 2 2 3 8 6 2 6 7 8 5 0 8 4 4 1 0 5 1 2 0 3 3 1 6 9 2 2
split_gain=0.0334774 0.0764224 0.100755 0.0664108 0.107145 0.0769883 0.0526052 0.0564354 0.0532257 0.060734 0.0757722 0.0563671 0.0521673 0.0503623 0.0863244 0.074185 0.0737448 0.137211 0.0771359 0.0651989 0.103851 0.0978506 0.0967566 0.0815538 0.0694911 0.102036 0.105038 0.11443 0.0795035 0.0790515
threshold=1.6656175255775454 0.037064731121063239 0.050000011920928962 -0.0044825971126556388 0.10214877128601076 -0.010880291461944578 0.55230879783630382 0.090408030897378935 0.61588323116302501 0.057220127433538444 0.037180989980697639 1.0529016852378847 1.0000000180025095e-35 -0.020737379789352414 0.33175033330917364 0.051520347595214851 0.021807789802551273 -0.050739616155624383 -0.03745868802070617 0.039486825466156013 0.015514791011810304 0.056508064270019538 0.024412751197814945 -0.020211338996887204 -0.0019156634807586668 -0.017366766929626461 0.043470302596688278 0.55970850586891185 -0.003540486097335815 -0.058411478996276849
decision_type=10 10 2 8 8 10 8 10 8 10 10 8 2 8 10 2 2 10 10 2 8 8 8 8 10 8 10 10 10 8
left_child=1 13 -3 12 -5 -6 7 -4 9 10 -8 -10 -2 14 -1 16 -16 18 -18 22 -21 23 24 -22 25 26 28 -28 -15 -27
right_child=3 2 6 4 5 -7 8 -9 11 -11 -12 -13 -14 19 15 -17 17 -19 -20 20 21 -23 -24 -25 -26 29 27 -29 -30 -31
leaf_value=-0.00013679654254235461 -0.00051179090568138246 9.5453018620084203e-05 0.00020712900380336123 2.4874114463084992e-05 -0.00011920219072124392 -1.6238764572347114e-05 3.2809750707498976e-05 0.0013558320463185707 4.9729541728877941e-05 7.8081594129177429e-05 -4.3013238009105707e-05 -0.0001899568942036712 -3.319532708554817e-05 -3.2842431587677063e-05 1.3099275706392915e-05 0.00049209717776320936 -0.00010861085660937864 8.7663447151234257e-05 -0.00082850365182117285 5.9779425817358833e-07 0.00014020553759806507 -5.6556348593918412e-05 5.2037503419537776e-05 -1.3113561366692377e-05 -6.0068544159096655e-06 5.2465580219032454e-05 -1.8255356954707848e-05 0.00028228885671771555 1.973198712484434e-05 1.1931357698730498e-05
leaf_weight=9775 570 46245 1737 204557 21180 127087 81610 113 3939 32658 55259 6499 201162 241308 845065 805 596 1703 991 466558 9274 214677 89660 133730 2051641 154603 6446 6225 102431 541850
leaf_count=9775 570 46245 1737 204557 21180 127087 81610 113 3939 32658 55259 6499 201162 241308 845065 805 596 1703 991 466558 9274 214677 89660 133730 2051641 154603 6446 6225 102431 541850
internal_value=1.09782e-10 1.26746e-06 2.95574e-05 -1.16675e-05 1.41607e-06 -3.09478e-05 1.27962e-05 0.000277988 1.00686e-05 1.68161e-05 2.19716e-06 -9.95101e-05 -3.45501e-05 -5.53543e-08 1.09341e-05 1.26349e-05 1.21793e-05 -0.000224047 -0.000558386 -2.40436e-06 -1.4942e-05 -3.5212e-05 8.30914e-07 -3.1697e-06 -6.4798e-07 9.79448e-06 -1.19641e-05 0.000129406 -1.71757e-05 2.09295e-05
internal_weight=5.65995e+06 5.1054e+06 228060 554556 352824 148267 181815 1850 179965 169527 136869 10438 201732 4.87734e+06 858935 849160 848355 3290 1587 4.0184e+06 824239 357681 3.19416e+06 143004 3.1045e+06 1.05286e+06 356410 12671 343739 696453
internal_count=5659954 5105398 228060 554556 352824 148267 181815 1850 179965 169527 136869 10438 201732 4877338 858935 849160 848355 3290 1587 4018403 824239 357681 3194164 143004 3104504 1052863 356410 12671 343739 696453
is_linear=0
shrinkage=0.05


Tree=88
num_leaves=31
num_cat=0
split_feature=0 0 8 3 9 6 2 6 9 8 3 7 6 9 5 2 3 2 7 5 2 1 8 5 4 0 5 3 2 9
split_gain=0.0317102 0.0729239 0.0524824 0.0745189 0.0503318 0.0615778 0.0621561 0.0600397 0.0529127 0.0514973 0.0490706 0.0465574 0.0499651 0.0496109 0.0450729 0.0432261 0.0422239 0.0544058 0.0419441 0.0412375 0.0386835 0.044941 0.0380411 0.0372689 0.0370283 0.0429841 0.0369902 0.0512832 0.0413133 0.0368702
threshold=0.049397885799407966 0.050956130027771003 3.4519252777099614 0.09762591123580934 0.63325247168540966 0.0028996655019000177 0.61588323116302501 0.090408030897378935 1.0013483762741091 1.0717694759368899 0.09762591123580934 0.050221854820847518 0.081009093672037139 1.5886884331703188 0.029613971710205082 0.37043792009353643 -0.014132887125015257 0.61588323116302501 0.071812923997640624 0.068965613842010512 -0.10101252794265746 -0.061408042907714837 1.5669118762016299 0.063025295734405531 0.1079729199409485 0.045553565025329597 0.10909950733184816 -0.068172544240951524 -0.20457771420478818 2.6518087387084965
decision_type=10 10 10 10 8 8 10 10 10 10 10 8 10 10 2 10 10 8 10 2 8 8 10 2 2 8 2 10 10 10
left_child=2 15 24 26 18 -6 7 11 -9 -8 -11 12 14 16 -7 23 17 -13 -3 -14 22 -22 -16 -2 -1 -26 -4 -28 -29 -12
right_child=1 4 3 -5 5 6 9 8 -10 10 29 13 19 -15 20 -17 -18 -19 -20 -21 21 -23 -24 -25 25 -27 27 28 -30 -31
leaf_value=-4.9220041786114722e-07 0.00015404930852066422 0.00013122224567667121 -2.4365612681710428e-05 -0.00046593381861404436 0.00023818487869475518 -0.00015275362714638866 3.2326654804480754e-05 -0.00024265266205315155 0.00026826744734579662 -0.0002913034521977271 0.00088856963176461845 -0.00010281431674929386 0.0011392381284826695 -0.00013402911600541361 9.8701139630731486e-06 0.00035719322781785985 2.3715678741706427e-05 -0.00077774258972857608 0.00094238740960618766 0.0002248211533647196 0.0002641801048086208 1.8864137264659255e-05 -0.00016075895628607181 1.6617631713475374e-05 6.0002798756448266e-06 0.00057120234609446096 -0.00079050033671474894 0.00037359988221157296 -0.00016718480594338166 -0.00015029641687932952
leaf_weight=5372613 9907 5683 25814 1113 2805 4096 2670 590 3561 4198 158 2223 137 11706 7219 1582 17335 344 163 1167 1888 159950 5965 9825 747 611 309 379 5012 184
leaf_count=5372613 9907 5683 25814 1113 2805 4096 2670 590 3561 4198 158 2223 137 11706 7219 1582 17335 344 163 1167 1888 159950 5965 9825 747 611 309 379 5012 184
internal_value=1.12055e-10 1.72887e-05 -8.10042e-07 -6.40319e-05 9.15849e-06 5.41451e-06 2.49068e-06 7.30754e-06 0.000195607 -0.000141917 -0.000244375 3.62022e-06 1.34269e-05 -5.23561e-05 1.11809e-05 0.000105796 -4.31318e-06 -0.000193528 0.000153997 0.00032169 1.50183e-05 2.17276e-05 -6.7336e-05 8.56233e-05 -4.26191e-07 0.000260533 -4.98233e-05 -0.000165091 -0.000129104 0.000330839
internal_weight=5.65995e+06 253356 5.4066e+06 32627 232042 226196 223391 216181 4151 7210 4540 212030 180422 31608 179118 21314 19902 2567 5846 1304 175022 161838 13184 19732 5.37397e+06 1358 31514 5700 5391 342
internal_count=5659954 253356 5406598 32627 232042 226196 223391 216181 4151 7210 4540 212030 180422 31608 179118 21314 19902 2567 5846 1304 175022 161838 13184 19732 5373971 1358 31514 5700 5391 342
is_linear=0
shrinkage=0.05


Tree=89
num_leaves=31
num_cat=0
split_feature=0 2 2 6 4 8 5 4 8 0 3 6 8 8 1 4 2 9 2 7 6 9 3 5 1 5 3 2 1 0
split_gain=0.0306419 0.0559646 0.071201 0.116936 0.173749 0.0583298 0.0570948 0.0919741 0.0547394 0.0519828 0.0536732 0.0842739 0.0675576 0.0636766 0.0519827 0.0519565 0.0505963 0.0485541 0.0464882 0.0675323 0.0606368 0.04593 0.0503377 0.0524439 0.0774671 0.0445514 0.0438758 0.179116 0.292029 0.174133
threshold=-0.089001655578613267 0.48186320066452032 -0.084833413362503038 0.06402794644236566 -0.071965038776397691 0.74152010679245006 0.068965613842010512 -0.0047847330570220939 2.1973848342895512 -0.067567557096481309 -0.023605108261108395 0.050474556162953384 1.314632833003998 1.0306783914566042 -0.19784396886825559 -0.054825484752655022 -0.014064997434616087 1.5886884331703188 0.16001403331756595 0.048558598384261138 0.050474556162953384 1.1341598629951479 -0.003640741109848022 0.090602457523345961 0.025674521923065189 0.07563191652297975 -0.011695832014083861 -0.0639020800590515 -0.074324339628219591 -0.01387733221054077
decision_type=8 10 10 10 2 8 2 2 10 8 10 8 10 8 8 2 10 8 10 10 8 10 10 2 10 2 8 8 8 10
left_child=1 2 -1 4 -4 -3 7 -6 25 10 11 12 -2 -13 16 18 -12 -17 20 -20 -8 22 23 -7 -25 -5 27 28 29 -11
right_child=9 5 3 8 6 21 15 -9 -10 26 14 13 -14 -15 -16 17 -18 -19 19 -21 -22 -23 -24 24 -26 -27 -28 -29 -30 -31
leaf_value=-9.371201122463247e-05 0.00042372344056848857 -0.00072885173296739986 -2.9890905802091831e-05 -0.00019307287189978758 -0.00014247596586416166 -0.00017670014051079908 0.00066425874226733932 0.0005426966442308018 -0.00039740201110706962 -5.18203944514646e-06 0.00046355296982798311 0.00018304306811033186 0.00010397906537499818 -0.00010823263200614821 2.1589672235233408e-06 0.0012220647218743571 -0.00033505850817374641 1.2445975495639314e-05 0.0019941376796288584 0.00038773244481401381 -2.9968159642406514e-05 -0.00042154584427757884 -0.0007782140134066284 1.932065484484704e-05 0.0012888141125551469 4.2083637459711478e-05 1.280198277491122e-06 -3.3182233744809941e-05 8.1197358442057491e-05 -0.00021798432045115113
leaf_weight=20172 3326 545 4774 2943 922 469 626 1043 1152 29792 1103 3368 3283 4234 28673 464 241 101 109 163 631 846 151 281 209 6376 5075127 356525 98113 14192
leaf_count=20172 3326 545 4774 2943 922 469 626 1043 1152 29792 1103 3368 3283 4234 28673 464 241 101 109 163 631 846 151 281 209 6376 5075127 356525 98113 14192
internal_value=1.25925e-10 -4.25597e-05 -2.80247e-05 4.06175e-05 0.000174594 -0.000271879 0.000415048 0.000221297 -7.24068e-05 3.18137e-07 5.43102e-05 0.000134358 0.000264931 2.08216e-05 1.64096e-05 0.00059667 0.000320207 0.00100624 0.000444767 0.00103642 0.000316018 -0.000144245 6.72923e-05 0.000201094 0.000562321 -3.2193e-05 -1.10303e-07 -1.42632e-05 3.3205e-05 -7.38488e-05
internal_weight=5.65995e+06 41977 39476 19304 8833 2501 4059 1965 10471 5.61798e+06 44228 14211 6609 7602 30017 2094 1344 565 1529 272 1257 1956 1110 959 490 9319 5.57375e+06 498622 142097 43984
internal_count=5659954 41977 39476 19304 8833 2501 4059 1965 10471 5617977 44228 14211 6609 7602 30017 2094 1344 565 1529 272 1257 1956 1110 959 490 9319 5573749 498622 142097 43984
is_linear=0
shrinkage=0.05


Tree=90
num_leaves=31
num_cat=0
split_feature=0 7 3 8 3 3 5 3 1 4 2 6 1 9 0 0 7 5 8 6 5 0 2 7 2 7 7 3 0 8
split_gain=0.0302172 0.0541454 0.0558567 0.0424924 0.0423353 0.0413315 0.0365831 0.0824172 0.0666875 0.120188 0.068552 0.0664416 0.109583 0.217411 0.0845791 0.0619555 0.0596274 0.0518044 0.0596259 0.0512656 0.0441568 0.0586358 0.0744712 0.0500854 0.0438717 0.314802 0.0643975 0.0438597 0.150897 0.123281
threshold=0.10007381439208986 0.071812923997640624 0.01524859666824341 1.5027972459793093 -0.0046295821666717521 -0.031981140375137322 0.069981634616851821 -0.041095882654190057 -0.19784396886825559 -0.028265476226806637 -0.25047084689140314 0.052083458751440055 -0.042595356702804558 0.66441628336906444 -0.09985527396202086 -0.05135944485664367 0.047143332660198219 0.10909950733184816 1.6446000933647158 0.070118784904479994 1.0000000180025095e-35 0.098949134349823012 -0.019762843847274777 0.05123968422412873 0.084249079227447524 0.025265395641326908 0.030281521379947666 -0.035714238882064812 -0.029233902692794796 1.6656175255775454
decision_type=10 10 10 8 10 10 2 8 8 2 8 8 8 10 10 10 8 2 10 8 2 10 8 10 10 10 10 8 10 8
left_child=6 3 4 5 -3 -2 7 19 9 10 -8 15 13 14 -13 24 -15 -11 -19 -1 21 22 -14 -23 -9 -26 -27 28 29 -10
right_child=1 2 -4 -5 -6 -7 8 11 27 17 -12 12 20 16 -16 -17 -18 18 -20 -21 -22 23 -24 -25 25 26 -28 -29 -30 -31
leaf_value=-4.8316244320114598e-05 0.00078823672543860924 -0.0001608968378037389 9.3521712702196414e-05 1.8988695634668685e-05 -0.00082185613232314174 0.00011746187271174467 0.00044833035118108382 4.3389609277234873e-05 0.00024312355929569551 -3.5239381364301439e-05 0.00011626127825756895 -0.001038059577097626 -0.00060714702054098693 0.00028931695629519008 7.8210961536586116e-06 -3.8955676652297642e-08 9.3955691709306509e-05 -7.7942149477336033e-05 -0.001030980704992674 -0.00020975483501597871 5.2998368360363587e-06 0.00015845331394347595 0.00086301868017897836 -0.00063200501804224244 0.00127784106960371 0.0005011595566818646 -2.0368230722007348e-05 -1.8349078379062016e-05 -6.409892654026489e-05 -6.1218390395970863e-05
leaf_weight=24657 233 499 743 27102 471 12463 2411 30076 11096 2480 4373 194 102 12919 22212 4823309 5600 343 314 6142 127872 2150 532 220 599 698 3863 515013 16516 4752
leaf_count=24657 233 499 743 27102 471 12463 2411 30076 11096 2480 4373 194 102 12919 22212 4823309 5600 343 314 6142 127872 2150 532 220 599 698 3863 515013 16516 4752
internal_value=1.52574e-10 4.25024e-05 -0.000232663 5.43517e-05 -0.000482353 0.000129833 -3.13876e-07 1.02494e-06 -1.24724e-05 0.000115995 0.000234326 1.52421e-06 3.20826e-05 0.000103492 -1.28048e-06 4.4364e-07 0.00023025 -0.000139898 -0.000534302 -8.05164e-05 9.75205e-06 0.000199206 0.00062591 8.48418e-05 6.65023e-05 0.000201184 5.9537e-05 -1.48011e-05 4.16576e-05 0.000151869
internal_weight=5.65995e+06 41511 1713 39798 970 12696 5.61844e+06 5.06114e+06 557298 9921 6784 5.03035e+06 171801 40925 22406 4.85854e+06 18519 3137 657 30799 130876 3004 634 2370 35236 5160 4561 547377 32364 15848
internal_count=5659954 41511 1713 39798 970 12696 5618443 5061145 557298 9921 6784 5030346 171801 40925 22406 4858545 18519 3137 657 30799 130876 3004 634 2370 35236 5160 4561 547377 32364 15848
is_linear=0
shrinkage=0.05


Tree=91
num_leaves=31
num_cat=0
split_feature=7 4 3 6 9 3 0 5 2 1 4 1 2 3 8 0 3 2 3 1 5 9 3 2 3 2 8 7 0 8
split_gain=0.0297848 0.0827687 0.0749114 0.0736317 0.090746 0.0673621 0.0827424 0.0683734 0.0808547 0.0788576 0.071242 0.0649155 0.106253 0.0822975 0.101392 0.0734066 0.0884833 0.129355 0.0615459 0.0615337 0.0599713 0.0895106 0.0953245 0.0595572 0.0613166 0.0562696 0.0544109 0.05484 0.0542857 0.0532896
threshold=0.038577992469072349 0.026078522205352787 0.09762591123580934 0.032594379037618644 5.5106449127197275 -0.068172544240951524 -0.09985527396202086 0.014778912067413332 -0.1491630673408508 -0.10168227553367613 -0.012121230363845823 0.0037006735801696782 0.017241418361663822 0.036720097064971931 0.47342263162136083 0.010258018970489504 -0.012986928224563597 -0.14067798852920529 -0.022400975227355954 -0.051668673753738396 0.038506448268890388 1.0013483762741091 -0.0023057162761688228 -0.075862914323806749 -0.0088157653808593733 0.25085133314132696 0.78475150465965282 0.024886342696845535 -0.032016783952713006 1.0667800307273867
decision_type=8 2 10 8 8 10 10 2 10 10 2 10 10 10 10 10 8 10 8 10 2 8 10 8 8 10 10 10 10 10
left_child=3 19 18 11 5 7 26 8 -5 10 -9 12 13 15 -15 29 17 -17 -3 -2 21 22 -13 24 -21 -4 -7 -28 -22 -1
right_child=1 2 25 4 -6 6 -8 9 -10 -11 -12 20 -14 14 -16 16 -18 -19 -20 23 28 -23 -24 -25 -26 -27 27 -29 -30 -31
leaf_value=-1.1765645038589094e-05 2.0902669707566392e-05 -0.00010751357625112943 -3.9499966856461059e-05 -0.00037045549149676392 -0.00012485626655433827 -0.0012418251477060765 1.8761581293771045e-05 -0.00032353112493060205 0.00020672906425649455 -1.8889416925201863e-05 0.0005375233628455863 2.6304469467805825e-05 1.2791731032653796e-05 -1.9940871278779666e-05 0.00031541634524113717 0.00063811888113248253 7.8502673766993446e-06 7.2197190200987135e-05 -2.6649962577615975e-05 0.00010210082054656363 0.00010241548387118863 2.7202261127303105e-05 -1.2630054708770764e-05 -1.9669177909093793e-05 2.9163029503729247e-06 0.0015274513815833717 -0.0011802032678140994 -0.00013990951275440528 -1.1224730529746951e-05 -3.3263793537608999e-05
leaf_weight=1156619 230926 27172 100 1017 11150 122 671330 265 1501 1283 2508 235503 550236 4782 4262 1340 238583 4089 175553 20501 10748 549732 472861 364065 64936 133 130 3871 470690 383946
leaf_count=1156619 230926 27172 100 1017 11150 122 671330 265 1501 1283 2508 235503 550236 4782 4262 1340 238583 4089 175553 20501 10748 549732 472861 364065 64936 133 130 3871 470690 383946
internal_value=1.47093e-10 -8.43405e-06 -3.6457e-05 1.55998e-06 1.66272e-05 1.89404e-05 1.739e-05 0.000178208 -2.64457e-05 0.000305234 0.00045515 -9.97758e-07 -6.42882e-06 -1.23252e-05 0.000138114 -1.30877e-05 1.23926e-05 0.000211971 -3.74889e-05 -7.53071e-08 6.32008e-06 1.20631e-05 3.14153e-07 -1.08525e-05 2.6717e-05 0.000857645 -0.000205888 -0.000173997 -8.68753e-06 -1.71235e-05
internal_weight=5.65995e+06 883386 202958 4.77657e+06 693177 682027 675453 6574 2518 4056 2773 4.08339e+06 2.34386e+06 1.79362e+06 9044 1.78458e+06 244012 5429 202725 680428 1.73953e+06 1.2581e+06 708364 449502 85437 233 4123 4001 481438 1.54056e+06
internal_count=5659954 883386 202958 4776568 693177 682027 675453 6574 2518 4056 2773 4083391 2343857 1793621 9044 1784577 244012 5429 202725 680428 1739534 1258096 708364 449502 85437 233 4123 4001 481438 1540565
is_linear=0
shrinkage=0.05


Tree=92
num_leaves=31
num_cat=0
split_feature=0 0 9 6 2 6 9 8 2 2 8 6 8 8 3 7 8 2 7 5 1 1 4 7 6 4 4 0 2 7
split_gain=0.0309604 0.0654766 0.0445631 0.0554384 0.0551159 0.0545086 0.0477104 0.0466477 0.0444214 0.0440908 0.0574196 0.0528547 0.0588342 0.0439403 0.0668679 0.0422644 0.0425134 0.0391337 0.0385141 0.0379369 0.0494146 0.0444749 0.0489703 0.0369409 0.0418664 0.0359479 0.0347615 0.0382499 0.0347391 0.0343301
threshold=0.049397885799407966 0.050956130027771003 0.63325247168540966 0.0028996655019000177 0.61588323116302501 0.090408030897378935 1.0013483762741091 1.1527398824691775 0.10214877128601076 -0.059509217739105218 1.5496783256530764 0.05292469076812268 2.3498494625091557 3.4519252777099614 0.09762591123580934 0.050221854820847518 1.4087300896644595 0.37043792009353643 0.071812923997640624 0.13452279567718509 0.025063335895538334 0.23739743232727054 0.097031533718109145 0.047143332660198219 0.027859956957399849 -0.0038219988346099849 0.1079729199409485 0.045553565025329597 0.48186320066452032 0.062475753948092468
decision_type=10 10 8 8 10 10 10 10 8 10 10 10 10 10 10 10 10 10 10 2 10 10 2 10 10 2 2 8 8 10
left_child=13 17 18 -4 5 8 -7 -6 9 10 -5 -11 29 26 -15 25 -17 -2 -3 -18 -21 22 -22 -9 -25 28 -1 -28 -10 -13
right_child=1 2 3 4 7 6 -8 23 15 11 -12 12 -14 14 -16 16 19 -19 -20 20 21 -23 -24 24 -26 -27 27 -29 -30 -31
leaf_value=-5.1310877096182259e-07 8.1755311297937249e-05 0.00012384162444440886 0.00022671828079420797 4.6718473510903646e-05 5.5797257696144012e-06 -0.0002291246417651521 0.00025603036100686543 -0.00053040108928315455 -0.00020711862475264266 2.7412423708020324e-05 -0.00010154312080403838 0.00021696201761450958 -3.9015204299833309e-05 -4.5189543138029713e-05 -0.00043935977265547498 -2.0163370122118196e-05 -0.00026020402162123555 0.00034015013297535648 0.00090113000102375247 0.001018198171140367 0.0001833496238825809 0.00016528203300625313 -0.00050327909459041821 0.00049709309564378715 -0.00021791473911652559 -1.9316068216610443e-06 1.228009529578634e-05 0.00054545877227450115 -0.0011653090799243089 -0.00015025263990858494
leaf_weight=5372613 19732 5683 2805 13080 3299 590 3561 901 645 58915 13040 10009 3644 31514 1113 9303 4937 1582 163 109 385 1076 794 220 2790 95304 747 611 110 679
leaf_count=5372613 19732 5683 2805 13080 3299 590 3561 901 645 58915 13040 10009 3644 31514 1113 9303 4937 1582 163 109 385 1076 794 220 2790 95304 747 611 110 679
internal_value=1.39175e-10 1.70831e-05 9.3792e-06 5.85629e-06 3.08205e-06 7.61791e-06 0.000187035 -0.000132901 4.10453e-06 2.84733e-05 -2.72999e-05 4.83622e-05 0.000134473 -8.00378e-07 -5.86489e-05 -1.73884e-05 -9.10455e-05 0.000100949 0.000145665 -0.000181349 -1.66272e-05 -6.70768e-05 -0.000279097 -0.000249684 -0.000165507 -4.65584e-06 -4.49152e-07 0.000252396 -0.000348079 0.000193621
internal_weight=5.65995e+06 253356 232042 226196 223391 216181 4151 7210 212030 99367 26120 73247 14332 5.4066e+06 32627 112663 16604 21314 5846 7301 2364 2255 1179 3911 3010 96059 5.37397e+06 1358 755 10688
internal_count=5659954 253356 232042 226196 223391 216181 4151 7210 212030 99367 26120 73247 14332 5406598 32627 112663 16604 21314 5846 7301 2364 2255 1179 3911 3010 96059 5373971 1358 755 10688
is_linear=0
shrinkage=0.05


Tree=93
num_leaves=31
num_cat=0
split_feature=0 0 9 6 2 6 4 3 1 7 8 3 8 2 5 0 3 1 9 3 0 6 9 8 2 1 1 3 3 6
split_gain=0.0279421 0.0590939 0.0402236 0.0500352 0.0497432 0.0491943 0.043143 0.0507825 0.0616044 0.0479535 0.0424064 0.0427871 0.0416124 0.0400909 0.0398156 0.119484 0.0758844 0.0879753 0.0772498 0.0741728 0.0676412 0.0957933 0.0870077 0.0800697 0.0626504 0.0569151 0.0567407 0.0507371 0.0527712 0.0500747
threshold=0.049397885799407966 0.050956130027771003 0.63325247168540966 0.0028996655019000177 0.61588323116302501 0.090408030897378935 0.1079729199409485 0.044700920581817634 0.3061321377754212 0.045881981030106551 1.0717694759368899 0.09762591123580934 2.269404530525208 0.10214877128601076 0.069981634616851821 0.0040864348411560067 -0.026889681816101071 -0.19784396886825559 2.0730001926422124 -0.041095882654190057 -0.028061270713806149 0.042420867830514915 1.2138131260871889 1.2249341011047366 -0.16249111294746396 0.078224003314971938 0.090856134891510024 0.055594146251678474 0.02494686841964722 0.048953711986541755
decision_type=10 10 8 8 10 10 2 10 10 10 10 10 10 8 2 8 8 8 10 8 10 8 8 10 8 10 8 10 10 8
left_child=14 -2 -3 -4 5 13 9 8 -8 -7 -6 -12 -10 -5 19 16 18 24 20 -1 21 -16 -22 -23 -18 -19 -17 28 -27 -21
right_child=1 2 3 4 10 6 7 -9 12 -11 11 -13 -14 -15 15 26 17 25 -20 29 22 23 -24 -25 -26 27 -28 -29 -30 -31
leaf_value=-7.6888862777135407e-05 9.590286425933408e-05 0.00013839016234650645 0.00021538640457409577 2.7049669261318583e-05 3.185873651745782e-05 -0.0010094858156402811 0.00035446909291868701 0.0010041321609876397 -2.1631999893705661e-06 5.9120911178471518e-05 -0.00026305620337687411 0.00031787882980741832 -0.0012054733159119386 -1.6519363488360568e-05 0.00032975337363065654 -2.9007001043632464e-05 0.00031994426320583469 -2.3232886815237384e-05 -0.00012261749245155896 -1.1743130520148229e-07 -0.00014517360456732441 0.00016069017657620446 0.00012871313433970312 -4.9897092890182207e-05 -1.2359311461443472e-05 3.7805062267380591e-05 -9.2705946359837338e-05 -0.00018543746685278757 0.00021894090628278443 2.4696578503752913e-05
leaf_weight=30799 21314 5846 2805 99367 2670 111 1796 241 223 1675 4198 342 105 112663 5181 110181 3475 168654 4722 4756487 5779 13180 5818 6864 2396 22480 51208 2088 4896 212390
leaf_count=30799 21314 5846 2805 99367 2670 111 1796 241 223 1675 4198 342 105 112663 5181 110181 3475 168654 4722 4756487 5779 13180 5818 6864 2396 22480 51208 2088 4896 212390
internal_value=1.38732e-10 1.6229e-05 8.91029e-06 5.5633e-06 2.92772e-06 7.23684e-06 0.000177683 0.000317716 0.000239396 -7.8208e-06 -0.000126258 -0.000219234 -0.000389862 3.89912e-06 -7.60359e-07 -1.58004e-05 6.16566e-06 -6.3786e-06 6.77591e-05 4.63749e-07 9.21754e-05 0.000138123 -7.77045e-06 8.85764e-05 0.00018435 -1.20315e-05 -4.92188e-05 5.20845e-05 7.02067e-05 9.43225e-07
internal_weight=5.65995e+06 253356 232042 226196 223391 216181 4151 2365 2124 1786 7210 4540 328 212030 5.4066e+06 406922 245533 203989 41544 4.99968e+06 36822 25225 11597 20044 5871 198118 161389 29464 27376 4.96888e+06
internal_count=5659954 253356 232042 226196 223391 216181 4151 2365 2124 1786 7210 4540 328 212030 5406598 406922 245533 203989 41544 4999676 36822 25225 11597 20044 5871 198118 161389 29464 27376 4968877
is_linear=0
shrinkage=0.05


Tree=94
num_leaves=31
num_cat=0
split_feature=7 4 3 1 2 6 5 2 2 4 0 7 2 0 1 3 6 0 3 9 1 7 0 2 3 6 5 8 0 1
split_gain=0.027816 0.0740414 0.0774125 0.0828367 0.0695373 0.100524 0.094835 0.068286 0.0658042 0.124615 0.093585 0.107345 0.1994 0.0881398 0.0736017 0.0996417 0.0977988 0.227583 0.0864982 0.0857587 0.0714727 0.0833554 0.128492 0.151811 0.0843104 0.0696826 0.0682177 0.0679011 0.0708378 0.217606
threshold=0.038577992469072349 0.0097087025642395037 -0.068172544240951524 -0.051668673753738396 -0.066213995218276964 0.081009093672037139 1.0000000180025095e-35 0.09790134429931642 0.010256469249725344 0.029221773147583011 -0.067567557096481309 0.030132200568914417 0.12465113401412965 -0.034482687711715691 0.0046455860137939462 0.01524859666824341 0.046331051737070091 -0.049498707056045525 1.0000000180025095e-35 0.57356452941894542 -0.02663442492485046 0.025632422417402271 -0.05135944485664367 0.093873143196105971 -0.0084819793701171858 0.048272632062435157 0.046585083007812507 1.3530778884887698 -0.0097364783287048322 -0.098017692565917955
decision_type=8 2 10 10 8 10 2 8 10 2 10 10 10 10 10 8 8 10 10 10 10 10 8 10 10 10 2 10 10 10
left_child=8 2 4 -4 -2 6 7 -6 9 14 11 12 -10 -11 15 16 27 -18 -16 -19 25 22 23 -22 -23 -12 -21 28 -1 -30
right_child=1 -3 3 -5 5 -7 -8 -9 10 13 20 -13 -14 -15 18 -17 17 19 -20 26 21 24 -24 -25 -26 -27 -28 -29 29 -31
leaf_value=1.3939603633597787e-06 -0.00038353591172904432 -2.6455398049603549e-05 3.2371783317360878e-05 -8.7849796686043886e-06 2.2866471910494183e-05 -0.00034226308039116197 -3.673565012665409e-05 0.00093349464543370962 0.00027088372628362588 0.00044306620107477103 2.8642104351562159e-05 9.0342077536713415e-05 0.0017228144782350332 3.642182525445241e-05 2.08119305010216e-05 5.5467921301436416e-05 -0.00013274101126945794 -1.0530322898382688e-05 -1.2896374490747779e-05 0.0002566819567913653 7.6370065765201748e-06 -4.8555299436638427e-05 1.2091843807632352e-05 0.0010904019403564925 -1.3500528692730081e-06 0.00020155210471910733 7.2939506325361833e-05 -4.3063288513960394e-05 -0.00015975555776578514 -1.595746008983202e-05
leaf_weight=646517 2208 339884 189568 344323 360 2254 4309 480 1043 1343 249655 4383 305 156509 465971 54588 10652 7293 321709 13478 699 117815 1056604 602 479791 5965 8081 189779 27052 956734
leaf_count=646517 2208 339884 189568 344323 360 2254 4309 480 1043 1343 249655 4383 305 156509 465971 54588 10652 7293 321709 13478 699 117815 1056604 602 479791 5965 8081 189779 27052 956734
internal_value=1.33813e-10 -8.15054e-06 3.29659e-06 5.82853e-06 -0.000137339 -6.38666e-05 5.80456e-05 0.000543717 1.50753e-06 -3.29725e-06 8.67563e-06 0.000210405 0.000600433 3.98843e-05 -5.82008e-06 -1.11139e-05 -1.30684e-05 6.47618e-05 7.04458e-06 0.000137681 8.07059e-06 4.27108e-06 1.27035e-05 0.000509108 -1.06564e-05 3.26778e-05 0.000187816 -1.47577e-05 -1.14627e-05 -1.99118e-05
internal_weight=5.65995e+06 883386 543502 533891 9611 7403 5149 840 4.77657e+06 2.85971e+06 1.91686e+06 5731 1348 157852 2.70185e+06 1.91417e+06 1.85959e+06 39504 787680 28852 1.91113e+06 1.65551e+06 1.0579e+06 1301 597606 255620 21559 1.82008e+06 1.6303e+06 983786
internal_count=5659954 883386 543502 533891 9611 7403 5149 840 4776568 2859706 1916862 5731 1348 157852 2701854 1914174 1859586 39504 787680 28852 1911131 1655511 1057905 1301 597606 255620 21559 1820082 1630303 983786
is_linear=0
shrinkage=0.05


Tree=95
num_leaves=31
num_cat=0
split_feature=0 7 3 3 8 3 9 8 7 3 6 5 1 6 9 7 2 7 6 4 5 3 1 9 3 2 3 2 9 6
split_gain=0.0267445 0.0488639 0.0486851 0.0388907 0.0374909 0.0383517 0.0354706 0.0425564 0.0321944 0.064965 0.040084 0.0416092 0.0822824 0.041226 0.0487836 0.0428492 0.0391002 0.0615798 0.0376909 0.0375808 0.0847388 0.0371149 0.0520615 0.0463989 0.0385004 0.0423138 0.0345634 0.0321882 0.0318274 0.0326956
threshold=0.10007381439208986 0.071812923997640624 0.01524859666824341 -0.0046295821666717521 1.5027972459793093 -0.031981140375137322 1.4751897454261782 1.2881950139999392 0.028828117996454242 -0.018656700849533078 0.090408030897378935 0.15749621391296389 0.16626155376434329 0.081009093672037139 4.2064647674560556 0.056285165250301368 0.61588323116302501 0.048558598384261138 0.057220127433538444 0.077049732208251967 0.088524699211120619 0.044700920581817634 0.3061321377754212 5.5106449127197275 0.0084664225578308123 0.13071745634078982 -0.010416597127914427 0.37043792009353643 1.4751897454261782 0.090408030897378935
decision_type=10 10 10 10 8 10 10 10 10 10 10 2 10 10 10 10 10 10 10 2 2 10 10 10 10 10 10 10 10 10
left_child=-1 4 3 -3 5 -2 -7 -8 9 -6 11 16 -13 14 -14 27 26 -18 -16 20 -12 22 24 -23 25 -21 -10 -15 29 -5
right_child=1 2 -4 28 8 6 7 -9 10 -11 19 12 13 15 18 -17 17 -19 -20 21 -22 23 -24 -25 -26 -27 -28 -29 -30 -31
leaf_value=-2.9527010871624549e-07 0.00075636622242223565 -0.00014644303082313854 8.3115082258788586e-05 -0.00097246536979978177 -0.00096711321975677638 7.2936236869168737e-05 0.0011147947267835473 0.00023672265426808223 0.00026407748535295535 0.00016612772350764826 0.00061895060242782123 -0.0004873836043708996 3.9503768262260332e-05 0.00080056339593092586 2.3217571747376987e-05 -0.00024545541706915319 -0.0011873628604974198 -1.8817645242000614e-05 -0.0010089306732644825 3.1276281279133398e-05 -0.0013864119619096595 0.0013153185719704526 -0.00054971063962349742 1.2633546092339594e-05 -4.2652336148844773e-05 0.00086333967047970504 -3.3400553207778775e-06 -0.00020193697105152716 -0.0011908506949050391 0.00020123895835454978
leaf_weight=5618443 233 499 743 114 129 10427 148 1888 1311 4671 102 1363 972 379 140 225 174 317 239 239 107 177 201 111 433 423 15288 101 235 122
leaf_count=5618443 233 499 743 114 129 10427 148 1888 1311 4671 102 1363 972 379 140 225 174 317 239 239 107 177 201 111 433 423 15288 101 235 122
internal_value=1.63175e-10 3.99856e-05 -0.000221415 -0.000454525 5.12422e-05 0.000122142 0.000110226 0.000301067 1.80255e-05 0.000135477 -7.25814e-06 -2.70819e-05 -0.000186281 1.34716e-05 -0.000148249 0.00032315 4.77626e-06 -0.000434497 -0.000628604 0.000219382 -0.000409431 0.000302556 0.000188134 0.000815023 0.000323952 0.000563442 1.77954e-05 0.000589639 -0.000779919 -0.000367431
internal_weight=5.65995e+06 41511 1713 970 39798 12696 12463 2036 27102 4800 22302 20509 3419 2056 1351 705 17090 491 379 1793 209 1584 1296 288 1095 662 16599 480 471 236
internal_count=5659954 41511 1713 970 39798 12696 12463 2036 27102 4800 22302 20509 3419 2056 1351 705 17090 491 379 1793 209 1584 1296 288 1095 662 16599 480 471 236
is_linear=0
shrinkage=0.05


Tree=96
num_leaves=31
num_cat=0
split_feature=2 8 5 0 6 3 6 1 0 6 1 8 0 9 2 4 1 1 3 3 0 1 0 2 3 1 1 3 6 1
split_gain=0.0261746 0.0706957 0.0676582 0.0916226 0.0916766 0.0863945 0.084789 0.0885743 0.135485 0.0810973 0.079794 0.0952868 0.0771736 0.0654828 0.0653984 0.163148 0.0895772 0.0662709 0.0651592 0.0621917 0.0647313 0.0613802 0.0622452 0.0613326 0.0606004 0.088957 0.068688 0.0602721 0.086275 0.0830294
threshold=-0.10440829396247862 1.4597157239913943 0.052088916301727302 -0.047618955373764031 0.048272632062435157 -0.022400975227355954 0.023242703638970855 -0.059033960103988641 -0.0022284388542175289 0.043470302596688278 -0.054583877325057976 0.58633369207382213 0.017001867294311527 0.82349333167076122 -0.21318903565406797 0.010853111743927004 -0.1201481521129608 -0.14235085248947141 0.0037364363670349125 -0.012986928224563597 0.016657233238220218 -0.044112771749496453 -0.023756444454193112 -0.25047084689140314 -0.016019046306610104 -0.074324339628219591 -0.19784396886825559 -0.010880291461944578 0.016637402586638931 0.054478168487548835
decision_type=8 8 2 10 8 8 10 10 10 10 10 10 10 10 10 2 10 10 10 10 10 10 10 10 10 10 10 8 8 8
left_child=1 2 3 23 5 21 -7 8 -8 24 11 -6 -13 -10 15 17 18 -11 -17 -9 -21 22 -5 -1 25 -4 -26 29 -29 -2
right_child=27 -3 9 4 10 6 7 19 13 14 -12 12 -14 -15 -16 16 -18 -19 -20 20 -22 -23 -24 -25 26 -27 -28 28 -30 -31
leaf_value=-0.00039092484079055254 -5.3567557979366149e-06 -3.21538697228e-05 4.4069624579924903e-05 0.00018155651349878216 -3.5554070298243408e-05 1.6708722125201324e-05 -1.6906782717092482e-06 0.00012170041136590564 -0.00017558232249355831 0.00037847358685056098 -7.6578100505729208e-06 0.00035247897674635614 7.6996535901661242e-05 -2.7363179488776695e-05 -6.0765469807003473e-05 -0.00045760961929021139 3.2883846488803392e-05 9.4026469079963278e-05 0.00017741295724056248 -2.8042804647147767e-05 5.5526751198679233e-05 0.00026421083722916265 -0.00020819194381271278 -7.9548641190227477e-05 0.00032053512771407309 0.00029497810846267433 4.5339274805243151e-05 -7.5237633049848449e-06 6.7099420140602012e-06 -5.1627261940527373e-05
leaf_weight=2117 350457 96928 7388 2307 3931 355770 39570 9879 26930 3607 9888 6930 4016 10303 27124 2165 4121 4737 496 98866 30264 5410 1841 6246 2328 6769 85844 1902626 2417063 134033
leaf_count=2117 350457 96928 7388 2307 3931 355770 39570 9879 26930 3607 9888 6930 4016 10303 27124 2165 4121 4737 496 98866 30264 5410 1841 6246 2328 6769 85844 1902626 2417063 134033
internal_value=1.39017e-10 8.05639e-06 1.31925e-05 5.94934e-06 8.21813e-06 4.20314e-06 1.71004e-06 -2.30155e-05 -6.61093e-05 4.39661e-05 0.000102431 0.000175597 0.000251423 -0.000134569 -1.4312e-05 6.89872e-05 -0.000113145 0.00021702 -0.000339222 7.94254e-07 -8.45646e-06 0.000153278 8.56661e-06 -0.000158407 6.8028e-05 0.000164051 5.26088e-05 -1.43493e-06 4.40644e-07 -1.81575e-05
internal_weight=5.65995e+06 855775 758847 614268 605905 581140 571582 215812 76803 144579 24765 14877 10946 37233 42250 15126 6782 8344 2661 139009 129130 9558 4148 8363 102329 14157 88172 4.80418e+06 4.31969e+06 484490
internal_count=5659954 855775 758847 614268 605905 581140 571582 215812 76803 144579 24765 14877 10946 37233 42250 15126 6782 8344 2661 139009 129130 9558 4148 8363 102329 14157 88172 4804179 4319689 484490
is_linear=0
shrinkage=0.05


Tree=97
num_leaves=31
num_cat=0
split_feature=7 4 3 4 0 2 0 7 2 7 0 2 0 7 3 1 2 3 1 7 3 2 9 5 8 0 1 8 6 3
split_gain=0.0256425 0.0675346 0.0664611 0.0632101 0.0675541 0.0625764 0.0855721 0.0966342 0.180078 0.0696593 0.0897429 0.142466 0.0694821 0.0833018 0.111553 0.102521 0.114353 0.0844502 0.204727 0.077558 0.0671326 0.0667504 0.0661049 0.0639048 0.0614796 0.0691705 0.059737 0.0592169 0.114895 0.0614661
threshold=0.038577992469072349 0.026078522205352787 0.09762591123580934 0.043879151344299323 -0.032016783952713006 0.010256469249725344 -0.067567557096481309 0.030132200568914417 0.12465113401412965 0.026159757748246196 -0.057577490806579583 0.11151081323623659 0.011500895023345949 0.025012977421283725 1.0000000180025095e-35 -0.15378871560096738 -0.27221089601516718 -0.007703155279159545 -0.031777530908584588 0.024504712782800201 -0.0084819793701171858 0.33830356597900396 3.6269932985305791 0.078309774398803725 1.0767898559570315 -0.0016260445117950437 -0.12658008933067319 0.54707458615303051 0.090408030897378935 -0.012986928224563597
decision_type=8 2 10 2 10 8 10 10 10 10 8 10 10 10 8 10 10 10 10 10 10 10 8 2 10 10 10 8 10 8
left_child=3 -2 27 5 -5 12 7 8 -7 10 11 -8 13 17 23 16 -16 18 -1 -14 -11 -12 -9 -15 25 -6 -27 28 -3 -29
right_child=1 2 -4 4 24 6 9 22 -10 20 21 -13 19 14 15 -17 -18 -19 -20 -21 -22 -23 -24 -25 -26 26 -28 29 -30 -31
leaf_value=-0.00011617245651841828 -2.751978147582912e-07 8.7963048844588582e-05 0.00080902557907144455 0.00044001393258806456 -0.00050723421103692011 0.00025738509611417337 0.00013517215023676324 0.00011711096414373763 0.0016371748455616269 -4.0607335376250601e-05 1.4169766687871426e-05 0.001423007972360185 2.8888119916554753e-05 2.4695540330220115e-05 0.00065570321890570215 -2.7126337581898332e-05 7.6519807801606168e-05 -1.0568107904528404e-05 -1.9958609515057974e-06 -9.8591309791981515e-06 1.3950617684961775e-06 -0.00032228671066975825 -0.0011469258617100148 -5.8304896499904636e-05 1.67836175705031e-05 -0.00043440771731048915 0.00012697849825381972 -8.6344111483952195e-05 0.0013909379142735686 -2.2252047802724943e-05
leaf_weight=66358 680428 5102 233 1001 454 1043 863 4276 305 117369 1165267 285 296991 441947 1082 226130 4001 1419099 96144 228518 502090 1475 105 24474 154070 483 22738 50141 174 147308
leaf_count=66358 680428 5102 233 1001 454 1043 863 4276 305 117369 1165267 285 296991 441947 1082 226130 4001 1419099 96144 228518 502090 1475 105 24474 154070 483 22738 50141 174 147308
internal_value=1.39948e-10 -7.82561e-06 -3.31387e-05 1.44745e-06 3.06192e-05 3.13356e-07 7.60871e-06 0.000200523 0.00057056 6.99025e-06 1.41791e-05 0.000455848 -4.35058e-06 -8.12939e-06 6.26314e-06 -2.21342e-05 0.000199913 -1.44778e-05 -4.86205e-05 1.20389e-05 -6.56319e-06 1.37441e-05 8.65608e-05 2.03402e-05 2.83111e-05 0.000103325 0.000115283 -3.41106e-05 0.00013119 -3.85282e-05
internal_weight=5.65995e+06 883386 202958 4.77657e+06 178746 4.59782e+06 1.79308e+06 5729 1348 1.78735e+06 1.16789e+06 1148 2.80474e+06 2.27924e+06 697634 231213 5083 1.5816e+06 162502 525509 619459 1.16674e+06 4381 466421 177745 23675 23221 202725 5276 197449
internal_count=5659954 883386 202958 4776568 178746 4597822 1793078 5729 1348 1787349 1167890 1148 2804744 2279235 697634 231213 5083 1581601 162502 525509 619459 1166742 4381 466421 177745 23675 23221 202725 5276 197449
is_linear=0
shrinkage=0.05


Tree=98
num_leaves=31
num_cat=0
split_feature=8 6 0 5 6 1 2 7 2 2 6 7 0 8 9 3 3 2 5 5 0 6 1 8 3 7 2 0 3 7
split_gain=0.0252165 0.0587839 0.0538041 0.0593708 0.0518538 0.105084 0.0563125 0.0497483 0.048923 0.045282 0.0587434 0.051678 0.0479944 0.0459656 0.0437413 0.0428915 0.0376342 0.0371344 0.073626 0.0497167 0.04235 0.0787355 0.0370272 0.0403214 0.0486099 0.0370776 0.0362624 0.0885359 0.0602424 0.167057
threshold=2.074431419372559 0.05292469076812268 0.045553565025329597 0.056000053882598884 0.090408030897378935 0.062365591526031501 0.1789159178733826 0.062475753948092468 -0.0044825971126556388 0.61588323116302501 0.066552240401506438 0.038283899426460273 0.099904358386993422 1.0529016852378847 2.1893751621246342 -0.031981140375137322 -0.0084819793701171858 0.12173908948898317 0.009903609752655031 0.017167389392852787 -0.09985527396202086 0.081009093672037139 0.13678532838821414 1.9775236845016482 0.0049504637718200692 0.042820673435926444 -0.083503037691116319 -0.089001655578613267 -0.0049750506877899161 0.025265395641326908
decision_type=10 8 10 2 10 10 8 10 8 8 8 10 10 8 10 10 8 10 2 2 10 10 8 10 10 10 8 10 10 10
left_child=2 8 14 -4 7 -6 -7 17 -2 10 11 12 -5 15 26 -11 -10 19 -19 -3 -20 -22 25 -24 -25 -12 27 -1 29 -29
right_child=1 4 3 9 5 6 -8 -9 16 13 22 -13 -14 -15 -16 -17 -18 18 20 -21 21 -23 23 24 -26 -27 -28 28 -30 -31
leaf_value=-0.00011635742842705177 -3.7122411428487431e-05 -0.00066719501931143319 8.5462576180243764e-05 2.488629562153984e-05 -0.00068592102862296731 0.00047532086287886336 3.613008130800204e-05 -0.00048334439746171206 -5.8049750331824931e-05 0.00086364995896594406 0.0003211680382148326 -2.7196579491786291e-05 0.00017641914509605028 -0.0001658665206413523 0.00021497289632506627 2.1948517326376216e-05 1.7905462411372866e-05 0.00075211468619384341 -0.00072878471965347929 -1.9679832839522308e-05 -0.00018270168856824234 0.00017749263470753806 -4.1128849308845606e-05 -4.5874345105403342e-05 0.0014297587467133003 0.00010855129307453949 -2.4633575485802292e-06 -2.2690107407115118e-05 2.2120478972186948e-06 5.6337635205950731e-05
leaf_weight=14181 83672 301 35178 68056 369 1189 1888 798 18295 158 2588 55991 5659 6615 2360 3149 150110 227 312 16119 13105 1715 4663 119 104 9869 4076516 102816 792551 191281
leaf_count=14181 83672 301 35178 68056 369 1189 1888 798 18295 158 2588 55991 5659 6615 2360 3149 150110 227 312 16119 13105 1715 4663 119 104 9869 4076516 102816 792551 191281
internal_value=1.72386e-10 -1.44109e-05 7.73059e-07 2.67536e-05 -7.41553e-05 0.000110267 0.000205939 -9.36664e-05 -5.87284e-06 1.35961e-05 2.05721e-05 9.01592e-06 3.65215e-05 -8.97828e-05 -1.90733e-07 6.24118e-05 9.65363e-06 -8.38663e-05 -0.000139749 -3.15895e-05 -0.000153177 -0.00014101 0.000106994 -9.65934e-06 0.000645624 0.000152746 -2.88853e-07 7.76362e-06 9.38354e-06 2.87096e-05
internal_weight=5.65995e+06 288100 5.37185e+06 192149 36023 3446 3077 32577 252077 156971 147049 129706 73715 9922 5.1797e+06 3307 168405 31779 15359 16420 15132 14820 17343 4886 223 12457 5.17734e+06 1.10083e+06 1.08665e+06 294097
internal_count=5659954 288100 5371854 192149 36023 3446 3077 32577 252077 156971 147049 129706 73715 9922 5179705 3307 168405 31779 15359 16420 15132 14820 17343 4886 223 12457 5177345 1100829 1086648 294097
is_linear=0
shrinkage=0.05


Tree=99
num_leaves=31
num_cat=0
split_feature=9 0 4 6 1 2 4 7 0 1 3 7 6 4 6 6 0 2 5 0 1 6 0 4 9 3 2 6 1 3
split_gain=0.0246269 0.0930503 0.0844674 0.0720181 0.0658204 0.0968875 0.0724604 0.0666023 0.0643112 0.10028 0.0608518 0.0528576 0.0385417 0.0375776 0.0729118 0.063459 0.0445149 0.0349353 0.0339687 0.132117 0.0948558 0.0809488 0.0804657 0.0774681 0.108156 0.156572 0.117228 0.0979291 0.0936683 0.0891107
threshold=0.49837210774421697 0.025608122348785404 -0.0057156383991241446 0.090408030897378935 -0.089147299528121934 -0.082210987806320177 0.0024636983871459965 0.028278705663979057 -0.089001655578613267 -0.1201481521129608 -0.012302607297897337 0.05123968422412873 0.030988108366727832 0.027870535850524906 0.061935609206557281 0.066552240401506438 -0.054122149944305413 0.19071841239929202 0.039486825466156013 -0.047618955373764031 -0.065217345952987657 0.01915775611996651 0.026239097118377689 0.0097087025642395037 1.1172418594360354 -0.041095882654190057 -0.11545047163963316 0.039887947961688049 -0.14235085248947141 0.0040081143379211434
decision_type=8 10 2 10 10 8 2 8 10 10 10 10 10 2 10 10 10 10 2 8 8 10 8 2 10 10 10 10 10 10
left_child=1 2 8 11 5 6 -4 10 9 -1 -8 12 -3 15 -15 16 -7 -6 19 -2 23 -22 -21 -20 25 27 29 28 -25 -27
right_child=18 3 4 -5 17 13 7 -9 -10 -11 -12 -13 -14 14 -16 -17 -18 -19 20 22 21 -23 -24 24 -26 26 -28 -29 -30 -31
leaf_value=3.1053071919660076e-05 -0.00019879728253583358 -3.2986404830746541e-05 -9.7045284337812535e-05 0.0010516422659641311 -3.1110703028396246e-05 0.00043972174051196985 -0.0012652694586853851 -0.00024617016464447853 1.9421794902119919e-05 -0.0010870927339924937 -0.00046734550488283289 -0.00014472939969979983 0.00023815292430020212 9.3806007307947612e-05 0.0014813314884969291 -0.00048285966565964858 -3.7681650336461096e-05 8.1452298489494222e-05 3.1211081127655805e-05 2.9686912941018134e-06 -3.1368571933010949e-05 -3.7759732910897894e-06 4.8203647342047316e-05 2.6760639355255839e-05 8.7382301285049099e-05 -0.00018993390768049141 2.5042619792792063e-05 -0.00012205674382554707 -0.00085953331164753113 6.9420448564752219e-05
leaf_weight=495 8023 1696 6323 212 156377 504 304 4501 111306 336 1116 1545 5764 516 115 784 14754 7210 275626 3263085 334304 1297260 101364 385 15362 15423 28040 1688 1319 4217
leaf_count=495 8023 1696 6323 212 156377 504 304 4501 111306 336 1116 1545 5764 516 115 784 14754 7210 275626 3263085 334304 1297260 101364 385 15362 15423 28040 1688 1319 4217
internal_value=1.76823e-10 -1.36118e-05 -1.83474e-05 0.000142897 -3.84417e-05 -0.000107979 -0.000214774 -0.000340458 1.61483e-05 -0.000421812 -0.000638939 0.000121388 0.000176514 -2.95458e-05 0.000348627 -4.44417e-05 -2.18843e-05 -2.61491e-05 7.99307e-07 3.84825e-06 -4.41063e-06 -9.42965e-06 4.33154e-06 1.95291e-05 -2.89374e-05 -6.39264e-05 -4.05718e-05 -0.000392104 -0.000659387 -0.000134246
internal_weight=5.65995e+06 313858 304641 9217 192504 28917 12244 5921 112137 831 1420 9005 7460 16673 631 16042 15258 163587 5.3461e+06 3.37247e+06 1.97362e+06 1.63156e+06 3.36445e+06 342060 66434 51072 47680 3392 1704 19640
internal_count=5659954 313858 304641 9217 192504 28917 12244 5921 112137 831 1420 9005 7460 16673 631 16042 15258 163587 5346096 3372472 1973624 1631564 3364449 342060 66434 51072 47680 3392 1704 19640
is_linear=0
shrinkage=0.05


end of trees

feature_importances:
ret_1d=407
ret_20d=380
high_low_range=366
ret_5d=359
gap_1d=332
volume_ratio_5d=312
volatility_5d=237
amount_ratio_5d=211
volatility_20d=201
intraday_ret=195

parameters:
[boosting: gbdt]
[objective: regression]
[metric: l2]
[tree_learner: serial]
[device_type: cpu]
[data_sample_strategy: bagging]
[data: ]
[valid: ]
[num_iterations: 100]
[learning_rate: 0.05]
[num_leaves: 31]
[num_threads: 32]
[seed: 20260927]
[deterministic: 1]
[force_col_wise: 1]
[force_row_wise: 0]
[histogram_pool_size: -1]
[max_depth: -1]
[min_data_in_leaf: 100]
[min_sum_hessian_in_leaf: 0.001]
[bagging_fraction: 1]
[pos_bagging_fraction: 1]
[neg_bagging_fraction: 1]
[bagging_freq: 0]
[bagging_seed: 20260927]
[bagging_by_query: 0]
[feature_fraction: 1]
[feature_fraction_bynode: 1]
[feature_fraction_seed: 20260927]
[extra_trees: 0]
[extra_seed: 2444]
[early_stopping_round: 0]
[early_stopping_min_delta: 0]
[first_metric_only: 0]
[max_delta_step: 0]
[lambda_l1: 0]
[lambda_l2: 1]
[linear_lambda: 0]
[min_gain_to_split: 0]
[drop_rate: 0.1]
[max_drop: 50]
[skip_drop: 0.5]
[xgboost_dart_mode: 0]
[uniform_drop: 0]
[drop_seed: 16765]
[top_rate: 0.2]
[other_rate: 0.1]
[min_data_per_group: 100]
[max_cat_threshold: 32]
[cat_l2: 10]
[cat_smooth: 10]
[max_cat_to_onehot: 4]
[top_k: 20]
[monotone_constraints: ]
[monotone_constraints_method: basic]
[monotone_penalty: 0]
[feature_contri: ]
[forcedsplits_filename: ]
[refit_decay_rate: 0.9]
[cegb_tradeoff: 1]
[cegb_penalty_split: 0]
[cegb_penalty_feature_lazy: ]
[cegb_penalty_feature_coupled: ]
[path_smooth: 0]
[interaction_constraints: ]
[verbosity: -1]
[saved_feature_importance_type: 0]
[use_quantized_grad: 0]
[num_grad_quant_bins: 4]
[quant_train_renew_leaf: 0]
[stochastic_rounding: 1]
[linear_tree: 0]
[max_bin: 255]
[max_bin_by_feature: ]
[min_data_in_bin: 3]
[bin_construct_sample_cnt: 200000]
[data_random_seed: 20260927]
[is_enable_sparse: 1]
[enable_bundle: 1]
[use_missing: 1]
[zero_as_missing: 0]
[feature_pre_filter: 1]
[pre_partition: 0]
[two_round: 0]
[header: 0]
[label_column: ]
[weight_column: ]
[group_column: ]
[ignore_column: ]
[categorical_feature: ]
[forcedbins_filename: ]
[precise_float_parser: 0]
[parser_config_file: ]
[objective_seed: 12956]
[num_class: 1]
[is_unbalance: 0]
[scale_pos_weight: 1]
[sigmoid: 1]
[boost_from_average: 1]
[reg_sqrt: 0]
[alpha: 0.9]
[fair_c: 1]
[poisson_max_delta_step: 0.7]
[tweedie_variance_power: 1.5]
[lambdarank_truncation_level: 30]
[lambdarank_norm: 1]
[label_gain: ]
[lambdarank_position_bias_regularization: 0]
[eval_at: ]
[multi_error_top_k: 1]
[auc_mu_weights: ]
[num_machines: 1]
[local_listen_port: 12400]
[time_out: 120]
[machine_list_filename: ]
[machines: ]
[gpu_platform_id: -1]
[gpu_device_id: -1]
[gpu_device_id_list: ]
[gpu_use_dp: 0]
[num_gpu: 1]

end of parameters

pandas_categorical:[]
