experiment_id,context,feature,group,kind,year,split,directory,before_directory,feature_count,train_samples,valid_prediction_rows,before_ic_mean,after_ic_mean,delta_ic_mean,after_ic_mean_minus_baseline10,before_ic_std,after_ic_std,delta_ic_std,after_ic_std_minus_baseline10,before_icir,after_icir,delta_icir,after_icir_minus_baseline10,before_ic_positive_ratio,after_ic_positive_ratio,delta_ic_positive_ratio,after_ic_positive_ratio_minus_baseline10,before_annual_excess,after_annual_excess,delta_annual_excess,after_annual_excess_minus_baseline10,before_top1_annual_ret,after_top1_annual_ret,delta_top1_annual_ret,after_top1_annual_ret_minus_baseline10,before_mean_turnover,after_mean_turnover,delta_mean_turnover,after_mean_turnover_minus_baseline10,before_final_score,after_final_score,delta_final_score,after_final_score_minus_baseline10,before_top_missing_label,after_top_missing_label,delta_top_missing_label,before_top_invalid_price,after_top_invalid_price,delta_top_invalid_price,before_top_baseline_all_missing,after_top_baseline_all_missing,delta_top_baseline_all_missing,before_top_candidate_all_missing,after_top_candidate_all_missing,delta_top_candidate_all_missing,before_price_valid_turnover,after_price_valid_turnover,delta_price_valid_turnover,positive_months,negative_months,near_months,worst_month,worst_month_delta,median_month_delta,positive_excess_months,largest_positive_excess_month_share,largest_positive_score_month_share,block_ci_lower,block_ci_upper,block_ci_spans_zero,block_length,block_repetitions,guards_pass,near_effect,clear_year_degradation,preliminary_conclusion,evidence_limit
S4_full34_ret_2d_2023,full34,ret_2d,A,single,2023,primary_2023,artifacts/experiments/S4_full34_ret_2d_2023/20261004T063201047545Z_90d8a4be,artifacts/experiments/features34_step1_full34_2023/20261001T145046998460Z_a2802673,33,4597785,1125300,0.066816599212934064,0.066436065053511836,-0.00038053415942222724,0.045302045551139918,0.093668546567256442,0.092288589582441308,-0.0013799569848151338,0.021040285374102144,0.71333015896598773,0.7198730130572053,0.0065428540912175759,0.42324813563453234,0.79338842975206614,0.78099173553719003,-0.012396694214876103,0.14049586776859502,0.23070696913897798,0.23013105449753643,-0.00057591464144154947,0.15957978989373822,0.25013020645909501,0.24955429181765348,-0.00057591464144152171,0.15957978989373825,0.50745224306164616,0.50846264382661699,0.0010104007649708313,0.026044454916805682,0.24370305750837315,0.24307494922268055,-0.0006281082856925968,0.058181418713535743,0.5615486789201608,0.56153970419299248,-8.9747271683204843e-06,0.5613961085582998,0.5613961085582998,0,0.5613961085582998,0.5613961085582998,0,0,0,0,0.87596818849572067,0.87476566493491192,-0.0012025235608087437,4,8,4,202309,-0.017803435684098062,-0.00084738196965999935,6,0.73328886624722234,0.74980592752688013,-0.0077432847844588586,0.0060344302022949043,True,20,2000,False,True,False,near/uncertain,conditional fixed background; 2023 alone cannot decide; bootstrap fixed predictions only
S4_full34_ret_10d_2023,full34,ret_10d,A,single,2023,primary_2023,artifacts/experiments/S4_full34_ret_10d_2023/20261004T063223788720Z_1a12a3e6,artifacts/experiments/features34_step1_full34_2023/20261001T145046998460Z_a2802673,33,4597785,1125300,0.066816599212934064,0.068545523286351454,0.00172892407341739,0.047411503783979535,0.093668546567256442,0.092407686407393649,-0.0012608601598627922,0.021159382199054486,0.71333015896598773,0.74177296230702994,0.028442803341042211,0.44514808488435698,0.79338842975206614,0.80165289256198347,0.0082644628099173278,0.16115702479338845,0.23070696913897798,0.24144269806729618,0.0107357289283182,0.17089143346349797,0.25013020645909501,0.26086593538741321,0.0107357289283182,0.17089143346349797,0.50745224306164616,0.51228508243495019,0.004832839373304032,0.029866893525138882,0.24370305750837315,0.24616549400424437,0.0024624364958712175,0.061271963495099557,0.5615486789201608,0.5614948305571511,-5.3848363009700861e-05,0.5613961085582998,0.5613961085582998,0,0.5613961085582998,0.5613961085582998,0,0,0,0,0.87596818849572067,0.8826439375646401,0.0066757490689194343,7,5,1,202307,-0.024300727452691268,0.002260332143750543,7,0.29700856734882469,0.31924966153065687,-0.0055513794678072048,0.010323091727676047,True,20,2000,False,False,False,possible deletion,conditional fixed background; 2023 alone cannot decide; bootstrap fixed predictions only
S4_full34_ret_60d_2023,full34,ret_60d,A,single,2023,primary_2023,artifacts/experiments/S4_full34_ret_60d_2023/20261004T063246330331Z_ebffa35a,artifacts/experiments/features34_step1_full34_2023/20261001T145046998460Z_a2802673,33,4597785,1125300,0.066816599212934064,0.065210337108122504,-0.0016062621048115594,0.044076317605750585,0.093668546567256442,0.091976321397214206,-0.0016922251700422358,0.020728017188875042,0.71333015896598773,0.70899048926409447,-0.0043396697018932562,0.41236561184142151,0.79338842975206614,0.80165289256198347,0.0082644628099173278,0.16115702479338845,0.23070696913897798,0.24235354413810442,0.011646574999126441,0.17180227953430621,0.25013020645909501,0.26177678145822142,0.011646574999126413,0.17180227953430618,0.50745224306164616,0.50971417118528273,0.0022619281236365696,0.02729598227547142,0.24370305750837315,0.24587594672909552,0.0021728892207223682,0.060982416219950708,0.5615486789201608,0.56152175473865595,-2.6924181504850431e-05,0.5613961085582998,0.5613961085582998,0,0.5613961085582998,0.5613961085582998,0,0,0,0,0.87596818849572067,0.87849621696171465,0.0025280284659939811,8,4,1,202309,-0.02196639740807553,0.0023602356312207307,8,0.25548762735844538,0.27085714400971045,-0.0047448327923087473,0.0069152769954392334,True,20,2000,True,False,False,possible deletion,conditional fixed background; 2023 alone cannot decide; bootstrap fixed predictions only
S4_full34_close_location_2023,full34,close_location,B,single,2023,primary_2023,artifacts/experiments/S4_full34_close_location_2023/20261004T063308841639Z_3c5011e0,artifacts/experiments/features34_step1_full34_2023/20261001T145046998460Z_a2802673,33,4597785,1125300,0.066816599212934064,0.066330258349800164,-0.00048634086313389946,0.045196238847428245,0.093668546567256442,0.092940421013052318,-0.00072812555420412317,0.021692116804713155,0.71333015896598773,0.7136857959841274,0.00035563701813967619,0.41706091856145444,0.79338842975206614,0.78512396694214881,-0.0082644628099173278,0.14462809917355379,0.23070696913897798,0.22519272649514591,-0.0055142426438320735,0.1546414618913477,0.25013020645909501,0.24461596381526293,-0.0055142426438320735,0.1546414618913477,0.50745224306164616,0.50800511211439825,0.00055286905275209186,0.025586923204586942,0.24370305750837315,0.24168838765414435,-0.0020146698542287955,0.056794857144999544,0.5615486789201608,0.56153072946582427,-1.7949454336529946e-05,0.5613961085582998,0.5613961085582998,0,0.5613961085582998,0.5613961085582998,0,0,0,0,0.87596818849572067,0.87550525785374778,-0.0004629306419728918,7,5,0,202309,-0.025777518898143559,0.0021488114327990054,7,0.33746812552729466,0.33720552734294362,-0.0099225471326817149,0.0049700043899079749,True,20,2000,False,False,False,possible retention,conditional fixed background; 2023 alone cannot decide; bootstrap fixed predictions only
S4_full34_upper_shadow_2023,full34,upper_shadow,B,single,2023,primary_2023,artifacts/experiments/S4_full34_upper_shadow_2023/20261004T063331421112Z_359ab907,artifacts/experiments/features34_step1_full34_2023/20261001T145046998460Z_a2802673,33,4597785,1125300,0.066816599212934064,0.066668336816209206,-0.00014826239672485753,0.045534317313837287,0.093668546567256442,0.09286430457562278,-0.00080424199163366128,0.021616000367283617,0.71333015896598773,0.71791133440210875,0.0045811754361210211,0.42128645697943579,0.79338842975206614,0.77272727272727271,-0.020661157024793431,0.13223140495867769,0.23070696913897798,0.23298806766489286,0.0022810985259148764,0.16243680306109465,0.25013020645909501,0.25241130498500991,0.0022810985259149041,0.16243680306109468,0.50745224306164616,0.51015645464212001,0.0027042115804738476,0.027738265732308698,0.24370305750837315,0.24351681863331553,-0.00018623887505761494,0.058623288124170725,0.5615486789201608,0.5615486789201608,0,0.5613961085582998,0.5613961085582998,0,0.5613961085582998,0.5613961085582998,0,0,0,0,0.87596818849572067,0.87903485623561195,0.0030666677398912823,5,7,1,202309,-0.027854306776651599,-0.0010013958505181997,6,0.31785107654886896,0.35682538126036739,-0.0077160408101697832,0.0051524042235259904,True,20,2000,False,True,False,near/uncertain,conditional fixed background; 2023 alone cannot decide; bootstrap fixed predictions only
S4_full34_lower_shadow_2023,full34,lower_shadow,B,single,2023,primary_2023,artifacts/experiments/S4_full34_lower_shadow_2023/20261004T063354143375Z_10614a50,artifacts/experiments/features34_step1_full34_2023/20261001T145046998460Z_a2802673,33,4597785,1125300,0.066816599212934064,0.066543030929368682,-0.00027356828356538132,0.045409011426996763,0.093668546567256442,0.094531865446374486,0.00086331887911804406,0.023283561238035322,0.71333015896598773,0.70392169471274046,-0.0094084642532472618,0.4072968172900675,0.79338842975206614,0.78925619834710747,-0.0041322314049586639,0.14876033057851246,0.23070696913897798,0.25325063212024729,0.022543662981269308,0.18269936751644908,0.25013020645909501,0.27267386944036426,0.022543662981269252,0.18269936751644902,0.50745224306164616,0.51108483373117142,0.0036325906695252597,0.02866664482136011,0.24370305750837315,0.24926695188847023,0.0055638943800970786,0.064373421379325418,0.5615486789201608,0.56152175473865595,-2.6924181504850431e-05,0.5613961085582998,0.5613961085582998,0,0.5613961085582998,0.5613961085582998,0,0,0,0,0.87596818849572067,0.88229088850084736,0.0063227000051266913,6,6,4,202304,-0.018427810009396639,-0.00025834798812002235,7,0.49433299665742486,0.55724446308388365,-0.0050353503655127529,0.015572972129204483,True,20,2000,False,False,False,possible deletion,conditional fixed background; 2023 alone cannot decide; bootstrap fixed predictions only
S4_full34_body_ratio_2023,full34,body_ratio,B,single,2023,primary_2023,artifacts/experiments/S4_full34_body_ratio_2023/20261004T063416915382Z_ab9c1f61,artifacts/experiments/features34_step1_full34_2023/20261001T145046998460Z_a2802673,33,4597785,1125300,0.066816599212934064,0.067096830894232642,0.00028023168129857889,0.045962811391860724,0.093668546567256442,0.093256059957602819,-0.00041248660965362283,0.022007755749263655,0.71333015896598773,0.71949030362999467,0.0061601446640069391,0.4228654262073217,0.79338842975206614,0.78925619834710747,-0.0041322314049586639,0.14876033057851246,0.23070696913897798,0.23459159759538384,0.0038846284564058586,0.16404033299158563,0.25013020645909501,0.25401483491550086,0.0038846284564058586,0.16404033299158563,0.50745224306164616,0.51148662209919704,0.0040343790375508837,0.029068433189385734,0.24370305750837315,0.2437702250065491,6.7167498175951801e-05,0.058876694497404292,0.5615486789201608,0.56153970419299248,-8.9747271683204843e-06,0.5613961085582998,0.5613961085582998,0,0.5613961085582998,0.5613961085582998,0,0,0,0,0.87596818849572067,0.88009333368781428,0.0041251451920936155,6,6,1,202309,-0.016902545831627092,0.00074076526644624441,7,0.27754194807956895,0.28658815845839247,-0.0046550977241878819,0.004112619542687994,True,20,2000,False,True,False,near/uncertain,conditional fixed background; 2023 alone cannot decide; bootstrap fixed predictions only
S4_full34_bias_20d_2023,full34,bias_20d,C,single,2023,primary_2023,artifacts/experiments/S4_full34_bias_20d_2023/20261004T063439389499Z_fb1ad38c,artifacts/experiments/features34_step1_full34_2023/20261001T145046998460Z_a2802673,33,4597785,1125300,0.066816599212934064,0.065765103045972662,-0.001051496166961402,0.044631083543600743,0.093668546567256442,0.092991531704134267,-0.00067701486312217452,0.021743227495795103,0.71333015896598773,0.70721604258776649,-0.0061141163782212349,0.41059116516509353,0.79338842975206614,0.78925619834710747,-0.0041322314049586639,0.14876033057851246,0.23070696913897798,0.22322900242517874,-0.0074779667137992445,0.15267773782138053,0.25013020645909501,0.24265223974529576,-0.0074779667137992445,0.15267773782138053,0.50745224306164616,0.5108370120009762,0.0033847689393300406,0.028418823091164891,0.24370305750837315,0.24002363834564983,-0.0036794191627233241,0.055130107836505016,0.5615486789201608,0.5615486789201608,0,0.5613961085582998,0.5613961085582998,0,0.5613961085582998,0.5613961085582998,0,0,0,0,0.87596818849572067,0.87736639811241646,0.0013982096166957891,3,9,2,202309,-0.018401484769217047,-0.00586270445851967,4,0.5004461166848313,0.58002633181775554,-0.0095067074696908102,0.0018776725353896731,True,20,2000,False,False,False,possible retention,conditional fixed background; 2023 alone cannot decide; bootstrap fixed predictions only
S4_full34_bias_60d_2023,full34,bias_60d,C,single,2023,primary_2023,artifacts/experiments/S4_full34_bias_60d_2023/20261004T063501778690Z_6e2e70ba,artifacts/experiments/features34_step1_full34_2023/20261001T145046998460Z_a2802673,33,4597785,1125300,0.066816599212934064,0.065557471380370741,-0.0012591278325633226,0.044423451877998822,0.093668546567256442,0.092152729253658347,-0.0015158173135980946,0.020904425045319183,0.71333015896598773,0.71140021474478676,-0.0019299442212009632,0.4147753373221138,0.79338842975206614,0.79338842975206614,0,0.15289256198347112,0.23070696913897798,0.22582773876826001,-0.0048792303707179685,0.1552764741644618,0.25013020645909501,0.24525097608837701,-0.0048792303707179963,0.15527647416446178,0.50745224306164616,0.5087908295056488,0.0013385864440026429,0.026372640595837493,0.24370305750837315,0.24133406133093166,-0.0023689961774414903,0.05644053082178685,0.5615486789201608,0.5615486789201608,0,0.5613961085582998,0.5613961085582998,0,0.5613961085582998,0.5613961085582998,0,0,0,0,0.87596818849572067,0.87883440790557132,0.0028662194098506566,5,7,0,202309,-0.029487622261868573,-0.003289354802087946,5,0.55057858124776526,0.56620019818132539,-0.0092579718739832142,0.0026841609530914561,True,20,2000,False,False,False,possible retention,conditional fixed background; 2023 alone cannot decide; bootstrap fixed predictions only
S4_full34_price_position_20d_2023,full34,price_position_20d,C,single,2023,primary_2023,artifacts/experiments/S4_full34_price_position_20d_2023/20261004T063524033187Z_d37c25df,artifacts/experiments/features34_step1_full34_2023/20261001T145046998460Z_a2802673,33,4597785,1125300,0.066816599212934064,0.069876340339024387,0.0030597411260903234,0.048742320836652468,0.093668546567256442,0.094730254792610144,0.0010617082253537025,0.02348195058427098,0.71333015896598773,0.73763488224540696,0.024304723279419238,0.441010004822734,0.79338842975206614,0.7975206611570248,0.0041322314049586639,0.15702479338842978,0.23070696913897798,0.26128002355808155,0.030573054419103574,0.19072875895428335,0.25013020645909501,0.28070326087819863,0.030573054419103629,0.1907287589542834,0.50745224306164616,0.50937462990491422,0.0019223868432680646,0.026956440995102915,0.24370305750837315,0.25352215423155994,0.0098190967231867876,0.068628623722415127,0.5615486789201608,0.5615486789201608,0,0.5613961085582998,0.5613961085582998,0,0.5613961085582998,0.5613961085582998,0,0,0,0,0.87596818849572067,0.87711265281882145,0.0011444643231007801,9,3,0,202309,-0.0070427296902567937,0.0078081207594315263,9,0.31923296400414136,0.32190082160757388,0.0013089575727612116,0.018834021063703427,False,20,2000,True,False,False,possible deletion,conditional fixed background; 2023 alone cannot decide; bootstrap fixed predictions only
S4_full34_price_position_60d_2023,full34,price_position_60d,C,single,2023,primary_2023,artifacts/experiments/S4_full34_price_position_60d_2023/20261004T063546832374Z_b4744c75,artifacts/experiments/features34_step1_full34_2023/20261001T145046998460Z_a2802673,33,4597785,1125300,0.066816599212934064,0.065638767405612961,-0.001177831807321103,0.044504747903241042,0.093668546567256442,0.093001864396860159,-0.00066668217039628219,0.021753560188520996,0.71333015896598773,0.70577904896096899,-0.0075511100050187352,0.40915417153829603,0.79338842975206614,0.78925619834710747,-0.0041322314049586639,0.14876033057851246,0.23070696913897798,0.23508701578077454,0.0043800466417965589,0.16453575117697633,0.25013020645909501,0.25451025310089165,0.0043800466417966422,0.16453575117697641,0.50745224306164616,0.508368994330478,0.00091675126883183911,0.025950805420666689,0.24370305750837315,0.24427091339733414,0.00056785588896099415,0.059377382888189334,0.5615486789201608,0.56153072946582427,-1.7949454336529946e-05,0.5613961085582998,0.5613961085582998,0,0.5613961085582998,0.5613961085582998,0,0,0,0,0.87596818849572067,0.87729611826423892,0.0013279297685182545,7,5,3,202309,-0.038461395671402568,0.0008097077619668297,9,0.33602512138181634,0.3554799097808462,-0.0076725683514087635,0.0053495402342053329,True,20,2000,False,True,False,near/uncertain,conditional fixed background; 2023 alone cannot decide; bootstrap fixed predictions only
S4_full34_amount_ratio_20d_2023,full34,amount_ratio_20d,D,single,2023,primary_2023,artifacts/experiments/S4_full34_amount_ratio_20d_2023/20261004T063609343992Z_6301436d,artifacts/experiments/features34_step1_full34_2023/20261001T145046998460Z_a2802673,33,4597785,1125300,0.066816599212934064,0.068445579049163235,0.0016289798362291719,0.047311559546791317,0.093668546567256442,0.093967791766940201,0.00029924519968375918,0.022719487558601037,0.71333015896598773,0.72839403546826553,0.015063876502277807,0.43176915804559257,0.79338842975206614,0.7975206611570248,0.0041322314049586639,0.15702479338842978,0.23070696913897798,0.25474977294019102,0.024042803801213042,0.18419850833639281,0.25013020645909501,0.27417301026030799,0.024042803801212986,0.18419850833639276,0.50745224306164616,0.51194672654862228,0.0044944834869761197,0.02952853763881097,0.24370305750837315,0.25021914553713592,0.0065160880287627732,0.065325615027991113,0.5615486789201608,0.5615486789201608,0,0.5613961085582998,0.5613961085582998,0,0.5613961085582998,0.5613961085582998,0,0,0,0,0.87596818849572067,0.8830782746340845,0.0071100861383638359,7,5,0,202308,-0.014950153517891501,0.0089810332918242031,7,0.22681749597727385,0.24239129396452763,-0.0031538939519121165,0.014410747110840259,True,20,2000,False,False,False,possible deletion,conditional fixed background; 2023 alone cannot decide; bootstrap fixed predictions only
S4_full34_log_mean_amount_20d_2023,full34,log_mean_amount_20d,D,single,2023,primary_2023,artifacts/experiments/S4_full34_log_mean_amount_20d_2023/20261004T063631927530Z_5c47ef99,artifacts/experiments/features34_step1_full34_2023/20261001T145046998460Z_a2802673,33,4597785,1125300,0.066816599212934064,0.064751959712667853,-0.0020646395002662105,0.043617940210295934,0.093668546567256442,0.092562655281176992,-0.0011058912860794495,0.021314351072837828,0.71333015896598773,0.699547344617235,-0.013782814348752725,0.40292246719456204,0.79338842975206614,0.78925619834710747,-0.0041322314049586639,0.14876033057851246,0.23070696913897798,0.22998852523868721,-0.00071844390029077165,0.159437260634889,0.25013020645909501,0.24941176255880429,-0.00071844390029071614,0.15943726063488906,0.50745224306164616,0.51014193315092526,0.0026896900892791065,0.027723744241113957,0.24370305750837315,0.24185476151139573,-0.0018482959969774171,0.056961231002250923,0.5615486789201608,0.56151278001148763,-3.5898908673170915e-05,0.5613961085582998,0.5613961085582998,0,0.5613961085582998,0.5613961085582998,0,0,0,0,0.87596818849572067,0.87937620785402115,0.0034080193583004847,5,7,0,202309,-0.023396210656926431,-0.0032052635359911125,5,0.35372805733836932,0.39423938074721077,-0.0089336912988586918,0.0033239148221110969,True,20,2000,False,False,False,possible retention,conditional fixed background; 2023 alone cannot decide; bootstrap fixed predictions only
S4_full34_volatility_60d_2023,full34,volatility_60d,D,single,2023,primary_2023,artifacts/experiments/S4_full34_volatility_60d_2023/20261004T063654374449Z_1753c775,artifacts/experiments/features34_step1_full34_2023/20261001T145046998460Z_a2802673,33,4597785,1125300,0.066816599212934064,0.067742315980740889,0.0009257167678068251,0.04660829647836897,0.093668546567256442,0.092780767466116784,-0.00088777910113965741,0.02153246325777762,0.71333015896598773,0.73013317124672572,0.016803012280737994,0.43350829382405276,0.79338842975206614,0.78512396694214881,-0.0082644628099173278,0.14462809917355379,0.23070696913897798,0.23943010372045634,0.008723134581478359,0.16887883911665813,0.25013020645909501,0.25885334104057328,0.0087231345814782757,0.16887883911665805,0.50745224306164616,0.51011715181012529,0.0026649087484791334,0.027698962900313984,0.24370305750837315,0.24589081196539567,0.0021877544570225171,0.060997281456250857,0.5615486789201608,0.56153072946582427,-1.7949454336529946e-05,0.5613961085582998,0.5613961085582998,0,0.5613961085582998,0.5613961085582998,0,0,0,0,0.87596818849572067,0.87905758619299679,0.0030893976972761195,7,5,0,202309,-0.0178148131610395,0.0052209027855403267,7,0.24382223978957157,0.26174346158783196,-0.0050058202036876416,0.0075240403334710772,True,20,2000,False,False,False,possible deletion,conditional fixed background; 2023 alone cannot decide; bootstrap fixed predictions only
S4_full34_flag_limit_up_2023,full34,flag_limit_up,E,single,2023,primary_2023,artifacts/experiments/S4_full34_flag_limit_up_2023/20261004T063716956459Z_44ef030c,artifacts/experiments/features34_step1_full34_2023/20261001T145046998460Z_a2802673,33,4597785,1125300,0.066816599212934064,0.066936014483083686,0.00011941527014962261,0.045801994980711767,0.093668546567256442,0.094047375507400111,0.00037882894014366897,0.022799071299060947,0.71333015896598773,0.71172655400486784,-0.0016036049611198866,0.41510167658219488,0.79338842975206614,0.78925619834710747,-0.0041322314049586639,0.14876033057851246,0.23070696913897798,0.22514408608554273,-0.0055628830534352469,0.15459282148174452,0.25013020645909501,0.24456732340565973,-0.0055628830534352747,0.1545928214817445,0.50745224306164616,0.51074918885396403,0.0032969457923178735,0.028330999944152724,0.24370305750837315,0.24109287496270709,-0.0026101825456660566,0.056199344453562283,0.5615486789201608,0.56152175473865595,-2.6924181504850431e-05,0.5613961085582998,0.5613961085582998,0,0.5613961085582998,0.5613961085582998,0,0,0,0,0.87596818849572067,0.87840765492460193,0.0024394664288812651,6,6,0,202309,-0.031797572798489701,-0.001311458962728107,6,0.49452142293409557,0.44483612225029207,-0.011016561625741789,0.0032231809329089692,True,20,2000,False,False,False,possible retention,conditional fixed background; 2023 alone cannot decide; bootstrap fixed predictions only
S4_full34_flag_limit_down_2023,full34,flag_limit_down,E,single,2023,primary_2023,artifacts/experiments/S4_full34_flag_limit_down_2023/20261004T063740083882Z_ee0eb006,artifacts/experiments/features34_step1_full34_2023/20261001T145046998460Z_a2802673,33,4597785,1125300,0.066816599212934064,0.065902831177230378,-0.00091376803570368537,0.044768811674858459,0.093668546567256442,0.093164594012690435,-0.00050395255456600618,0.021916289804351272,0.71333015896598773,0.70738065115437965,-0.0059495078116080791,0.41075577373170669,0.79338842975206614,0.79338842975206614,0,0.15289256198347112,0.23070696913897798,0.23026986030730187,-0.00043710883167610848,0.15971859570350366,0.25013020645909501,0.24969309762741884,-0.00043710883167616399,0.15971859570350361,0.50745224306164616,0.87130335297439032,0.36385110991274416,0.38888516406457901,0.24370305750837315,0.13405108467076562,-0.10965197283760753,-0.050842445838379186,0.5615486789201608,0.00032309017805858702,-0.56122558874210227,0.5613961085582998,0,-0.5613961085582998,0.5613961085582998,0,-0.5613961085582998,0,0,0,0.87596818849572067,0.87657841189384567,0.00061022339812499826,0,12,0,202304,-0.179641479523928,-0.11574528021219166,7,0.33928950830372517,,-0.14154465753851592,-0.079785714393717302,False,20,2000,False,False,True,possible retention,conditional fixed background; 2023 alone cannot decide; bootstrap fixed predictions only
S4_full34_limit_up_count_5d_2023,full34,limit_up_count_5d,E,single,2023,primary_2023,artifacts/experiments/S4_full34_limit_up_count_5d_2023/20261004T063802696288Z_cda69227,artifacts/experiments/features34_step1_full34_2023/20261001T145046998460Z_a2802673,33,4597785,1125300,0.066816599212934064,0.065643768654346624,-0.0011728305585874399,0.044509749151974705,0.093668546567256442,0.093131375337896311,-0.00053717122936013106,0.021883071129557147,0.71333015896598773,0.70485127505290224,-0.0084788839130854887,0.40822639763022928,0.79338842975206614,0.78925619834710747,-0.0041322314049586639,0.14876033057851246,0.23070696913897798,0.24540222718631438,0.014695258047336401,0.17485096258251617,0.25013020645909501,0.26482546450643146,0.014695258047336457,0.17485096258251623,0.50745224306164616,0.50971951216785061,0.0022672691062044503,0.027301323258039301,0.24370305750837315,0.24696232196727777,0.0032592644589046205,0.06206879145813296,0.5615486789201608,0.56152175473865595,-2.6924181504850431e-05,0.5613961085582998,0.5613961085582998,0,0.5613961085582998,0.5613961085582998,0,0,0,0,0.87596818849572067,0.8790729952557601,0.0031048067600394358,8,4,2,202309,-0.014335858108948885,0.0020425333704636867,8,0.23378335996455502,0.27042283516753846,-0.0035282756835186384,0.0079848767399016019,True,20,2000,True,False,False,possible deletion,conditional fixed background; 2023 alone cannot decide; bootstrap fixed predictions only
S4_full34_limit_down_count_5d_2023,full34,limit_down_count_5d,E,single,2023,primary_2023,artifacts/experiments/S4_full34_limit_down_count_5d_2023/20261004T063825119173Z_5f29bc1b,artifacts/experiments/features34_step1_full34_2023/20261001T145046998460Z_a2802673,33,4597785,1125300,0.066816599212934064,0.064856653400832742,-0.0019599458121013213,0.043722633898460823,0.093668546567256442,0.093125332214267428,-0.00054321435298901322,0.021877028005928265,0.71333015896598773,0.69644480034291101,-0.016885358623076718,0.39981992292023805,0.79338842975206614,0.77685950413223137,-0.016528925619834767,0.13636363636363635,0.23070696913897798,0.23239074835111326,0.0016837792121352779,0.16183948374731505,0.25013020645909501,0.25181398567123031,0.0016837792121353057,0.16183948374731508,0.50745224306164616,0.50895042695655568,0.0014981838949095216,0.026532238046744372,0.24370305750837315,0.24297475777870037,-0.00072829972967278223,0.058081227269555558,0.5615486789201608,0.56153072946582427,-1.7949454336529946e-05,0.5613961085582998,0.5613961085582998,0,0.5613961085582998,0.5613961085582998,0,0,0,0,0.87596818849572067,0.87871705773926367,0.0027488692435430062,7,5,0,202309,-0.032839281174720542,0.0049356086579465386,7,0.22448054393418387,0.24422911233909342,-0.0070673162270860511,0.0045820865403466164,True,20,2000,False,True,False,near/uncertain,conditional fixed background; 2023 alone cannot decide; bootstrap fixed predictions only
S4_full34_ret_1d_rank_pct_2023,full34,ret_1d_rank_pct,F,single,2023,primary_2023,artifacts/experiments/S4_full34_ret_1d_rank_pct_2023/20261004T063847664862Z_6b71cee6,artifacts/experiments/features34_step1_full34_2023/20261001T145046998460Z_a2802673,33,4597785,1125300,0.066816599212934064,0.056882649415750455,-0.0099339497971836083,0.035748629913378537,0.093668546567256442,0.09127380781230679,-0.0023947387549496518,0.020025503603967626,0.71333015896598773,0.62320890055033684,-0.090121258415650884,0.32658402312766388,0.79338842975206614,0.77272727272727271,-0.020661157024793431,0.13223140495867769,0.23070696913897798,0.20091937000594351,-0.02978759913303447,0.1303681054021453,0.25013020645909501,0.22034260732606056,-0.029787599133034443,0.13036810540214533,0.50745224306164616,0.5050409489852461,-0.0024112940764000612,0.022622760075434789,0.24370305750837315,0.23151658607250941,-0.012186471435863738,0.046623055563364602,0.5615486789201608,0.56156662837449745,1.7949454336640969e-05,0.5613961085582998,0.5613961085582998,0,0.5613961085582998,0.5613961085582998,0,0,0,0,0.87596818849572067,0.87038259908946458,-0.0055855894062560862,5,7,2,202304,-0.094474904737701815,-0.0011323058069706154,7,0.34696990235735692,0.39145055254195421,-0.034747150110048988,0.0074473415638509613,True,20,2000,False,False,True,possible retention,conditional fixed background; 2023 alone cannot decide; bootstrap fixed predictions only
S4_full34_ret_5d_rank_pct_2023,full34,ret_5d_rank_pct,F,single,2023,primary_2023,artifacts/experiments/S4_full34_ret_5d_rank_pct_2023/20261004T063910066267Z_dcad5e43,artifacts/experiments/features34_step1_full34_2023/20261001T145046998460Z_a2802673,33,4597785,1125300,0.066816599212934064,0.067148958219898414,0.00033235900696435006,0.046014938717526495,0.093668546567256442,0.093727128694039583,5.8582126783141009e-05,0.022478824485700419,0.71333015896598773,0.71643033511778365,0.0031001761517959192,0.41980545769511068,0.79338842975206614,0.78925619834710747,-0.0041322314049586639,0.14876033057851246,0.23070696913897798,0.24241417298958667,0.011707203850608694,0.17186290838578847,0.25013020645909501,0.2618374103097037,0.011707203850608694,0.17186290838578847,0.50745224306164616,0.51235446022268039,0.004902217161034228,0.029936271312869078,0.24370305750837315,0.24587749711803125,0.002174439609658102,0.060983966608886442,0.5615486789201608,0.56157560310166565,2.6924181504850431e-05,0.5613961085582998,0.5613961085582998,0,0.5613961085582998,0.5613961085582998,0,0,0,0,0.87596818849572067,0.88226878585892665,0.0063005973632059842,6,6,1,202308,-0.018631187035211869,-0.00074100351706592182,6,0.31137264569186734,0.33015448609395337,-0.006955549258744159,0.01164681070396013,True,20,2000,False,False,False,possible deletion,conditional fixed background; 2023 alone cannot decide; bootstrap fixed predictions only
S4_full34_ret_20d_rank_pct_2023,full34,ret_20d_rank_pct,F,single,2023,primary_2023,artifacts/experiments/S4_full34_ret_20d_rank_pct_2023/20261004T063932498290Z_bfe71254,artifacts/experiments/features34_step1_full34_2023/20261001T145046998460Z_a2802673,33,4597785,1125300,0.066816599212934064,0.066275374695409825,-0.00054122451752423861,0.045141355193037906,0.093668546567256442,0.094321017035332411,0.00065247046807596909,0.023072712826993247,0.71333015896598773,0.70265754948956116,-0.010672609476426564,0.4060326720668882,0.79338842975206614,0.7975206611570248,0.0041322314049586639,0.15702479338842978,0.23070696913897798,0.24301665235137299,0.012309683212395006,0.17246538774757478,0.25013020645909501,0.26243988967149007,0.012309683212395062,0.17246538774757483,0.50745224306164616,0.50545012562944736,-0.0020021174321988022,0.023031936719636048,0.24370305750837315,0.24778010789474159,0.004077050386368436,0.062886577385596776,0.5615486789201608,0.5615486789201608,0,0.5613961085582998,0.5613961085582998,0,0.5613961085582998,0.5613961085582998,0,0,0,0,0.87596818849572067,0.87423832626496012,-0.0017298622307605482,9,3,1,202309,-0.019307178663344277,0.0068244117064839571,8,0.24801190441835796,0.23854675181438539,-0.0022234842351132912,0.0080411698371114382,True,20,2000,True,False,False,possible deletion,conditional fixed background; 2023 alone cannot decide; bootstrap fixed predictions only
S4_full34_amount_ratio_5d_rank_pct_2023,full34,amount_ratio_5d_rank_pct,F,single,2023,primary_2023,artifacts/experiments/S4_full34_amount_ratio_5d_rank_pct_2023/20261004T063955053783Z_e4b484c1,artifacts/experiments/features34_step1_full34_2023/20261001T145046998460Z_a2802673,33,4597785,1125300,0.066816599212934064,0.064763190652583291,-0.0020534085603507723,0.043629171150211372,0.093668546567256442,0.092364666108989815,-0.0013038804582666264,0.021116361900650651,0.71333015896598773,0.70116845955100482,-0.012161699414982907,0.40454358212833186,0.79338842975206614,0.78099173553719003,-0.012396694214876103,0.14049586776859502,0.23070696913897798,0.24258044610377091,0.011873476964792934,0.17202918149997271,0.25013020645909501,0.26200368342388791,0.011873476964792906,0.17202918149997268,0.50745224306164616,0.51035391620235493,0.0029016731407087715,0.027935727292543622,0.24370305750837315,0.2455732352314581,0.0018701777230849537,0.060679704722313293,0.5615486789201608,0.5615486789201608,0,0.5613961085582998,0.5613961085582998,0,0.5613961085582998,0.5613961085582998,0,0,0,0,0.87596818849572067,0.87924403191677114,0.0032758434210504728,7,5,1,202309,-0.023858110520083409,0.0046863892106680793,9,0.26148588601002365,0.28014503775359861,-0.005671087509184638,0.0081151698952074813,True,20,2000,False,False,False,possible deletion,conditional fixed background; 2023 alone cannot decide; bootstrap fixed predictions only
S4_full34_volatility_20d_rank_pct_2023,full34,volatility_20d_rank_pct,F,single,2023,primary_2023,artifacts/experiments/S4_full34_volatility_20d_rank_pct_2023/20261004T064017593044Z_6817335b,artifacts/experiments/features34_step1_full34_2023/20261001T145046998460Z_a2802673,33,4597785,1125300,0.066816599212934064,0.06410700966553208,-0.0027095895474019832,0.042972990163160162,0.093668546567256442,0.092530345981212306,-0.0011382005860441358,0.021282041772873142,0.71333015896598773,0.69282146290200408,-0.020508696063983645,0.39619658547933112,0.79338842975206614,0.77685950413223137,-0.016528925619834767,0.13636363636363635,0.23070696913897798,0.23749996511621876,0.0067929959772407844,0.16694870051242056,0.25013020645909501,0.25692320243633582,0.0067929959772408122,0.16694870051242058,0.50745224306164616,0.5045514723588187,-0.0029007707028274599,0.02213328344900739,0.24370305750837315,0.24552735169343284,0.0018242941850596939,0.060633821184288034,0.5615486789201608,0.56152175473865595,-2.6924181504850431e-05,0.5613961085582998,0.5613961085582998,0,0.5613961085582998,0.5613961085582998,0,0,0,0,0.87596818849572067,0.87466801628408797,-0.0013001722116326997,8,4,0,202309,-0.022907526603726455,0.005640517772814449,8,0.27174773091101589,0.27790157492781603,-0.0060828554250534246,0.0085247295514788331,True,20,2000,False,False,False,possible deletion,conditional fixed background; 2023 alone cannot decide; bootstrap fixed predictions only
S4_full34_log_mean_amount_20d_rank_pct_2023,full34,log_mean_amount_20d_rank_pct,F,single,2023,primary_2023,artifacts/experiments/S4_full34_log_mean_amount_20d_rank_pct_2023/20261004T064039926081Z_8ae89a7e,artifacts/experiments/features34_step1_full34_2023/20261001T145046998460Z_a2802673,33,4597785,1125300,0.066816599212934064,0.066526164044233185,-0.00029043516870087827,0.045392144541861267,0.093668546567256442,0.093262923471997258,-0.00040562309525918328,0.022014619263658095,0.71333015896598773,0.71331845032938579,-1.1708636601936995e-05,0.41669357290671283,0.79338842975206614,0.78925619834710747,-0.0041322314049586639,0.14876033057851246,0.23070696913897798,0.22019935378970526,-0.01050761534927272,0.14964808918590705,0.25013020645909501,0.23962259110982229,-0.01050761534927272,0.14964808918590705,0.50745224306164616,0.50977977185845524,0.0023275287968090863,0.027361582948643937,0.24370305750837315,0.23973634019706827,-0.0039667173113048793,0.054842809687923461,0.5615486789201608,0.56151278001148763,-3.5898908673170915e-05,0.5613961085582998,0.5613961085582998,0,0.5613961085582998,0.5613961085582998,0,0,0,0,0.87596818849572067,0.87754275257104053,0.001574564075319862,3,9,1,202309,-0.025065782318566598,-0.0045549777255384366,3,0.77755528144870689,0.8329208440860344,-0.010735057696057412,-0.00016855585741609789,False,20,2000,False,False,False,possible retention,conditional fixed background; 2023 alone cannot decide; bootstrap fixed predictions only
S4_lean31_close_location_2023,lean31,close_location,B,single,2023,primary_2023,artifacts/experiments/S4_lean31_close_location_2023/20261004T064102468945Z_be11fd4b,artifacts/experiments/features34_step2_34minusA/20261003T084241291962Z_47787afa,30,4597785,1125300,0.066674315314896745,0.065700328374952113,-0.00097398693994463215,0.044566308872580195,0.09107693435542949,0.090014025856039792,-0.0010629084993896976,0.018765721647700628,0.73206587141700386,0.7298899004920324,-0.0021759709249714598,0.43326502306935943,0.78925619834710747,0.78925619834710747,0,0.14876033057851246,0.24629188662690021,0.23667221528537846,-0.0096196713415217516,0.16612095068158025,0.26571512394701724,0.25609545260549543,-0.0096196713415218071,0.1661209506815802,0.5105154846731762,0.50878115140267077,-0.0017343332705054282,0.026362962492859465,0.24740264671207587,0.24464745051479314,-0.0027551961972827332,0.059753920005648331,0.56152175473865595,0.56152175473865595,0,0.5613961085582998,0.5613961085582998,0,0.5613961085582998,0.5613961085582998,0,0,0,0,0.87720001462140529,0.87269764142790185,-0.0045023731935034395,3,9,0,202304,-0.015720628904461909,-0.0046014856741918991,3,0.5071019281392638,0.50783297047813447,-0.008468433019798308,0.0028964488637563701,True,20,2000,False,False,False,possible retention,conditional fixed background; 2023 alone cannot decide; bootstrap fixed predictions only
S4_lean31_upper_shadow_2023,lean31,upper_shadow,B,single,2023,primary_2023,artifacts/experiments/S4_lean31_upper_shadow_2023/20261004T064124334031Z_f8753242,artifacts/experiments/features34_step2_34minusA/20261003T084241291962Z_47787afa,30,4597785,1125300,0.066674315314896745,0.068092796828446864,0.0014184815135501183,0.046958777326074945,0.09107693435542949,0.091256763969545046,0.00017982961411555642,0.020008459761205882,0.73206587141700386,0.74616712084127101,0.014101249424267159,0.44954224341859805,0.78925619834710747,0.78099173553719003,-0.0082644628099174389,0.14049586776859502,0.24629188662690021,0.25721790804429306,0.01092602141739285,0.18666664344049486,0.26571512394701724,0.27664114536441003,0.010926021417392795,0.1866666434404948,0.5105154846731762,0.5101091096435898,-0.00040637502958640326,0.02769092073377849,0.24740264671207587,0.25136975825158969,0.0039671115395138179,0.066476227742444882,0.56152175473865595,0.56153970419299248,1.7949454336529946e-05,0.5613961085582998,0.5613961085582998,0,0.5613961085582998,0.5613961085582998,0,0,0,0,0.87720001462140529,0.87684076788459953,-0.0003592467368057628,7,5,2,202309,-0.019842255400564765,0.0022949600316772012,7,0.2993760924575149,0.30003477926479105,-0.0066033464601159362,0.011779358962162518,True,20,2000,False,False,False,possible deletion,conditional fixed background; 2023 alone cannot decide; bootstrap fixed predictions only
S4_lean31_lower_shadow_2023,lean31,lower_shadow,B,single,2023,primary_2023,artifacts/experiments/S4_lean31_lower_shadow_2023/20261004T064146420873Z_2eb215ea,artifacts/experiments/features34_step2_34minusA/20261003T084241291962Z_47787afa,30,4597785,1125300,0.066674315314896745,0.067803867171511004,0.0011295518566142582,0.046669847669139085,0.09107693435542949,0.092261839648066016,0.0011849052926365261,0.021013535439726852,0.73206587141700386,0.73490694993888839,0.0028410785218845325,0.43828207251621543,0.78925619834710747,0.78512396694214881,-0.0041322314049586639,0.14462809917355379,0.24629188662690021,0.25467253619591662,0.0083806495690164073,0.18412127159211841,0.26571512394701724,0.27409577351603365,0.0083806495690164073,0.18412127159211841,0.5105154846731762,0.5120650035040315,0.001549518830855301,0.029646814594220194,0.24740264671207587,0.24990380667616993,0.0025011599640940574,0.065010276167025122,0.56152175473865595,0.56155765364732912,3.5898908673170915e-05,0.5613961085582998,0.5613961085582998,0,0.5613961085582998,0.5613961085582998,0,0,0,0,0.87720001462140529,0.88158656668196922,0.0043865520605639308,7,5,0,202305,-0.061957327095296666,0.0065719419918330718,7,0.29828785074456954,0.32271281523285045,-0.015267657127257875,0.015639202893297059,True,20,2000,False,False,False,possible deletion,conditional fixed background; 2023 alone cannot decide; bootstrap fixed predictions only
S4_lean31_body_ratio_2023,lean31,body_ratio,B,single,2023,primary_2023,artifacts/experiments/S4_lean31_body_ratio_2023/20261004T064208274458Z_65416fc5,artifacts/experiments/features34_step2_34minusA/20261003T084241291962Z_47787afa,30,4597785,1125300,0.066674315314896745,0.067160453253940836,0.00048613793904409008,0.046026433751568917,0.09107693435542949,0.090908170621520817,-0.00016876373390867228,0.019659866413181654,0.73206587141700386,0.73877246450762757,0.0067065930906237137,0.44214758708495461,0.78925619834710747,0.78512396694214881,-0.0041322314049586639,0.14462809917355379,0.24629188662690021,0.25314677308032268,0.0068548864534224707,0.18259550847652448,0.26571512394701724,0.2725700104004396,0.0068548864534223597,0.18259550847652437,0.5105154846731762,0.50894831708310972,-0.0015671675900664761,0.026530128173298417,0.24740264671207587,0.25012371810074024,0.00272107138866437,0.065230187591595434,0.56152175473865595,0.56152175473865595,0,0.5613961085582998,0.5613961085582998,0,0.5613961085582998,0.5613961085582998,0,0,0,0,0.87720001462140529,0.87508181468176982,-0.0021181999396354678,7,5,2,202307,-0.0075986619667215427,0.00092824471738939263,6,0.49460952683485043,0.48250230209347839,-0.0021756909043083956,0.009373574598835973,True,20,2000,False,False,False,possible deletion,conditional fixed background; 2023 alone cannot decide; bootstrap fixed predictions only
S4_lean31_bias_20d_2023,lean31,bias_20d,C,single,2023,primary_2023,artifacts/experiments/S4_lean31_bias_20d_2023/20261004T064230239888Z_5c38ce88,artifacts/experiments/features34_step2_34minusA/20261003T084241291962Z_47787afa,30,4597785,1125300,0.066674315314896745,0.0672800089325888,0.00060569361769205465,0.046145989430216881,0.09107693435542949,0.091052754811237091,-2.417954419239865e-05,0.019804450602897927,0.73206587141700386,0.73891239284377563,0.0068465214267717789,0.44228751542110267,0.78925619834710747,0.7975206611570248,0.0082644628099173278,0.15702479338842978,0.24629188662690021,0.25763183504545156,0.011339948418551349,0.18708057044165335,0.26571512394701724,0.27705507236556859,0.011339948418551349,0.18708057044165335,0.5105154846731762,0.51302227997970207,0.0025067953065258664,0.03060409106989076,0.24740264671207587,0.25029487009276036,0.0028922233806844833,0.065401339583615548,0.56152175473865595,0.56152175473865595,0,0.5613961085582998,0.5613961085582998,0,0.5613961085582998,0.5613961085582998,0,0,0,0,0.87720001462140529,0.87959444809094656,0.0023944334695412683,6,6,0,202305,-0.04419665487801272,0.0054725285927738204,6,0.24600970366963873,0.24683692960549011,-0.0084504684605514017,0.010281705933978764,True,20,2000,False,False,False,possible deletion,conditional fixed background; 2023 alone cannot decide; bootstrap fixed predictions only
S4_lean31_bias_60d_2023,lean31,bias_60d,C,single,2023,primary_2023,artifacts/experiments/S4_lean31_bias_60d_2023/20261004T064252271500Z_f4459e20,artifacts/experiments/features34_step2_34minusA/20261003T084241291962Z_47787afa,30,4597785,1125300,0.066674315314896745,0.06707577538361939,0.00040146006872264495,0.045941755881247472,0.09107693435542949,0.0912902351059698,0.00021330075054031006,0.020041930897630636,0.73206587141700386,0.73475301389855951,0.0026871424815556599,0.43812813647588655,0.78925619834710747,0.78925619834710747,0,0.14876033057851246,0.24629188662690021,0.23564030551969301,-0.010651581107207209,0.1650890409158948,0.26571512394701724,0.25506354283981003,-0.010651581107207209,0.1650890409158948,0.5105154846731762,0.51151452175199796,0.00099903707882176285,0.029096332842186656,0.24740264671207587,0.24406804528375625,-0.0033346014283196224,0.059174514774611442,0.56152175473865595,0.56151278001148763,-8.9747271683204843e-06,0.5613961085582998,0.5613961085582998,0,0.5613961085582998,0.5613961085582998,0,0,0,0,0.87720001462140529,0.87629440923358182,-0.00090560538782347155,6,6,1,202305,-0.024974128303289045,-0.0017468855445341991,5,0.50490286833585707,0.4945784382179978,-0.011645258384862354,0.0036044771162182547,True,20,2000,False,False,False,possible retention,conditional fixed background; 2023 alone cannot decide; bootstrap fixed predictions only
S4_lean31_price_position_20d_2023,lean31,price_position_20d,C,single,2023,primary_2023,artifacts/experiments/S4_lean31_price_position_20d_2023/20261004T064314229310Z_9cfabddf,artifacts/experiments/features34_step2_34minusA/20261003T084241291962Z_47787afa,30,4597785,1125300,0.066674315314896745,0.07274558681641545,0.0060712715015187046,0.051611567314043531,0.09107693435542949,0.090924442217716214,-0.00015249213771327541,0.01967613800937705,0.73206587141700386,0.80006635226013301,0.068000480843129152,0.50344147483746005,0.78925619834710747,0.81818181818181823,0.028925619834710758,0.17768595041322321,0.24629188662690021,0.29709345741006776,0.050801570783167549,0.22654219280626955,0.26571512394701724,0.31651669473018479,0.050801570783167549,0.22654219280626955,0.5105154846731762,0.5068351849305468,-0.0036802997426294004,0.024416996020735493,0.24740264671207587,0.26617571647042249,0.018773069758346611,0.081282185961277675,0.56152175473865595,0.56153072946582427,8.9747271683204843e-06,0.5613961085582998,0.5613961085582998,0,0.5613961085582998,0.5613961085582998,0,0,0,0,0.87720001462140529,0.87297339432905507,-0.0042266202923502139,10,2,0,202301,-0.0061708250919725316,0.013468404254722802,10,0.36958968482784404,0.3481420832317938,0.01003280148209325,0.032291393044200548,False,20,2000,True,False,False,possible deletion,conditional fixed background; 2023 alone cannot decide; bootstrap fixed predictions only
S4_lean31_price_position_60d_2023,lean31,price_position_60d,C,single,2023,primary_2023,artifacts/experiments/S4_lean31_price_position_60d_2023/20261004T064336313659Z_e2c11e6b,artifacts/experiments/features34_step2_34minusA/20261003T084241291962Z_47787afa,30,4597785,1125300,0.066674315314896745,0.066471205338990202,-0.00020310997590654301,0.045337185836618284,0.09107693435542949,0.09060809637794684,-0.0004688379774826501,0.019359792169607676,0.73206587141700386,0.73361220460612908,0.0015463331891252263,0.43698732718345612,0.78925619834710747,0.78512396694214881,-0.0041322314049586639,0.14462809917355379,0.24629188662690021,0.24829797559599337,0.002006088969093156,0.17774671099219516,0.26571512394701724,0.26772121291611045,0.0020060889690932115,0.17774671099219522,0.5105154846731762,0.50901194895373114,-0.0015035357194450594,0.026593760043919834,0.24740264671207587,0.24837429012827475,0.00097164341619887518,0.063480759619129939,0.56152175473865595,0.56153970419299248,1.7949454336529946e-05,0.5613961085582998,0.5613961085582998,0,0.5613961085582998,0.5613961085582998,0,0,0,0,0.87720001462140529,0.87547290138995915,-0.0017271132314461424,6,6,1,202309,-0.016170288434591923,-0.00079446995476264992,6,0.51170007457253475,0.50255290459504554,-0.0072525379824431597,0.0093535564247702076,True,20,2000,False,True,False,near/uncertain,conditional fixed background; 2023 alone cannot decide; bootstrap fixed predictions only
S4_lean31_amount_ratio_20d_2023,lean31,amount_ratio_20d,D,single,2023,primary_2023,artifacts/experiments/S4_lean31_amount_ratio_20d_2023/20261004T064358577872Z_b415f560,artifacts/experiments/features34_step2_34minusA/20261003T084241291962Z_47787afa,30,4597785,1125300,0.066674315314896745,0.070575366623189403,0.0039010513082926579,0.049441347120817485,0.09107693435542949,0.09257238403372213,0.0014954496782926402,0.021324079825382966,0.73206587141700386,0.76238035089903611,0.030314479482032253,0.46575547347636315,0.78925619834710747,0.7975206611570248,0.0082644628099173278,0.15702479338842978,0.24629188662690021,0.2845398250890982,0.038247938462197983,0.21398856048529999,0.26571512394701724,0.30396306240921528,0.038247938462198039,0.21398856048530004,0.5105154846731762,0.51189783179793003,0.0013823471247538244,0.029479642888118718,0.24740264671207587,0.26002274463662622,0.01262009792455035,0.075129214127481414,0.56152175473865595,0.56153970419299248,1.7949454336529946e-05,0.5613961085582998,0.5613961085582998,0,0.5613961085582998,0.5613961085582998,0,0,0,0,0.87720001462140529,0.88418122934003884,0.0069812147186335549,9,3,0,202306,-0.0065895214633553134,0.0065825540363359525,9,0.25674875206504444,0.24885397084257266,0.0050303225839342294,0.021811287820251386,False,20,2000,True,False,False,possible deletion,conditional fixed background; 2023 alone cannot decide; bootstrap fixed predictions only
S4_lean31_log_mean_amount_20d_2023,lean31,log_mean_amount_20d,D,single,2023,primary_2023,artifacts/experiments/S4_lean31_log_mean_amount_20d_2023/20261004T064420405963Z_3c071819,artifacts/experiments/features34_step2_34minusA/20261003T084241291962Z_47787afa,30,4597785,1125300,0.066674315314896745,0.065539712367218922,-0.0011346029476778235,0.044405692864847003,0.09107693435542949,0.089618076751442857,-0.0014588576039866324,0.018369772543103693,0.73206587141700386,0.73132246018840974,-0.00074341122859411524,0.43469758276573678,0.78925619834710747,0.78925619834710747,0,0.14876033057851246,0.24629188662690021,0.23673345824402692,-0.0095584283828732963,0.16618219364022871,0.26571512394701724,0.25615669556414394,-0.0095584283828732963,0.16618219364022871,0.5105154846731762,0.51049348568243003,-2.199899074617484e-05,0.028075296772618719,0.24740264671207587,0.24408787671536664,-0.0033147699967092381,0.059194346206221826,0.56152175473865595,0.56153072946582427,8.9747271683204843e-06,0.5613961085582998,0.5613961085582998,0,0.5613961085582998,0.5613961085582998,0,0,0,0,0.87720001462140529,0.87909194871998719,0.0018919340985819044,5,7,1,202306,-0.029553777021731564,-0.0015562438902002873,6,0.27394894728736546,0.27209739814123096,-0.011201281251355883,0.0047404483098638268,True,20,2000,False,False,False,possible retention,conditional fixed background; 2023 alone cannot decide; bootstrap fixed predictions only
S4_lean31_volatility_60d_2023,lean31,volatility_60d,D,single,2023,primary_2023,artifacts/experiments/S4_lean31_volatility_60d_2023/20261004T064442605779Z_1a88e690,artifacts/experiments/features34_step2_34minusA/20261003T084241291962Z_47787afa,30,4597785,1125300,0.066674315314896745,0.068410294221627532,0.0017359789067307868,0.047276274719255613,0.09107693435542949,0.091776217939900123,0.00069928358447063355,0.020527913731560959,0.73206587141700386,0.74540328373987019,0.013337412322866338,0.44877840631719723,0.78925619834710747,0.78512396694214881,-0.0041322314049586639,0.14462809917355379,0.24629188662690021,0.23460882892663704,-0.011683057700263177,0.16405756432283883,0.26571512394701724,0.25403206624675406,-0.011683057700263177,0.16405756432283883,0.5105154846731762,0.51183384265374565,0.0013183579805694512,0.029415653743934345,0.24740264671207587,0.24419661357051842,-0.0032060331415574572,0.059303083061373607,0.56152175473865595,0.56150380528431931,-1.7949454336640969e-05,0.5613961085582998,0.5613961085582998,0,0.5613961085582998,0.5613961085582998,0,0,0,0,0.87720001462140529,0.87869687963616183,0.0014968650147565432,5,7,0,202309,-0.029079428485913966,-0.0042494762403795239,5,0.42381430147986515,0.40591346015466095,-0.012287030985039136,0.0016426589125055303,True,20,2000,False,False,False,possible retention,conditional fixed background; 2023 alone cannot decide; bootstrap fixed predictions only
S4_lean31_flag_limit_up_2023,lean31,flag_limit_up,E,single,2023,primary_2023,artifacts/experiments/S4_lean31_flag_limit_up_2023/20261004T064504681976Z_399cc06f,artifacts/experiments/features34_step2_34minusA/20261003T084241291962Z_47787afa,30,4597785,1125300,0.066674315314896745,0.06697938857156148,0.00030507325666473406,0.045845369069189561,0.09107693435542949,0.091941697690100729,0.00086476333467123967,0.020693393481761566,0.73206587141700386,0.72849849692054447,-0.0035673744964593856,0.43187361949787151,0.78925619834710747,0.77272727272727271,-0.016528925619834767,0.13223140495867769,0.24629188662690021,0.24288372610259412,-0.003408160524306092,0.17233246149879591,0.26571512394701724,0.26230696342271126,-0.0034081605243059809,0.17233246149879602,0.5105154846731762,0.51051744379675568,1.9591235794758077e-06,0.028099254886944369,0.24740264671207587,0.24650164012037612,-0.0009010065916997545,0.06160810961123131,0.56152175473865595,0.5615486789201608,2.6924181504850431e-05,0.5613961085582998,0.5613961085582998,0,0.5613961085582998,0.5613961085582998,0,0,0,0,0.87720001462140529,0.87469370424147852,-0.0025063103799267683,5,7,0,202305,-0.027061269221525408,-0.0018592825967807397,5,0.34136400411930573,0.38526256355110156,-0.00813947444458097,0.004056590091608918,True,20,2000,False,True,False,near/uncertain,conditional fixed background; 2023 alone cannot decide; bootstrap fixed predictions only
S4_lean31_flag_limit_down_2023,lean31,flag_limit_down,E,single,2023,primary_2023,artifacts/experiments/S4_lean31_flag_limit_down_2023/20261004T064526742137Z_8f2110cd,artifacts/experiments/features34_step2_34minusA/20261003T084241291962Z_47787afa,30,4597785,1125300,0.066674315314896745,0.065056591466134434,-0.0016177238487623119,0.043922571963762515,0.09107693435542949,0.090149270202658283,-0.00092766415277120706,0.018900965994319119,0.73206587141700386,0.72165411123002166,-0.0104117601869822,0.42502923380734869,0.78925619834710747,0.78099173553719003,-0.0082644628099174389,0.14049586776859502,0.24629188662690021,0.23987824804646102,-0.006413638580439196,0.16932698344266281,0.26571512394701724,0.25930148536657799,-0.0064136385804392515,0.16932698344266275,0.5105154846731762,0.86822919365376772,0.35771370898059152,0.38581100474395641,0.24740264671207587,0.13751735290426176,-0.10988529380781412,-0.047376177604883052,0.56152175473865595,0.0002782165422171166,-0.5612435381964388,0.5613961085582998,0,-0.5613961085582998,0.5613961085582998,0,-0.5613961085582998,0,0,0,0.87720001462140529,0.87409186126779426,-0.0031081533536110317,0,12,0,202305,-0.19818509854986796,-0.10981012555894189,4,0.37326491599487055,,-0.14724682198274963,-0.0756333628617291,False,20,2000,False,False,True,possible retention,conditional fixed background; 2023 alone cannot decide; bootstrap fixed predictions only
S4_lean31_limit_up_count_5d_2023,lean31,limit_up_count_5d,E,single,2023,primary_2023,artifacts/experiments/S4_lean31_limit_up_count_5d_2023/20261004T064548908133Z_1bc574f5,artifacts/experiments/features34_step2_34minusA/20261003T084241291962Z_47787afa,30,4597785,1125300,0.066674315314896745,0.066552585834463482,-0.00012172948043326359,0.045418566332091563,0.09107693435542949,0.09104458453106383,-3.2349824365660029e-05,0.019796280322724666,0.73206587141700386,0.73098895642448858,-0.0010769149925152766,0.43436407900181562,0.78925619834710747,0.80165289256198347,0.012396694214875992,0.16115702479338845,0.24629188662690021,0.23704133023360499,-0.0092505563932952228,0.16649006562980678,0.26571512394701724,0.25646456755372199,-0.0092505563932952506,0.16649006562980675,0.5105154846731762,0.5111968530900125,0.00068136841683630323,0.028778664180201197,0.24740264671207587,0.24437437747686314,-0.0030282692352127383,0.059480846967718326,0.56152175473865595,0.56152175473865595,0,0.5613961085582998,0.5613961085582998,0,0.5613961085582998,0.5613961085582998,0,0,0,0,0.87720001462140529,0.87790990375108713,0.00070988912968183993,5,7,3,202304,-0.019438648575868633,-0.002443597634156025,6,0.39929290644366688,0.41829907463951704,-0.0080007778179614127,0.0010317913631963931,True,20,2000,False,False,False,possible retention,conditional fixed background; 2023 alone cannot decide; bootstrap fixed predictions only
S4_lean31_limit_down_count_5d_2023,lean31,limit_down_count_5d,E,single,2023,primary_2023,artifacts/experiments/S4_lean31_limit_down_count_5d_2023/20261004T064611106003Z_9f1876b9,artifacts/experiments/features34_step2_34minusA/20261003T084241291962Z_47787afa,30,4597785,1125300,0.066674315314896745,0.066383174066481435,-0.00029114124841531086,0.045249154564109516,0.09107693435542949,0.090637657994355206,-0.00043927636107428392,0.019389353786016042,0.73206587141700386,0.73240169191723481,0.00033582050023095444,0.43577681449456185,0.78925619834710747,0.78512396694214881,-0.0041322314049586639,0.14462809917355379,0.24629188662690021,0.23671295486762528,-0.0095789317592749335,0.16616169026382707,0.26571512394701724,0.25613619218774225,-0.009578931759274989,0.16616169026382702,0.5105154846731762,0.50897044338249808,-0.0015450412906781175,0.026552254472686776,0.24740264671207587,0.24487602307213072,-0.002526623639945158,0.059982492562985906,0.56152175473865595,0.5614948305571511,-2.6924181504850431e-05,0.5613961085582998,0.5613961085582998,0,0.5613961085582998,0.5613961085582998,0,0,0,0,0.87720001462140529,0.87589772141365141,-0.0013022932077538796,4,8,0,202311,-0.011995307654669274,-0.0056295924482055726,4,0.3677832342376417,0.39962334227199153,-0.0071144752937133135,0.0016467911651977852,True,20,2000,False,False,False,possible retention,conditional fixed background; 2023 alone cannot decide; bootstrap fixed predictions only
S4_lean31_ret_1d_rank_pct_2023,lean31,ret_1d_rank_pct,F,single,2023,primary_2023,artifacts/experiments/S4_lean31_ret_1d_rank_pct_2023/20261004T064633002434Z_52d5660a,artifacts/experiments/features34_step2_34minusA/20261003T084241291962Z_47787afa,30,4597785,1125300,0.066674315314896745,0.056444609613904767,-0.010229705700991978,0.035310590111532848,0.09107693435542949,0.088616531687768646,-0.0024604026676608437,0.017368227479429482,0.73206587141700386,0.63695349545817948,-0.09511237595882438,0.34032861803550651,0.78925619834710747,0.77685950413223137,-0.012396694214876103,0.13636363636363635,0.24629188662690021,0.20457818176111922,-0.041713704865780993,0.13402691715732101,0.26571512394701724,0.22400141908123619,-0.041713704865781048,0.13402691715732096,0.5105154846731762,0.50926000620935141,-0.0012554784638247884,0.026841817299540105,0.24740264671207587,0.23117329651109225,-0.016229350200983622,0.046279766001947442,0.56152175473865595,0.56151278001148763,-8.9747271683204843e-06,0.5613961085582998,0.5613961085582998,0,0.5613961085582998,0.5613961085582998,0,0,0,0,0.87720001462140529,0.87616919599350662,-0.0010308186278986664,5,7,1,202304,-0.081539094229129971,-0.0077969913179147116,5,0.3898932073914238,0.4823978814013668,-0.035264661445223951,0.0028416414897914051,True,20,2000,False,False,True,possible retention,conditional fixed background; 2023 alone cannot decide; bootstrap fixed predictions only
S4_lean31_ret_5d_rank_pct_2023,lean31,ret_5d_rank_pct,F,single,2023,primary_2023,artifacts/experiments/S4_lean31_ret_5d_rank_pct_2023/20261004T064654913559Z_00c0af1f,artifacts/experiments/features34_step2_34minusA/20261003T084241291962Z_47787afa,30,4597785,1125300,0.066674315314896745,0.067655581602721546,0.00098126628782480019,0.046521562100349627,0.09107693435542949,0.09199270189123758,0.00091576753580809023,0.020744397682898416,0.73206587141700386,0.73544509740251285,0.0033792259855089934,0.43882021997983989,0.78925619834710747,0.7975206611570248,0.0082644628099173278,0.15702479338842978,0.24629188662690021,0.25282027084091646,0.0065283842140162474,0.18226900623711825,0.26571512394701724,0.27224350816103349,0.0065283842140162474,0.18226900623711825,0.5105154846731762,0.51047682483340651,-3.8659839769694671e-05,0.028058635923595199,0.24740264671207587,0.2497652664433416,0.0023626197312657249,0.064871735934196789,0.56152175473865595,0.5615486789201608,2.6924181504850431e-05,0.5613961085582998,0.5613961085582998,0,0.5613961085582998,0.5613961085582998,0,0,0,0,0.87720001462140529,0.87521904565326714,-0.0019809689681381526,7,5,2,202311,-0.017418141224543493,0.00020902783802564939,7,0.33138831020172344,0.34122401365113592,-0.0048459593766412281,0.0099990195331777342,True,20,2000,False,False,False,possible deletion,conditional fixed background; 2023 alone cannot decide; bootstrap fixed predictions only
S4_lean31_ret_20d_rank_pct_2023,lean31,ret_20d_rank_pct,F,single,2023,primary_2023,artifacts/experiments/S4_lean31_ret_20d_rank_pct_2023/20261004T064716828409Z_f2bc15c4,artifacts/experiments/features34_step2_34minusA/20261003T084241291962Z_47787afa,30,4597785,1125300,0.066674315314896745,0.068031014227667205,0.0013566989127704598,0.046896994725295287,0.09107693435542949,0.091849975865152839,0.00077304150972334895,0.020601671656813675,0.73206587141700386,0.74067536313286764,0.0086094917158637818,0.44405048571019468,0.78925619834710747,0.77685950413223137,-0.012396694214876103,0.13636363636363635,0.24629188662690021,0.24282093502269789,-0.003470951604202327,0.17226967041889968,0.26571512394701724,0.26224417234281494,-0.0034709516042022992,0.17226967041889971,0.5105154846731762,0.50503312228683284,-0.0054823623863433646,0.022614933377021529,0.24740264671207587,0.24854874951182637,0.001146102799750498,0.063655219002681562,0.56152175473865595,0.56157560310166565,5.3848363009700861e-05,0.5613961085582998,0.5613961085582998,0,0.5613961085582998,0.5613961085582998,0,0,0,0,0.87720001462140529,0.8706675606858183,-0.0065324539355869904,6,6,2,202306,-0.014249426872631421,-8.6193953478537477e-05,5,0.49166550233742334,0.46236188942660655,-0.0057764464671472698,0.007848460942667548,True,20,2000,False,False,False,possible deletion,conditional fixed background; 2023 alone cannot decide; bootstrap fixed predictions only
S4_lean31_amount_ratio_5d_rank_pct_2023,lean31,amount_ratio_5d_rank_pct,F,single,2023,primary_2023,artifacts/experiments/S4_lean31_amount_ratio_5d_rank_pct_2023/20261004T064738890275Z_597fd3bc,artifacts/experiments/features34_step2_34minusA/20261003T084241291962Z_47787afa,30,4597785,1125300,0.066674315314896745,0.067508069083895991,0.0008337537689992458,0.046374049581524072,0.09107693435542949,0.091024604971450554,-5.2329383978935717e-05,0.01977630076311139,0.73206587141700386,0.74164638347037692,0.0095805120533730692,0.44502150604770396,0.78925619834710747,0.78512396694214881,-0.0041322314049586639,0.14462809917355379,0.24629188662690021,0.24371334531297295,-0.0025785413139272628,0.17316208070917474,0.26571512394701724,0.26313658263308998,-0.0025785413139272628,0.17316208070917474,0.5105154846731762,0.51231713915167387,0.0018016544784976718,0.029898950241862565,0.24740264671207587,0.2464220894819481,-0.00098055723012777096,0.061528558972803293,0.56152175473865595,0.56153072946582427,8.9747271683204843e-06,0.5613961085582998,0.5613961085582998,0,0.5613961085582998,0.5613961085582998,0,0,0,0,0.87720001462140529,0.87892122981453402,0.0017212151931287334,6,6,0,202305,-0.027032107574483766,0.00067564509906309356,6,0.3489768318209332,0.34250042136132242,-0.0091639646239506153,0.006079596817235757,True,20,2000,False,True,False,near/uncertain,conditional fixed background; 2023 alone cannot decide; bootstrap fixed predictions only
S4_lean31_volatility_20d_rank_pct_2023,lean31,volatility_20d_rank_pct,F,single,2023,primary_2023,artifacts/experiments/S4_lean31_volatility_20d_rank_pct_2023/20261004T064801020588Z_2f05dda4,artifacts/experiments/features34_step2_34minusA/20261003T084241291962Z_47787afa,30,4597785,1125300,0.066674315314896745,0.065745164762318772,-0.00092915055257797308,0.044611145259946854,0.09107693435542949,0.091652635976801622,0.00057570162137213221,0.020404331768462458,0.73206587141700386,0.71732977520646168,-0.014736096210542171,0.42070489778378872,0.78925619834710747,0.76859504132231404,-0.020661157024793431,0.12809917355371903,0.24629188662690021,0.25962975259666182,0.013337865969761609,0.18907848799286361,0.26571512394701724,0.2790529899167789,0.013337865969761664,0.18907848799286367,0.5105154846731762,0.5048533069941854,-0.0056621776789907985,0.022435118084374095,0.24740264671207587,0.25273099958567047,0.005328352873594594,0.067837469076525658,0.56152175473865595,0.56156662837449745,4.4873635841491399e-05,0.5613961085582998,0.5613961085582998,0,0.5613961085582998,0.5613961085582998,0,0,0,0,0.87720001462140529,0.87153451115862324,-0.0056655034627820511,8,4,0,202304,-0.01040774807853917,0.0056647953023799269,8,0.37626753095647342,0.37356911023421197,-0.0028347996748656207,0.012916229733612485,True,20,2000,True,False,False,possible deletion,conditional fixed background; 2023 alone cannot decide; bootstrap fixed predictions only
S4_lean31_log_mean_amount_20d_rank_pct_2023,lean31,log_mean_amount_20d_rank_pct,F,single,2023,primary_2023,artifacts/experiments/S4_lean31_log_mean_amount_20d_rank_pct_2023/20261004T064823188665Z_49fc7f7c,artifacts/experiments/features34_step2_34minusA/20261003T084241291962Z_47787afa,30,4597785,1125300,0.066674315314896745,0.066799462397499315,0.00012514708260256968,0.045665442895127396,0.09107693435542949,0.091337993298014189,0.00026105894258469931,0.020089689089675025,0.73206587141700386,0.73134366089638658,-0.00072221052061727242,0.43471878347371362,0.78925619834710747,0.78925619834710747,0,0.14876033057851246,0.24629188662690021,0.24451492591370436,-0.0017769607131958576,0.17396366130990615,0.26571512394701724,0.26393816323382141,-0.0017769607131958298,0.17396366130990618,0.5105154846731762,0.51022301032152706,-0.00029247435164914126,0.027804821411715752,0.24740264671207587,0.24700735963665288,-0.00039528707542299535,0.062113829127508069,0.56152175473865595,0.56152175473865595,0,0.5613961085582998,0.5613961085582998,0,0.5613961085582998,0.5613961085582998,0,0,0,0,0.87720001462140529,0.87724694222810362,4.6927606698332625e-05,6,6,0,202304,-0.015936907282652957,-0.00047683328142383852,6,0.32956854934126012,0.31330561374385796,-0.005186241506852555,0.0033895309559146664,True,20,2000,False,True,False,near/uncertain,conditional fixed background; 2023 alone cannot decide; bootstrap fixed predictions only
S4_full34_ret_2d_2021,full34,ret_2d,A,single,2021,dev_2021,artifacts/experiments/S4_full34_ret_2d_2021/20261004T065028660106Z_f8c64590,artifacts/experiments/features34_step3_full34_dev_2021/20261003T180738608686Z_70f49bc1,33,2594048,1129950,0.075466202388611833,0.076091206043866627,0.00062500365525479384,0.040984287535062482,0.075874067182906735,0.077650505877657164,0.001776438694750429,0.02068218701008423,0.99462445062669858,0.97991899967467944,-0.014705450952019139,0.36366562926343782,0.86419753086419748,0.83539094650205759,-0.028806584362139898,0.078189300411522611,0.50733590294912922,0.50878358658933653,0.001447683640207309,0.45188373486662081,0.66504254095121496,0.66649022459142215,0.001447683640207198,0.45188373486662081,0.31852597395551457,0.32026531312493955,0.0017393391694249805,0.0084420444599594413,0.38682945965352911,0.38699196445686573,0.0001625048033366272,0.14942622213602341,1,1,0,1,1,0,1,1,0,0,0,0,0.87702547057048363,0.87002109378738424,-0.0070043767830993975,6,6,1,202105,-0.031608540696624998,-0.0015924979133883077,6,0.39050956816574905,0.40957778544215712,-0.0096802321955555166,0.012818676333289678,True,20,2000,False,True,False,near/uncertain,conditional fixed background; 2023 alone cannot decide; bootstrap fixed predictions only
S4_full34_ret_2d_2022,full34,ret_2d,A,single,2022,dev_2022,artifacts/experiments/S4_full34_ret_2d_2022/20261004T065050106583Z_cdd8d78a,artifacts/experiments/features34_step3_full34_dev_2022/20261003T181310927243Z_d27fb847,33,3568878,1125300,0.089826173429262163,0.090942110710114113,0.0011159372808519502,0.048227533029506969,0.092504173560365582,0.093639636434487541,0.0011354628741219591,0.01620458491713779,0.97104995344501044,0.97119247973308098,0.00014252628807054357,0.41957435791861164,0.83471074380165289,0.83884297520661155,0.0041322314049586639,0.10330578512396693,0.45733731271457678,0.44492136544208427,-0.012415947272492511,0.34287336709176963,0.32620909564980677,0.31379314837731415,-0.012415947272492622,0.34287336709176963,0.23216561379343295,0.24097672354230826,0.0088111097488753065,0.022550209068647353,0.40348197904804806,0.39756023685397845,-0.0059217421940696013,0.11538796061873946,0.85511700002711477,0.84700969803237502,-0.0081073019947397462,0.85503565585994346,0.84692835386520371,-0.0081073019947397462,0.85503565585994346,0.84692835386520371,-0.0081073019947397462,0,0,0,0.87679080193207903,0.87102060491362598,-0.0057701970184530493,3,9,2,202204,-0.073506068091802712,-0.002274217965629044,4,0.67379289098678086,0.79022766228313968,-0.019667888689464494,0.0048374070741255592,True,20,2000,False,False,True,possible retention,conditional fixed background; 2023 alone cannot decide; bootstrap fixed predictions only
S4_full34_ret_10d_2021,full34,ret_10d,A,single,2021,dev_2021,artifacts/experiments/S4_full34_ret_10d_2021/20261004T065111113980Z_ed7da86f,artifacts/experiments/features34_step3_full34_dev_2021/20261003T180738608686Z_70f49bc1,33,2594048,1129950,0.075466202388611833,0.076421897507261471,0.00095569511864963819,0.041314978998457326,0.075874067182906735,0.076803066567758815,0.00092899938485208056,0.019834747700185881,0.99462445062669858,0.99503705935802622,0.00041260873132764608,0.3787836889467846,0.86419753086419748,0.84362139917695478,-0.020576131687242705,0.086419753086419804,0.50733590294912922,0.5169879443439156,0.0096520413947863704,0.46008809262119987,0.66504254095121496,0.67469458234600133,0.0096520413947863704,0.46008809262119998,0.31852597395551457,0.32188757226625991,0.0033615983107453395,0.0100643036012798,0.38682945965352911,0.3890988706262013,0.0022694109726721923,0.15153312830535898,1,1,0,1,1,0,1,1,0,0,0,0,0.87702547057048363,0.88168657041006637,0.0046610998395827385,7,5,1,202101,-0.046356640048593356,0.002361767430230699,5,0.3381575741921502,0.27944415671066619,-0.0089874833384333986,0.018668680454874496,True,20,2000,False,False,False,possible deletion,conditional fixed background; 2023 alone cannot decide; bootstrap fixed predictions only
S4_full34_ret_10d_2022,full34,ret_10d,A,single,2022,dev_2022,artifacts/experiments/S4_full34_ret_10d_2022/20261004T065130318055Z_9ca688fb,artifacts/experiments/features34_step3_full34_dev_2022/20261003T181310927243Z_d27fb847,33,3568878,1125300,0.089826173429262163,0.089415841107077398,-0.00041033232218476434,0.046701263426470255,0.092504173560365582,0.09274288539046284,0.00023871183009725738,0.015307833873113089,0.97104995344501044,0.96412615081601094,-0.0069238026289994981,0.4125080290015416,0.83471074380165289,0.83471074380165289,0,0.099173553719008267,0.45733731271457678,0.46142664288446439,0.0040893301698876061,0.35937864453414975,0.32620909564980677,0.33029842581969426,0.0040893301698874951,0.35937864453414975,0.23216561379343295,0.23571827965882472,0.0035526658653917687,0.017291765185163815,0.40348197904804806,0.40347884541052281,-3.1336375252433157e-06,0.12130656917528382,0.85511700002711477,0.85246879547364895,-0.0026482045534658161,0.85503565585994346,0.85241456602886811,-0.0026210898310753405,0.85503565585994346,0.85241456602886811,-0.0026210898310753405,0,0,0,0.87679080193207903,0.87679699797043298,6.1960383539449992e-06,5,7,0,202202,-0.042641165222941535,-0.0064294484967225285,5,0.28348096719870419,0.2419597745271645,-0.0095962459115751901,0.011026710007012771,True,20,2000,False,True,False,near/uncertain,conditional fixed background; 2023 alone cannot decide; bootstrap fixed predictions only
S4_full34_ret_60d_2021,full34,ret_60d,A,single,2021,dev_2021,artifacts/experiments/S4_full34_ret_60d_2021/20261004T065151435641Z_8f0701ce,artifacts/experiments/features34_step3_full34_dev_2021/20261003T180738608686Z_70f49bc1,33,2594048,1129950,0.075466202388611833,0.076275711492565013,0.00080950910395317932,0.041168792983760867,0.075874067182906735,0.075418225970110678,-0.00045584121279605705,0.018449907102537744,0.99462445062669858,1.0113697386994249,0.01674528807272635,0.39511636828818331,0.86419753086419748,0.84362139917695478,-0.020576131687242705,0.086419753086419804,0.50733590294912922,0.52981780245493615,0.022481899505806924,0.47291795073222043,0.66504254095121496,0.68752444045702177,0.022481899505806813,0.47291795073222043,0.31852597395551457,0.30460663664699172,-0.01391933730852285,-0.0072166320179883892,0.38682945965352911,0.39807363433940934,0.011244174685880237,0.16050789201856702,1,1,0,1,1,0,1,1,0,0,0,0,0.87702547057048363,0.87594432568091074,-0.0010811448895728937,9,3,1,202105,-0.008024412704827788,0.0075549483116578442,8,0.35918138299716845,0.34635445745001231,0.0029489302859726329,0.02207819628441457,False,20,2000,True,False,False,possible deletion,conditional fixed background; 2023 alone cannot decide; bootstrap fixed predictions only
S4_full34_ret_60d_2022,full34,ret_60d,A,single,2022,dev_2022,artifacts/experiments/S4_full34_ret_60d_2022/20261004T065210943080Z_c43e5211,artifacts/experiments/features34_step3_full34_dev_2022/20261003T181310927243Z_d27fb847,33,3568878,1125300,0.089826173429262163,0.089276212126609078,-0.00054996130265308474,0.046561634446001934,0.092504173560365582,0.091021815970161055,-0.0014823575902045277,0.013586764452811304,0.97104995344501044,0.98082213780348848,0.0097721843584780421,0.42920401598901914,0.83471074380165289,0.84297520661157022,0.0082644628099173278,0.1074380165289256,0.45733731271457678,0.44700803523078192,-0.010329277483794863,0.34496003688046728,0.32620909564980677,0.31587981816601191,-0.010329277483794863,0.34496003688046739,0.23216561379343295,0.23665827861225167,0.0044926648188187146,0.018231764138590761,0.40348197904804806,0.39881541183620273,-0.0046665672118453294,0.11664313560096373,0.85511700002711477,0.85204399815619891,-0.0030730018709158591,0.85503565585994346,0.85197169222982438,-0.0030639636301190709,0.85503565585994346,0.85197169222982438,-0.0030639636301190709,0,0,0,0.87679080193207903,0.87294819470115126,-0.0038426072309277748,4,8,0,202204,-0.023408977630290928,-0.0050074488219372382,4,0.39918246642585603,0.41364190182678401,-0.012209731429989532,0.0027916770285679984,True,20,2000,False,False,False,possible retention,conditional fixed background; 2023 alone cannot decide; bootstrap fixed predictions only
S4_full34_close_location_2021,full34,close_location,B,single,2021,dev_2021,artifacts/experiments/S4_full34_close_location_2021/20261004T065231977973Z_00570596,artifacts/experiments/features34_step3_full34_dev_2021/20261003T180738608686Z_70f49bc1,33,2594048,1129950,0.075466202388611833,0.074263495703725729,-0.001202706684886104,0.039156577194921584,0.075874067182906735,0.075638449319128373,-0.0002356178637783618,0.018670130451555439,0.99462445062669858,0.98182202797942697,-0.012802422647271605,0.36556865756818535,0.86419753086419748,0.84773662551440332,-0.016460905349794164,0.090534979423868345,0.50733590294912922,0.49724700649376008,-0.010088896455369145,0.44034715477104436,0.66504254095121496,0.6549536444958457,-0.010088896455369256,0.44034715477104436,0.31852597395551457,0.31998393285642013,0.0014579589009055538,0.0081606641914400146,0.38682945965352911,0.38288432037269227,-0.0039451392808368402,0.14531857805184994,1,1,0,1,1,0,1,1,0,0,0,0,0.87702547057048363,0.8720434750294247,-0.0049819955410589367,4,8,1,202105,-0.041379234370672091,-0.0032262588826977301,5,0.30063330808595184,0.39162450019677725,-0.015567900004713472,0.0068172663987591106,True,20,2000,False,False,False,possible retention,conditional fixed background; 2023 alone cannot decide; bootstrap fixed predictions only
S4_full34_close_location_2022,full34,close_location,B,single,2022,dev_2022,artifacts/experiments/S4_full34_close_location_2022/20261004T065251472431Z_ee2fe906,artifacts/experiments/features34_step3_full34_dev_2022/20261003T181310927243Z_d27fb847,33,3568878,1125300,0.089826173429262163,0.087620103004904262,-0.0022060704243579005,0.044905525324297119,0.092504173560365582,0.091613807846212536,-0.00089036571415304633,0.014178756328862785,0.97104995344501044,0.95640717338141534,-0.014642780063595096,0.404789051566946,0.83471074380165289,0.8223140495867769,-0.012396694214875992,0.086776859504132275,0.45733731271457678,0.43251759048533123,-0.024819722229245555,0.33046959213501659,0.32620909564980677,0.3013893734205611,-0.024819722229245667,0.33046959213501659,0.23216561379343295,0.2318715198576371,-0.00029409393579585275,0.013445005383976194,0.40348197904804806,0.39524186239026993,-0.0082401166577781293,0.11306958615503093,0.85511700002711477,0.85288455455030232,-0.0022324454768124502,0.85503565585994346,0.85281224862392779,-0.002223407236015662,0.85503565585994346,0.85281224862392779,-0.002223407236015662,0,0,0,0.87679080193207903,0.87088868214970394,-0.0059021197823750926,4,8,0,202202,-0.031773737354095721,-0.0086168644327836441,4,0.54557683170076943,0.73453128352409924,-0.016622954610976202,0.0016882567030679688,True,20,2000,False,False,True,possible retention,conditional fixed background; 2023 alone cannot decide; bootstrap fixed predictions only
S4_full34_upper_shadow_2021,full34,upper_shadow,B,single,2021,dev_2021,artifacts/experiments/S4_full34_upper_shadow_2021/20261004T065312382187Z_131a48e4,artifacts/experiments/features34_step3_full34_dev_2021/20261003T180738608686Z_70f49bc1,33,2594048,1129950,0.075466202388611833,0.075249154274977262,-0.00021704811363457144,0.040142235766173116,0.075874067182906735,0.074958300312677445,-0.00091576687022928982,0.017989981445104511,0.99462445062669858,1.0038802102113651,0.0092557595846665119,0.38762683980012347,0.86419753086419748,0.84773662551440332,-0.016460905349794164,0.090534979423868345,0.50733590294912922,0.51157077884768776,0.0042348758985585322,0.45467092712497204,0.66504254095121496,0.66927741684977349,0.0042348758985585322,0.45467092712497215,0.31852597395551457,0.3166863897031883,-0.0018395842523262762,0.0048631210382081846,0.38682945965352911,0.3885649784533407,0.0017355187998115973,0.15099923613249838,1,0.99999098384304674,-9.0161569532565267e-06,1,0.99999098384304674,-9.0161569532565267e-06,1,0.99999098384304674,-9.0161569532565267e-06,0,0,0,0.87702547057048363,0.87625471985506243,-0.00077075071542120899,6,6,0,202105,-0.047489870020500202,-0.0012239883856852984,6,0.44238476079757594,0.37676861289434527,-0.015419787273753894,0.01541615375153008,True,20,2000,False,False,False,possible deletion,conditional fixed background; 2023 alone cannot decide; bootstrap fixed predictions only
S4_full34_upper_shadow_2022,full34,upper_shadow,B,single,2022,dev_2022,artifacts/experiments/S4_full34_upper_shadow_2022/20261004T065331728536Z_e6b8eed6,artifacts/experiments/features34_step3_full34_dev_2022/20261003T181310927243Z_d27fb847,33,3568878,1125300,0.089826173429262163,0.09009980369086304,0.00027363026160087678,0.047385226010255896,0.092504173560365582,0.092482091304897221,-2.20822554683614e-05,0.01504703978754747,0.97104995344501044,0.97424055208504967,0.0031905986400392328,0.42262243027058033,0.83471074380165289,0.83884297520661155,0.0041322314049586639,0.10330578512396693,0.45733731271457678,0.45152181589537649,-0.0058154968192002943,0.34947381754506185,0.32620909564980677,0.32039359883060653,-0.0058154968192002388,0.34947381754506202,0.23216561379343295,0.24100467482200699,0.0088390610285740412,0.022578160348346088,0.40348197904804806,0.39919506379835606,-0.0042869152496919916,0.11702278756311707,0.85511700002711477,0.84732603646026339,-0.0077909635668513832,0.85503565585994346,0.84720853932990481,-0.0078271165300386469,0.85503565585994346,0.84720853932990481,-0.0078271165300386469,0,0,0,0.87679080193207903,0.87275173353415836,-0.0040390683979206754,3,9,0,202204,-0.022907781096965785,-0.0043041285051545752,5,0.49085487064736943,0.48752010367958115,-0.012047155271194973,0.005041867321911685,True,20,2000,False,False,False,possible retention,conditional fixed background; 2023 alone cannot decide; bootstrap fixed predictions only
S4_full34_lower_shadow_2021,full34,lower_shadow,B,single,2021,dev_2021,artifacts/experiments/S4_full34_lower_shadow_2021/20261004T065352828949Z_51b4b2b4,artifacts/experiments/features34_step3_full34_dev_2021/20261003T180738608686Z_70f49bc1,33,2594048,1129950,0.075466202388611833,0.074469091055873571,-0.00099711133273826247,0.039362172547069425,0.075874067182906735,0.076364039809728626,0.00048997262682189124,0.019395720942155692,0.99462445062669858,0.97518532599144081,-0.019439124635257765,0.35893195558019919,0.86419753086419748,0.84773662551440332,-0.016460905349794164,0.090534979423868345,0.50733590294912922,0.5223394394639016,0.015003536514772375,0.46543958774118588,0.66504254095121496,0.68004607746598722,0.015003536514772264,0.46543958774118588,0.31852597395551457,0.31487235629212185,-0.0036536176633927275,0.0030490876271417333,0.38682945965352911,0.39202776137388334,0.005198301720354237,0.15446201905304102,1,0.99996393537218697,-3.6064627813026107e-05,1,0.99996393537218697,-3.6064627813026107e-05,1,0.99996393537218697,-3.6064627813026107e-05,0,0,0,0.87702547057048363,0.87961204952943362,0.002586578958949981,8,4,0,202105,-0.020938632199796692,0.0077377242407347946,9,0.24064347554032833,0.25357135553685578,-0.0032723002132368185,0.017107783874207499,True,20,2000,True,False,False,possible deletion,conditional fixed background; 2023 alone cannot decide; bootstrap fixed predictions only
S4_full34_lower_shadow_2022,full34,lower_shadow,B,single,2022,dev_2022,artifacts/experiments/S4_full34_lower_shadow_2022/20261004T065412067539Z_3a795ec1,artifacts/experiments/features34_step3_full34_dev_2022/20261003T181310927243Z_d27fb847,33,3568878,1125300,0.089826173429262163,0.089004478032016693,-0.00082169539724546992,0.046289900351409549,0.092504173560365582,0.094098212334445652,0.0015940387740800699,0.016663160817095901,0.97104995344501044,0.94586789508471514,-0.025182058360295301,0.3942497732702458,0.83471074380165289,0.82644628099173556,-0.0082644628099173278,0.090909090909090939,0.45733731271457678,0.45277767005851499,-0.0045596426560617909,0.35072967170820035,0.32620909564980677,0.32164945299374487,-0.0045596426560619019,0.35072967170820035,0.23216561379343295,0.2317829900852402,-0.00038262370819275304,0.013356475611579294,0.40348197904804806,0.40190019520478915,-0.0015817838432589104,0.11972791896955015,0.85511700002711477,0.85552372086297124,0.00040672083585646668,0.85503565585994346,0.85545141493659671,0.00041575907665325484,0.85503565585994346,0.85545141493659671,0.00041575907665325484,0,0,0,0.87679080193207903,0.87503760122150254,-0.0017532007105764968,6,6,0,202204,-0.043513339175850096,-0.00069806528343166474,6,0.43756542483094341,0.41220426922880044,-0.011209621321874575,0.010528158672495196,True,20,2000,False,False,False,possible retention,conditional fixed background; 2023 alone cannot decide; bootstrap fixed predictions only
S4_full34_body_ratio_2021,full34,body_ratio,B,single,2021,dev_2021,artifacts/experiments/S4_full34_body_ratio_2021/20261004T065432812319Z_1ff04a54,artifacts/experiments/features34_step3_full34_dev_2021/20261003T180738608686Z_70f49bc1,33,2594048,1129950,0.075466202388611833,0.076345093181637833,0.00087889079302599926,0.041238174672833687,0.075874067182906735,0.075545200816978381,-0.00032886636592835417,0.018576881949405447,0.99462445062669858,1.0105882618089446,0.01596381118224599,0.39433489139770295,0.86419753086419748,0.86008230452674894,-0.0041152263374485409,0.10288065843621397,0.50733590294912922,0.52357421819737593,0.016238315248246704,0.46667436647466021,0.66504254095121496,0.68128085619946155,0.016238315248246593,0.46667436647466021,0.31852597395551457,0.32089899250322196,0.002373018547707384,0.0090757238382418448,0.38682945965352911,0.39134060498090129,0.0045111453273721791,0.15377486266005896,1,1,0,1,1,0,1,1,0,0,0,0,0.87702547057048363,0.87648815166049443,-0.00053731890998920395,8,4,0,202105,-0.045484937037756357,0.011436866472641583,7,0.2070322178728074,0.20293760943193545,-0.0064646973033752426,0.015620620270076515,True,20,2000,False,False,False,possible deletion,conditional fixed background; 2023 alone cannot decide; bootstrap fixed predictions only
S4_full34_body_ratio_2022,full34,body_ratio,B,single,2022,dev_2022,artifacts/experiments/S4_full34_body_ratio_2022/20261004T065452147774Z_e5314efc,artifacts/experiments/features34_step3_full34_dev_2022/20261003T181310927243Z_d27fb847,33,3568878,1125300,0.089826173429262163,0.090075940124868276,0.00024976669560611287,0.047361362444261132,0.092504173560365582,0.092825608394710074,0.00032143483434449172,0.015390556877360323,0.97104995344501044,0.97037812821921132,-0.00067182522579911641,0.41876000640474198,0.83471074380165289,0.84297520661157022,0.0082644628099173278,0.1074380165289256,0.45733731271457678,0.46029241201023868,0.0029550992956619004,0.35824441365992404,0.32620909564980677,0.3291641949454685,0.0029550992956617339,0.35824441365992399,0.23216561379343295,0.22852738039342657,-0.0036382334000063798,0.010100865919765667,0.40348197904804806,0.40555988553499089,0.0020779064869428376,0.1233876092997519,0.85511700002711477,0.85708733652081959,0.0019703364937048162,0.85503565585994346,0.8569879158720547,0.0019522600121112399,0.85503565585994346,0.8569879158720547,0.0019522600121112399,0,0,0,0.87679080193207903,0.87366332300003258,-0.0031274789320464569,7,5,1,202202,-0.017564705483882226,0.00097785203770708873,6,0.5415834382230057,0.485957874587989,-0.0035786408990457234,0.0083991345793756923,True,20,2000,False,False,False,possible deletion,conditional fixed background; 2023 alone cannot decide; bootstrap fixed predictions only
S4_full34_bias_20d_2021,full34,bias_20d,C,single,2021,dev_2021,artifacts/experiments/S4_full34_bias_20d_2021/20261004T065512948421Z_b8028f5f,artifacts/experiments/features34_step3_full34_dev_2021/20261003T180738608686Z_70f49bc1,33,2594048,1129950,0.075466202388611833,0.075051046461930962,-0.00041515592668087131,0.039944127953126816,0.075874067182906735,0.077022262112308684,0.0011481949294019494,0.02005394324473575,0.99462445062669858,0.97440719609736437,-0.020217254529334205,0.35815382568612275,0.86419753086419748,0.84773662551440332,-0.016460905349794164,0.090534979423868345,0.50733590294912922,0.51359110048890411,0.0062551975397748816,0.45669124876618838,0.66504254095121496,0.67129773849098984,0.0062551975397748816,0.4566912487661885,0.31852597395551457,0.314319523296891,-0.0042064506586235728,0.002496254631910888,0.38682945965352911,0.38980189174237634,0.0029724320888472322,0.15223614942153402,1,0.99999098384304674,-9.0161569532565267e-06,1,0.99999098384304674,-9.0161569532565267e-06,1,0.99999098384304674,-9.0161569532565267e-06,0,0,0,0.87702547057048363,0.87681603202774894,-0.00020943854273469675,6,6,0,202102,-0.017297379747792829,-0.001041089371638465,6,0.32753495160848084,0.27401516003791931,-0.0060146782551057818,0.013097029616214081,True,20,2000,False,False,False,possible deletion,conditional fixed background; 2023 alone cannot decide; bootstrap fixed predictions only
S4_full34_bias_20d_2022,full34,bias_20d,C,single,2022,dev_2022,artifacts/experiments/S4_full34_bias_20d_2022/20261004T065532329930Z_14c2f6cc,artifacts/experiments/features34_step3_full34_dev_2022/20261003T181310927243Z_d27fb847,33,3568878,1125300,0.089826173429262163,0.090371560730746342,0.00054538730148417924,0.047656983050139198,0.092504173560365582,0.093378558302354239,0.0008743847419886569,0.015943506785004488,0.97104995344501044,0.9677977725692507,-0.0032521808757597359,0.41617965075478136,0.83471074380165289,0.83884297520661155,0.0041322314049586639,0.10330578512396693,0.45733731271457678,0.46161799257782093,0.0042806798632441523,0.3595699942275063,0.32620909564980677,0.33048977551305081,0.0042806798632440413,0.3595699942275063,0.23216561379343295,0.23869580263330156,0.0065301888398686114,0.020269288159640658,0.40348197904804806,0.40302528127565435,-0.00045669777239371045,0.12085300504041535,0.85511700002711477,0.85108594463173692,-0.0040310553953778472,0.85503565585994346,0.8510136387053624,-0.004022017154581059,0.85503565585994346,0.8510136387053624,-0.004022017154581059,0,0,0,0.87679080193207903,0.87578396487071808,-0.0010068370613609545,7,5,1,202203,-0.027618547433936436,0.00099155290418273534,7,0.46754144695584116,0.38153513126109068,-0.0087583034193644497,0.0078375826838369359,True,20,2000,False,True,False,near/uncertain,conditional fixed background; 2023 alone cannot decide; bootstrap fixed predictions only
S4_full34_bias_60d_2021,full34,bias_60d,C,single,2021,dev_2021,artifacts/experiments/S4_full34_bias_60d_2021/20261004T065553638944Z_77ef4e7f,artifacts/experiments/features34_step3_full34_dev_2021/20261003T180738608686Z_70f49bc1,33,2594048,1129950,0.075466202388611833,0.075115464938630916,-0.00035073744998091738,0.04000854642982677,0.075874067182906735,0.076371369995256011,0.0004973028123492762,0.019403051127683077,0.99462445062669858,0.98355528967592032,-0.011069160950778256,0.3673019192646787,0.86419753086419748,0.83950617283950613,-0.024691358024691357,0.082304526748971152,0.50733590294912922,0.50626067846239431,-0.0010752244867349159,0.44936082673967859,0.66504254095121496,0.66396731646448004,-0.0010752244867349159,0.4493608267396787,0.31852597395551457,0.3298624300888553,0.011336456133340722,0.018039161423875183,0.38682945965352911,0.38296566048751401,-0.0038637991660150917,0.14539991816667169,1,1,0,1,1,0,1,1,0,0,0,0,0.87702547057048363,0.87720421120362091,0.0001787406331372754,6,6,0,202105,-0.042276378990330821,-0.00010811886329248344,7,0.22528519627871815,0.31968300801900607,-0.013467781924772285,0.0064584961214433304,True,20,2000,False,False,False,possible retention,conditional fixed background; 2023 alone cannot decide; bootstrap fixed predictions only
S4_full34_bias_60d_2022,full34,bias_60d,C,single,2022,dev_2022,artifacts/experiments/S4_full34_bias_60d_2022/20261004T065612951165Z_dbf960c9,artifacts/experiments/features34_step3_full34_dev_2022/20261003T181310927243Z_d27fb847,33,3568878,1125300,0.089826173429262163,0.088375551902536514,-0.0014506215267256484,0.045660974221929371,0.092504173560365582,0.090788698653171018,-0.0017154749071945641,0.013353647135821267,0.97104995344501044,0.9734201857011614,0.0023702322561509614,0.42180206388669206,0.83471074380165289,0.83057851239669422,-0.0041322314049586639,0.095041322314049603,0.45733731271457678,0.44075943015918562,-0.016577882555391166,0.33871143180887098,0.32620909564980677,0.3096312130944156,-0.016577882555391166,0.33871143180887109,0.23216561379343295,0.24354732145431685,0.011381707660883894,0.025120806980655941,0.40348197904804806,0.39451385337247519,-0.0089681256755728689,0.11234157713723619,0.85511700002711477,0.84587087969197672,-0.0092461203351380528,0.85503565585994346,0.84577145904321183,-0.0092641968167316291,0.85503565585994346,0.84577145904321183,-0.0092641968167316291,0,0,0,0.87679080193207903,0.87373956283278864,-0.0030512390992903926,5,7,1,202205,-0.049562615075243954,-0.0046131645928432219,7,0.34025006489288762,0.50780943898977904,-0.022482993117650441,0.0019224895058682877,True,20,2000,False,False,True,possible retention,conditional fixed background; 2023 alone cannot decide; bootstrap fixed predictions only
S4_full34_price_position_20d_2021,full34,price_position_20d,C,single,2021,dev_2021,artifacts/experiments/S4_full34_price_position_20d_2021/20261004T065633699601Z_dabd6a30,artifacts/experiments/features34_step3_full34_dev_2021/20261003T180738608686Z_70f49bc1,33,2594048,1129950,0.075466202388611833,0.075128702483988952,-0.0003374999046228816,0.040021783975184806,0.075874067182906735,0.076580324583005302,0.00070625740009856719,0.019612005715432368,0.99462445062669858,0.9810444509484556,-0.013579999678242971,0.36479108053721399,0.86419753086419748,0.8559670781893004,-0.0082304526748970819,0.098765432098765427,0.50733590294912922,0.50463056676989615,-0.0027053361792330755,0.44773071504718043,0.66504254095121496,0.66233720477198177,-0.0027053361792331865,0.44773071504718043,0.31852597395551457,0.32297744136370887,0.0044514674081942984,0.011154172698728759,0.38682945965352911,0.38454741861545172,-0.002282041038077387,0.1469816762946094,1,1,0,1,1,0,1,1,0,0,0,0,0.87702547057048363,0.87417054285880358,-0.0028549277116800553,6,6,1,202105,-0.046855776971262753,-0.00077993973981477227,6,0.33443498077642281,0.31355437816251253,-0.012653326267037588,0.0087287130094765002,True,20,2000,False,False,False,possible retention,conditional fixed background; 2023 alone cannot decide; bootstrap fixed predictions only
S4_full34_price_position_20d_2022,full34,price_position_20d,C,single,2022,dev_2022,artifacts/experiments/S4_full34_price_position_20d_2022/20261004T065653422801Z_f03ad85b,artifacts/experiments/features34_step3_full34_dev_2022/20261003T181310927243Z_d27fb847,33,3568878,1125300,0.089826173429262163,0.090298541949693653,0.00047236852043149036,0.047583964269086509,0.092504173560365582,0.0918962655008215,-0.00060790805954408222,0.014461213983471749,0.97104995344501044,0.98261383591138896,0.011563882466378517,0.43099571409691961,0.83471074380165289,0.83884297520661155,0.0041322314049586639,0.10330578512396693,0.45733731271457678,0.43921853645619036,-0.018118776258386426,0.33717053810587572,0.32620909564980677,0.30809031939142034,-0.018118776258386426,0.33717053810587583,0.23216561379343295,0.23818848886433028,0.0060228750708973267,0.019761974390669373,0.40348197904804806,0.39642843105743542,-0.0070535479906126408,0.11425615482219642,0.85511700002711477,0.84937771712113952,-0.0057392829059752515,0.85503565585994346,0.84928733471317142,-0.0057483211467720396,0.85503565585994346,0.84928733471317142,-0.0057483211467720396,0,0,0,0.87679080193207903,0.86769016100346563,-0.0091006409286134016,3,9,0,202204,-0.054638092894930268,-0.0060286976024963024,4,0.59212921058493317,0.64643939897591707,-0.0174131926652695,0.0019740044450650058,True,20,2000,False,False,True,possible retention,conditional fixed background; 2023 alone cannot decide; bootstrap fixed predictions only
S4_full34_price_position_60d_2021,full34,price_position_60d,C,single,2021,dev_2021,artifacts/experiments/S4_full34_price_position_60d_2021/20261004T065714980501Z_551ce22b,artifacts/experiments/features34_step3_full34_dev_2021/20261003T180738608686Z_70f49bc1,33,2594048,1129950,0.075466202388611833,0.075677236142623575,0.00021103375401174129,0.040570317633819429,0.075874067182906735,0.075908930975486677,3.486379257994221e-05,0.018940612107913743,0.99462445062669858,0.99694772630986039,0.0023232756831618184,0.38069435589861877,0.86419753086419748,0.8559670781893004,-0.0082304526748970819,0.098765432098765427,0.50733590294912922,0.52127139713612014,0.013935494186990915,0.46437154541340442,0.66504254095121496,0.67897803513820576,0.013935494186990804,0.46437154541340442,0.31852597395551457,0.31707682589626646,-0.0014491480592481176,0.0052535572312863432,0.38682945965352911,0.39152926582900555,0.0046998061754764398,0.15396352350816322,1,1,0,1,1,0,1,1,0,0,0,0,0.87702547057048363,0.87831664320604419,0.0012911726355605557,8,4,0,202105,-0.02970975702531109,0.0072372351065729812,8,0.20506659559382112,0.20758679309467676,-0.0035084503440115928,0.014586431779254975,True,20,2000,True,False,False,possible deletion,conditional fixed background; 2023 alone cannot decide; bootstrap fixed predictions only
S4_full34_price_position_60d_2022,full34,price_position_60d,C,single,2022,dev_2022,artifacts/experiments/S4_full34_price_position_60d_2022/20261004T065734282933Z_7ff4b957,artifacts/experiments/features34_step3_full34_dev_2022/20261003T181310927243Z_d27fb847,33,3568878,1125300,0.089826173429262163,0.088472662838108479,-0.0013535105911536838,0.045758085157501335,0.092504173560365582,0.093465576478599738,0.00096140291823415547,0.016030524961249987,0.97104995344501044,0.94658018675320044,-0.024469766691810002,0.39496206493873109,0.83471074380165289,0.83057851239669422,-0.0041322314049586639,0.095041322314049603,0.45733731271457678,0.45915832999587519,0.0018210172812984093,0.35711033164556055,0.32620909564980677,0.32803011293110507,0.0018210172812982983,0.35711033164556055,0.23216561379343295,0.23330962983278386,0.0011440160393509091,0.014883115359122956,0.40348197904804806,0.40314367518417071,-0.00033830386387734279,0.12097139894893172,0.85511700002711477,0.85479162335842951,-0.00032537666868526216,0.85503565585994346,0.8547012409504614,-0.00033441490948205033,0.85503565585994346,0.8547012409504614,-0.00033441490948205033,0,0,0,0.87679080193207903,0.87721731832563921,0.00042651639356017235,6,6,1,202211,-0.025164352226686115,0.0036248423059496437,6,0.20467314883935481,0.21599479539320157,-0.0070790569801031395,0.0058509480579301085,True,20,2000,False,True,False,near/uncertain,conditional fixed background; 2023 alone cannot decide; bootstrap fixed predictions only
S4_full34_amount_ratio_20d_2021,full34,amount_ratio_20d,D,single,2021,dev_2021,artifacts/experiments/S4_full34_amount_ratio_20d_2021/20261004T065755617290Z_3522f8d0,artifacts/experiments/features34_step3_full34_dev_2021/20261003T180738608686Z_70f49bc1,33,2594048,1129950,0.075466202388611833,0.076784913917258515,0.0013187115286466822,0.04167799540845437,0.075874067182906735,0.075819957698154999,-5.4109484751735382e-05,0.018851638830582065,0.99462445062669858,1.0127269421983205,0.018102491571621915,0.39647357178707887,0.86419753086419748,0.84773662551440332,-0.016460905349794164,0.090534979423868345,0.50733590294912922,0.5040698608602221,-0.0032660420889071284,0.44717000913750637,0.66504254095121496,0.66177649886230772,-0.0032660420889072395,0.44717000913750637,0.31852597395551457,0.32189338840981579,0.0033674144543012208,0.010070119744835682,0.38682945965352911,0.38536690730202527,-0.0014625523515038319,0.14780116498118295,1,0.99999098384304674,-9.0161569532565267e-06,1,0.99999098384304674,-9.0161569532565267e-06,1,0.99999098384304674,-9.0161569532565267e-06,0,0,0,0.87702547057048363,0.87893199053027027,0.0019065199597866345,6,6,0,202102,-0.052132170278179402,0.0023712428431618693,6,0.27459838440999901,0.25920992246420321,-0.011297229977758819,0.0094300743315094311,True,20,2000,False,False,False,possible retention,conditional fixed background; 2023 alone cannot decide; bootstrap fixed predictions only
S4_full34_amount_ratio_20d_2022,full34,amount_ratio_20d,D,single,2022,dev_2022,artifacts/experiments/S4_full34_amount_ratio_20d_2022/20261004T065815166902Z_962ae322,artifacts/experiments/features34_step3_full34_dev_2022/20261003T181310927243Z_d27fb847,33,3568878,1125300,0.089826173429262163,0.090296869313913994,0.0004706958846518311,0.04758229163330685,0.092504173560365582,0.091360508789533404,-0.0011436647708321784,0.013925457272183653,0.97104995344501044,0.98835777635532096,0.017307822910310522,0.43673965454085162,0.83471074380165289,0.83884297520661155,0.0041322314049586639,0.10330578512396693,0.45733731271457678,0.43702094136985298,-0.020316371344723805,0.33497294301953834,0.32620909564980677,0.3058927243050828,-0.020316371344723971,0.33497294301953828,0.23216561379343295,0.22914049541118678,-0.0030251183822461725,0.010713980937525874,0.40348197904804806,0.39848288151316547,-0.0049990975348825906,0.11631060527792647,0.85511700002711477,0.85578582984607876,0.00066882981896398963,0.85503565585994346,0.85574063864209471,0.00070498278215125332,0.85503565585994346,0.85574063864209471,0.00070498278215125332,0,0,0,0.87679080193207903,0.87224906218723952,-0.0045417397448395125,5,7,1,202202,-0.033353805944390413,-0.003435471289480907,4,0.50973141363508601,0.47534940065204812,-0.01258261632035881,0.0058453924623015525,True,20,2000,False,False,False,possible retention,conditional fixed background; 2023 alone cannot decide; bootstrap fixed predictions only
S4_full34_log_mean_amount_20d_2021,full34,log_mean_amount_20d,D,single,2021,dev_2021,artifacts/experiments/S4_full34_log_mean_amount_20d_2021/20261004T065836102298Z_613a7bbc,artifacts/experiments/features34_step3_full34_dev_2021/20261003T180738608686Z_70f49bc1,33,2594048,1129950,0.075466202388611833,0.074215686806666736,-0.0012505155819450969,0.039108768297862591,0.075874067182906735,0.074259227345000664,-0.0016148398379060708,0.01729090847742773,0.99462445062669858,0.99941366830910261,0.0047892176824040344,0.38316029789786099,0.86419753086419748,0.84773662551440332,-0.016460905349794164,0.090534979423868345,0.50733590294912922,0.50119640352264105,-0.0061394994264881708,0.44429655179992533,0.66504254095121496,0.65890304152472667,-0.0061394994264882818,0.44429655179992533,0.31852597395551457,0.32145405679807254,0.0029280828425579664,0.0096307881330924272,0.38682945965352911,0.38360897874003719,-0.0032204809134919188,0.14604323641919487,1,1,0,1,1,0,1,1,0,0,0,0,0.87702547057048363,0.87614100996388411,-0.00088446060659952419,5,7,0,202105,-0.047985213834617624,-0.002520784855436442,5,0.51995798343221911,0.47266059880920575,-0.014005160714180826,0.008424781133972133,True,20,2000,False,False,False,possible retention,conditional fixed background; 2023 alone cannot decide; bootstrap fixed predictions only
S4_full34_log_mean_amount_20d_2022,full34,log_mean_amount_20d,D,single,2022,dev_2022,artifacts/experiments/S4_full34_log_mean_amount_20d_2022/20261004T065855700671Z_47115355,artifacts/experiments/features34_step3_full34_dev_2022/20261003T181310927243Z_d27fb847,33,3568878,1125300,0.089826173429262163,0.088938530017321049,-0.00088764341194111362,0.046223952336713905,0.092504173560365582,0.092990987486827534,0.00048681392646195143,0.015555935969477783,0.97104995344501044,0.95642096531042298,-0.014628988134587462,0.40480284349595363,0.83471074380165289,0.8223140495867769,-0.012396694214875992,0.086776859504132275,0.45733731271457678,0.44664359092865752,-0.010693721785919263,0.34459559257834288,0.32620909564980677,0.3155153738638875,-0.010693721785919263,0.34459559257834299,0.23216561379343295,0.22798614110834928,-0.0041794726850836739,0.0095596266346883729,0.40348197904804806,0.40117264695302091,-0.0023093320950271501,0.11900037071778191,0.85511700002711477,0.858027313563688,0.002910313536573228,0.85503565585994346,0.85796404587811026,0.0029283900181668043,0.85503565585994346,0.85796404587811026,0.0029283900181668043,0,0,0,0.87679080193207903,0.87344074285835638,-0.0033500590737226554,7,5,1,202201,-0.026579690949943391,0.0008293104909214144,5,0.5519369679360665,0.54196451358262621,-0.0069381024127611029,0.0061147583118622085,True,20,2000,False,False,False,possible retention,conditional fixed background; 2023 alone cannot decide; bootstrap fixed predictions only
S4_full34_volatility_60d_2021,full34,volatility_60d,D,single,2021,dev_2021,artifacts/experiments/S4_full34_volatility_60d_2021/20261004T065916293647Z_55287ff8,artifacts/experiments/features34_step3_full34_dev_2021/20261003T180738608686Z_70f49bc1,33,2594048,1129950,0.075466202388611833,0.074819397674243629,-0.0006468047143682043,0.039712479165439483,0.075874067182906735,0.075016953382207804,-0.00085711380069893039,0.01804863451463487,0.99462445062669858,0.99736651917923624,0.0027420685525376687,0.38111314876799463,0.86419753086419748,0.84362139917695478,-0.020576131687242705,0.086419753086419804,0.50733590294912922,0.50321621694743512,-0.0041196860016941006,0.4463163652247194,0.66504254095121496,0.66092285494952085,-0.0041196860016941006,0.44631636522471951,0.31852597395551457,0.3104381220191923,-0.0080878519363222767,-0.0013851466457878159,0.38682945965352911,0.38776118754817029,0.00093172789464118777,0.15019544522732797,1,1,0,1,1,0,1,1,0,0,0,0,0.87702547057048363,0.88369550519554674,0.0066700346250631037,5,7,0,202109,-0.02541701813665237,-0.0082083186220433257,5,0.58262370843819955,0.4771245197267372,-0.010625530528760562,0.013212743868669549,True,20,2000,False,True,False,near/uncertain,conditional fixed background; 2023 alone cannot decide; bootstrap fixed predictions only
S4_full34_volatility_60d_2022,full34,volatility_60d,D,single,2022,dev_2022,artifacts/experiments/S4_full34_volatility_60d_2022/20261004T065935719678Z_8cefb193,artifacts/experiments/features34_step3_full34_dev_2022/20261003T181310927243Z_d27fb847,33,3568878,1125300,0.089826173429262163,0.087727257907801254,-0.002098915521460909,0.04501268022719411,0.092504173560365582,0.092818596372897078,0.00031442281253149518,0.015383544855547326,0.97104995344501044,0.94514743096694265,-0.025902522478067791,0.39352930915247331,0.83471074380165289,0.83471074380165289,0,0.099173553719008267,0.45733731271457678,0.46485798158534658,0.0075206688707697977,0.36280998323503194,0.32620909564980677,0.33372976452057646,0.0075206688707696867,0.36280998323503194,0.23216561379343295,0.24717447354540059,0.01500885975196764,0.028747959071739687,0.40348197904804806,0.40039595557510427,-0.0030860234729437885,0.11822367933986527,0.85511700002711477,0.84463264070281363,-0.01048435932430114,0.85503565585994346,0.84455129653564232,-0.01048435932430114,0.85503565585994346,0.84455129653564232,-0.01048435932430114,0,0,0,0.87679080193207903,0.880498645219155,0.0037078432870759626,5,7,0,202204,-0.038182453847893205,-0.0049861688313408981,7,0.24776365649043408,0.30159345925851389,-0.012215773138658492,0.0048580829606678661,True,20,2000,False,False,False,possible retention,conditional fixed background; 2023 alone cannot decide; bootstrap fixed predictions only
S4_full34_flag_limit_up_2021,full34,flag_limit_up,E,single,2021,dev_2021,artifacts/experiments/S4_full34_flag_limit_up_2021/20261004T065956897405Z_4350b188,artifacts/experiments/features34_step3_full34_dev_2021/20261003T180738608686Z_70f49bc1,33,2594048,1129950,0.075466202388611833,0.074363927189796064,-0.0011022751988157692,0.039257008680991919,0.075874067182906735,0.075959114907380498,8.504772447376352e-05,0.018990796039807564,0.99462445062669858,0.97899939040193529,-0.015625060224763287,0.36274601999069367,0.86419753086419748,0.85185185185185186,-0.012345679012345623,0.094650205761316886,0.50733590294912922,0.49996446515813769,-0.0073714377909915307,0.44306461343542203,0.66504254095121496,0.65767110316022326,-0.0073714377909916973,0.44306461343542192,0.31852597395551457,0.32897217501042819,0.010446201054913618,0.017148906345448078,0.38682945965352911,0.3810432579202313,-0.0057862017332978022,0.14347751559938898,1,1,0,1,1,0,1,1,0,0,0,0,0.87702547057048363,0.87893132131543295,0.0019058507449493112,8,4,1,202105,-0.077906060552599632,0.0020701155341610877,7,0.27120398666327,0.36998934337399703,-0.020368781265855774,0.005718337359835542,True,20,2000,False,False,True,possible retention,conditional fixed background; 2023 alone cannot decide; bootstrap fixed predictions only
S4_full34_flag_limit_up_2022,full34,flag_limit_up,E,single,2022,dev_2022,artifacts/experiments/S4_full34_flag_limit_up_2022/20261004T070016081630Z_76dc944d,artifacts/experiments/features34_step3_full34_dev_2022/20261003T181310927243Z_d27fb847,33,3568878,1125300,0.089826173429262163,0.090532589448528378,0.000706416019266215,0.047818011767921234,0.092504173560365582,0.092294845700317152,-0.00020932786004843051,0.014859794182967401,0.97104995344501044,0.98090623329594318,0.0098562798509327365,0.42928811148147383,0.83471074380165289,0.84710743801652888,0.012396694214875992,0.11157024793388426,0.45733731271457678,0.45851593701170201,0.0011786242971252303,0.35646793866138737,0.32620909564980677,0.32738771994693189,0.0011786242971251193,0.35646793866138737,0.23216561379343295,0.21396377365498678,-0.018201840138446168,-0.0044627408186741213,0.40348197904804806,0.4095786847864259,0.0060967057383778389,0.1274064085511869,0.85511700002711477,0.86476984119810918,0.0096528411709944084,0.85503565585994346,0.86470657351253155,0.0096709176525880958,0.85503565585994346,0.86470657351253155,0.0096709176525880958,0,0,0,0.87679080193207903,0.87366880486131737,-0.0031219970707616618,6,6,1,202202,-0.019114226482737529,0.00088417941355564689,5,0.48214209136707031,0.28979395736128893,-0.0027118796582119922,0.018642742235162251,True,20,2000,False,False,False,possible deletion,conditional fixed background; 2023 alone cannot decide; bootstrap fixed predictions only
S4_full34_flag_limit_down_2021,full34,flag_limit_down,E,single,2021,dev_2021,artifacts/experiments/S4_full34_flag_limit_down_2021/20261004T070036975416Z_6b476c18,artifacts/experiments/features34_step3_full34_dev_2021/20261003T180738608686Z_70f49bc1,33,2594048,1129950,0.075466202388611833,0.075053720698629436,-0.00041248168998239687,0.039946802189825291,0.075874067182906735,0.075335662683854929,-0.0005384044990518061,0.018367343816281995,0.99462445062669858,0.99625752299533543,0.0016330723686368565,0.38000415258409381,0.86419753086419748,0.84773662551440332,-0.016460905349794164,0.090534979423868345,0.50733590294912922,0.51707173464101641,0.0097358316918871868,0.46017188291830069,0.66504254095121496,0.67477837264310214,0.0097358316918871868,0.4601718829183008,0.31852597395551457,0.86418651814051206,0.54566054418499754,0.55236324947553195,0.38682945965352911,0.22588705322960309,-0.16094240642392602,-0.01167868909123923,1,0.00063113098672821697,-0.99936886901327182,1,0,-1,1,0,-1,0,0,0,0.87702547057048363,0.87773190641441345,0.00070643584392982017,0,12,0,202111,-0.22851484889726742,-0.16009040817533943,8,0.30524915450339424,,-0.1816699180302484,-0.14099831590999257,False,20,2000,False,False,True,possible retention,conditional fixed background; 2023 alone cannot decide; bootstrap fixed predictions only
S4_full34_flag_limit_down_2022,full34,flag_limit_down,E,single,2022,dev_2022,artifacts/experiments/S4_full34_flag_limit_down_2022/20261004T070056466000Z_a496dd37,artifacts/experiments/features34_step3_full34_dev_2022/20261003T181310927243Z_d27fb847,33,3568878,1125300,0.089826173429262163,0.086991662081974813,-0.0028345113472873495,0.04427708440136767,0.092504173560365582,0.091444890728199821,-0.0010592828321657616,0.01400983921085007,0.97104995344501044,0.95130150399040592,-0.019748449454604522,0.39968338217593657,0.83471074380165289,0.8223140495867769,-0.012396694214875992,0.086776859504132275,0.45733731271457678,0.42363322386249352,-0.033704088852083258,0.32158522551217888,0.32620909564980677,0.2925050067977234,-0.033704088852083369,0.32158522551217888,0.23216561379343295,0.86567485113699572,0.63350923734356279,0.64724833666333481,0.40348197904804806,0.20218417665043925,-0.2012978023976088,-0.079988099584799743,0.85511700002711477,0.00032537666868520714,-0.85479162335842951,0.85503565585994346,0,-0.85503565585994346,0.85503565585994346,0,-0.85503565585994346,0,0,0,0.87679080193207903,0.87210743984661221,-0.0046833620854668245,0,12,0,202201,-0.28342388967660159,-0.19159171447778728,4,0.44735669333973516,,-0.21761956489882794,-0.18269799758539618,False,20,2000,False,False,True,possible retention,conditional fixed background; 2023 alone cannot decide; bootstrap fixed predictions only
S4_full34_limit_up_count_5d_2021,full34,limit_up_count_5d,E,single,2021,dev_2021,artifacts/experiments/S4_full34_limit_up_count_5d_2021/20261004T070117374376Z_0e353319,artifacts/experiments/features34_step3_full34_dev_2021/20261003T180738608686Z_70f49bc1,33,2594048,1129950,0.075466202388611833,0.075332299650301873,-0.00013390273830996002,0.040225381141497728,0.075874067182906735,0.075882377724162453,8.3105412557182845e-06,0.018914058856589519,0.99462445062669858,0.99275091147169703,-0.0018735391550015468,0.37649754106045541,0.86419753086419748,0.84362139917695478,-0.020576131687242705,0.086419753086419804,0.50733590294912922,0.52770062313279076,0.020364720183661533,0.47080077141007504,0.66504254095121496,0.68540726113487638,0.020364720183661422,0.47080077141007504,0.31852597395551457,0.31305164825933834,-0.0054743256961762299,0.001228379594358231,0.38682945965352911,0.3945276123221565,0.0076981526686273893,0.15696187000131417,1,1,0,1,1,0,1,1,0,0,0,0,0.87702547057048363,0.87547711631897229,-0.0015483542515113413,9,3,0,202105,-0.032588857858857456,0.011455936553179669,10,0.25652744657446014,0.20323449811917754,-0.0010520582849811719,0.01754010040780149,True,20,2000,False,False,False,possible deletion,conditional fixed background; 2023 alone cannot decide; bootstrap fixed predictions only
S4_full34_limit_up_count_5d_2022,full34,limit_up_count_5d,E,single,2022,dev_2022,artifacts/experiments/S4_full34_limit_up_count_5d_2022/20261004T070136875531Z_96838a17,artifacts/experiments/features34_step3_full34_dev_2022/20261003T181310927243Z_d27fb847,33,3568878,1125300,0.089826173429262163,0.089955609262685504,0.00012943583342334142,0.047241031582078361,0.092504173560365582,0.092708990551730902,0.00020481699136531972,0.015273939034381151,0.97104995344501044,0.97030081686080882,-0.00074913658420161511,0.41868269504633948,0.83471074380165289,0.83471074380165289,0,0.099173553719008267,0.45733731271457678,0.45463367641855429,-0.0027036362960224936,0.35258567806823965,0.32620909564980677,0.32350545935378422,-0.0027036362960225491,0.35258567806823971,0.23216561379343295,0.22827623731137681,-0.0038893764820561449,0.0098497228377159018,0.40348197904804806,0.40388947543722742,0.00040749638917936259,0.12171719920198842,0.85511700002711477,0.85646369790583965,0.0013466978787248784,0.85503565585994346,0.85636427725707465,0.0013286213971311911,0.85503565585994346,0.85636427725707465,0.0013286213971311911,0,0,0,0.87679080193207903,0.8728123890739663,-0.0039784128581127343,4,8,1,202208,-0.0097221101586165148,-0.003183360647793676,3,0.41665167267376352,0.4033919844147924,-0.0040557439400084189,0.0053624134317163891,True,20,2000,False,True,False,near/uncertain,conditional fixed background; 2023 alone cannot decide; bootstrap fixed predictions only
S4_full34_limit_down_count_5d_2021,full34,limit_down_count_5d,E,single,2021,dev_2021,artifacts/experiments/S4_full34_limit_down_count_5d_2021/20261004T070158235583Z_ae76a95f,artifacts/experiments/features34_step3_full34_dev_2021/20261003T180738608686Z_70f49bc1,33,2594048,1129950,0.075466202388611833,0.075500232319631169,3.4029931019335935e-05,0.040393313810827024,0.075874067182906735,0.076590658503349035,0.00071659132044230023,0.019622339635776101,0.99462445062669858,0.98576293499722056,-0.0088615156294780117,0.36950956458597894,0.86419753086419748,0.83539094650205759,-0.028806584362139898,0.078189300411522611,0.50733590294912922,0.53434794102567229,0.027012038076543066,0.47744808930295657,0.66504254095121496,0.69205457902775791,0.027012038076542955,0.47744808930295657,0.31852597395551457,0.32245765584944025,0.0039316818939256759,0.010634387184460137,0.38682945965352911,0.39376717848072207,0.0069377188271929624,0.15620143615987975,1,1,0,1,1,0,1,1,0,0,0,0,0.87702547057048363,0.87578040703286997,-0.0012450635376136665,8,4,0,202102,-0.042048828115247794,0.0092530721198093302,8,0.26721812033523062,0.26303785125077739,-0.0038001852937602013,0.019377897755350516,True,20,2000,False,False,False,possible deletion,conditional fixed background; 2023 alone cannot decide; bootstrap fixed predictions only
S4_full34_limit_down_count_5d_2022,full34,limit_down_count_5d,E,single,2022,dev_2022,artifacts/experiments/S4_full34_limit_down_count_5d_2022/20261004T070217495811Z_ea3b5a75,artifacts/experiments/features34_step3_full34_dev_2022/20261003T181310927243Z_d27fb847,33,3568878,1125300,0.089826173429262163,0.088857612252130388,-0.00096856117713177425,0.046143034571523245,0.092504173560365582,0.092489718305022714,-1.4455255342868401e-05,0.015054666787672963,0.97104995344501044,0.96072962357919645,-0.010320329865813993,0.4091115017647271,0.83471074380165289,0.83057851239669422,-0.0041322314049586639,0.095041322314049603,0.45733731271457678,0.44738695553551938,-0.0099503571790574008,0.34533895718520474,0.32620909564980677,0.31625873847074926,-0.0099503571790575118,0.34533895718520474,0.23216561379343295,0.23891783362288335,0.006752219829450401,0.020491319149222448,0.40348197904804806,0.39808378147464296,-0.0053981975734050947,0.11591150523940397,0.85511700002711477,0.85074249148145809,-0.0043745085456566857,0.85503565585994346,0.85065210907348998,-0.0043835467864534738,0.85503565585994346,0.85065210907348998,-0.0043835467864534738,0,0,0,0.87679080193207903,0.87367485759163432,-0.0031159443404447096,4,8,0,202208,-0.022061742683204322,-0.011355480094976195,4,0.46281016704775968,0.45267337946232222,-0.012893101849542652,0.002905470148436846,True,20,2000,False,False,True,possible retention,conditional fixed background; 2023 alone cannot decide; bootstrap fixed predictions only
S4_full34_ret_1d_rank_pct_2021,full34,ret_1d_rank_pct,F,single,2021,dev_2021,artifacts/experiments/S4_full34_ret_1d_rank_pct_2021/20261004T070238493344Z_38769593,artifacts/experiments/features34_step3_full34_dev_2021/20261003T180738608686Z_70f49bc1,33,2594048,1129950,0.075466202388611833,0.069244994297891674,-0.0062212080907201595,0.034138075789087528,0.075874067182906735,0.073830815122317206,-0.0020432520605895288,0.016862496254744272,0.99462445062669858,0.93788744148594194,-0.056737009140756633,0.32163407107470032,0.86419753086419748,0.83127572016460904,-0.032921810699588439,0.07407407407407407,0.50733590294912922,0.47373086476981624,-0.033605038179312985,0.41683101304710057,0.66504254095121496,0.63143750277190192,-0.03360503817931304,0.41683101304710057,0.31852597395551457,0.32605366468494201,0.0075276907294274387,0.0142303960199619,0.38682945965352911,0.37200115774461895,-0.014828301908910158,0.13443541542377663,1,0.99958525678014998,-0.00041474321985002227,1,0.99958525678014998,-0.00041474321985002227,1,0.99958525678014998,-0.00041474321985002227,0,0,0,0.87702547057048363,0.87553108490770715,-0.0014943856627764873,5,7,0,202104,-0.067951151276532951,-0.014044261368613892,4,0.48602844452146582,0.37630943498143815,-0.034313418695450702,0.0019853954386959954,True,20,2000,False,False,True,possible retention,conditional fixed background; 2023 alone cannot decide; bootstrap fixed predictions only
S4_full34_ret_1d_rank_pct_2022,full34,ret_1d_rank_pct,F,single,2022,dev_2022,artifacts/experiments/S4_full34_ret_1d_rank_pct_2022/20261004T070258037562Z_89346d29,artifacts/experiments/features34_step3_full34_dev_2022/20261003T181310927243Z_d27fb847,33,3568878,1125300,0.089826173429262163,0.079964314228878577,-0.0098618592003835853,0.037249736548271434,0.092504173560365582,0.086672412157784942,-0.0058317614025806402,0.009237360640435191,0.97104995344501044,0.9226040009513703,-0.048445952493640143,0.37098587913690095,0.83471074380165289,0.83057851239669422,-0.0041322314049586639,0.095041322314049603,0.45733731271457678,0.36092058011536021,-0.09641673259921657,0.25887258176504557,0.32620909564980677,0.22979236305059014,-0.096416732599216626,0.25887258176504563,0.23216561379343295,0.25454431923011245,0.022378705436679497,0.036117804756451544,0.40348197904804806,0.36389860395712575,-0.039583375090922301,0.08172632772188676,0.85511700002711477,0.83881201362966717,-0.016304986397447596,0.85503565585994346,0.83871259298090217,-0.016323062879041284,0.85503565585994346,0.83871259298090217,-0.016323062879041284,0,0,0,0.87679080193207903,0.86134695491095714,-0.015443847021121893,3,9,0,202201,-0.11828540662952358,-0.051863775372992416,3,0.59576229590002783,0.58171227035052397,-0.059163720481229858,-0.007443177372361851,False,20,2000,False,False,True,possible retention,conditional fixed background; 2023 alone cannot decide; bootstrap fixed predictions only
S4_full34_ret_5d_rank_pct_2021,full34,ret_5d_rank_pct,F,single,2021,dev_2021,artifacts/experiments/S4_full34_ret_5d_rank_pct_2021/20261004T070318901993Z_5cbedba3,artifacts/experiments/features34_step3_full34_dev_2021/20261003T180738608686Z_70f49bc1,33,2594048,1129950,0.075466202388611833,0.075875384080302866,0.00040918169169103236,0.04076846557149872,0.075874067182906735,0.076043106359266477,0.00016903917635974208,0.019074787491693543,0.99462445062669858,0.99779437891225531,0.0031699282855567334,0.38154100850101369,0.86419753086419748,0.84773662551440332,-0.016460905349794164,0.090534979423868345,0.50733590294912922,0.50844106458245308,0.001105161633323859,0.45154121285973736,0.66504254095121496,0.66614770258453881,0.001105161633323859,0.45154121285973747,0.31852597395551457,0.3046737635548814,-0.013852210400633169,-0.0071495051100987084,0.38682945965352911,0.39148034394039266,0.0046508842868635547,0.15391460161955034,1,1,0,1,1,0,1,1,0,0,0,0,0.87702547057048363,0.87706189099358944,3.6420423105809618e-05,9,3,1,202105,-0.034300684237720147,0.0046645483529509368,6,0.33270130827515015,0.29906844067168958,-0.0047119721873727935,0.015277099659292954,True,20,2000,False,False,False,possible deletion,conditional fixed background; 2023 alone cannot decide; bootstrap fixed predictions only
S4_full34_ret_5d_rank_pct_2022,full34,ret_5d_rank_pct,F,single,2022,dev_2022,artifacts/experiments/S4_full34_ret_5d_rank_pct_2022/20261004T070338508151Z_5ba177f1,artifacts/experiments/features34_step3_full34_dev_2022/20261003T181310927243Z_d27fb847,33,3568878,1125300,0.089826173429262163,0.090091871457270628,0.00026569802800846531,0.047377293776663484,0.092504173560365582,0.093042528496966426,0.00053835493660084333,0.015607476979616675,0.97104995344501044,0.9682870071636972,-0.0027629462813132388,0.41666888534922786,0.83471074380165289,0.82644628099173556,-0.0082644628099173278,0.090909090909090939,0.45733731271457678,0.43937046937046759,-0.017966843344109196,0.33732247102015295,0.32620909564980677,0.30824225230569752,-0.017966843344109251,0.337322471020153,0.23216561379343295,0.22623255719505206,-0.0059330565983808925,0.0078060427213911543,0.40348197904804806,0.39997812223553286,-0.0035038568125151937,0.11780584600029387,0.85511700002711477,0.85820807837962421,0.0030910783525094354,0.85503565585994346,0.8581176959716561,0.0030820401117126472,0.85503565585994346,0.8581176959716561,0.0030820401117126472,0,0,0,0.87679080193207903,0.872383257895606,-0.0044075440364730323,4,8,2,202202,-0.024743943401402735,-0.0040359005774032175,5,0.36141727495660847,0.32166881125509023,-0.011394817532367908,0.0045232463406312149,True,20,2000,False,False,False,possible retention,conditional fixed background; 2023 alone cannot decide; bootstrap fixed predictions only
S4_full34_ret_20d_rank_pct_2021,full34,ret_20d_rank_pct,F,single,2021,dev_2021,artifacts/experiments/S4_full34_ret_20d_rank_pct_2021/20261004T070359543605Z_9ec01811,artifacts/experiments/features34_step3_full34_dev_2021/20261003T180738608686Z_70f49bc1,33,2594048,1129950,0.075466202388611833,0.075021078151888479,-0.00044512423672335433,0.039914159643084333,0.075874067182906735,0.073641029077276529,-0.0022330381056302057,0.016672710209703595,0.99462445062669858,1.0187402198462459,0.024115769219547278,0.40248684943500423,0.86419753086419748,0.86419753086419748,0,0.10699588477366251,0.50733590294912922,0.48800582102780887,-0.019330081921320352,0.43110596930509315,0.66504254095121496,0.6457124590298946,-0.019330081921320352,0.43110596930509326,0.31852597395551457,0.32080714582862074,0.0022811718731061692,0.00898387716364063,0.38682945965352911,0.38016803382051179,-0.0066614258330173204,0.14260229149966946,1,1,0,1,1,0,1,1,0,0,0,0,0.87702547057048363,0.8655024004928108,-0.011523070077672837,4,8,0,202105,-0.056120281474259348,-0.0058862967749968298,4,0.5565216507631866,0.38254561752740629,-0.017541223895475747,0.0062548445476417322,True,20,2000,False,False,True,possible retention,conditional fixed background; 2023 alone cannot decide; bootstrap fixed predictions only
S4_full34_ret_20d_rank_pct_2022,full34,ret_20d_rank_pct,F,single,2022,dev_2022,artifacts/experiments/S4_full34_ret_20d_rank_pct_2022/20261004T070419185065Z_3affb459,artifacts/experiments/features34_step3_full34_dev_2022/20261003T181310927243Z_d27fb847,33,3568878,1125300,0.089826173429262163,0.088893403731971007,-0.00093276969729115533,0.046178826051363864,0.092504173560365582,0.091140449829025236,-0.0013637237313403466,0.013705398311675485,0.97104995344501044,0.97534523802252926,0.0042952845775188209,0.42372711620805992,0.83471074380165289,0.83057851239669422,-0.0041322314049586639,0.095041322314049603,0.45733731271457678,0.42646439994795976,-0.030872912766617022,0.32441640159764512,0.32620909564980677,0.29533618288318969,-0.030872912766617078,0.32441640159764518,0.23216561379343295,0.23563741452554968,0.0034718007321167255,0.017210900051888772,0.40348197904804806,0.39280545711951143,-0.010676521928536631,0.11063318088427243,0.85511700002711477,0.85094133277898787,-0.0041756672481269019,0.85503565585994346,0.8508147974078325,-0.0042208584521109538,0.85503565585994346,0.8508147974078325,-0.0042208584521109538,0,0,0,0.87679080193207903,0.87121227918463695,-0.0055785227474420829,1,11,0,202202,-0.035995655303030616,-0.0099064601018854781,1,1,1,-0.017249859123822868,-0.0049258689282866844,False,20,2000,False,False,True,possible retention,conditional fixed background; 2023 alone cannot decide; bootstrap fixed predictions only
S4_full34_amount_ratio_5d_rank_pct_2021,full34,amount_ratio_5d_rank_pct,F,single,2021,dev_2021,artifacts/experiments/S4_full34_amount_ratio_5d_rank_pct_2021/20261004T070439872038Z_76804574,artifacts/experiments/features34_step3_full34_dev_2021/20261003T180738608686Z_70f49bc1,33,2594048,1129950,0.075466202388611833,0.075000322272519918,-0.00046588011609191571,0.039893403763715772,0.075874067182906735,0.076626539755921208,0.00075247257301447323,0.019658220888348274,0.99462445062669858,0.97877735979490543,-0.015847090831793142,0.36252398938366381,0.86419753086419748,0.84773662551440332,-0.016460905349794164,0.090534979423868345,0.50733590294912922,0.50973092155596822,0.0023950186068389945,0.4528310698332525,0.66504254095121496,0.66743755955805395,0.0023950186068389945,0.45283106983325261,0.31852597395551457,0.33366094812533875,0.015134974169824178,0.021837679460358639,0.38682945965352911,0.38282112093819676,-0.0040083387153323491,0.14525537861735444,1,1,0,1,1,0,1,1,0,0,0,0,0.87702547057048363,0.87812555679287929,0.0011000862223956576,4,8,0,202105,-0.066434658574085148,-0.0047343643055501317,6,0.43320996202804762,0.42172816702620275,-0.014386871552112983,0.0082676684085050064,True,20,2000,False,False,False,possible retention,conditional fixed background; 2023 alone cannot decide; bootstrap fixed predictions only
S4_full34_amount_ratio_5d_rank_pct_2022,full34,amount_ratio_5d_rank_pct,F,single,2022,dev_2022,artifacts/experiments/S4_full34_amount_ratio_5d_rank_pct_2022/20261004T070459221112Z_faab2f1e,artifacts/experiments/features34_step3_full34_dev_2022/20261003T181310927243Z_d27fb847,33,3568878,1125300,0.089826173429262163,0.089302440082538861,-0.0005237333467233013,0.046587862401931718,0.092504173560365582,0.093387965871871675,0.00088379231150609305,0.015952914354521924,0.97104995344501044,0.95625211716316683,-0.014797836281843613,0.40463399534869748,0.83471074380165289,0.82644628099173556,-0.0082644628099173278,0.090909090909090939,0.45733731271457678,0.44636147068566495,-0.010975842028911831,0.34431347233535031,0.32620909564980677,0.31523325362089472,-0.010975842028912053,0.3443134723353502,0.23216561379343295,0.22498229334918535,-0.007183320444247604,0.0065557788755244428,0.40348197904804806,0.40213472923395943,-0.0013472498140886247,0.11996245299872044,0.85511700002711477,0.85988919116783114,0.0047721911407163642,0.85503565585994346,0.85979880875986303,0.004763152899919576,0.85503565585994346,0.85979880875986303,0.004763152899919576,0,0,0,0.87679080193207903,0.87450445083094019,-0.0022863511011388393,4,8,1,202205,-0.022942015950713712,-0.0030080981660819683,3,0.4449521206932045,0.40838448815782985,-0.0097265000054054616,0.0075348804973724799,True,20,2000,False,False,False,possible retention,conditional fixed background; 2023 alone cannot decide; bootstrap fixed predictions only
S4_full34_volatility_20d_rank_pct_2021,full34,volatility_20d_rank_pct,F,single,2021,dev_2021,artifacts/experiments/S4_full34_volatility_20d_rank_pct_2021/20261004T070520046327Z_6aa05307,artifacts/experiments/features34_step3_full34_dev_2021/20261003T180738608686Z_70f49bc1,33,2594048,1129950,0.075466202388611833,0.075834178713663228,0.00036797632505139455,0.040727260204859082,0.075874067182906735,0.076276525779544177,0.00040245859663744221,0.019308206911971243,0.99462445062669858,0.99420074444450413,-0.00042370618219444989,0.37794737403326251,0.86419753086419748,0.84773662551440332,-0.016460905349794164,0.090534979423868345,0.50733590294912922,0.51376147165158603,0.0064255687024568076,0.45686161992887031,0.66504254095121496,0.67146810965367176,0.0064255687024568076,0.45686161992887042,0.31852597395551457,0.32662165285111144,0.0080956788955968695,0.01479838418613133,0.38682945965352911,0.38647561712560763,-0.00035384252792147741,0.14890987480476531,1,1,0,1,1,0,1,1,0,0,0,0,0.87702547057048363,0.87502765932640025,-0.0019978112440833806,7,5,0,202105,-0.034794041003397336,0.0016121173468998384,6,0.28411720079183,0.36856306026700381,-0.010766326154299916,0.011665488244800704,True,20,2000,False,True,False,near/uncertain,conditional fixed background; 2023 alone cannot decide; bootstrap fixed predictions only
S4_full34_volatility_20d_rank_pct_2022,full34,volatility_20d_rank_pct,F,single,2022,dev_2022,artifacts/experiments/S4_full34_volatility_20d_rank_pct_2022/20261004T070539531857Z_4bfd3a36,artifacts/experiments/features34_step3_full34_dev_2022/20261003T181310927243Z_d27fb847,33,3568878,1125300,0.089826173429262163,0.089967592664185789,0.00014141923492362596,0.047253014983578645,0.092504173560365582,0.092727079023472977,0.00022290546310739512,0.015292027506123226,0.97104995344501044,0.97024077121432184,-0.00080918223068859874,0.4186226493998525,0.83471074380165289,0.83471074380165289,0,0.099173553719008267,0.45733731271457678,0.4570713643696277,-0.00026594834494908515,0.35502336601931306,0.32620909564980677,0.32594314730485757,-0.00026594834494919617,0.35502336601931306,0.23216561379343295,0.225300632752756,-0.006864981040676954,0.0068741182790950928,0.40348197904804806,0.40551825655073581,0.0020362775026877555,0.12334598031549682,0.85511700002711477,0.85911190245930535,0.0039949024321905835,0.85503565585994346,0.85903055829213404,0.0039949024321905835,0.85503565585994346,0.85903055829213404,0.0039949024321905835,0,0,0,0.87679080193207903,0.87458218132204213,-0.0022086206100369044,5,7,1,202202,-0.021245696499224032,-0.0013048038678176721,6,0.45032742092336442,0.38578488214620321,-0.0043348361457537024,0.011851469947635539,True,20,2000,False,False,False,possible deletion,conditional fixed background; 2023 alone cannot decide; bootstrap fixed predictions only
S4_full34_log_mean_amount_20d_rank_pct_2021,full34,log_mean_amount_20d_rank_pct,F,single,2021,dev_2021,artifacts/experiments/S4_full34_log_mean_amount_20d_rank_pct_2021/20261004T070600825894Z_25da3e4b,artifacts/experiments/features34_step3_full34_dev_2021/20261003T180738608686Z_70f49bc1,33,2594048,1129950,0.075466202388611833,0.07499190061401502,-0.00047430177459681366,0.039884982105210874,0.075874067182906735,0.075700230581002878,-0.00017383660190385675,0.018731911713429944,0.99462445062669858,0.99064296156628073,-0.0039814890604178421,0.37438959115503911,0.86419753086419748,0.84362139917695478,-0.020576131687242705,0.086419753086419804,0.50733590294912922,0.50269169967556737,-0.0046442032735618533,0.44579184795285165,0.66504254095121496,0.6603983376776531,-0.0046442032735618533,0.44579184795285176,0.31852597395551457,0.31282050081183166,-0.0057054731436829154,0.00099723214685154549,0.38682945965352911,0.38695811990472673,0.00012866025119762092,0.14939237758388441,1,1,0,1,1,0,1,1,0,0,0,0,0.87702547057048363,0.87741289151869284,0.00038742094820920503,5,7,2,202105,-0.038349953677863313,-0.00077195319674328022,5,0.6697707070925154,0.58300735759807787,-0.0097842425376087373,0.0070082240334214006,True,20,2000,False,True,False,near/uncertain,conditional fixed background; 2023 alone cannot decide; bootstrap fixed predictions only
S4_full34_log_mean_amount_20d_rank_pct_2022,full34,log_mean_amount_20d_rank_pct,F,single,2022,dev_2022,artifacts/experiments/S4_full34_log_mean_amount_20d_rank_pct_2022/20261004T070620230246Z_264ca602,artifacts/experiments/features34_step3_full34_dev_2022/20261003T181310927243Z_d27fb847,33,3568878,1125300,0.089826173429262163,0.089897385622992321,7.1212193730157969e-05,0.047182807942385177,0.092504173560365582,0.092488099103957985,-1.6074456407597082e-05,0.015053047586608234,0.97104995344501044,0.97198868280281481,0.00093872935780436872,0.42037056098834547,0.83471074380165289,0.83057851239669422,-0.0041322314049586639,0.095041322314049603,0.45733731271457678,0.44181204875832242,-0.015525263956254365,0.33976405040800778,0.32620909564980677,0.31068383169355229,-0.015525263956254476,0.33976405040800778,0.23216561379343295,0.23338414010151817,0.0012185263080852216,0.014957625627857268,0.40348197904804806,0.39848732684623822,-0.0049946522018098349,0.11631505061099923,0.85511700002711477,0.853860684556358,-0.0012563154707567747,0.85503565585994346,0.85376126390759299,-0.0012743919523504621,0.85503565585994346,0.85376126390759299,-0.0012743919523504621,0,0,0,0.87679080193207903,0.87379906849196798,-0.0029917334401110551,5,7,0,202202,-0.028919997776141293,-0.0043782252544446454,5,0.30906565027905791,0.3721119962936365,-0.010048356510665405,0.00097802503216931017,True,20,2000,False,False,False,possible retention,conditional fixed background; 2023 alone cannot decide; bootstrap fixed predictions only
S4_lean31_close_location_2021,lean31,close_location,B,single,2021,dev_2021,artifacts/experiments/S4_lean31_close_location_2021/20261004T070640980052Z_bc633378,artifacts/experiments/features34_step3_lean31_dev_2021/20261003T180857919690Z_9a8fa5e8,30,2594048,1129950,0.076461399394064919,0.074514423324065382,-0.001946976069999537,0.039407504815261236,0.077920368145214344,0.077051709762655268,-0.00086865838255907601,0.020083390895082334,0.98127615685246183,0.96707034215845999,-0.014205814694001839,0.35081697174721838,0.84362139917695478,0.83127572016460904,-0.012345679012345734,0.07407407407407407,0.50867439036625439,0.48535442232657122,-0.02331996803968317,0.4284545706038555,0.66638102836834001,0.64306106032865695,-0.023319968039683059,0.42845457060385561,0.33342495494581409,0.32620050486400254,-0.0072244500818115509,0.014377236199022425,0.38315939038375801,0.37755194456839669,-0.0056074458153613227,0.13998620224755437,1,1,0,1,1,0,1,1,0,0,0,0,0.87325989666919734,0.87282980452246961,-0.0004300921467277341,6,6,2,202103,-0.038063951136537821,5.1890221653805302e-05,6,0.28179764461404455,0.30274892355955446,-0.01695813718532211,0.0035748560929512786,True,20,2000,False,False,True,possible retention,conditional fixed background; 2023 alone cannot decide; bootstrap fixed predictions only
S4_lean31_close_location_2022,lean31,close_location,B,single,2022,dev_2022,artifacts/experiments/S4_lean31_close_location_2022/20261004T070659713445Z_70dbb1e1,artifacts/experiments/features34_step3_lean31_dev_2022/20261003T181431453037Z_61467b0e,30,3568878,1125300,0.090092369560114557,0.089852510040342878,-0.00023985951977167908,0.047137932359735735,0.093726906232600118,0.093632770979903107,-9.4135252697011285e-05,0.016197719462553356,0.96122205651954618,0.95962673217936056,-0.001595324340185611,0.40800861036489122,0.83884297520661155,0.84297520661157022,0.0041322314049586639,0.1074380165289256,0.47224649593819346,0.45482311448431451,-0.01742338145387895,0.35277511613399987,0.34111827887342339,0.32369489741954433,-0.017423381453879061,0.35277511613399981,0.24168976222233035,0.23809840566364082,-0.0035913565586895291,0.019671891189979918,0.40520396793880475,0.40095841666233922,-0.0042455512764655312,0.11878614042710023,0.84641317413978545,0.85235129834329049,0.0059381242035050352,0.84631375349102056,0.85229706889850965,0.0059833154074890871,0.84631375349102056,0.85229706889850965,0.0059833154074890871,0,0,0,0.87139451563012216,0.87175834389529461,0.00036382826517245004,4,8,1,202209,-0.018311979247974064,-0.0041359662115143525,4,0.59286812955432144,0.53843369126358986,-0.012981311988374621,0.003134077311601403,True,20,2000,False,False,False,possible retention,conditional fixed background; 2023 alone cannot decide; bootstrap fixed predictions only
S4_lean31_upper_shadow_2021,lean31,upper_shadow,B,single,2021,dev_2021,artifacts/experiments/S4_lean31_upper_shadow_2021/20261004T070720091697Z_c1125617,artifacts/experiments/features34_step3_lean31_dev_2021/20261003T180857919690Z_9a8fa5e8,30,2594048,1129950,0.076461399394064919,0.075972841182104192,-0.0004885582119607268,0.040865922673300047,0.077920368145214344,0.077768185566792339,-0.00015218257842200544,0.020799866699219405,0.98127615685246183,0.97691415362717715,-0.004362003225284683,0.36066078321593553,0.84362139917695478,0.83539094650205759,-0.0082304526748971929,0.078189300411522611,0.50867439036625439,0.51255264374019616,0.0038782533739417646,0.45565279201748043,0.66638102836834001,0.67025928174228178,0.0038782533739417646,0.45565279201748043,0.33342495494581409,0.3321406750701914,-0.0012842798756226848,0.020317406405211291,0.38315939038375801,0.3845127270738431,0.0013533366900850829,0.14694698475300078,1,1,0,1,1,0,1,1,0,0,0,0,0.87325989666919734,0.87083186434460025,-0.0024280323245970958,7,5,0,202110,-0.030493404996391416,0.0034297316701311642,6,0.35989847341908843,0.35481295008155039,-0.013123949904543407,0.0087856584415978347,True,20,2000,False,False,False,possible deletion,conditional fixed background; 2023 alone cannot decide; bootstrap fixed predictions only
S4_lean31_upper_shadow_2022,lean31,upper_shadow,B,single,2022,dev_2022,artifacts/experiments/S4_lean31_upper_shadow_2022/20261004T070739088958Z_09336bb4,artifacts/experiments/features34_step3_lean31_dev_2022/20261003T181431453037Z_61467b0e,30,3568878,1125300,0.090092369560114557,0.090088262166668709,-4.1073934458485395e-06,0.047373684486061565,0.093726906232600118,0.094446582569126761,0.00071967633652664231,0.01701153105177701,0.96122205651954618,0.9538541227866224,-0.0073679337329237704,0.40223600097215306,0.83884297520661155,0.83884297520661155,0,0.10330578512396693,0.47224649593819346,0.45470130765613731,-0.017545188282056146,0.35265330930582267,0.34111827887342339,0.32357309059136719,-0.017545188282056201,0.35265330930582267,0.24168976222233035,0.2341151859116431,-0.0075745763106872532,0.015688671437982193,0.40520396793880475,0.40221114139001574,-0.0029928265487890182,0.12003886515477674,0.84641317413978545,0.85358049909165679,0.0071673249518713344,0.84631375349102056,0.85352626964687595,0.0072125161558553863,0.84631375349102056,0.85352626964687595,0.0072125161558553863,0,0,0,0.87139451563012216,0.87238520848854051,0.00099069285841835164,6,6,0,202211,-0.023847246336615946,-0.00080545295380440862,6,0.45157841571791341,0.31245748125278278,-0.012882943338499778,0.0049922245572007109,True,20,2000,False,False,False,possible retention,conditional fixed background; 2023 alone cannot decide; bootstrap fixed predictions only
S4_lean31_lower_shadow_2021,lean31,lower_shadow,B,single,2021,dev_2021,artifacts/experiments/S4_lean31_lower_shadow_2021/20261004T070759993617Z_4e75b3ad,artifacts/experiments/features34_step3_lean31_dev_2021/20261003T180857919690Z_9a8fa5e8,30,2594048,1129950,0.076461399394064919,0.075879643091834106,-0.00058175630223081254,0.040772724583029961,0.077920368145214344,0.078926809950043711,0.0010064418048293666,0.021958491082470777,0.98127615685246183,0.96139249945438954,-0.019883657398072296,0.34513912904314792,0.84362139917695478,0.84362139917695478,0,0.086419753086419804,0.50867439036625439,0.52200346141551368,0.013329071049259289,0.46510360969279796,0.66638102836834001,0.67971009941759919,0.013329071049259178,0.46510360969279785,0.33342495494581409,0.31625805997062212,-0.017166894975191971,0.0044347913056420052,0.38315939038375801,0.39207547767020107,0.0089160872864430529,0.15450973534935875,1,1,0,1,1,0,1,1,0,0,0,0,0.87325989666919734,0.87632833672516652,0.0030684400559691793,8,4,1,202110,-0.025406536253372414,0.012143592247519153,7,0.39837479168011453,0.30616897012829525,-0.0011278523776827923,0.018698769205523064,True,20,2000,True,False,False,possible deletion,conditional fixed background; 2023 alone cannot decide; bootstrap fixed predictions only
S4_lean31_lower_shadow_2022,lean31,lower_shadow,B,single,2022,dev_2022,artifacts/experiments/S4_lean31_lower_shadow_2022/20261004T070818773621Z_5cf75aa2,artifacts/experiments/features34_step3_lean31_dev_2022/20261003T181431453037Z_61467b0e,30,3568878,1125300,0.090092369560114557,0.092760969928666115,0.0026686003685515575,0.050046392248058971,0.093726906232600118,0.096295989983338479,0.0025690837507383602,0.018860938465988727,0.96122205651954618,0.96329005958312486,0.0020680030635786828,0.41167193776865552,0.83884297520661155,0.85123966942148765,0.012396694214876103,0.11570247933884303,0.47224649593819346,0.49779538083384178,0.025548884895648327,0.39574738248352714,0.34111827887342339,0.3666671637690716,0.025548884895648216,0.39574738248352709,0.24168976222233035,0.22964144497045366,-0.012048317251876689,0.011214930496792758,0.40520396793880475,0.41755056873048285,0.012346600791678097,0.13537829249524386,0.84641317413978545,0.85514411474950514,0.008730940609719684,0.84631375349102056,0.85506277058233382,0.0087490170913132603,0.84631375349102056,0.85506277058233382,0.0087490170913132603,0,0,0,0.87139451563012216,0.87012460005594672,-0.0012699155741754398,10,2,0,202204,-0.034067392370767502,0.015180687323383651,9,0.23816527284207473,0.19780743950866386,0.0019990189746905726,0.022384750619795904,False,20,2000,False,False,False,possible deletion,conditional fixed background; 2023 alone cannot decide; bootstrap fixed predictions only
S4_lean31_body_ratio_2021,lean31,body_ratio,B,single,2021,dev_2021,artifacts/experiments/S4_lean31_body_ratio_2021/20261004T070839409046Z_68156ee8,artifacts/experiments/features34_step3_lean31_dev_2021/20261003T180857919690Z_9a8fa5e8,30,2594048,1129950,0.076461399394064919,0.076530497300162301,6.9097906097381756e-05,0.041423578791358155,0.077920368145214344,0.077914985987945079,-5.3821572692652753e-06,0.020946667120372145,0.98127615685246183,0.98223077794049807,0.0009546210880362338,0.36597740752925645,0.84362139917695478,0.85185185185185186,0.0082304526748970819,0.094650205761316886,0.50867439036625439,0.51463955801490302,0.0059651676486486283,0.4577397062921873,0.66638102836834001,0.67234619601698864,0.0059651676486486283,0.4577397062921873,0.33342495494581409,0.32443186627354587,-0.0089930886722682235,0.012608597608565753,0.38315939038375801,0.38767450644247203,0.0045151160587140193,0.15010876412162971,1,1,0,1,1,0,1,1,0,0,0,0,0.87325989666919734,0.8718323151463363,-0.0014275815228610433,7,5,0,202105,-0.017856724818937242,0.0064319303699756636,6,0.32244681846863749,0.22929664689595616,-0.0048169911880498496,0.012154394243343669,True,20,2000,False,False,False,possible deletion,conditional fixed background; 2023 alone cannot decide; bootstrap fixed predictions only
S4_lean31_body_ratio_2022,lean31,body_ratio,B,single,2022,dev_2022,artifacts/experiments/S4_lean31_body_ratio_2022/20261004T070858442253Z_8d761319,artifacts/experiments/features34_step3_lean31_dev_2022/20261003T181431453037Z_61467b0e,30,3568878,1125300,0.090092369560114557,0.090050410301675432,-4.1959258439125402e-05,0.047335832621068288,0.093726906232600118,0.093942233254850141,0.00021532702225002254,0.01650718173750039,0.96122205651954618,0.95857216910506249,-0.002649887414483687,0.40695404729059315,0.83884297520661155,0.84297520661157022,0.0041322314049586639,0.1074380165289256,0.47224649593819346,0.45911915850604978,-0.013127337432143671,0.35707116015573515,0.34111827887342339,0.32799094144127972,-0.013127337432143671,0.3570711601557352,0.24168976222233035,0.24698097734837335,0.0052912151260429974,0.028554462874712444,0.40520396793880475,0.3996616184679731,-0.0055423494708316534,0.11748934223273411,0.84641317413978545,0.84132464457118061,-0.0050885295686048382,0.84631375349102056,0.84121618568161893,-0.0050975678094016263,0.84631375349102056,0.84121618568161893,-0.0050975678094016263,0,0,0,0.87139451563012216,0.87271688647647461,0.0013223708463524497,4,8,2,202204,-0.034022759122464052,-0.0047281645532891992,5,0.55971926483814294,0.5422184561707355,-0.013878604784566591,0.0028789075554350755,True,20,2000,False,False,True,possible retention,conditional fixed background; 2023 alone cannot decide; bootstrap fixed predictions only
S4_lean31_bias_20d_2021,lean31,bias_20d,C,single,2021,dev_2021,artifacts/experiments/S4_lean31_bias_20d_2021/20261004T070918830857Z_e3b4b3fa,artifacts/experiments/features34_step3_lean31_dev_2021/20261003T180857919690Z_9a8fa5e8,30,2594048,1129950,0.076461399394064919,0.076104456125978159,-0.00035694326808675958,0.040997537617174014,0.077920368145214344,0.078796620329861219,0.00087625218464687515,0.021828301462288285,0.98127615685246183,0.96583401429384885,-0.015442142558612981,0.34958064388260723,0.84362139917695478,0.84773662551440332,0.0041152263374485409,0.090534979423868345,0.50867439036625439,0.50903926482720929,0.00036487446095490039,0.45213941310449357,0.66638102836834001,0.66674590282929502,0.00036487446095501141,0.45213941310449368,0.33342495494581409,0.32246669875603151,-0.010958256189782578,0.010643430091051398,0.38315939038375801,0.38641355227174456,0.0032541618879865508,0.14884780995090224,1,1,0,1,1,0,1,1,0,0,0,0,0.87325989666919734,0.87801638673118942,0.0047564900619920802,6,6,2,202110,-0.025310251781862525,-1.7837680910154363e-05,6,0.36131415627961422,0.29256632624336304,-0.008437284614361551,0.017638846875209117,True,20,2000,False,False,False,possible deletion,conditional fixed background; 2023 alone cannot decide; bootstrap fixed predictions only
S4_lean31_bias_20d_2022,lean31,bias_20d,C,single,2022,dev_2022,artifacts/experiments/S4_lean31_bias_20d_2022/20261004T070937926216Z_4061ee48,artifacts/experiments/features34_step3_lean31_dev_2022/20261003T181431453037Z_61467b0e,30,3568878,1125300,0.090092369560114557,0.08964119035148288,-0.00045117920863167738,0.046926612670875736,0.093726906232600118,0.093713393760205627,-1.3512472394491826e-05,0.016278342242855875,0.96122205651954618,0.95654619638316885,-0.00467586013637733,0.4049280745686995,0.83884297520661155,0.83057851239669422,-0.0082644628099173278,0.095041322314049603,0.47224649593819346,0.44731491478098323,-0.024931581157210225,0.34526691643066859,0.34111827887342339,0.31618669771621305,-0.024931581157210336,0.34526691643066854,0.24168976222233035,0.23389077080386,-0.0077989914184703468,0.0154642563301991,0.40520396793880475,0.39988371933373013,-0.0053202486050746289,0.11771144309849113,0.84641317413978545,0.85618351244113844,0.0097703383013529876,0.84631375349102056,0.85613832123715439,0.0098245677461338277,0.84631375349102056,0.85613832123715439,0.0098245677461338277,0,0,0,0.87139451563012216,0.88284955293810996,0.011455037307987803,5,7,0,202209,-0.040492425244683994,-0.0017907266246876552,4,0.3754298204163391,0.33834114754118921,-0.015892027716121797,0.0083324711078650998,True,20,2000,False,False,True,possible retention,conditional fixed background; 2023 alone cannot decide; bootstrap fixed predictions only
S4_lean31_bias_60d_2021,lean31,bias_60d,C,single,2021,dev_2021,artifacts/experiments/S4_lean31_bias_60d_2021/20261004T070958588924Z_44009ff5,artifacts/experiments/features34_step3_lean31_dev_2021/20261003T180857919690Z_9a8fa5e8,30,2594048,1129950,0.076461399394064919,0.076853118652865038,0.00039171925880011893,0.041746200144060892,0.077920368145214344,0.077140413837877828,-0.00077995430733651672,0.020172094970304894,0.98127615685246183,0.99627568519898557,0.014999528346523738,0.38002231478774395,0.84362139917695478,0.84773662551440332,0.0041152263374485409,0.090534979423868345,0.50867439036625439,0.5022193255213816,-0.0064550648448727932,0.44531947379866588,0.66638102836834001,0.65992596352346722,-0.0064550648448727932,0.44531947379866588,0.33342495494581409,0.33277525128313618,-0.00064970366267791402,0.020951982618156062,0.38315939038375801,0.38157446973261966,-0.0015849206511383551,0.14400872741177734,1,1,0,1,1,0,1,1,0,0,0,0,0.87325989666919734,0.87594674394749172,0.0026868472782943797,8,4,0,202105,-0.040566582915575133,0.0022139010066839493,7,0.40980585302241535,0.33041624929173391,-0.01305686852964553,0.0074042751677903078,True,20,2000,False,False,False,possible retention,conditional fixed background; 2023 alone cannot decide; bootstrap fixed predictions only
S4_lean31_bias_60d_2022,lean31,bias_60d,C,single,2022,dev_2022,artifacts/experiments/S4_lean31_bias_60d_2022/20261004T071017808002Z_616d20de,artifacts/experiments/features34_step3_lean31_dev_2022/20261003T181431453037Z_61467b0e,30,3568878,1125300,0.090092369560114557,0.088520478339730396,-0.0015718912203841612,0.045805900659123253,0.093726906232600118,0.091190307597215442,-0.0025365986353846764,0.013755256079865691,0.96122205651954618,0.97072244487563752,0.0095003883560913494,0.41910432306116818,0.83884297520661155,0.82644628099173556,-0.012396694214875992,0.090909090909090939,0.47224649593819346,0.45401372262941803,-0.01823277330877543,0.35196572427910339,0.34111827887342339,0.32288550556464785,-0.018232773308775541,0.35196572427910333,0.24168976222233035,0.22698073836302846,-0.014709023859301895,0.0085542238893675515,0.40520396793880475,0.40351808661580901,-0.0016858813229957414,0.12134581038057002,0.84641317413978545,0.85822615486121778,0.011812980721432331,0.84631375349102056,0.85816288717564015,0.011849133684619595,0.84631375349102056,0.85816288717564015,0.011849133684619595,0,0,0,0.87139451563012216,0.87382156511382592,0.0024270494837037582,5,7,1,202202,-0.058084920502722293,-0.0029852881582204116,5,0.65434087125130902,0.41165167752305715,-0.013144819511949639,0.0088222457065069496,True,20,2000,False,False,False,possible retention,conditional fixed background; 2023 alone cannot decide; bootstrap fixed predictions only
S4_lean31_price_position_20d_2021,lean31,price_position_20d,C,single,2021,dev_2021,artifacts/experiments/S4_lean31_price_position_20d_2021/20261004T071038442760Z_ed70f020,artifacts/experiments/features34_step3_lean31_dev_2021/20261003T180857919690Z_9a8fa5e8,30,2594048,1129950,0.076461399394064919,0.075982103862179948,-0.0004792955318849712,0.040875185353375802,0.077920368145214344,0.077460596631593506,-0.00045977151362083801,0.020492277764020572,0.98127615685246183,0.98091296951345019,-0.00036318733901163913,0.36465959910220858,0.84362139917695478,0.84773662551440332,0.0041152263374485409,0.090534979423868345,0.50867439036625439,0.51574729551704235,0.0070729051507879559,0.45884744379432663,0.66638102836834001,0.67345393351912808,0.0070729051507880669,0.45884744379432674,0.33342495494581409,0.31793216569099025,-0.015492789254823836,0.0061088970260101405,0.38315939038375801,0.38973738049268758,0.0065779901089295656,0.15217163817184526,1,1,0,1,1,0,1,1,0,0,0,0,0.87325989666919734,0.86726622864526215,-0.0059936680239351947,7,5,0,202106,-0.026945925327302833,0.012777191207342359,5,0.31346447824342993,0.21033942313189244,-0.0045644756271229475,0.015560192041861707,True,20,2000,False,False,False,possible deletion,conditional fixed background; 2023 alone cannot decide; bootstrap fixed predictions only
S4_lean31_price_position_20d_2022,lean31,price_position_20d,C,single,2022,dev_2022,artifacts/experiments/S4_lean31_price_position_20d_2022/20261004T071057316341Z_037bf40a,artifacts/experiments/features34_step3_lean31_dev_2022/20261003T181431453037Z_61467b0e,30,3568878,1125300,0.090092369560114557,0.092082650741787703,0.0019902811816731453,0.049368073061180559,0.093726906232600118,0.093175753775003506,-0.00055115245759661258,0.015740702257653755,0.96122205651954618,0.98826837466906492,0.027046318149518744,0.43665025285459558,0.83884297520661155,0.84297520661157022,0.0041322314049586639,0.1074380165289256,0.47224649593819346,0.47016187132788062,-0.0020846246103128352,0.36811387297756598,0.34111827887342339,0.33903365426311055,-0.0020846246103128352,0.36811387297756604,0.24168976222233035,0.24474178099221894,0.003052018769888587,0.026315266518558034,0.40520396793880475,0.40445908739741354,-0.00074488054139121296,0.12228681116217455,0.84641317413978545,0.84258999828273429,-0.0038231758570511643,0.84631375349102056,0.84247250115237571,-0.0038412523386448516,0.84631375349102056,0.84247250115237571,-0.0038412523386448516,0,0,0,0.87139451563012216,0.86830527849356964,-0.003089237136552514,5,7,1,202204,-0.054165171212901653,-0.0014817011209569686,6,0.53044717803653596,0.50863006299889757,-0.01040747412945295,0.010519959021715675,True,20,2000,False,True,False,near/uncertain,conditional fixed background; 2023 alone cannot decide; bootstrap fixed predictions only
S4_lean31_price_position_60d_2021,lean31,price_position_60d,C,single,2021,dev_2021,artifacts/experiments/S4_lean31_price_position_60d_2021/20261004T071117821786Z_f749c110,artifacts/experiments/features34_step3_lean31_dev_2021/20261003T180857919690Z_9a8fa5e8,30,2594048,1129950,0.076461399394064919,0.075846446652955396,-0.00061495274110952292,0.040739528144151251,0.077920368145214344,0.078106866643174247,0.0001864984979599027,0.021138547775601313,0.98127615685246183,0.9710599069279604,-0.01021624992450143,0.35480653651671878,0.84362139917695478,0.83539094650205759,-0.0082304526748971929,0.078189300411522611,0.50867439036625439,0.52062176664362048,0.011947376277366084,0.46372191492090475,0.66638102836834001,0.6783284046457061,0.011947376277366084,0.46372191492090475,0.33342495494581409,0.31997267908054705,-0.013452275865267038,0.0081494104155669378,0.38315939038375801,0.39053330493010419,0.0073739145463461719,0.15296756260926186,1,1,0,1,1,0,1,1,0,0,0,0,0.87325989666919734,0.87469391660827223,0.001434019939074882,8,4,0,202106,-0.029963603840817921,0.010100804788338885,8,0.24873107923376014,0.3548087407099148,-0.0032908759985369575,0.016246945179697686,True,20,2000,True,False,False,possible deletion,conditional fixed background; 2023 alone cannot decide; bootstrap fixed predictions only
S4_lean31_price_position_60d_2022,lean31,price_position_60d,C,single,2022,dev_2022,artifacts/experiments/S4_lean31_price_position_60d_2022/20261004T071136982656Z_42e4d500,artifacts/experiments/features34_step3_lean31_dev_2022/20261003T181431453037Z_61467b0e,30,3568878,1125300,0.090092369560114557,0.089053140486710522,-0.0010392290734040355,0.046338562806103378,0.093726906232600118,0.094643955443856662,0.00091704921125654315,0.01720890392650691,0.96122205651954618,0.94092792370176626,-0.02029413281777992,0.38930980188729691,0.83884297520661155,0.83057851239669422,-0.0082644628099173278,0.095041322314049603,0.47224649593819346,0.46997655081944351,-0.0022699451187499498,0.36792855246912887,0.34111827887342339,0.33884833375467349,-0.0022699451187498942,0.36792855246912898,0.24168976222233035,0.24041427893938289,-0.0012754832829474649,0.021987764465721982,0.40520396793880475,0.4044899377587024,-0.00071403018010235408,0.12231766152346341,0.84641317413978545,0.85104075342775287,0.0046275792879674205,0.84631375349102056,0.85095940926058156,0.0046456557695609968,0.84631375349102056,0.85095940926058156,0.0046456557695609968,0,0,0,0.87139451563012216,0.87509182920056328,0.0036973135704411186,8,4,0,202204,-0.039724317430334111,0.0050007576518514563,8,0.27234478706719706,0.24809223753940524,-0.0091902012828941667,0.007068998587281084,True,20,2000,False,True,False,near/uncertain,conditional fixed background; 2023 alone cannot decide; bootstrap fixed predictions only
S4_lean31_amount_ratio_20d_2021,lean31,amount_ratio_20d,D,single,2021,dev_2021,artifacts/experiments/S4_lean31_amount_ratio_20d_2021/20261004T071157739044Z_345810ee,artifacts/experiments/features34_step3_lean31_dev_2021/20261003T180857919690Z_9a8fa5e8,30,2594048,1129950,0.076461399394064919,0.075615243938903259,-0.00084615545516165958,0.040508325430099114,0.077920368145214344,0.078218056363005509,0.00029768821779116439,0.021249737495432575,0.98127615685246183,0.96672363716092935,-0.014552519691532484,0.35047026674968773,0.84362139917695478,0.84362139917695478,0,0.086419753086419804,0.50867439036625439,0.49065433595952074,-0.018020054406733654,0.43375448423680507,0.66638102836834001,0.64836097396160663,-0.018020054406733377,0.43375448423680529,0.33342495494581409,0.33100574059697335,-0.0024192143488407369,0.019182471931993239,0.38315939038375801,0.37814067618432556,-0.0050187141994324502,0.14057493386348324,1,1,0,1,1,0,1,1,0,0,0,0,0.87325989666919734,0.87657194335445832,0.003312046685260972,5,7,0,202103,-0.042000088774238331,-0.0083713600456878923,5,0.40823445542295411,0.35324326744673146,-0.015790669987474987,0.0064551008014682529,True,20,2000,False,False,True,possible retention,conditional fixed background; 2023 alone cannot decide; bootstrap fixed predictions only
S4_lean31_amount_ratio_20d_2022,lean31,amount_ratio_20d,D,single,2022,dev_2022,artifacts/experiments/S4_lean31_amount_ratio_20d_2022/20261004T071216717769Z_b0ccad67,artifacts/experiments/features34_step3_lean31_dev_2022/20261003T181431453037Z_61467b0e,30,3568878,1125300,0.090092369560114557,0.092416291043285581,0.0023239214831710236,0.049701713362678437,0.093726906232600118,0.091806197189142097,-0.0019207090434580215,0.014371145671792346,0.96122205651954618,1.0066454539325549,0.045423397413008715,0.45502733211808555,0.83884297520661155,0.84297520661157022,0.0041322314049586639,0.1074380165289256,0.47224649593819346,0.46888405855578141,-0.0033624373824120424,0.36683606020546677,0.34111827887342339,0.33775584149101129,-0.0033624373824120979,0.36683606020546677,0.24168976222233035,0.23593053216942877,-0.0057592300529015761,0.017504017695767871,0.40520396793880475,0.40685257433322003,0.0016486063944152751,0.12468029809798103,0.84641317413978545,0.85228803065771275,0.005874856517927296,0.84631375349102056,0.85220668649054143,0.0058929329995208724,0.84631375349102056,0.85220668649054143,0.0058929329995208724,0,0,0,0.87139451563012216,0.87466681124277534,0.0032722956126531866,6,6,0,202202,-0.02765718260868566,-9.0106881830642749e-05,5,0.38838708760479923,0.3384105853219006,-0.0052480623057981251,0.010750307643182747,True,20,2000,False,False,False,possible deletion,conditional fixed background; 2023 alone cannot decide; bootstrap fixed predictions only
S4_lean31_log_mean_amount_20d_2021,lean31,log_mean_amount_20d,D,single,2021,dev_2021,artifacts/experiments/S4_lean31_log_mean_amount_20d_2021/20261004T071237278725Z_926e73fa,artifacts/experiments/features34_step3_lean31_dev_2021/20261003T180857919690Z_9a8fa5e8,30,2594048,1129950,0.076461399394064919,0.07563895669448302,-0.00082244269958189897,0.040532038185678874,0.077920368145214344,0.076724049686024115,-0.0011963184591902293,0.019755730818451181,0.98127615685246183,0.98585719867523169,0.0045810418227698602,0.36960382826399008,0.84362139917695478,0.84362139917695478,0,0.086419753086419804,0.50867439036625439,0.50012385322222186,-0.0085505371440325328,0.44322400149950614,0.66638102836834001,0.65783049122430748,-0.0085505371440325328,0.44322400149950614,0.33342495494581409,0.32317766401991804,-0.010247290925896047,0.01135439535493793,0.38315939038375801,0.38333943943848436,0.00018004905472635002,0.14577369711764204,1,1,0,1,1,0,1,1,0,0,0,0,0.87325989666919734,0.87494721247564278,0.001687315806445433,6,6,0,202106,-0.028466078563454233,0.00085545792074545601,6,0.3817315331798582,0.27454513835632455,-0.011011846490941965,0.0088121146360803666,True,20,2000,False,True,False,near/uncertain,conditional fixed background; 2023 alone cannot decide; bootstrap fixed predictions only
S4_lean31_log_mean_amount_20d_2022,lean31,log_mean_amount_20d,D,single,2022,dev_2022,artifacts/experiments/S4_lean31_log_mean_amount_20d_2022/20261004T071256096478Z_151864bc,artifacts/experiments/features34_step3_lean31_dev_2022/20261003T181431453037Z_61467b0e,30,3568878,1125300,0.090092369560114557,0.089504116215744195,-0.00058825334437036247,0.046789538535137051,0.093726906232600118,0.093726143391089478,-7.6284151064032191e-07,0.016291091873739727,0.96122205651954618,0.95495358047830792,-0.0062684760412382579,0.40333545866383858,0.83884297520661155,0.83884297520661155,0,0.10330578512396693,0.47224649593819346,0.46976318380432835,-0.002483312133865101,0.36771518545401372,0.34111827887342339,0.33863496673955817,-0.002483312133865212,0.36771518545401366,0.24168976222233035,0.23691133662612052,-0.0047784255962098343,0.018484822152459612,0.40520396793880475,0.40565720063976002,0.00045323270095526391,0.12348492440452102,0.84641317413978545,0.85058884138791224,0.0041756672481267909,0.84631375349102056,0.85051653546153771,0.0042027819705171554,0.84631375349102056,0.85051653546153771,0.0042027819705171554,0,0,0,0.87139451563012216,0.87205462864309957,0.00066011301297741465,8,4,2,202210,-0.014854534908352868,0.0021011896556070164,7,0.30812365099033495,0.26336965742448837,-0.006738438375859925,0.0057391045751965086,True,20,2000,True,True,False,near/uncertain,conditional fixed background; 2023 alone cannot decide; bootstrap fixed predictions only
S4_lean31_volatility_60d_2021,lean31,volatility_60d,D,single,2021,dev_2021,artifacts/experiments/S4_lean31_volatility_60d_2021/20261004T071316356623Z_27ef8c77,artifacts/experiments/features34_step3_lean31_dev_2021/20261003T180857919690Z_9a8fa5e8,30,2594048,1129950,0.076461399394064919,0.076367095521507944,-9.4303872556975032e-05,0.041260177012703798,0.077920368145214344,0.07825193258240698,0.00033156443719263573,0.021283613714834046,0.98127615685246183,0.97591322030399541,-0.0053629365484664238,0.35965984989275379,0.84362139917695478,0.83539094650205759,-0.0082304526748971929,0.078189300411522611,0.50867439036625439,0.50085774161746188,-0.0078166487487925096,0.44395788989474616,0.66638102836834001,0.6585643796195475,-0.0078166487487925096,0.44395788989474616,0.33342495494581409,0.32306416576628727,-0.010360789179526819,0.011240897101307157,0.38315939038375801,0.38388491096395561,0.00072552058019759169,0.14631916864311328,1,1,0,1,1,0,1,1,0,0,0,0,0.87325989666919734,0.8792285544120616,0.0059686577428642584,5,7,0,202105,-0.022467683250006587,-0.0057542207998019512,5,0.53426193089080887,0.42483699356490223,-0.008720471418609441,0.01202656855833969,True,20,2000,False,True,False,near/uncertain,conditional fixed background; 2023 alone cannot decide; bootstrap fixed predictions only
S4_lean31_volatility_60d_2022,lean31,volatility_60d,D,single,2022,dev_2022,artifacts/experiments/S4_lean31_volatility_60d_2022/20261004T071335464210Z_9c16fd51,artifacts/experiments/features34_step3_lean31_dev_2022/20261003T181431453037Z_61467b0e,30,3568878,1125300,0.090092369560114557,0.0892760129044885,-0.00081635665562605764,0.046561435223881356,0.093726906232600118,0.093625386873644897,-0.00010151935895522102,0.016190335356295146,0.96122205651954618,0.95354492927194812,-0.007677127247598059,0.40192680745747877,0.83884297520661155,0.82644628099173556,-0.012396694214875992,0.090909090909090939,0.47224649593819346,0.48732825426048176,0.015081758322288308,0.38528025591016712,0.34111827887342339,0.35620003719571181,0.015081758322288419,0.38528025591016729,0.24168976222233035,0.23431294940080497,-0.0073768128215253859,0.015886434927144061,0.40520396793880475,0.41161499661969847,0.0064110286808937156,0.12944272038445948,0.84641317413978545,0.85476450863603903,0.0083513344962535818,0.84631375349102056,0.8547012409504614,0.0083874874594408455,0.84631375349102056,0.8547012409504614,0.0083874874594408455,0,0,0,0.87139451563012216,0.87405801934971805,0.0026635037195958944,6,6,0,202204,-0.023331904279083771,0.0044905920553289791,6,0.27081876557106943,0.24257877964563329,-0.0062395019029073927,0.015592732287201858,True,20,2000,False,False,False,possible deletion,conditional fixed background; 2023 alone cannot decide; bootstrap fixed predictions only
S4_lean31_flag_limit_up_2021,lean31,flag_limit_up,E,single,2021,dev_2021,artifacts/experiments/S4_lean31_flag_limit_up_2021/20261004T071356507933Z_bb1fd4a2,artifacts/experiments/features34_step3_lean31_dev_2021/20261003T180857919690Z_9a8fa5e8,30,2594048,1129950,0.076461399394064919,0.07455086704578591,-0.0019105323482790093,0.039443948536981764,0.077920368145214344,0.07743096410710977,-0.00048940403810457389,0.020462645239536836,0.98127615685246183,0.96280432389631831,-0.018471832956143519,0.3465509534850767,0.84362139917695478,0.8271604938271605,-0.016460905349794275,0.069958847736625529,0.50867439036625439,0.48808800793885193,-0.020586382427402461,0.43118815621613626,0.66638102836834001,0.64579464594093761,-0.020586382427402405,0.43118815621613626,0.33342495494581409,0.33040889014423674,-0.003016064801577345,0.018585621479256631,0.38315939038375801,0.3771240821566989,-0.0060353082270591107,0.13955833983585658,1,1,0,1,1,0,1,1,0,0,0,0,0.87325989666919734,0.87172671214935715,-0.0015331845198401917,5,7,1,202110,-0.029448086036061694,-0.0043339859637072237,4,0.65862019547088191,0.47732121847122227,-0.01358790458803889,0.00070076946463799514,True,20,2000,False,False,True,possible retention,conditional fixed background; 2023 alone cannot decide; bootstrap fixed predictions only
S4_lean31_flag_limit_up_2022,lean31,flag_limit_up,E,single,2022,dev_2022,artifacts/experiments/S4_lean31_flag_limit_up_2022/20261004T071415114331Z_6b904a53,artifacts/experiments/features34_step3_lean31_dev_2022/20261003T181431453037Z_61467b0e,30,3568878,1125300,0.090092369560114557,0.090391787300678539,0.0002994177405639814,0.047677209620071395,0.093726906232600118,0.09269097314718,-0.0010359330854201182,0.015255921629830249,0.96122205651954618,0.97519514826054654,0.013973091741000365,0.4235770264460772,0.83884297520661155,0.85123966942148765,0.012396694214876103,0.11570247933884303,0.47224649593819346,0.46424486729506043,-0.0080016286431330297,0.36219686894474579,0.34111827887342339,0.33311665023029019,-0.0080016286431331962,0.36219686894474568,0.24168976222233035,0.21479168762620135,-0.026898074596129001,-0.0036348268474595546,0.40520396793880475,0.41099266882092911,0.0057887008821243535,0.12882039258569011,0.84641317413978545,0.86477887943890597,0.018365705299120516,0.84631375349102056,0.86470657351253155,0.018392820021510992,0.84631375349102056,0.86470657351253155,0.018392820021510992,0,0,0,0.87139451563012216,0.87138042356668843,-1.4092063433723823e-05,8,4,0,202202,-0.036705670303393889,0.0062066507108428093,7,0.27043502701082922,0.31720236951427538,-0.0033947616215433793,0.016095988637475748,True,20,2000,False,False,False,possible deletion,conditional fixed background; 2023 alone cannot decide; bootstrap fixed predictions only
S4_lean31_flag_limit_down_2021,lean31,flag_limit_down,E,single,2021,dev_2021,artifacts/experiments/S4_lean31_flag_limit_down_2021/20261004T071435635843Z_d9997042,artifacts/experiments/features34_step3_lean31_dev_2021/20261003T180857919690Z_9a8fa5e8,30,2594048,1129950,0.076461399394064919,0.076556088215114171,9.4688821049251914e-05,0.041449169706310025,0.077920368145214344,0.077855371718302896,-6.4996426911448357e-05,0.020887052850729962,0.98127615685246183,0.9833115753670818,0.0020354185146199688,0.36705820495584018,0.84362139917695478,0.83950617283950613,-0.004115226337448652,0.082304526748971152,0.50867439036625439,0.49833721303858702,-0.010337177327667368,0.4414373613158713,0.66638102836834001,0.65604385104067287,-0.010337177327667146,0.44143736131587152,0.33342495494581409,0.8637184288706542,0.53029347392484016,0.55189516020567408,0.38315939038375801,0.22100807053642552,-0.1621513198473325,-0.016557671784416805,1,0.00066719561454125793,-0.99933280438545879,1,0,-1,1,0,-1,0,0,0,0.87325989666919734,0.87594492680496838,0.0026850301357710382,0,12,0,202111,-0.23316828832832395,-0.15892565641486212,5,0.47317180660352265,,-0.18505380923079748,-0.14009831251604776,False,20,2000,False,False,True,possible retention,conditional fixed background; 2023 alone cannot decide; bootstrap fixed predictions only
S4_lean31_flag_limit_down_2022,lean31,flag_limit_down,E,single,2022,dev_2022,artifacts/experiments/S4_lean31_flag_limit_down_2022/20261004T071454965091Z_d28e2d08,artifacts/experiments/features34_step3_lean31_dev_2022/20261003T181431453037Z_61467b0e,30,3568878,1125300,0.090092369560114557,0.088847851427574287,-0.0012445181325402704,0.046133273746967143,0.093726906232600118,0.092165840190565562,-0.0015610660420345562,0.014730788673215811,0.96122205651954618,0.96399979909985223,0.0027777425803060529,0.41238167728538289,0.83884297520661155,0.83884297520661155,0,0.10330578512396693,0.47224649593819346,0.4664432911124895,-0.0058032048257039559,0.36439529276217486,0.34111827887342339,0.33531507404771943,-0.0058032048257039559,0.36439529276217492,0.24168976222233035,0.86569783347785823,0.62400807125552782,0.64727131900419732,0.40520396793880475,0.21576277786141909,-0.18944119007738566,-0.066409498373819903,0.84641317413978545,0.00039768259505969759,-0.84601549154472577,0.84631375349102056,0,-0.84631375349102056,0.84631375349102056,0,-0.84631375349102056,0,0,0,0.87139451563012216,0.87305419805159989,0.0016596824214777373,0,12,0,202202,-0.26414934455428046,-0.17413549706441653,4,0.40994637956797764,,-0.20926646473844923,-0.1686854673347421,False,20,2000,False,False,True,possible retention,conditional fixed background; 2023 alone cannot decide; bootstrap fixed predictions only
S4_lean31_limit_up_count_5d_2021,lean31,limit_up_count_5d,E,single,2021,dev_2021,artifacts/experiments/S4_lean31_limit_up_count_5d_2021/20261004T071515313405Z_e539f946,artifacts/experiments/features34_step3_lean31_dev_2021/20261003T180857919690Z_9a8fa5e8,30,2594048,1129950,0.076461399394064919,0.076225886239549775,-0.00023551315451514343,0.04111896773074563,0.077920368145214344,0.077587541580496702,-0.00033282656471764205,0.020619222712923768,0.98127615685246183,0.98245007750974789,0.0011739206572860539,0.36619670709850627,0.84362139917695478,0.83950617283950613,-0.004115226337448652,0.082304526748971152,0.50867439036625439,0.51444312682552673,0.0057687364592723389,0.45754327510281101,0.66638102836834001,0.67214976482761257,0.005768736459272561,0.45754327510281123,0.33342495494581409,0.31387918893718753,-0.019545766008626564,0.0020559202722074121,0.38315939038375801,0.39065953586232172,0.0075001454785637023,0.15309379354147939,1,1,0,1,1,0,1,1,0,0,0,0,0.87325989666919734,0.87610730727990482,0.0028474106107074793,9,3,1,202103,-0.026897228975256426,0.01055185008215645,9,0.23062901936476674,0.250466955190146,-0.0036899696660431416,0.015125579835438625,True,20,2000,True,False,False,possible deletion,conditional fixed background; 2023 alone cannot decide; bootstrap fixed predictions only
S4_lean31_limit_up_count_5d_2022,lean31,limit_up_count_5d,E,single,2022,dev_2022,artifacts/experiments/S4_lean31_limit_up_count_5d_2022/20261004T071534318294Z_80326fb0,artifacts/experiments/features34_step3_lean31_dev_2022/20261003T181431453037Z_61467b0e,30,3568878,1125300,0.090092369560114557,0.090688247828162677,0.0005958782680481195,0.047973670147555533,0.093726906232600118,0.093309764515078969,-0.00041714171752114948,0.015874712997729218,0.96122205651954618,0.97190522663367507,0.010683170114128893,0.42028710481920573,0.83884297520661155,0.84710743801652888,0.0082644628099173278,0.11157024793388426,0.47224649593819346,0.45797754351593251,-0.01426895242226095,0.35592954516561787,0.34111827887342339,0.32684932645116255,-0.014268952422260839,0.35592954516561803,0.24168976222233035,0.24218017967574809,0.00049041745341774079,0.023753665202087187,0.40520396793880475,0.40101450828332036,-0.0041894596554843955,0.11884223204808136,0.84641317413978545,0.84719950108910802,0.00078632694932256886,0.84631375349102056,0.84710008044034313,0.00078632694932256886,0.84631375349102056,0.84710008044034313,0.00078632694932256886,0,0,0,0.87139451563012216,0.8723703971373975,0.00097588150727534462,5,7,1,202202,-0.020296305145801607,-0.0038944706642441151,4,0.67753020911900885,0.61547374997833859,-0.0097779930077773695,0.0010637732117169958,True,20,2000,False,False,False,possible retention,conditional fixed background; 2023 alone cannot decide; bootstrap fixed predictions only
S4_lean31_limit_down_count_5d_2021,lean31,limit_down_count_5d,E,single,2021,dev_2021,artifacts/experiments/S4_lean31_limit_down_count_5d_2021/20261004T071555202783Z_2b461343,artifacts/experiments/features34_step3_lean31_dev_2021/20261003T180857919690Z_9a8fa5e8,30,2594048,1129950,0.076461399394064919,0.076109774299997199,-0.00035162509406772013,0.041002855791193053,0.077920368145214344,0.077581574372897602,-0.00033879377231674224,0.020613255505324668,0.98127615685246183,0.98102899967167256,-0.00024715718078927029,0.36477562926043094,0.84362139917695478,0.83127572016460904,-0.012345679012345734,0.07407407407407407,0.50867439036625439,0.51462712297149449,0.0059527326052400964,0.45772727124877877,0.66638102836834001,0.67233376097358022,0.0059527326052402074,0.45772727124877888,0.33342495494581409,0.328617908173373,-0.0048070467724410926,0.016794639508392883,0.38315939038375801,0.38624667415943531,0.0030872837756772964,0.14868093183859299,1,1,0,1,1,0,1,1,0,0,0,0,0.87325989666919734,0.87523022880871126,0.0019703321395139195,8,4,0,202103,-0.023294217412593243,0.004507528094728791,6,0.33899684171316435,0.24661929687005993,-0.0085120012928698412,0.013406497571607938,True,20,2000,True,False,False,possible deletion,conditional fixed background; 2023 alone cannot decide; bootstrap fixed predictions only
S4_lean31_limit_down_count_5d_2022,lean31,limit_down_count_5d,E,single,2022,dev_2022,artifacts/experiments/S4_lean31_limit_down_count_5d_2022/20261004T071614217563Z_9f1c65ab,artifacts/experiments/features34_step3_lean31_dev_2022/20261003T181431453037Z_61467b0e,30,3568878,1125300,0.090092369560114557,0.090221529810647641,0.00012916025053308355,0.047506952130040497,0.093726906232600118,0.093594106172893168,-0.00013280005970695008,0.016159054655543417,0.96122205651954618,0.96396593225629523,0.0027438757367490574,0.41234781044182589,0.83884297520661155,0.84297520661157022,0.0041322314049586639,0.1074380165289256,0.47224649593819346,0.4841774581243169,0.011930962186123439,0.38212945977400226,0.34111827887342339,0.35304924105954683,0.011930962186123439,0.38212945977400231,0.24168976222233035,0.23970504932494896,-0.001984712897381391,0.021278534851288056,0.40520396793880475,0.40943033456406941,0.0042263666252646548,0.12725805832883041,0.84641317413978545,0.85207111287858928,0.0056579387388038249,0.84631375349102056,0.85200784519301165,0.0056940917019910886,0.84631375349102056,0.85200784519301165,0.0056940917019910886,0,0,0,0.87139451563012216,0.87425896233079758,0.0028644467006754271,8,4,0,202202,-0.01746273782371599,0.0029456948455287013,6,0.42784968377264881,0.37080419010767557,-0.0035629263912411203,0.012081602430740817,True,20,2000,True,False,False,possible deletion,conditional fixed background; 2023 alone cannot decide; bootstrap fixed predictions only
S4_lean31_ret_1d_rank_pct_2021,lean31,ret_1d_rank_pct,F,single,2021,dev_2021,artifacts/experiments/S4_lean31_ret_1d_rank_pct_2021/20261004T071634691371Z_9d56fbc3,artifacts/experiments/features34_step3_lean31_dev_2021/20261003T180857919690Z_9a8fa5e8,30,2594048,1129950,0.076461399394064919,0.06881725723055121,-0.0076441421635137091,0.033710338721747064,0.077920368145214344,0.074202814471203624,-0.0037175536740107207,0.01723449560363069,0.98127615685246183,0.92742111900967827,-0.05385503784278356,0.31116774859843666,0.84362139917695478,0.83539094650205759,-0.0082304526748971929,0.078189300411522611,0.50867439036625439,0.43705935393140505,-0.071615036434849344,0.38015950220868933,0.66638102836834001,0.59476599193349089,-0.071615036434849122,0.38015950220868955,0.33342495494581409,0.32350892877999188,-0.0099160261658222115,0.011685660115011764,0.38315939038375801,0.36159203043764443,-0.021567359946113585,0.12402628811680211,1,0.99999098384304674,-9.0161569532565267e-06,1,0.99999098384304674,-9.0161569532565267e-06,1,0.99999098384304674,-9.0161569532565267e-06,0,0,0,0.87325989666919734,0.8797908744424553,0.006530977773257951,4,8,0,202106,-0.078410571058594003,-0.019193011041547137,3,0.72352680521371249,0.53739954426647873,-0.042025663269367033,-0.0085935968145477559,False,20,2000,False,False,True,possible retention,conditional fixed background; 2023 alone cannot decide; bootstrap fixed predictions only
S4_lean31_ret_1d_rank_pct_2022,lean31,ret_1d_rank_pct,F,single,2022,dev_2022,artifacts/experiments/S4_lean31_ret_1d_rank_pct_2022/20261004T071653786111Z_e43cf8c6,artifacts/experiments/features34_step3_lean31_dev_2022/20261003T181431453037Z_61467b0e,30,3568878,1125300,0.090092369560114557,0.081896481114474173,-0.0081958884456403841,0.03918190343386703,0.093726906232600118,0.086417902788874915,-0.0073090034437252038,0.0089828512715251635,0.96122205651954618,0.94767957184234275,-0.013542484677203426,0.39606145002787341,0.83884297520661155,0.81818181818181823,-0.02066115702479332,0.082644628099173612,0.47224649593819346,0.39258207315440746,-0.079664422783785993,0.29053407480409282,0.34111827887342339,0.26145385608963739,-0.079664422783785993,0.29053407480409288,0.24168976222233035,0.24563502148268518,0.0039452592603548275,0.027208507009024274,0.40520396793880475,0.37684270794730634,-0.028361259991498411,0.094670431712067349,0.84641317413978545,0.84820274581755406,0.0017895716777686088,0.84631375349102056,0.84813043989117953,0.0018166864001589733,0.84631375349102056,0.84813043989117953,0.0018166864001589733,0,0,0,0.87139451563012216,0.86565607920252996,-0.0057384364275921973,4,8,0,202201,-0.10006650315535026,-0.03266975743725764,4,0.41056710554334058,0.40525346730117573,-0.048773139971114092,0.0005754310446228659,True,20,2000,False,False,True,possible retention,conditional fixed background; 2023 alone cannot decide; bootstrap fixed predictions only
S4_lean31_ret_5d_rank_pct_2021,lean31,ret_5d_rank_pct,F,single,2021,dev_2021,artifacts/experiments/S4_lean31_ret_5d_rank_pct_2021/20261004T071714206551Z_1f1a7d38,artifacts/experiments/features34_step3_lean31_dev_2021/20261003T180857919690Z_9a8fa5e8,30,2594048,1129950,0.076461399394064919,0.077004253112664123,0.00054285371859920384,0.041897334603859977,0.077920368145214344,0.077621499702773766,-0.00029886844244057797,0.020653180835200832,0.98127615685246183,0.99204799453149983,0.010771837679037999,0.37579462412025821,0.84362139917695478,0.84362139917695478,0,0.086419753086419804,0.50867439036625439,0.50285433099262211,-0.0058200593736322803,0.44595447926990639,0.66638102836834001,0.66056096899470784,-0.0058200593736321693,0.4459544792699065,0.33342495494581409,0.32161481914551959,-0.011810135800294497,0.0097915504805394793,0.38315939038375801,0.3851735547991964,0.0020141644154383909,0.14760781247835408,1,1,0,1,1,0,1,1,0,0,0,0,0.87325989666919734,0.87503867161721038,0.0017787749480130399,6,6,0,202110,-0.028641242737143247,0.0053137865238908899,5,0.31454818796260853,0.22996695068752984,-0.0070358004114720847,0.011258326142011651,True,20,2000,False,False,False,possible deletion,conditional fixed background; 2023 alone cannot decide; bootstrap fixed predictions only
S4_lean31_ret_5d_rank_pct_2022,lean31,ret_5d_rank_pct,F,single,2022,dev_2022,artifacts/experiments/S4_lean31_ret_5d_rank_pct_2022/20261004T071733414188Z_df84ba66,artifacts/experiments/features34_step3_lean31_dev_2022/20261003T181431453037Z_61467b0e,30,3568878,1125300,0.090092369560114557,0.090995306347476837,0.00090293678736227956,0.048280728666869693,0.093726906232600118,0.093839833607362061,0.00011292737476194248,0.01640478209001231,0.96122205651954618,0.96968742216885107,0.0084653656493048901,0.41806930035438172,0.83884297520661155,0.83884297520661155,0,0.10330578512396693,0.47224649593819346,0.48468583726126124,0.012439341323067787,0.3826378389109466,0.34111827887342339,0.35355762019649112,0.012439341323067732,0.3826378389109466,0.24168976222233035,0.2492058949661537,0.007516132743823345,0.030779380492492792,0.40520396793880475,0.40704210522752299,0.0018381372887182335,0.12486982899228399,0.84641317413978545,0.84044793521388994,-0.0059652389258955107,0.84631375349102056,0.84033947632432826,-0.0059742771666922989,0.84631375349102056,0.84033947632432826,-0.0059742771666922989,0,0,0,0.87139451563012216,0.8712721351515812,-0.00012238047854096212,8,4,2,202205,-0.026925231318869036,0.0027435217717592664,8,0.30798180570061989,0.32227398976437427,-0.0064633174954967501,0.010835412949691946,True,20,2000,True,False,False,possible deletion,conditional fixed background; 2023 alone cannot decide; bootstrap fixed predictions only
S4_lean31_ret_20d_rank_pct_2021,lean31,ret_20d_rank_pct,F,single,2021,dev_2021,artifacts/experiments/S4_lean31_ret_20d_rank_pct_2021/20261004T071754136300Z_57dde0ec,artifacts/experiments/features34_step3_lean31_dev_2021/20261003T180857919690Z_9a8fa5e8,30,2594048,1129950,0.076461399394064919,0.076396182349663139,-6.5217044401780222e-05,0.041289263840858993,0.077920368145214344,0.074955156258479191,-0.0029652118867351529,0.017986837390906257,0.98127615685246183,1.019225176266922,0.037949019414460161,0.40297180585568038,0.84362139917695478,0.86008230452674894,0.016460905349794164,0.10288065843621397,0.50867439036625439,0.49619794223795194,-0.012476448128302453,0.43929809051523627,0.66638102836834001,0.65390458024003761,-0.012476448128302398,0.43929809051523627,0.33342495494581409,0.32975144073777984,-0.0036735142080342453,0.017928172072799731,0.38315939038375801,0.38049242338991685,-0.0026669669938411689,0.14292668106907452,1,1,0,1,1,0,1,1,0,0,0,0,0.87325989666919734,0.86281845739182161,-0.01044143927737573,3,9,1,202108,-0.028821437564571784,-0.005648536220766387,4,0.70600922277156408,0.69161228553360476,-0.017288424225557167,0.011022141977804071,True,20,2000,False,False,False,possible retention,conditional fixed background; 2023 alone cannot decide; bootstrap fixed predictions only
S4_lean31_ret_20d_rank_pct_2022,lean31,ret_20d_rank_pct,F,single,2022,dev_2022,artifacts/experiments/S4_lean31_ret_20d_rank_pct_2022/20261004T071813066397Z_9fbef540,artifacts/experiments/features34_step3_lean31_dev_2022/20261003T181431453037Z_61467b0e,30,3568878,1125300,0.090092369560114557,0.090042408641565666,-4.9960918548891398e-05,0.047327830960958522,0.093726906232600118,0.092885961439917883,-0.00084094479268223554,0.015450909922568132,0.96122205651954618,0.9693866246925642,0.0081645681730180275,0.41776850287809486,0.83884297520661155,0.83884297520661155,0,0.10330578512396693,0.47224649593819346,0.45488979839084237,-0.017356697547351085,0.35284180004052773,0.34111827887342339,0.32376158132607247,-0.017356697547350919,0.35284180004052795,0.24168976222233035,0.22523170602477294,-0.016458056197557414,0.0068051915511120331,0.40520396793880475,0.40491439116644712,-0.0002895767723576359,0.12274211493120812,0.84641317413978545,0.85678003633372801,0.010366862193942561,0.84631375349102056,0.85672580688894717,0.010412053397926613,0.84631375349102056,0.85672580688894717,0.010412053397926613,0,0,0,0.87139451563012216,0.8668151551089448,-0.0045793605211773558,6,6,0,202203,-0.018349087339581349,-0.00036382976960327995,5,0.45022218799524594,0.39622521529721316,-0.010225602827174801,0.0072140698621482669,True,20,2000,False,True,False,near/uncertain,conditional fixed background; 2023 alone cannot decide; bootstrap fixed predictions only
S4_lean31_amount_ratio_5d_rank_pct_2021,lean31,amount_ratio_5d_rank_pct,F,single,2021,dev_2021,artifacts/experiments/S4_lean31_amount_ratio_5d_rank_pct_2021/20261004T071833605697Z_bcad0ec4,artifacts/experiments/features34_step3_lean31_dev_2021/20261003T180857919690Z_9a8fa5e8,30,2594048,1129950,0.076461399394064919,0.076083311521087577,-0.00037808787297734237,0.040976393012283431,0.077920368145214344,0.078437568092255619,0.0005171999470412747,0.021469249224682685,0.98127615685246183,0.96998559965042463,-0.011290557202037199,0.35373222923918302,0.84362139917695478,0.83127572016460904,-0.012345679012345734,0.07407407407407407,0.50867439036625439,0.50533092148396697,-0.0033434688822874259,0.44843106976125124,0.66638102836834001,0.6630375594860527,-0.0033434688822873149,0.44843106976125136,0.33342495494581409,0.32011639151543869,-0.013308563430375397,0.0082931228504585786,0.38315939038375801,0.3859976835989935,0.0028382932152354878,0.14843194127815118,1,1,0,1,1,0,1,1,0,0,0,0,0.87325989666919734,0.87372257422843558,0.00046267755923823373,7,5,1,202105,-0.025174508972591714,0.0022689459364108044,5,0.2810799048567465,0.30689206942391611,-0.0075708423862016214,0.011834818252177984,True,20,2000,False,False,False,possible deletion,conditional fixed background; 2023 alone cannot decide; bootstrap fixed predictions only
S4_lean31_amount_ratio_5d_rank_pct_2022,lean31,amount_ratio_5d_rank_pct,F,single,2022,dev_2022,artifacts/experiments/S4_lean31_amount_ratio_5d_rank_pct_2022/20261004T071852662156Z_b4b197ad,artifacts/experiments/features34_step3_lean31_dev_2022/20261003T181431453037Z_61467b0e,30,3568878,1125300,0.090092369560114557,0.090229948994886608,0.00013757943477205048,0.047515371314279464,0.093726906232600118,0.094124099809512696,0.00039719357691257728,0.016689048292162945,0.96122205651954618,0.95862748411398324,-0.0025945724055629338,0.4070093622995139,0.83884297520661155,0.83471074380165289,-0.0041322314049586639,0.099173553719008267,0.47224649593819346,0.46470103652800504,-0.0075454594101884154,0.3626530381776904,0.34111827887342339,0.33357281946323497,-0.0075454594101884154,0.36265303817769046,0.24168976222233035,0.24884349354024896,0.0071537313179186046,0.030416979066588051,0.40520396793880475,0.40084924249428144,-0.0043547254445233108,0.11867696625904245,0.84641317413978545,0.84098119142090189,-0.0054319827188835657,0.84631375349102056,0.84086369429054331,-0.005450059200477253,0.84631375349102056,0.84086369429054331,-0.005450059200477253,0,0,0,0.87139451563012216,0.87427021535642313,0.0028756997263009731,5,7,0,202204,-0.03768022776400326,-0.0041244390702374623,5,0.43993892999242018,0.46750244161128918,-0.014817608614135679,0.0020799639389247576,True,20,2000,False,False,False,possible retention,conditional fixed background; 2023 alone cannot decide; bootstrap fixed predictions only
S4_lean31_volatility_20d_rank_pct_2021,lean31,volatility_20d_rank_pct,F,single,2021,dev_2021,artifacts/experiments/S4_lean31_volatility_20d_rank_pct_2021/20261004T071913074757Z_3465ff8a,artifacts/experiments/features34_step3_lean31_dev_2021/20261003T180857919690Z_9a8fa5e8,30,2594048,1129950,0.076461399394064919,0.076278080792585537,-0.00018331860147938195,0.041171162283781391,0.077920368145214344,0.078262711909589167,0.00034234376437482228,0.021294393042016233,0.98127615685246183,0.97464142158405753,-0.0066347352684043015,0.35838805117281591,0.84362139917695478,0.83127572016460904,-0.012345679012345734,0.07407407407407407,0.50867439036625439,0.50832116491656365,-0.00035322544969074166,0.45142131319384793,0.66638102836834001,0.66602780291864938,-0.00035322544969063063,0.45142131319384804,0.33342495494581409,0.32653758908740638,-0.0068873658584077124,0.014714320422426264,0.38315939038375801,0.38504630506578141,0.0018869146820233995,0.14748056274493909,1,1,0,1,1,0,1,1,0,0,0,0,0.87325989666919734,0.87263169042879007,-0.00062820624040726969,7,5,1,202106,-0.015979450612808754,0.00095879404611154406,5,0.33613699967903254,0.30187936444162422,-0.0056641628980234806,0.0087845653127006425,True,20,2000,False,False,False,possible deletion,conditional fixed background; 2023 alone cannot decide; bootstrap fixed predictions only
S4_lean31_volatility_20d_rank_pct_2022,lean31,volatility_20d_rank_pct,F,single,2022,dev_2022,artifacts/experiments/S4_lean31_volatility_20d_rank_pct_2022/20261004T071932143031Z_6d80c4ca,artifacts/experiments/features34_step3_lean31_dev_2022/20261003T181431453037Z_61467b0e,30,3568878,1125300,0.090092369560114557,0.0907054983635633,0.00061312880344874254,0.047990920682956156,0.093726906232600118,0.09354666800813162,-0.00018023822446849858,0.016111616490781869,0.96122205651954618,0.96962831808909167,0.0084062615695454923,0.41801019627462233,0.83884297520661155,0.83884297520661155,0,0.10330578512396693,0.47224649593819346,0.47231234391842797,6.5847980234512438e-05,0.37026434556811333,0.34111827887342339,0.3411841268536579,6.5847980234512438e-05,0.37026434556811338,0.24168976222233035,0.24232509432155153,0.00063533209922117528,0.023898579847890622,0.40520396793880475,0.4052783742244882,7.4406285683448203e-05,0.12310609798924921,0.84641317413978545,0.8457895355248054,-0.0006236386149800488,0.84631375349102056,0.8456991531168373,-0.00061460037418326063,0.84631375349102056,0.8456991531168373,-0.00061460037418326063,0,0,0,0.87139451563012216,0.87487692159214725,0.0034824059620250924,5,7,0,202208,-0.013547198564120511,-0.0032784866677698365,5,0.4265430717592994,0.41279017219052427,-0.0058791143227900355,0.0067937171450573684,True,20,2000,False,True,False,near/uncertain,conditional fixed background; 2023 alone cannot decide; bootstrap fixed predictions only
S4_lean31_log_mean_amount_20d_rank_pct_2021,lean31,log_mean_amount_20d_rank_pct,F,single,2021,dev_2021,artifacts/experiments/S4_lean31_log_mean_amount_20d_rank_pct_2021/20261004T071953048045Z_6f7a26a8,artifacts/experiments/features34_step3_lean31_dev_2021/20261003T180857919690Z_9a8fa5e8,30,2594048,1129950,0.076461399394064919,0.076236096885026472,-0.00022530250903844695,0.041129178376222326,0.077920368145214344,0.077201093744754118,-0.00071927440046022639,0.020232774877181184,0.98127615685246183,0.98750021776999475,0.0062240609175329142,0.37124684735875313,0.84362139917695478,0.83950617283950613,-0.004115226337448652,0.082304526748971152,0.50867439036625439,0.51173920650163196,0.0030648161353775683,0.45483935477891624,0.66638102836834001,0.66944584450371769,0.0030648161353776793,0.45483935477891635,0.33342495494581409,0.33935464323341263,0.0059296882875985446,0.027531374568432521,0.38315939038375801,0.38220980773447633,-0.00094958264928168834,0.144644065413634,1,1,0,1,1,0,1,1,0,0,0,0,0.87325989666919734,0.87410499991238844,0.00084510324319109209,7,5,1,202106,-0.03068737982678571,0.0014478197920961555,7,0.30751832589493028,0.38768485842425771,-0.011554723072779842,0.0076141921521647787,True,20,2000,False,True,False,near/uncertain,conditional fixed background; 2023 alone cannot decide; bootstrap fixed predictions only
S4_lean31_log_mean_amount_20d_rank_pct_2022,lean31,log_mean_amount_20d_rank_pct,F,single,2022,dev_2022,artifacts/experiments/S4_lean31_log_mean_amount_20d_rank_pct_2022/20261004T072011806966Z_f6010689,artifacts/experiments/features34_step3_lean31_dev_2022/20261003T181431453037Z_61467b0e,30,3568878,1125300,0.090092369560114557,0.090148777677874256,5.6408117759698673e-05,0.047434199997267112,0.093726906232600118,0.093617090072488057,-0.00010981616011206119,0.016182038555138306,0.96122205651954618,0.96295214482816893,0.001730088308622757,0.41133402301369959,0.83884297520661155,0.83884297520661155,0,0.10330578512396693,0.47224649593819346,0.46437633621480151,-0.0078701597233919451,0.36232833786448687,0.34111827887342339,0.33324811915003144,-0.0078701597233919451,0.36232833786448693,0.24168976222233035,0.24198836574059709,0.00029860351826674347,0.02356185126693619,0.40520396793880475,0.40277590221341103,-0.0024280657253937243,0.12060362597817204,0.84641317413978545,0.84525627931779357,-0.0011568948219918829,0.84631375349102056,0.84514782042823189,-0.001165933062788671,0.84631375349102056,0.84514782042823189,-0.001165933062788671,0,0,0,0.87139451563012216,0.87135096740035911,-4.3548229763046287e-05,5,7,1,202204,-0.021565525397910124,-0.001601586127073118,5,0.38171942667263942,0.37255680712975636,-0.0090279610570914437,0.0033697684130000018,True,20,2000,False,False,False,possible retention,conditional fixed background; 2023 alone cannot decide; bootstrap fixed predictions only
