month,ic,excess,turnover,annual_excess,ic_contribution,excess_contribution,stability_contribution,score,before_ic,delta_ic,ic_minus_baseline10,before_annual_excess,delta_annual_excess,annual_excess_minus_baseline10,before_turnover,delta_turnover,turnover_minus_baseline10,before_score,delta_score,score_minus_baseline10,experiment_id,context,feature,year,kind
202301,0.068106910416714087,0.00016991576198020127,0.31098262361486972,0.042818772019010722,0.027242764166685637,0.012845631605703216,0.20670521291553909,0.24679360868792793,0.070165451748851734,-0.0020585413321376478,0.076063556208457325,0.042279790236402187,0.00053898178260853441,0.2148237277782479,0.31307316894039477,-0.0020905453255250506,0.02479919616204157,0.24682816708834293,-3.4558400414996804e-05,0.087432781968244833,S4_full34_ret_2d_2023,full34,ret_2d,2023,single
202302,0.14472252729607224,0.0027973250290824142,0.31681054450229329,0.70492590732876836,0.0578890109184289,0.21147777219863051,0.204956836649312,0.47432361976637138,0.14725706088279109,-0.0025345335867188457,0.10730568658309358,0.74981962871132379,-0.044893721382555429,0.33995338210893222,0.31601117613197216,0.00079936837032112962,0.02214209071448725,0.4890453601269219,-0.014721740360550517,0.13826566205157087,S4_full34_ret_2d_2023,full34,ret_2d,2023,single
202303,0.060433480347834329,0.0012799465027243308,0.30656177319819333,0.32254651868653139,0.024173392139133734,0.09676395560595942,0.20803146804054198,0.32896881578563514,0.061779713130973642,-0.0013462327831393131,0.028051688438288008,0.32164905831129192,0.0008974603752394672,0.099344350495122857,0.30493626899115966,0.0016255042070336678,0.017928834376933489,0.32972572204842915,-0.00075690626279401041,0.035645330210772042,S4_full34_ret_2d_2023,full34,ret_2d,2023,single
202304,0.064045634147441091,0.0016517199848264076,0.28347733676819081,0.41623343617625469,0.025618253658976436,0.1248700308528764,0.21495679896954273,0.36544508348139559,0.06255655268920042,0.0014890814582406708,0.047325741600144126,0.40693290138583943,0.0093005347904152602,0.43765873017751289,0.28626853722029916,-0.0027912004521083444,0.0033860478108511671,0.36122193032534228,0.0042231531560533164,0.14921210135005619,S4_full34_ret_2d_2023,full34,ret_2d,2023,single
202305,0.076395470852049147,0.0010737627253804695,0.21224737798645227,0.27058820679587831,0.030558188340819661,0.081176462038763483,0.23632578660406434,0.34806043698364747,0.076607477122629733,-0.00021200627058058641,0.0066147106939875577,0.27591187115973848,-0.0053236643638601699,-0.11161397683296592,0.20595285179784165,0.0062945261886106219,0.0015376751824803248,0.35163069665762092,-0.0035702596739734527,-0.031299611327038845,S4_full34_ret_2d_2023,full34,ret_2d,2023,single
202306,0.035111737634816502,0.00031863245008532839,0.3745508519760587,0.08029537742150275,0.014044695053926602,0.024088613226450825,0.18763474440718236,0.22576805268755978,0.032391705012396056,0.0027200326224204457,0.025306815256189597,-0.016610476194847762,0.096905853616350512,0.16906024157234806,0.37095560390784582,0.0035952480682128751,0.030576069073915246,0.19668685797415031,0.029081194713409475,0.051667977852005664,S4_full34_ret_2d_2023,full34,ret_2d,2023,single
202307,0.10052014202690751,0.0013212576439847619,0.66448135116589291,0.33295692628416002,0.040208056810763004,0.099887077885248005,0.10065559465023212,0.24075072934624314,0.10127661706397895,-0.00075647503707143571,0.083348884014244479,0.35277263435349365,-0.019815708069333637,0.72312865891746592,0.66483661503424041,-0.00035526386834749957,0.055664472638694895,0.24689145262136758,-0.0061407232751244378,0.23357880948932913,S4_full34_ret_2d_2023,full34,ret_2d,2023,single
202308,0.033476421216895029,-3.4434140415245467e-05,0.67814750687427006,-0.0086774033846418585,0.013390568486758013,-0.0026032210153925576,0.096555747937718983,0.10734309540908443,0.030792047132036818,0.0026843740848582105,0.02208985222597714,0.00033234278600605214,-0.0090097461706479115,-0.038029704233964422,0.68045189534335371,-0.0023043884690836514,0.038869566539466049,0.10828095308561042,-0.00093785767652598828,-0.014233840341638285,S4_full34_ret_2d_2023,full34,ret_2d,2023,single
202309,0.02051922657188927,-0.00010984789143711157,0.70845845284904452,-0.027681668642152116,0.0082076906287557091,-0.0083045005926456351,0.087462464145286647,0.087365654181396718,0.020476114829967456,4.3111741921814106e-05,0.034506681852575438,0.029282651068657569,-0.056964319710809688,0.0047934258260736648,0.70602050462363153,0.0024379482254129892,0.044530000398960379,0.10516908986549478,-0.017803435684098062,0.0018817003691641715,S4_full34_ret_2d_2023,full34,ret_2d,2023,single
202310,0.03601258623411762,0.00063931827990909205,0.7109701155978907,0.16110820653709121,0.014405034493647049,0.048332461961127358,0.086708965320632783,0.14944646177540719,0.039525550752276456,-0.0035129645181588356,0.018648117205985512,0.16341306648727325,-0.0023048599501820366,0.08487645457911927,0.71050202751515124,0.00046808808273945957,0.039432488025261336,0.15168353199254719,-0.0022370702171400081,0.021092436848551582,S4_full34_ret_2d_2023,full34,ret_2d,2023,single
202311,0.089928973067286908,0.00076901178419710894,0.74783200652807014,0.19379096961767145,0.035971589226914763,0.058137290885301431,0.075650398041578956,0.16975927815379516,0.092136710105080857,-0.0022077370377939498,0.041448129633352461,0.18578418405425487,0.0080067855634165797,-0.20994967223439259,0.74409544025479335,0.0037365662732767868,0.022651201826944689,0.16936130718187081,0.00039797097192434405,-0.053201010365060197,S4_full34_ret_2d_2023,full34,ret_2d,2023,single
202312,0.065450894684303401,0.0010057250839079206,0.71933933038985598,0.25344272114479599,0.02618035787372136,0.076032816343438794,0.084198200883043209,0.18641137510020336,0.065183175904983084,0.00026771877932031674,0.059035823900387634,0.23693997811825615,0.01650274302653984,0.25722888300049307,0.71942177421730569,-8.2443827449707463e-05,0.010508485409739365,0.18132873153227835,0.0050826435679250104,0.097630448837381173,S4_full34_ret_2d_2023,full34,ret_2d,2023,single
202301,0.075165926556478899,0.00054244692436565848,0.3147133319044027,0.13669662494014595,0.03006637062259156,0.041008987482043784,0.20558600042867919,0.27666135853331453,0.070165451748851734,0.0050004748076271643,0.083122572348222137,0.042279790236402187,0.094416834703743763,0.30870158069938314,0.31307316894039477,0.0016401629640079296,0.02852990445157455,0.24682816708834293,0.029833191444971596,0.11730053181363143,S4_full34_ret_10d_2023,full34,ret_10d,2023,single
202302,0.14777016236948146,0.0029841160028726949,0.3178678186276862,0.75199723272391916,0.059108064947792582,0.22559916981717573,0.20463965441169413,0.48934688917666241,0.14725706088279109,0.00051310148669037048,0.1103533216565028,0.74981962871132379,0.0021776040125953688,0.38702470750408302,0.31601117613197216,0.0018566424957140448,0.023199364839880166,0.4890453601269219,0.00030152904974051209,0.1532889314618619,S4_full34_ret_10d_2023,full34,ret_10d,2023,single
202303,0.061244853718933817,0.0013565303797265303,0.31035593636236486,0.3418456556910856,0.024497941487573529,0.10255369670732568,0.20689321909129052,0.33394485728618972,0.061779713130973642,-0.00053485941203982451,0.028863061809387497,0.32164905831129192,0.020196597379793679,0.11864348749967707,0.30493626899115966,0.0054196673712051946,0.021722997541105016,0.32972572204842915,0.004219135237760574,0.040621371711326626,S4_full34_ret_10d_2023,full34,ret_10d,2023,single
202304,0.067595850619612333,0.0017214352793070205,0.29371028607296684,0.4338016903853692,0.027038340247844933,0.13014050711561076,0.21188691417810995,0.36906576154156567,0.06255655268920042,0.0050392979304119123,0.050875958072315368,0.40693290138583943,0.026868788999529769,0.4552269843866274,0.28626853722029916,0.0074417488526676845,0.013618997115627196,0.36122193032534228,0.0078438312162233959,0.15283277941022627,S4_full34_ret_10d_2023,full34,ret_10d,2023,single
202305,0.076455007903234048,0.0012771375334153061,0.21045957287469813,0.32183865842065712,0.030582003161293621,0.09655159752619713,0.23686212813759056,0.3639957288250813,0.076607477122629733,-0.00015246921939568447,0.0066742477451724597,0.27591187115973848,0.045926787260918644,-0.060363525208187108,0.20595285179784165,0.0045067210768564847,-0.00025012992927381239,0.35163069665762092,0.012365032167460377,-0.015364319485605016,S4_full34_ret_10d_2023,full34,ret_10d,2023,single
202306,0.030862915702043126,-0.00016747374795939371,0.36979920919038084,-0.042203384485767215,0.012345166280817251,-0.012661015345730164,0.18906023724288576,0.18874438817797284,0.032391705012396056,-0.00152878931035293,0.021057993323416221,-0.016610476194847762,-0.025592908290919453,0.046561479665078107,0.37095560390784582,-0.0011563947174649813,0.02582442628823739,0.19668685797415031,-0.0079424697961774648,0.014644313342418724,S4_full34_ret_10d_2023,full34,ret_10d,2023,single
202307,0.097684073291420259,0.0011244403495434283,0.6716353152445832,0.28335896808494393,0.039073629316568104,0.085007690425483173,0.098509405426625035,0.22259072516867631,0.10127661706397895,-0.0035925437725586873,0.080512815278757227,0.35277263435349365,-0.069413666268549723,0.67353070071824983,0.66483661503424041,0.0067987002103427896,0.062818436717385184,0.24689145262136758,-0.024300727452691268,0.2154188053117623,S4_full34_ret_10d_2023,full34,ret_10d,2023,single
202308,0.032466547851922892,-2.5656709776598432e-06,0.68565807322682948,-0.00064654908637028045,0.012986619140769158,-0.00019396472591108412,0.094302578031951148,0.10709523244680923,0.030792047132036818,0.0016745007198860733,0.021079978861005003,0.00033234278600605214,-0.00097889187237633259,-0.029998849935692844,0.68045189534335371,0.005206177883475771,0.046380132892025472,0.10828095308561042,-0.0011857206388011937,-0.01448170330391349,S4_full34_ret_10d_2023,full34,ret_10d,2023,single
202309,0.024554093820777095,-1.8705000681629602e-06,0.71231997653707457,-0.00047136601717706595,0.0098216375283108389,-0.00014140980515311977,0.086304007038877625,0.095984234762035339,0.020476114829967456,0.0040779789908096387,0.038541549101463263,0.029282651068657569,-0.029754017085834635,0.032003728451048714,0.70602050462363153,0.0062994719134430444,0.048391524086990434,0.10516908986549478,-0.0091848551034594411,0.010500280949802793,S4_full34_ret_10d_2023,full34,ret_10d,2023,single
202310,0.045964754792231194,0.00087778665944718856,0.71874088382375145,0.22120223818069151,0.018385901916892478,0.066360671454207446,0.084377734852874559,0.16912430822397448,0.039525550752276456,0.0064392040399547379,0.028600285764099086,0.16341306648727325,0.057789171693418268,0.14497048622271957,0.71050202751515124,0.0082388563086002176,0.047203256251122094,0.15168353199254719,0.017440776231427285,0.040770283297118876,S4_full34_ret_10d_2023,full34,ret_10d,2023,single
202311,0.095266927788252839,0.0010170675806738659,0.74730475965649612,0.25630103032981422,0.038106771115301141,0.076890309098944259,0.075808572103051156,0.19080565231729657,0.092136710105080857,0.0031302176831719819,0.046786084354318393,0.18578418405425487,0.070516846275559347,-0.14743961152224982,0.74409544025479335,0.0032093194017027704,0.022123954955370673,0.16936130718187081,0.021444345135425757,-0.032154636201558784,S4_full34_ret_10d_2023,full34,ret_10d,2023,single
202312,0.067818858792905654,0.00078974933958215186,0.72755306333997005,0.19901683357470226,0.027127543517162261,0.059705050072410677,0.081734080998008982,0.1685666745875819,0.065183175904983084,0.0026356828879225691,0.061403788008989886,0.23693997811825615,-0.037923144543553888,0.20280299543039934,0.71942177421730569,0.0081312891226643647,0.018722218359853438,0.18132873153227835,-0.012762056944696454,0.079785748324759709,S4_full34_ret_10d_2023,full34,ret_10d,2023,single
202301,0.066944128060092783,0.00043179666759314946,0.31222296369677577,0.10881276023347367,0.026777651224037115,0.032643828070042097,0.20633311089096729,0.26575459018504649,0.070165451748851734,-0.0032213236887589508,0.074900773851836022,0.042279790236402187,0.066532969997071478,0.28081771599271088,0.31307316894039477,-0.00085020524361900662,0.026039536243947614,0.24682816708834293,0.01892642309670356,0.10639376346536339,S4_full34_ret_60d_2023,full34,ret_60d,2023,single
202302,0.14292533880194574,0.002937446774973664,0.31509627847625954,0.74023658729336339,0.057170135520778299,0.222070976188009,0.20547111645712213,0.48471222816590942,0.14725706088279109,-0.0043317220808453405,0.10550849808896709,0.74981962871132379,-0.0095830414179604029,0.37526406207352725,0.31601117613197216,-0.00091489765571262094,0.0204278246884535,0.4890453601269219,-0.0043331319610124819,0.14865427045110891,S4_full34_ret_60d_2023,full34,ret_60d,2023,single
202303,0.058976984882049756,0.0014273516605626607,0.30616968852792559,0.35969261846179046,0.023590793952819905,0.10790778553853714,0.20814909344162233,0.33964767293297937,0.061779713130973642,-0.0028027282489238858,0.026595192972503436,0.32164905831129192,0.038043560150498534,0.13649045027038192,0.30493626899115966,0.0012334195367659229,0.017536749706665744,0.32972572204842915,0.0099219508845502236,0.046324187358116276,S4_full34_ret_60d_2023,full34,ret_60d,2023,single
202304,0.061894864647765828,0.0018910239160853002,0.29067543590262296,0.47653802685349567,0.024757945859106331,0.14296140805604871,0.21279736922921313,0.38051672314436813,0.06255655268920042,-0.00066168804143459242,0.045174972100468863,0.40693290138583943,0.069605125467656237,0.49796332085475387,0.28626853722029916,0.004406898682323801,0.010584146945283313,0.36122193032534228,0.019294792819025852,0.16428374101302873,S4_full34_ret_60d_2023,full34,ret_60d,2023,single
202305,0.078963442645016965,0.001163352843304645,0.20894946944263112,0.29316491651277055,0.031585377058006785,0.087949474953831167,0.23731515916721063,0.35685001117904858,0.076607477122629733,0.0023559655223872322,0.0091826824869553764,0.27591187115973848,0.01725304535303207,-0.089037267116073682,0.20595285179784165,0.0029966176447894788,-0.0017602333613408183,0.35163069665762092,0.0052193145214276537,-0.022510037131637739,S4_full34_ret_60d_2023,full34,ret_60d,2023,single
202306,0.030569215493220302,0.00012011491242305079,0.37292732804994955,0.030268957930608801,0.012227686197288121,0.0090806873791826406,0.18812180158501512,0.20943017516148588,0.032391705012396056,-0.0018224895191757545,0.020764293114593397,-0.016610476194847762,0.046879434125456559,0.11903382208145412,0.37095560390784582,0.0019717241421037257,0.028952545147806097,0.19668685797415031,0.012743317187335568,0.035330100325931757,S4_full34_ret_60d_2023,full34,ret_60d,2023,single
202307,0.09953995068112198,0.0012901090861254442,0.6673847150394937,0.32510748970361197,0.039815980272448794,0.097532246911083587,0.099784585488151889,0.23713281267168426,0.10127661706397895,-0.0017366663828569662,0.082368692668458948,0.35277263435349365,-0.027665144649881679,0.71527922233691799,0.66483661503424041,0.0025481000052532954,0.05856783651229569,0.24689145262136758,-0.0097586399496833176,0.22996089281477025,S4_full34_ret_60d_2023,full34,ret_60d,2023,single
202308,0.029468752212955661,8.8489276220390293e-06,0.67921915788359499,0.0022299297607538352,0.011787500885182265,0.00066897892822615054,0.096234252634921497,0.10869073244832991,0.030792047132036818,-0.0013232949190811576,0.018082183222037772,0.00033234278600605214,0.0018975869747477831,-0.027122371088568728,0.68045189534335371,-0.0012327374597587148,0.039941217548790986,0.10828095308561042,0.00040977936271949233,-0.012886203302392804,S4_full34_ret_60d_2023,full34,ret_60d,2023,single
202309,0.019395173104471204,-0.00014229722817777458,0.71265902111376489,-0.035858901500799192,0.0077580692417884818,-0.010757670450239757,0.086202293665870525,0.08320269245741925,0.020476114829967456,-0.0010809417254962518,0.033382628385157376,0.029282651068657569,-0.065141552569456765,-0.0033838070325734118,0.70602050462363153,0.0066385164901333615,0.048730568663680751,0.10516908986549478,-0.02196639740807553,-0.0022812613548132965,S4_full34_ret_60d_2023,full34,ret_60d,2023,single
202310,0.035328882344083538,0.00070856834763049581,0.71520121487900934,0.17855922360288495,0.014131552937633416,0.053567767080865483,0.085439635536297201,0.15313895555479612,0.039525550752276456,-0.0041966684081929176,0.01796441331595143,0.16341306648727325,0.015146157115611708,0.10232747164491302,0.71050202751515124,0.0046991873638581039,0.043663587306379981,0.15168353199254719,0.0014554235622489253,0.024784930627940516,S4_full34_ret_60d_2023,full34,ret_60d,2023,single
202311,0.092537565287803727,0.00068121334089258354,0.74595385645264567,0.17166576190493105,0.037015026115121495,0.05149972857147931,0.076213843064206296,0.16472859775080712,0.092136710105080857,0.00040085518272287013,0.044056721853869281,0.18578418405425487,-0.014118422149323823,-0.23207487994713299,0.74409544025479335,0.0018584161978523195,0.020773051751520222,0.16936130718187081,-0.0046327094310636974,-0.058231690768048239,S4_full34_ret_60d_2023,full34,ret_60d,2023,single
202312,0.063605778492082779,0.0010080253867533067,0.7235175046763741,0.2540223974618333,0.025442311396833114,0.076206719238549991,0.082944748597087767,0.18459377923247089,0.065183175904983084,-0.0015773974129003054,0.057190707708167011,0.23693997811825615,0.017082419343577154,0.25780855931753038,0.71942177421730569,0.004095730459068414,0.014686659696257487,0.18132873153227835,0.003265047700192536,0.095812852969648699,S4_full34_ret_60d_2023,full34,ret_60d,2023,single
202301,0.071943536439274564,0.00031173318773354959,0.31120778691279977,0.078556763308854499,0.028777414575709828,0.02356702899265635,0.20663766392616004,0.25898210749452621,0.070165451748851734,0.0017780846904228292,0.079900182231017802,0.042279790236402187,0.036276973072452312,0.25056171906809166,0.31307316894039477,-0.0018653820275950084,0.025024359459971612,0.24682816708834293,0.012153940406183283,0.099621280774843113,S4_full34_close_location_2023,full34,close_location,2023,single
202302,0.14202078378974209,0.0028508557449709272,0.31601443210484459,0.71841564773267363,0.056808313515896838,0.21552469431980209,0.20519567036854661,0.47752867820424549,0.14725706088279109,-0.0052362770930489966,0.10460394307676343,0.74981962871132379,-0.031403980978650159,0.35344312251283749,0.31601117613197216,3.2559728724290693e-06,0.02134597831703855,0.4890453601269219,-0.011516681922676408,0.14147072048944498,S4_full34_close_location_2023,full34,close_location,2023,single
202303,0.062451727592035676,0.0011348548130362816,0.30330821980472195,0.28598341288514295,0.024980691036814273,0.085795023865542885,0.20900753405858344,0.31978324896094057,0.061779713130973642,0.00067201446106203433,0.030069935682489356,0.32164905831129192,-0.035665645426148973,0.062781244693734417,0.30493626899115966,-0.0016280491864377189,0.014675280983462102,0.32972572204842915,-0.0099424730874885792,0.026459763386077473,S4_full34_close_location_2023,full34,close_location,2023,single
202304,0.063598091574979379,0.001657322363888366,0.28754886825106096,0.41764523569986822,0.025439236629991754,0.12529357070996047,0.21373533952468171,0.36446814686463391,0.06255655268920042,0.0010415388857789587,0.046878199027682414,0.40693290138583943,0.010712334314028793,0.43907052970112642,0.28626853722029916,0.0012803310307618054,0.007457579293721317,0.36122193032534228,0.0032462165392916353,0.14823516473329451,S4_full34_close_location_2023,full34,close_location,2023,single
202305,0.079493006399654453,0.001130915441553806,0.20805259074170812,0.28499069127155913,0.031797202559861786,0.085497207381467738,0.23758422277748756,0.35487863271881709,0.076607477122629733,0.0028855292770247204,0.0097122462415928645,0.27591187115973848,0.0090788201118206513,-0.097211492357285101,0.20595285179784165,0.0020997389438664749,-0.0026571120622638222,0.35163069665762092,0.0032479360611961661,-0.024481415591869227,S4_full34_close_location_2023,full34,close_location,2023,single
202306,0.028450713244227425,3.9590795637429379e-05,0.37417072222055697,0.0099768805006322028,0.011380285297690971,0.0029930641501896608,0.18774878333383288,0.20212213278171351,0.032391705012396056,-0.0039409917681686307,0.018645790865600521,-0.016610476194847762,0.026587356695479965,0.098741744651477531,0.37095560390784582,0.0032151183127111516,0.030195939318413523,0.19668685797415031,0.0054352748075632007,0.02802205794615939,S4_full34_close_location_2023,full34,close_location,2023,single
202307,0.09823753321033013,0.0012505827027795183,0.66876666191723533,0.31514684110043861,0.039295013284132055,0.094544052330131578,0.099370001424829393,0.233209067039093,0.10127661706397895,-0.0030390838536488163,0.081066275197667098,0.35277263435349365,-0.03762579325305504,0.70531857373374462,0.66483661503424041,0.0039300468829949198,0.059949783390037314,0.24689145262136758,-0.013682385582274581,0.22603714718217899,S4_full34_close_location_2023,full34,close_location,2023,single
202308,0.02997257358689371,-9.329749007153706e-05,0.67870452190375263,-0.023510967498027339,0.011989029434757485,-0.0070532902494082009,0.09638864342887421,0.1013243826142235,0.030792047132036818,-0.00081947354514310886,0.01858600459597582,0.00033234278600605214,-0.02384331028403339,-0.052863268347349904,0.68045189534335371,-0.0017473734396010743,0.039426581568948627,0.10828095308561042,-0.0069565704713869247,-0.020252553136499221,S4_full34_close_location_2023,full34,close_location,2023,single
202309,0.018139636969000884,-0.00021629741398786258,0.70504066440922242,-0.054506948324941372,0.0072558547876003538,-0.016352084497482412,0.088487800677233275,0.079391570967351222,0.020476114829967456,-0.0023364778609665723,0.032127092249687052,0.029282651068657569,-0.083789599393598937,-0.022031853856715591,0.70602050462363153,-0.00097984021440911118,0.041112211959138278,0.10516908986549478,-0.025777518898143559,-0.006092382844881325,S4_full34_close_location_2023,full34,close_location,2023,single
202310,0.04314158683774174,0.0007342254116566193,0.71306920784642513,0.18502480373746807,0.017256634735096695,0.055507441121240418,0.086079237646072462,0.15884331350240957,0.039525550752276456,0.0036160360854652837,0.025777117809609632,0.16341306648727325,0.021611737250194829,0.10879305177949614,0.71050202751515124,0.0025671803312738994,0.041531580273795776,0.15168353199254719,0.0071597815098623785,0.030489288575553969,S4_full34_close_location_2023,full34,close_location,2023,single
202311,0.091394946436910415,0.00095396454839428079,0.7429536845567789,0.24039906619535875,0.036557978574764165,0.072119719858607628,0.077113894632966321,0.18579159306633813,0.092136710105080857,-0.00074176366817044204,0.042914103002975969,0.18578418405425487,0.054614882141103882,-0.16334157565670529,0.74409544025479335,-0.0011417556980144461,0.017772879855653456,0.16936130718187081,0.016430285884467322,-0.03716869545251722,S4_full34_close_location_2023,full34,close_location,2023,single
202312,0.066549355583818776,0.00095196441234692833,0.72069371316123521,0.23989503191142594,0.026619742233527512,0.071968509573427777,0.083791886051629433,0.18238013785858473,0.065183175904983084,0.0013661796788356911,0.060134284799903008,0.23693997811825615,0.0029550537931697929,0.24368119376712302,0.71942177421730569,0.0012719389439295181,0.011862868181118591,0.18132873153227835,0.0010514063263063755,0.093599211595762538,S4_full34_close_location_2023,full34,close_location,2023,single
202301,0.070060814934909815,0.00043263144338568082,0.30785898695682495,0.10902312373319156,0.028024325973963926,0.032706937119957466,0.20764230391295252,0.26837356700687393,0.070165451748851734,-0.00010463681394191904,0.078017460726653054,0.042279790236402187,0.066743333496789375,0.28102807949242875,0.31307316894039477,-0.0052141819835698211,0.0216755595039968,0.24682816708834293,0.021545399918530994,0.10901274028719082,S4_full34_upper_shadow_2023,full34,upper_shadow,2023,single
202302,0.14540607863560681,0.0028712927037444569,0.31599550082155481,0.72356576134360318,0.058162431454242727,0.21706972840308095,0.20520134975353355,0.48043350961085723,0.14725706088279109,-0.0018509822471842741,0.10798923792262816,0.74981962871132379,-0.026253867367720618,0.35859323612376703,0.31601117613197216,-1.5675310417351263e-05,0.021327047033748769,0.4890453601269219,-0.0086118505160646674,0.14437555189605672,S4_full34_upper_shadow_2023,full34,upper_shadow,2023,single
202303,0.06332667864503877,0.0014828176873129283,0.30751201453661625,0.37367005720285795,0.02533067145801551,0.11210101716085738,0.20774639563901512,0.34517808425788798,0.061779713130973642,0.0015469655140651281,0.03094488673549245,0.32164905831129192,0.052020998891566028,0.15046788901144942,0.30493626899115966,0.002575745545456587,0.018879075715356408,0.32972572204842915,0.015452362209458836,0.051854598683024888,S4_full34_upper_shadow_2023,full34,upper_shadow,2023,single
202304,0.06295831057764073,0.0016188051697713431,0.28988122393013577,0.40793890278237849,0.025183324231056292,0.12238167083471355,0.21303563282095925,0.36060062788672909,0.06255655268920042,0.00040175788844031002,0.046238418030343766,0.40693290138583943,0.001006001396539058,0.42936419678363669,0.28626853722029916,0.00361268670983661,0.0097899349727961216,0.36122193032534228,-0.00062130243861319157,0.14436764575538968,S4_full34_upper_shadow_2023,full34,upper_shadow,2023,single
202305,0.079514806847207575,0.0010837843214661761,0.21163603348842744,0.27311364900947638,0.031805922738883032,0.081934094702842908,0.23650918995347175,0.35024920739519771,0.076607477122629733,0.0029073297245778423,0.0097340466891459865,0.27591187115973848,-0.0027982221502620974,-0.10908853461936785,0.20595285179784165,0.0056831816905857924,0.00092633068445549527,0.35163069665762092,-0.0013814892624232078,-0.029110840915488601,S4_full34_upper_shadow_2023,full34,upper_shadow,2023,single
202306,0.031894476714237306,0.00010885687897938709,0.3694090435093082,0.027431933502805549,0.012757790685694922,0.0082295800508416644,0.18917728694720751,0.21016465768374409,0.032391705012396056,-0.00049722829815875003,0.022089554335610401,-0.016610476194847762,0.044042409697653315,0.11619679765365087,0.37095560390784582,-0.0015465603985376219,0.025434260607164749,0.19668685797415031,0.013477799709593785,0.036064582848189974,S4_full34_upper_shadow_2023,full34,upper_shadow,2023,single
202307,0.099075049544089258,0.0014856712048701484,0.67057853378546972,0.37438914362727743,0.039630019817635705,0.11231674308818322,0.098826439864359086,0.25077320277017801,0.10127661706397895,-0.0022015675198896884,0.081903791531426226,0.35277263435349365,0.021616509273783779,0.76456087626058333,0.66483661503424041,0.0057419187512293135,0.061761655258271708,0.24689145262136758,0.0038817501488104256,0.24360128291326399,S4_full34_upper_shadow_2023,full34,upper_shadow,2023,single
202308,0.031339123155137358,-0.00012588467721162252,0.68106117306311986,-0.031722938657328871,0.012535649262054943,-0.0095168815971986617,0.095681648081064039,0.098700415745920325,0.030792047132036818,0.00054707602310053935,0.019952554164219469,0.00033234278600605214,-0.032055281443334922,-0.061075239506651433,0.68045189534335371,0.00060927771976615475,0.041783232728315856,0.10828095308561042,-0.0095805373396900956,-0.022876520004802392,S4_full34_upper_shadow_2023,full34,upper_shadow,2023,single
202309,0.018235935339112358,-0.00022622506380433547,0.70958992074397997,-0.05700871607869254,0.0072943741356449434,-0.01710261482360776,0.087123023776806002,0.077314783088843181,0.020476114829967456,-0.002240179490855098,0.032223390619798523,0.029282651068657569,-0.086291367147350112,-0.024533621610466759,0.70602050462363153,0.0035694161203484454,0.045661468293895835,0.10516908986549478,-0.027854306776651599,-0.0081691707233893657,S4_full34_upper_shadow_2023,full34,upper_shadow,2023,single
202310,0.039485073937099276,0.00063528136576401534,0.71876055395092597,0.16009090417253186,0.015794029574839712,0.048027271251759554,0.0843718338147222,0.14819313464132144,0.039525550752276456,-4.0476815177180325e-05,0.022120604908967167,0.16341306648727325,-0.0033221623147413892,0.083859152214559918,0.71050202751515124,0.0082585264357747379,0.047222926378296615,0.15168353199254719,-0.0034903973512257491,0.019839109714465841,S4_full34_upper_shadow_2023,full34,upper_shadow,2023,single
202311,0.093884838648526259,0.00083467446650282117,0.75090178570351529,0.21033796555871093,0.037553935459410506,0.063101389667613278,0.074729464288945405,0.17538478941596919,0.092136710105080857,0.0017481285434454014,0.045403995214591812,0.18578418405425487,0.024553781504456057,-0.19340267629335312,0.74409544025479335,0.0068063454487219399,0.025720981002389842,0.16936130718187081,0.0060234822340983762,-0.047575499102886165,S4_full34_upper_shadow_2023,full34,upper_shadow,2023,single
202312,0.062901353801782203,0.00084465501338233098,0.72054125292993798,0.21285306337234741,0.025160541520712884,0.063855919011704218,0.083837624121018597,0.17285408465343571,0.065183175904983084,-0.0022818221032008812,0.056486283017866436,0.23693997811825615,-0.024086914745908738,0.21663922522804449,0.71942177421730569,0.0011194787126322936,0.011710407949821366,0.18132873153227835,-0.0084746468788426399,0.084073158390613523,S4_full34_upper_shadow_2023,full34,upper_shadow,2023,single
202301,0.06498559551387123,0.00018795274674525755,0.31613335932656839,0.047364092179804904,0.025994238205548494,0.01420922765394147,0.20515999220202949,0.24536345806151946,0.070165451748851734,-0.0051798562349805038,0.072942241305614469,0.042279790236402187,0.0050843019434027165,0.21936904793904211,0.31307316894039477,0.0030601903861736113,0.029949931873740232,0.24682816708834293,-0.0014647090268234686,0.086002631341836361,S4_full34_lower_shadow_2023,full34,lower_shadow,2023,single
202302,0.15032394514828279,0.0031063282616216694,0.31633421692076963,0.78279472192866073,0.06012957805931312,0.23483841657859822,0.20509973492376909,0.50006772956168044,0.14725706088279109,0.0030668842654917039,0.11290710443530413,0.74981962871132379,0.032975093217336937,0.41782219670882459,0.31601117613197216,0.00032304078879746845,0.021665763132963589,0.4890453601269219,0.011022369434758539,0.16400977184687993,S4_full34_lower_shadow_2023,full34,lower_shadow,2023,single
202303,0.054260777248750759,0.0015087563340509997,0.30527793566878081,0.38020659618085195,0.021704310899500305,0.11406197885425558,0.20841661929936575,0.34418290905312166,0.061779713130973642,-0.0075189358822228824,0.021878985339204439,0.32164905831129192,0.058557537869560028,0.15700442798944342,0.30493626899115966,0.00034166667762114411,0.016644996847520965,0.32972572204842915,0.014457187004692507,0.050859423478258559,S4_full34_lower_shadow_2023,full34,lower_shadow,2023,single
202304,0.055927278858286592,0.0014190090605111397,0.28951292067337048,0.35759028324880721,0.022370911543314637,0.10727708497464215,0.21314612379798886,0.34279412031594564,0.06255655268920042,-0.0066292738309138288,0.039207386310989627,0.40693290138583943,-0.049342618137032224,0.37901557725006541,0.28626853722029916,0.00324438345307132,0.0094216317160308316,0.36122193032534228,-0.018427810009396639,0.12656113818460624,S4_full34_lower_shadow_2023,full34,lower_shadow,2023,single
202305,0.069035813960989387,0.0010337409876217238,0.21105752344945547,0.26050272888067438,0.027614325584395756,0.078150818664202315,0.23668274296516334,0.3424478872137614,0.076607477122629733,-0.0075716631616403463,-0.00074494619707220211,0.27591187115973848,-0.015409142279064092,-0.12169945474816984,0.20595285179784165,0.0051046716516138235,0.00034782064548352642,0.35163069665762092,-0.0091828094438595187,-0.036912161096924911,S4_full34_lower_shadow_2023,full34,lower_shadow,2023,single
202306,0.044718028067307937,0.00061860136036309492,0.37330398371583118,0.15588754281149991,0.017887211226923175,0.046766262843449972,0.18800880488525065,0.25266227895562376,0.032391705012396056,0.012326323054911881,0.034913105688681029,-0.016610476194847762,0.17249801900634767,0.24465240696234525,0.37095560390784582,0.0023483798079853568,0.029329200813687728,0.19668685797415031,0.055975420981473456,0.078562204120069645,S4_full34_lower_shadow_2023,full34,lower_shadow,2023,single
202307,0.10622393855703093,0.0013959704983630343,0.6725331566560282,0.35178456558748467,0.04248957542281237,0.1055353696762454,0.098240053003191538,0.24626499810224933,0.10127661706397895,0.0049473214930519788,0.089052680544367893,0.35277263435349365,-0.00098806876600898708,0.74195629822079057,0.66483661503424041,0.0076965416217877891,0.063716278128830184,0.24689145262136758,-0.0006264545191182469,0.23909307824533532,S4_full34_lower_shadow_2023,full34,lower_shadow,2023,single
202308,0.031559948955554404,-3.4886447669983993e-06,0.6779890079132006,-0.00087913848128359665,0.012623979582221763,-0.00026374154438507896,0.096603297626039822,0.10896353566387651,0.030792047132036818,0.00076790182351758537,0.020173379964636515,0.00033234278600605214,-0.0012114812672896487,-0.030231439330606163,0.68045189534335371,-0.0024628874301531045,0.038711067578396596,0.10828095308561042,0.00068258257826608881,-0.012613400086846208,S4_full34_lower_shadow_2023,full34,lower_shadow,2023,single
202309,0.021575804514374963,0.00014520590640776029,0.71446365324236516,0.036591888414755594,0.0086303218057499857,0.010977566524426679,0.085660904027290444,0.10526879235746711,0.020476114829967456,0.0010996896844075073,0.035563259795061128,0.029282651068657569,0.0073092373460980249,0.069066982882981381,0.70602050462363153,0.0084431486187336313,0.050535200792281021,0.10516908986549478,9.9702491972331053e-05,0.019784838545234565,S4_full34_lower_shadow_2023,full34,lower_shadow,2023,single
202310,0.036022540760625242,0.00065411781254690255,0.70931063136153705,0.16483768876181945,0.014409016304250098,0.049451306628545834,0.087206810591538883,0.15106713352433482,0.039525550752276456,-0.0035030099916512139,0.018658071732493134,0.16341306648727325,0.0014246222745462056,0.088605936803847513,0.71050202751515124,-0.0011913961536141882,0.037773003788907689,0.15168353199254719,-0.00061639846821237576,0.022713108597479215,S4_full34_lower_shadow_2023,full34,lower_shadow,2023,single
202311,0.094778397299119146,0.0010193905712733104,0.75800952063948268,0.25688642396087419,0.037911358919647663,0.077065927188262259,0.072597143808155198,0.1875744299160651,0.092136710105080857,0.0026416871940382891,0.0462975538651847,0.18578418405425487,0.071102239906619319,-0.14685421789118985,0.74409544025479335,0.013914080384689331,0.032828715938357234,0.16936130718187081,0.018213122734194287,-0.035385858602790254,S4_full34_lower_shadow_2023,full34,lower_shadow,2023,single
202312,0.065993641840515219,0.00084152022586288829,0.721556443836876,0.21206309691744785,0.026397456736206089,0.063618929075234351,0.083533066848937201,0.17354945266037763,0.065183175904983084,0.0008104659355321342,0.059578571056599451,0.23693997811825615,-0.024876881200808304,0.21584925877314493,0.71942177421730569,0.0021346696195703174,0.01272559885675939,0.18132873153227835,-0.0077792788719007189,0.084768526397555444,S4_full34_lower_shadow_2023,full34,lower_shadow,2023,single
202301,0.070164830337646186,0.00030556491961980932,0.31348642633002777,0.077002359744191951,0.028065932135058477,0.023100707923257583,0.20595407210099168,0.25712071215930776,0.070165451748851734,-6.2141120554803919e-07,0.078121476129389425,0.042279790236402187,0.034722569507789763,0.24900731550342914,0.31307316894039477,0.00041325738963299274,0.027302998877199613,0.24682816708834293,0.010292545070964831,0.097759885439624661,S4_full34_body_ratio_2023,full34,body_ratio,2023,single
202302,0.14677849110969238,0.0030824424945636829,0.31862941966222341,0.77677550863004807,0.058711396443876955,0.2330326525890144,0.20441117410133294,0.49615522313422433,0.14725706088279109,-0.00047856977309870818,0.10936165039671372,0.74981962871132379,0.026955879918724279,0.41180298341021193,0.31601117613197216,0.0026182435302512519,0.023960965874417373,0.4890453601269219,0.0071098630073024305,0.16009726541942382,S4_full34_body_ratio_2023,full34,body_ratio,2023,single
202303,0.061996313694469306,0.001320290232733487,0.31101891243223651,0.33271313864883872,0.024798525477787724,0.099813941594651609,0.20669432627032905,0.33130679334276836,0.061779713130973642,0.00021660056349566414,0.029614521784922986,0.32164905831129192,0.0110640803375468,0.10951097045743019,0.30493626899115966,0.0060826434410768404,0.022385973610976662,0.32972572204842915,0.0015810712943392091,0.037983307767905261,S4_full34_body_ratio_2023,full34,body_ratio,2023,single
202304,0.065649693643301935,0.0017394827759257749,0.29413341521026454,0.4383496595332953,0.026259877457320776,0.13150489785998859,0.21175997543692063,0.36952475075422997,0.06255655268920042,0.0030931409541015142,0.04892980109600497,0.40693290138583943,0.03141675814745587,0.4597749535345535,0.28626853722029916,0.0078648779899653798,0.014042126252924891,0.36122193032534228,0.0083028204288876917,0.15329176862289057,S4_full34_body_ratio_2023,full34,body_ratio,2023,single
202305,0.076501911080117363,0.0010318796451044144,0.21055467931556554,0.26003367056631244,0.030600764432046946,0.078010101169893722,0.23683359620533034,0.34544446180727101,0.076607477122629733,-0.00010556604251237001,0.0067211509220557741,0.27591187115973848,-0.01587820059342604,-0.12216851306253179,0.20595285179784165,0.0046018275177238943,-0.00015502348840640279,0.35163069665762092,-0.0061862348503499143,-0.033915586503415307,S4_full34_body_ratio_2023,full34,body_ratio,2023,single
202306,0.031397406601153609,0.00011970501017303679,0.37493353433011251,0.030165662563605269,0.012558962640461444,0.0090496987690815798,0.18751993970096623,0.20912860111050924,0.032391705012396056,-0.00099429841124244744,0.021592484222526704,-0.016610476194847762,0.046776138758453031,0.11893052671445059,0.37095560390784582,0.0039779304222666845,0.030958751427969056,0.19668685797415031,0.012441743136358929,0.035028526274955119,S4_full34_body_ratio_2023,full34,body_ratio,2023,single
202307,0.10097442805649366,0.0013413498093304342,0.66796977611834962,0.33802015195126944,0.040389771222597466,0.10140604558538083,0.099609067164495108,0.24140488397247339,0.10127661706397895,-0.00030218900748528454,0.08380317004383063,0.35277263435349365,-0.01475248240222421,0.7281918845845754,0.66483661503424041,0.003133161084109215,0.05915289759115161,0.24689145262136758,-0.0054865686488941856,0.23423296411555938,S4_full34_body_ratio_2023,full34,body_ratio,2023,single
202308,0.030734228094790456,-8.9335811966808755e-05,0.679233930260709,-0.022512624615635805,0.012293691237916182,-0.0067537873846907409,0.096229820921787293,0.10176972477501274,0.030792047132036818,-5.7819037246362864e-05,0.019347659103872566,0.00033234278600605214,-0.022844967401641856,-0.05186492546495837,0.68045189534335371,-0.0012179650826447119,0.039955989925904989,0.10828095308561042,-0.0065112283105976804,-0.019807210975709977,S4_full34_body_ratio_2023,full34,body_ratio,2023,single
202309,0.02087416900488457,-9.4310985371264994e-05,0.7098440435800617,-0.023766368313558779,0.0083496676019538286,-0.0071299104940676337,0.087046786925981487,0.088266544033867689,0.020476114829967456,0.0003980541749171139,0.034861624285570741,0.029282651068657569,-0.053049019382216345,0.0087087261546670014,0.70602050462363153,0.0038235389564301725,0.045915591129977562,0.10516908986549478,-0.016902545831627092,0.0027825902216351422,S4_full34_body_ratio_2023,full34,body_ratio,2023,single
202310,0.042319548988395093,0.00070755354845625359,0.71683353277776407,0.17830349421097591,0.016927819595358037,0.053491048263292769,0.084949940166670776,0.1553688080253216,0.039525550752276456,0.0027939982361186375,0.024955079960262985,0.16341306648727325,0.014890427723702665,0.10207174225300397,0.71050202751515124,0.0063315052626128354,0.045295905205134712,0.15168353199254719,0.0036852760327744094,0.027014783098466,S4_full34_body_ratio_2023,full34,body_ratio,2023,single
202311,0.092147730700895561,0.00073041918385119756,0.75243669542108205,0.1840656343305018,0.036859092280358226,0.05521969029915054,0.074268991373675389,0.16634777395318417,0.092136710105080857,1.1020595814703604e-05,0.043666887266961114,0.18578418405425487,-0.0017185497237530711,-0.21967500752156224,0.74409544025479335,0.0083412551662886969,0.027255890719956599,0.16936130718187081,-0.0030135332286866379,-0.056612514565671179,S4_full34_body_ratio_2023,full34,body_ratio,2023,single
202312,0.064593533204786113,0.00095099725841215114,0.72167871749013812,0.2396513091198621,0.025837413281914447,0.07189539273595863,0.083496384752958563,0.18122919077083163,0.065183175904983084,-0.00058964270019697118,0.058178462420870346,0.23693997811825615,0.0027113310016059489,0.24343747097555918,0.71942177421730569,0.0022569432728324346,0.012847872510021507,0.18132873153227835,-9.9540761446720305e-05,0.092448264508009442,S4_full34_body_ratio_2023,full34,body_ratio,2023,single
202301,0.070513798479936413,0.00049162112857713193,0.31179831359865223,0.12388852440143724,0.028205519391974566,0.037166557320431171,0.20646050592040435,0.27183258263281007,0.070165451748851734,0.00034834673108467828,0.078470444271679651,0.042279790236402187,0.081608734165035057,0.2958934801606744,0.31307316894039477,-0.0012748553417425423,0.025614886145824078,0.24682816708834293,0.02500441554446714,0.11247175591312697,S4_full34_bias_20d_2023,full34,bias_20d,2023,single
202302,0.14396177900495549,0.0028947819309470667,0.31783817772946027,0.72948504659866087,0.057584711601982197,0.21884551397959826,0.20464854668116189,0.48107877226274237,0.14725706088279109,-0.003295281877835593,0.10654493829197684,0.74981962871132379,-0.020334582112662924,0.36451252137882473,0.31601117613197216,0.0018270015974881093,0.02316972394165423,0.4890453601269219,-0.0079665878641795307,0.14502081454794186,S4_full34_bias_20d_2023,full34,bias_20d,2023,single
202303,0.06123700585098462,0.0012279183872108712,0.30804507402952408,0.30943543357713954,0.024494802340393848,0.092830630073141865,0.20758647779114278,0.32491191020467847,0.061779713130973642,-0.00054270727998902146,0.0288552139414383,0.32164905831129192,-0.012213624734152384,0.086233265385731006,0.30493626899115966,0.003108805038364415,0.019412135208264236,0.32972572204842915,-0.0048138118437506816,0.03158842462981537,S4_full34_bias_20d_2023,full34,bias_20d,2023,single
202304,0.064177502103764647,0.0018647696105017978,0.29235206663396079,0.46992194184645303,0.025671000841505861,0.14097658255393591,0.21229438000981177,0.37894196340525355,0.06255655268920042,0.0016209494145642267,0.047457609556467682,0.40693290138583943,0.062989040460613599,0.49134723584771123,0.28626853722029916,0.0060835294136616369,0.012260777676621148,0.36122193032534228,0.017720033079911268,0.16270898127391414,S4_full34_bias_20d_2023,full34,bias_20d,2023,single
202305,0.07643379914621494,0.0011279021121654163,0.21495800801615289,0.28423133226568492,0.030573519658485978,0.085269399679705468,0.23551259759515414,0.3513555169333456,0.076607477122629733,-0.00017367797641479332,0.0066530389881533508,0.27591187115973848,0.0083194611059464463,-0.097970851363159306,0.20595285179784165,0.0090051562183112444,0.0042483052121809473,0.35163069665762092,-0.00027517972427532067,-0.028004531377340713,S4_full34_bias_20d_2023,full34,bias_20d,2023,single
202306,0.031278189727562876,-8.7587833978179064e-05,0.37323054296524327,-0.022072134162501124,0.012511275891025152,-0.006621640248750337,0.18803083711042701,0.19392047275270183,0.032391705012396056,-0.0011135152848331803,0.021473267348935971,-0.016610476194847762,-0.0054616579676533619,0.06669272998834419,0.37095560390784582,0.0022749390573974515,0.029255760063099823,0.19668685797415031,-0.0027663852214484808,0.019820397917147708,S4_full34_bias_20d_2023,full34,bias_20d,2023,single
202307,0.09742337521840809,0.0012186830700716624,0.66503644010243179,0.30710813365805889,0.038969350087363241,0.092132440097417667,0.10048906796927046,0.23159085815405137,0.10127661706397895,-0.0038532418455708567,0.080252117205745058,0.35277263435349365,-0.045664500695434762,0.69727986629136485,0.66483661503424041,0.00019982506819138379,0.056219561575233779,0.24689145262136758,-0.015300594467316214,0.22441893829713735,S4_full34_bias_20d_2023,full34,bias_20d,2023,single
202308,0.030300934842942294,-8.3007287570167101e-05,0.6815855566151684,-0.02091783646768211,0.012120373937176918,-0.0062753509403046326,0.095524333015449478,0.10136935601232176,0.030792047132036818,-0.00049111228909452451,0.018914365852024405,0.00033234278600605214,-0.021250179253688162,-0.050270137317004679,0.68045189534335371,0.0011336612718146899,0.042307616280364391,0.10828095308561042,-0.0069115970732886584,-0.020207579738400955,S4_full34_bias_20d_2023,full34,bias_20d,2023,single
202309,0.019440524711677405,-0.00010048191813180393,0.71137390592542948,-0.025321443369214592,0.0077762098846709624,-0.0075964330107643769,0.086587828222371155,0.086767605096277733,0.020476114829967456,-0.0010355901182900508,0.033427979992363577,0.029282651068657569,-0.054604094437872161,0.0071536510990111886,0.70602050462363153,0.0053534013017979554,0.047445453475345345,0.10516908986549478,-0.018401484769217047,0.0012836512840451869,S4_full34_bias_20d_2023,full34,bias_20d,2023,single
202310,0.040662334354815144,0.00048225864323680052,0.71329966517868248,0.12152917809567373,0.016264933741926058,0.036458753428702119,0.086010100446395246,0.13873378761702343,0.039525550752276456,0.0011367836025386879,0.023297865326683036,0.16341306648727325,-0.041883888391599511,0.045297426137701796,0.71050202751515124,0.0027976376635312494,0.041762037606053126,0.15168353199254719,-0.012949744375523764,0.010379762690167826,S4_full34_bias_20d_2023,full34,bias_20d,2023,single
202311,0.089808949170569682,0.00077753539047369373,0.74986430828921768,0.19593891839937083,0.035923579668227873,0.058781675519811248,0.075040707513234689,0.16974596270127382,0.092136710105080857,-0.0023277609345111749,0.041328105736635236,0.18578418405425487,0.010154734345115962,-0.20780172345269321,0.74409544025479335,0.0057688680344243348,0.024683503588092237,0.16936130718187081,0.00038465551940300435,-0.053214325817581537,S4_full34_bias_20d_2023,full34,bias_20d,2023,single
202312,0.06318836611120851,0.00081678032917340806,0.72293639962405343,0.20582864295169884,0.025275346444483406,0.06174859288550965,0.083119080112783975,0.17014301944277704,0.065183175904983084,-0.001994809793774574,0.056773295327292743,0.23693997811825615,-0.031111335166557313,0.20961480480739592,0.71942177421730569,0.00351462540674774,0.014105554643936813,0.18132873153227835,-0.01118571208950131,0.081362093179954853,S4_full34_bias_20d_2023,full34,bias_20d,2023,single
202301,0.070132175911205186,0.00062767335446146716,0.3120107600095483,0.15817368532428971,0.028052870364482077,0.047452105597286916,0.20639677199713549,0.28190174795890449,0.070165451748851734,-3.3275837646548623e-05,0.078088821702948424,0.042279790236402187,0.11589389508788753,0.3301786410835269,0.31307316894039477,-0.0010624089308464701,0.025827332556720151,0.24682816708834293,0.03507358087056156,0.12254092123922139,S4_full34_bias_60d_2023,full34,bias_60d,2023,single
202302,0.14290817941970743,0.0028051764477076344,0.315676652486377,0.70690446482232383,0.057163271767882974,0.21207133944669715,0.2052970042540869,0.47453161546866707,0.14725706088279109,-0.0043488814630836536,0.10549133870672878,0.74981962871132379,-0.042915163888999963,0.34193193960248769,0.31601117613197216,-0.0003345236455951639,0.021008198698570957,0.4890453601269219,-0.014513744658254835,0.13847365775386655,S4_full34_bias_60d_2023,full34,bias_60d,2023,single
202303,0.058989484550466618,0.0012426889232812182,0.30453202644365929,0.31315760866686698,0.023595793820186648,0.093947282600060092,0.20864039206690221,0.32618346848714896,0.061779713130973642,-0.0027902285805070232,0.026607692640920298,0.32164905831129192,-0.0084914496444249421,0.089955440475458448,0.30493626899115966,-0.00040424254750037747,0.015899087622399444,0.32972572204842915,-0.0035422535612801842,0.032859982912285868,S4_full34_bias_60d_2023,full34,bias_60d,2023,single
202304,0.064147852628924487,0.0013621784541231635,0.29051429400082024,0.3432689704390372,0.025659141051569797,0.10298069113171116,0.21284571179975389,0.34148554398303488,0.06255655268920042,0.0015912999397240668,0.047427960081627522,0.40693290138583943,-0.063663930946802227,0.3646942644402954,0.28626853722029916,0.0042457567805210816,0.010423005043480593,0.36122193032534228,-0.019736386342307399,0.12525256185169548,S4_full34_bias_60d_2023,full34,bias_60d,2023,single
202305,0.07932637839056364,0.001205970019107417,0.20833490234071164,0.30390444481506912,0.031730551356225455,0.091171333444520733,0.2374995292977865,0.36040141409853266,0.076607477122629733,0.002718901267933907,0.0095456182325020511,0.27591187115973848,0.027992573655330644,-0.078297738813775108,0.20595285179784165,0.0023820505428699956,-0.0023748004632603015,0.35163069665762092,0.008770717440911735,-0.018958634212153658,S4_full34_bias_60d_2023,full34,bias_60d,2023,single
202306,0.032701900712447218,5.5955958886465261e-05,0.3703103430273128,0.014100901639389245,0.013080760284978888,0.0042302704918167735,0.18890689709180616,0.20621792786860182,0.032391705012396056,0.00031019570005116209,0.022896978333820314,-0.016610476194847762,0.030711377834237007,0.10286576579023457,0.37095560390784582,-0.00064526088053301622,0.026335560125169355,0.19668685797415031,0.009531069894451516,0.032117853033047705,S4_full34_bias_60d_2023,full34,bias_60d,2023,single
202307,0.099733558547367221,0.0013727987998947305,0.66607338704172214,0.34594529757347209,0.039893423418946888,0.10378358927204162,0.10017798388748335,0.24385499657847187,0.10127661706397895,-0.0015430585166117256,0.082562300534704189,0.35277263435349365,-0.0068273367800215645,0.7361170302067781,0.66483661503424041,0.0012367720074817345,0.057256508514524129,0.24689145262136758,-0.0030364560428957077,0.23668307672155786,S4_full34_bias_60d_2023,full34,bias_60d,2023,single
202308,0.029752213447392758,4.4694912681860686e-05,0.6784669933193902,0.011263117995828893,0.011900885378957103,0.0033789353987486678,0.096459902004182932,0.11173972278188871,0.030792047132036818,-0.0010398336846440606,0.018365644456474869,0.00033234278600605214,0.01093077520982284,-0.018089182853493674,0.68045189534335371,-0.0019849020239635085,0.039189052984586192,0.10828095308561042,0.0034587696962782855,-0.009837212968834011,S4_full34_bias_60d_2023,full34,bias_60d,2023,single
202309,0.018756262126523839,-0.00024799943291702785,0.71024093372818675,-0.06249585709509102,0.007502504850609536,-0.018748757128527305,0.086927719881543977,0.075681467603626207,0.020476114829967456,-0.0017198527034436167,0.032743717407210007,0.029282651068657569,-0.091778508163748593,-0.03002076262686524,0.70602050462363153,0.0042204291045552234,0.046312481278102613,0.10516908986549478,-0.029487622261868573,-0.0098024862086063397,S4_full34_bias_60d_2023,full34,bias_60d,2023,single
202310,0.037784865775917831,0.00057396746528884119,0.7130960725125185,0.14463980125278797,0.015113946310367133,0.043391940375836387,0.086071178246244454,0.14457706493244799,0.039525550752276456,-0.0017406849763586252,0.020420396747785723,0.16341306648727325,-0.018773265234485276,0.068408049294816031,0.71050202751515124,0.0025940449973672619,0.041558444939889139,0.15168353199254719,-0.0071064670600992086,0.016223040005592382,S4_full34_bias_60d_2023,full34,bias_60d,2023,single
202311,0.090078684270548354,0.00083631072168571612,0.74927949398380989,0.21075030186480045,0.036031473708219346,0.063225090559440131,0.075216151804857037,0.17447271607251652,0.092136710105080857,-0.0020580258345325037,0.041597840836613907,0.18578418405425487,0.024966117810545585,-0.19299033998726359,0.74409544025479335,0.0051840537290165356,0.024098689282684438,0.16936130718187081,0.0051114088906457078,-0.048487572446338834,S4_full34_bias_60d_2023,full34,bias_60d,2023,single
202312,0.061456766235613539,0.0008554862188486081,0.72019521953656584,0.21558252714984924,0.024582706494245418,0.064674758144954769,0.083941434139030241,0.17319889877823041,0.065183175904983084,-0.0037264096693695459,0.055041695451697771,0.23693997811825615,-0.02135745096840691,0.21936868900554632,0.71942177421730569,0.00077344531926015758,0.01136437455644923,0.18132873153227835,-0.0081298327540479387,0.084417972515408224,S4_full34_bias_60d_2023,full34,bias_60d,2023,single
202301,0.068979479685261164,0.00038608257842397711,0.31283248007963532,0.097292809762842228,0.027591791874104467,0.029187842928852667,0.20615025597610939,0.26292989077906653,0.070165451748851734,-0.0011859720635905707,0.076936125477004402,0.042279790236402187,0.055013019526440041,0.2692977655220794,0.31307316894039477,-0.00024068886075945262,0.026649052626807168,0.24682816708834293,0.016101723690723602,0.10356906405938343,S4_full34_price_position_20d_2023,full34,price_position_20d,2023,single
202302,0.14761262743915521,0.0030732734252002722,0.31880246432765752,0.77446490315046856,0.059045050975662088,0.23233947094514057,0.20435926070170277,0.4957437826225054,0.14725706088279109,0.00035556655636412304,0.11019578672617655,0.74981962871132379,0.024645274439144771,0.40949237793063242,0.31601117613197216,0.0027912881956853597,0.02413401053985148,0.4890453601269219,0.0066984224955835003,0.15968582490770489,S4_full34_price_position_20d_2023,full34,price_position_20d,2023,single
202303,0.06782767519538288,0.0011924772719188535,0.30791617226934204,0.30050427252355105,0.027131070078153154,0.090151281757065313,0.2076251483191974,0.32490750015441588,0.061779713130973642,0.0060479620644092388,0.03544588328583656,0.32164905831129192,-0.021144785787740872,0.077302104332142518,0.30493626899115966,0.002979903278182372,0.019283233448082193,0.32972572204842915,-0.0048182218940132637,0.031584014579552788,S4_full34_price_position_20d_2023,full34,price_position_20d,2023,single
202304,0.065945872412157422,0.001760492221126092,0.28653368790834743,0.4436440397237752,0.02637834896486297,0.13309321191713255,0.21403989362749576,0.3735114545094913,0.06255655268920042,0.0033893197229570016,0.049225979864860457,0.40693290138583943,0.036711138337935767,0.4650693337250334,0.28626853722029916,0.00026515068804827679,0.0064423989510077884,0.36122193032534228,0.012289524184149025,0.1572784723781519,S4_full34_price_position_20d_2023,full34,price_position_20d,2023,single
202305,0.083859416166492451,0.0014327683390953352,0.21094237353852185,0.36105762145202447,0.033543766466596979,0.10831728643560734,0.23671728793844343,0.37857834084064779,0.076607477122629733,0.0072519390438627179,0.014078656008430862,0.27591187115973848,0.085145750292285993,-0.021144562176819759,0.20595285179784165,0.0049895217406802084,0.00023267073454991127,0.35163069665762092,0.026947644183026864,-0.00078170747003852847,S4_full34_price_position_20d_2023,full34,price_position_20d,2023,single
202306,0.039645117285373899,0.00048042884394508317,0.37289941910409929,0.12106806867416096,0.015858046914149559,0.036320420602248285,0.18813017426877021,0.24030864178516806,0.032391705012396056,0.0072534122729778425,0.029840194906746994,-0.016610476194847762,0.13767854486900871,0.20983293282500629,0.37095560390784582,0.0019438151962534733,0.028924636201955845,0.19668685797415031,0.04362178381101775,0.06620856694961394,S4_full34_price_position_20d_2023,full34,price_position_20d,2023,single
202307,0.09886492627052787,0.0016095764900730411,0.66985840886270231,0.40561327549840637,0.039545970508211153,0.1216839826495219,0.099042477341189303,0.26027243049892235,0.10127661706397895,-0.0024116907934510767,0.081693668257864838,0.35277263435349365,0.052840641144912714,0.79578500813171238,0.66483661503424041,0.0050217938284619068,0.061041530335504302,0.24689145262136758,0.013380977877554767,0.25310051064200834,S4_full34_price_position_20d_2023,full34,price_position_20d,2023,single
202308,0.039953293963260632,7.4231202418840818e-05,0.68131474793092883,0.018706263009547888,0.015981317585304255,0.0056118789028643664,0.095605575620721348,0.11719877210888997,0.030792047132036818,0.0091612468312238134,0.028566724972342743,0.00033234278600605214,0.018373920223541836,-0.010646037839774677,0.68045189534335371,0.00086285258757512473,0.042036807596124826,0.10828095308561042,0.0089178190232795523,-0.0043781636418327441,S4_full34_price_position_20d_2023,full34,price_position_20d,2023,single
202309,0.022228565732250485,2.1539950004686481e-05,0.70797828779338834,0.0054280674011809929,0.0088914262929001946,0.0016284202203542977,0.087606513661983493,0.098126360175237987,0.020476114829967456,0.0017524509022830287,0.036216021012936653,0.029282651068657569,-0.023854583667476576,0.037903161869406773,0.70602050462363153,0.0019577831697568104,0.0440498353433042,0.10516908986549478,-0.0070427296902567937,0.01264240636300544,S4_full34_price_position_20d_2023,full34,price_position_20d,2023,single
202310,0.044815814390289921,0.00071346890251579558,0.7138762216781992,0.1797941634339805,0.017926325756115968,0.053938249030194146,0.085837133496540235,0.15770170828285035,0.039525550752276456,0.0052902636380134649,0.027451345362157813,0.16341306648727325,0.016381096946707252,0.10356241147600856,0.71050202751515124,0.003374194163047961,0.042338594105569838,0.15168353199254719,0.0060181762903031566,0.029347683355994747,S4_full34_price_position_20d_2023,full34,price_position_20d,2023,single
202311,0.091846917434604519,0.00072460728000586956,0.74486512063585908,0.18260103456147914,0.036738766973841812,0.05478031036844374,0.076540463809242273,0.16805954115152782,0.092136710105080857,-0.00028979267047633817,0.043366074000670073,0.18578418405425487,-0.0031831494927757331,-0.22113960729058491,0.74409544025479335,0.00076968038106572934,0.019684315934733632,0.16936130718187081,-0.0013017660303429879,-0.054900747367327529,S4_full34_price_position_20d_2023,full34,price_position_20d,2023,single
202312,0.064232848012246435,0.0009580548252236988,0.71752102224364778,0.24142981595637208,0.025693139204898574,0.072428944786911628,0.084743693326905664,0.18286577731871587,0.065183175904983084,-0.0009503278927366493,0.057817777228330668,0.23693997811825615,0.0044898378381159343,0.24521597781206916,0.71942177421730569,-0.0019007519736579104,0.0086901772635311625,0.18132873153227835,0.0015370457864375131,0.094084851055893676,S4_full34_price_position_20d_2023,full34,price_position_20d,2023,single
202301,0.069861666536381734,0.00045396248064553718,0.31306060229612132,0.11439854512267537,0.027944666614552693,0.034319563536802614,0.20608181931116359,0.26834604946251889,0.070165451748851734,-0.00030378521247000079,0.077818312328124972,0.042279790236402187,0.072118754886273187,0.28640350088191258,0.31307316894039477,-1.2566644273459548e-05,0.026877174843293161,0.24682816708834293,0.021517882374175956,0.10898522274283579,S4_full34_price_position_60d_2023,full34,price_position_60d,2023,single
202302,0.14367986169161234,0.0030542963442594753,0.31723372487863222,0.76968267875338781,0.057471944676644938,0.23090480362601634,0.20482988253641032,0.49320663083907162,0.14725706088279109,-0.0035771991911787426,0.10626302097863369,0.74981962871132379,0.019863050042064012,0.40471015353355166,0.31601117613197216,0.0012225487466600571,0.022565271090826178,0.4890453601269219,0.0041612707121497228,0.15714867312427111,S4_full34_price_position_60d_2023,full34,price_position_60d,2023,single
202303,0.05653064346275756,0.0012996086134861298,0.3056323532979387,0.3275013705985047,0.022612257385103026,0.098250411179551411,0.20831029401061837,0.32917296257527284,0.061779713130973642,-0.0052490696682160817,0.02414885155321124,0.32164905831129192,0.0058523122872127797,0.10429920240709617,0.30493626899115966,0.00069608430677903232,0.016999414476678854,0.32972572204842915,-0.00055275947315630569,0.035849477000409746,S4_full34_price_position_60d_2023,full34,price_position_60d,2023,single
202304,0.069307097672887411,0.0018171580742632587,0.28758553178324037,0.45792383471434117,0.027722839069154966,0.13737715041430235,0.21372434046502789,0.37882432994848519,0.06255655268920042,0.0067505449836869902,0.052587205125590446,0.40693290138583943,0.050990933328501742,0.47934912871559937,0.28626853722029916,0.0013169945629412094,0.007494242825900721,0.36122193032534228,0.017602399623142917,0.16259134781714579,S4_full34_price_position_60d_2023,full34,price_position_60d,2023,single
202305,0.076947657290562216,0.0011959168013333053,0.2102126111522043,0.3013710339359929,0.030779062916224887,0.090411310180797871,0.23693621665433873,0.35812658975136147,0.076607477122629733,0.00034018016793248285,0.007166897132500627,0.27591187115973848,0.025459162776254429,-0.080831149692851323,0.20595285179784165,0.0042597593543626522,-0.00049709165176764492,0.35163069665762092,0.0064958930937405457,-0.021233458559324847,S4_full34_price_position_60d_2023,full34,price_position_60d,2023,single
202306,0.030905783185202835,-5.6654934481997842e-05,0.37024100040133556,-0.014277043489463456,0.012362313274081134,-0.0042831130468390368,0.18892769987959931,0.19700690010684141,0.032391705012396056,-0.0014859218271932213,0.02110086080657593,-0.016610476194847762,0.0023334327053843064,0.074487820661381862,0.37095560390784582,-0.0007146035065102585,0.026266217499192113,0.19668685797415031,0.00032004213269110071,0.02290682527128729,S4_full34_price_position_60d_2023,full34,price_position_60d,2023,single
202307,0.099008195728424314,0.001325969934436392,0.66765837997547761,0.3341444234779708,0.039603278291369726,0.10024332704339124,0.099702486007356719,0.23954909134211766,0.10127661706397895,-0.0022684213355546323,0.081836937715761282,0.35277263435349365,-0.018628210875522855,0.72431615611127675,0.66483661503424041,0.0028217649412372037,0.058841501448279598,0.24689145262136758,-0.0073423612792499204,0.23237717148520365,S4_full34_price_position_60d_2023,full34,price_position_60d,2023,single
202308,0.031382372012114239,0.00011141848432282967,0.67853390630271648,0.028077458049353077,0.012552948804845697,0.0084232374148059223,0.096439828109185055,0.11741601432883667,0.030792047132036818,0.00059032488007742037,0.01999580302119635,0.00033234278600605214,0.027745115263347025,-0.0012748427999694882,0.68045189534335371,-0.0019179890406372246,0.039255965967912476,0.10828095308561042,0.0091350612432262446,-0.0041609214218860519,S4_full34_price_position_60d_2023,full34,price_position_60d,2023,single
202309,0.015066712230247789,-0.00035882670416678198,0.70730563954332726,-0.090424329450029053,0.006026684892099116,-0.027127298835008716,0.087808308137001814,0.066707694194092212,0.020476114829967456,-0.0054094025997196669,0.029054167510933957,0.029282651068657569,-0.11970698051868663,-0.057949234981803273,0.70602050462363153,0.0012851349196957296,0.043377187093243119,0.10516908986549478,-0.038461395671402568,-0.018776259618140334,S4_full34_price_position_60d_2023,full34,price_position_60d,2023,single
202310,0.044271858519468618,0.00059516908428425784,0.71403081245349243,0.14998260923963297,0.017708743407787449,0.044994782771889889,0.085790756263952272,0.14849428244362961,0.039525550752276456,0.0047463077671921622,0.02690738949133651,0.16341306648727325,-0.013430457247640276,0.073750857281661031,0.71050202751515124,0.0035287849383411896,0.042493184880863066,0.15168353199254719,-0.0031892495489175832,0.020140257516774007,S4_full34_price_position_60d_2023,full34,price_position_60d,2023,single
202311,0.089077373586710792,0.00077522425106287191,0.74525740747308022,0.19535651126784373,0.035630949434684318,0.058606953380353113,0.076422777758075933,0.17066068057311337,0.092136710105080857,-0.0030593365183700649,0.040596530152776346,0.18578418405425487,0.0095723272135888604,-0.20838413058422031,0.74409544025479335,0.0011619672182868745,0.020076602771954777,0.16936130718187081,0.0012993733912425587,-0.052299607945741983,S4_full34_price_position_60d_2023,full34,price_position_60d,2023,single
202312,0.062117363041966703,0.00094296823233370173,0.71743796425688533,0.23762799454809283,0.024846945216786681,0.071288398364427852,0.084768610722934401,0.18090395430414893,0.065183175904983084,-0.0030658128630163817,0.055702292258050935,0.23693997811825615,0.00068801642983667977,0.24141415640378991,0.71942177421730569,-0.0019838099604203574,0.0086071192767687155,0.18132873153227835,-0.00042477722812941932,0.092123028041326743,S4_full34_price_position_60d_2023,full34,price_position_60d,2023,single
202301,0.068179064116291349,0.0004896257099617227,0.31530571742870994,0.12338567891035412,0.027271625646516542,0.037015703673106234,0.20540828477138701,0.26969561409100978,0.070165451748851734,-0.0019863876325603852,0.076135709908034588,0.042279790236402187,0.081105888673951937,0.29539063466959131,0.31307316894039477,0.0022325484883151669,0.029122289975881788,0.24682816708834293,0.022867447002666852,0.11033478737132668,S4_full34_amount_ratio_20d_2023,full34,amount_ratio_20d,2023,single
202302,0.15028977791059142,0.0031569025943000649,0.31925424466717678,0.79553945376361634,0.06011591116423657,0.2386618361290849,0.20422372659984697,0.5030014738931684,0.14725706088279109,0.0030327170278003357,0.11287293719761277,0.74981962871132379,0.045719825052292551,0.4305669285437802,0.31601117613197216,0.0032430685352046185,0.024585790879370739,0.4890453601269219,0.013956113766246503,0.16694351617836789,S4_full34_amount_ratio_20d_2023,full34,amount_ratio_20d,2023,single
202303,0.059374803214749541,0.0012343651122662105,0.30586505925257673,0.31106000829108504,0.023749921285899818,0.09331800248732551,0.208240482224227,0.32530840599745237,0.061779713130973642,-0.0024049099162241003,0.026993011305203221,0.32164905831129192,-0.01058905002020688,0.08785784009967651,0.30493626899115966,0.00092879026141706733,0.017232120431316889,0.32972572204842915,-0.0044173160509767828,0.031984920422589269,S4_full34_amount_ratio_20d_2023,full34,amount_ratio_20d,2023,single
202304,0.063461365222679283,0.0018411440975372377,0.2896665935320486,0.46396831257938392,0.025384546089071716,0.13919049377381518,0.21310002194038541,0.37767506180327232,0.06255655268920042,0.00090481253347886315,0.046741472675382319,0.40693290138583943,0.057035411193544494,0.48539360658064212,0.28626853722029916,0.0033980563117494422,0.0095753045747089538,0.36122193032534228,0.016453131477930039,0.16144207967193291,S4_full34_amount_ratio_20d_2023,full34,amount_ratio_20d,2023,single
202305,0.082341282772415619,0.0013233473007866372,0.21220106282479514,0.3334835197982326,0.032936513108966246,0.10004505593946977,0.23633968115256146,0.36932125020099749,0.076607477122629733,0.0057338056497858864,0.012560522614354031,0.27591187115973848,0.057571648638494122,-0.04871866383061163,0.20595285179784165,0.0062482110269534985,0.0014913600208232014,0.35163069665762092,0.017690553543376564,-0.010038798109688829,S4_full34_amount_ratio_20d_2023,full34,amount_ratio_20d,2023,single
202306,0.035655388862025669,0.00020958211062604859,0.37360209276996281,0.052814691877764247,0.014262155544810268,0.015844407563329273,0.18791937216901114,0.2180259352771507,0.032391705012396056,0.0032636838496296131,0.025850466483398764,-0.016610476194847762,0.069425168072612009,0.14157955602860955,0.37095560390784582,0.0026464888621169913,0.029627309867819362,0.19668685797415031,0.021339077303000387,0.043925860441596576,S4_full34_amount_ratio_20d_2023,full34,amount_ratio_20d,2023,single
202307,0.10475893586629939,0.0013032722956566869,0.67734920471445625,0.3284246185054851,0.041903574346519756,0.09852738555164553,0.096795238585663121,0.23722619848382842,0.10127661706397895,0.0034823188023204443,0.087587677853636359,0.35277263435349365,-0.024348015848008553,0.71859635113879106,0.66483661503424041,0.012512589680215846,0.068532326187258241,0.24689145262136758,-0.0096652541375391587,0.23005427862691441,S4_full34_amount_ratio_20d_2023,full34,amount_ratio_20d,2023,single
202308,0.030522257973833237,-0.00019357815389388347,0.68081198395812259,-0.048781694781258635,0.012208903189533295,-0.01463450843437759,0.095756404812563214,0.093330799567718919,0.030792047132036818,-0.00026978915820358162,0.019135688982915348,0.00033234278600605214,-0.049114037567264686,-0.078133995630581196,0.68045189534335371,0.0003600886147688831,0.041534043623318584,0.10828095308561042,-0.014950153517891501,-0.028246136183003798,S4_full34_amount_ratio_20d_2023,full34,amount_ratio_20d,2023,single
202309,0.022059602840259297,4.3729292306781049e-05,0.71763306447568564,0.011019781661308825,0.0088238411361037192,0.0033059344983926474,0.084710080657294309,0.096839856291790677,0.020476114829967456,0.0015834880102918412,0.036047058120945469,0.029282651068657569,-0.018262869407348746,0.043494876129534607,0.70602050462363153,0.011612559852054116,0.053704612025601506,0.10516908986549478,-0.0083292335737041034,0.01135590247955813,S4_full34_amount_ratio_20d_2023,full34,amount_ratio_20d,2023,single
202310,0.039310005018987279,0.00071680739430785023,0.71408385402439767,0.18063546336557826,0.015724002007594912,0.054190639009673476,0.085774843792680702,0.1556894848099491,0.039525550752276456,-0.00021554573328917692,0.021945535990855171,0.16341306648727325,0.017222396878305013,0.10440371140760632,0.71050202751515124,0.003581826509246433,0.04254622645176831,0.15168353199254719,0.0040059528174019032,0.027335459883093494,S4_full34_amount_ratio_20d_2023,full34,amount_ratio_20d,2023,single
202311,0.10074701966770543,0.0011191604045945017,0.74910542656765766,0.28202842195781441,0.040298807867082176,0.084608526587344315,0.075268372029702699,0.20017570648412919,0.092136710105080857,0.0086103095626245685,0.052266176233770979,0.18578418405425487,0.096244237903559543,-0.12171221989424963,0.74409544025479335,0.0050099863128643118,0.023924621866532214,0.16936130718187081,0.030814399302258377,-0.022784582034726164,S4_full34_amount_ratio_20d_2023,full34,amount_ratio_20d,2023,single
202312,0.062285882788480962,0.00090664794941532165,0.72164050329395635,0.22847528325266106,0.024914353115392387,0.068542584975798321,0.083507849011813087,0.17696478710300378,0.065183175904983084,-0.0028972931165021226,0.055870812004565194,0.23693997811825615,-0.0084646948655950904,0.23226144510835814,0.71942177421730569,0.0022187290766506607,0.012809658313839734,0.18132873153227835,-0.0043639444292745688,0.088183860840181594,S4_full34_amount_ratio_20d_2023,full34,amount_ratio_20d,2023,single
202301,0.072350063463893624,0.00044869268254634528,0.31469156662380277,0.11307055600167901,0.028940025385557452,0.033921166800503701,0.20559253001285915,0.26845372219892027,0.070165451748851734,0.0021846117150418898,0.080306709255636863,0.042279790236402187,0.07079076576527682,0.28507551176091617,0.31307316894039477,0.0016183976834079905,0.028508139170974611,0.24682816708834293,0.021625555110577344,0.10909289547923717,S4_full34_log_mean_amount_20d_2023,full34,log_mean_amount_20d,2023,single
202302,0.14329755492423302,0.0029158828490697545,0.31815192551070215,0.73480247796557807,0.057319021969693212,0.22044074338967343,0.20455442234678936,0.48231418770615597,0.14725706088279109,-0.0039595059585580683,0.10588071421125436,0.74981962871132379,-0.015017150745745722,0.36982995274574193,0.31601117613197216,0.0021407493787299892,0.02348347172289611,0.4890453601269219,-0.0067311724207659296,0.14625622999135546,S4_full34_log_mean_amount_20d_2023,full34,log_mean_amount_20d,2023,single
202303,0.059360793519960889,0.0013163936025876739,0.3054965297201086,0.33173118785209382,0.023744317407984356,0.099519356355628141,0.2083510410839674,0.33161471484757987,0.061779713130973642,-0.0024189196110127528,0.026979001610414569,0.32164905831129192,0.010082129540801898,0.10852901966068529,0.30493626899115966,0.00056026072894893586,0.016863590898848757,0.32972572204842915,0.0018889927991507238,0.038291229272716776,S4_full34_log_mean_amount_20d_2023,full34,log_mean_amount_20d,2023,single
202304,0.059971303770402537,0.0015186228692168741,0.29077954288789121,0.38269296304265227,0.023988521508161015,0.11480788891279567,0.21276613713363263,0.35156254755458932,0.06255655268920042,-0.0025852489187978833,0.043251411223105572,0.40693290138583943,-0.024239938343187162,0.40411825704391047,0.28626853722029916,0.0045110056675920496,0.010688253930551561,0.36122193032534228,-0.0096593827707529556,0.13532956542324992,S4_full34_log_mean_amount_20d_2023,full34,log_mean_amount_20d,2023,single
202305,0.079091295552093641,0.0012432978384689208,0.20905337279294794,0.31331105529416803,0.031636518220837455,0.0939933165882504,0.2372839881621156,0.36291382297120345,0.076607477122629733,0.0024838184294639076,0.0093105353940320518,0.27591187115973848,0.037399184134429553,-0.068891128334676199,0.20595285179784165,0.0031005209951062984,-0.0016563300110239987,0.35163069665762092,0.011283126313582525,-0.016446225339482867,S4_full34_log_mean_amount_20d_2023,full34,log_mean_amount_20d,2023,single
202306,0.028822106053748305,4.8826204753973579e-05,0.37578266688174045,0.012304203598001343,0.011528842421499323,0.0036912610794004024,0.18726519993547786,0.20248530343637758,0.032391705012396056,-0.0035695989586477517,0.0190171836751214,-0.016610476194847762,0.028914679792849105,0.10106906774884666,0.37095560390784582,0.0048270629738946247,0.031807883979596996,0.19668685797415031,0.0057984454622272696,0.028385228600823459,S4_full34_log_mean_amount_20d_2023,full34,log_mean_amount_20d,2023,single
202307,0.10147264883176119,0.0013501274537227246,0.66610997661970561,0.34023211833812661,0.040589059532704475,0.10206963550143798,0.10016700701408832,0.24282570204823078,0.10127661706397895,0.00019603176778223985,0.084301390819098154,0.35277263435349365,-0.012540516015367043,0.73040385097143257,0.66483661503424041,0.0012733615854652047,0.057293098092507599,0.24689145262136758,-0.0040657505731367949,0.23565378219131677,S4_full34_log_mean_amount_20d_2023,full34,log_mean_amount_20d,2023,single
202308,0.023963022017129632,-0.00017391237855045102,0.67986103745749471,-0.043825919394713655,0.009585208806851854,-0.013147775818414096,0.096041688762751584,0.092479121751189344,0.030792047132036818,-0.0068290251149071869,0.012576453026211742,0.00033234278600605214,-0.044158262180719707,-0.073178220244036224,0.68045189534335371,-0.00059085788585899746,0.040583097122690703,0.10828095308561042,-0.015801831334421076,-0.029097813999533373,S4_full34_log_mean_amount_20d_2023,full34,log_mean_amount_20d,2023,single
202309,0.017289884557738763,-0.00015087570271987775,0.71245623829634797,-0.038020677085409196,0.0069159538230955057,-0.011406203125622759,0.086263128511095605,0.08177287920856835,0.020476114829967456,-0.0031862302722286927,0.031277339838424928,0.029282651068657569,-0.067303328154066769,-0.0055455826171834158,0.70602050462363153,0.0064357336727164371,0.048527785846263827,0.10516908986549478,-0.023396210656926431,-0.0037110746036641967,S4_full34_log_mean_amount_20d_2023,full34,log_mean_amount_20d,2023,single
202310,0.039128384870505566,0.00050972874804801392,0.71571394192570414,0.12845164450809951,0.015651353948202228,0.038535493352429853,0.085285817422288759,0.13947266472292086,0.039525550752276456,-0.00039716588177089035,0.021763915842373457,0.16341306648727325,-0.034961421979173735,0.052219892550127572,0.71050202751515124,0.0052119144105529092,0.044176314353074786,0.15168353199254719,-0.012210867269626335,0.011118639796065255,S4_full34_log_mean_amount_20d_2023,full34,log_mean_amount_20d,2023,single
202311,0.090478413295745172,0.00094732173570063062,0.7472994421282213,0.2387250773965589,0.036191365318298072,0.071617523218967666,0.075810167361533606,0.18361905589879934,0.092136710105080857,-0.0016582968093356854,0.041997569861810725,0.18578418405425487,0.052940893342304035,-0.16501556445550514,0.74409544025479335,0.003204001873427953,0.022118637427095855,0.16936130718187081,0.014257748716928531,-0.03934123262005601,S4_full34_log_mean_amount_20d_2023,full34,log_mean_amount_20d,2023,single
202312,0.061896220167826005,0.00093096398327586886,0.72051803389784386,0.23460292378551895,0.024758488067130404,0.070380877135655676,0.08384458983064684,0.17898395503343292,0.065183175904983084,-0.0032869557371570796,0.055481149383910237,0.23693997811825615,-0.002337054332737204,0.23838908564121603,0.71942177421730569,0.0010962596805381697,0.011687188917727243,0.18132873153227835,-0.00234477649884543,0.090203028770610733,S4_full34_log_mean_amount_20d_2023,full34,log_mean_amount_20d,2023,single
202301,0.072920943689506412,0.00043584711940562011,0.31430755094130092,0.10983347409021627,0.029168377475802566,0.03295004222706488,0.20570773471760972,0.26782615442047719,0.070165451748851734,0.002755491940654678,0.080877589481249651,0.042279790236402187,0.067553683853814078,0.28183842984945345,0.31307316894039477,0.0012343820009061424,0.028124123488472763,0.24682816708834293,0.02099798733213426,0.10846532770079409,S4_full34_volatility_60d_2023,full34,volatility_60d,2023,single
202302,0.14714190590479442,0.0031079803512008767,0.31723462508245931,0.78321104850262091,0.058856762361917773,0.23496331455078626,0.20482961247526218,0.49864968938796617,0.14725706088279109,-0.00011515497799666208,0.10972506519181577,0.74981962871132379,0.033391419791297117,0.41823852328278477,0.31601117613197216,0.0012234489504871493,0.02256617129465327,0.4890453601269219,0.0096043292610442643,0.16259173167316565,S4_full34_volatility_60d_2023,full34,volatility_60d,2023,single
202303,0.062775266874780133,0.0011927813384076541,0.30671732094409188,0.30058089727872883,0.025110106749912056,0.090174269183618649,0.20798480371677244,0.32326917965030316,0.061779713130973642,0.00099555374380649181,0.030393474965233813,0.32164905831129192,-0.021068161032563093,0.077378729087320297,0.30493626899115966,0.0017810519529322111,0.018084382122832032,0.32972572204842915,-0.0064565423981259862,0.029945694075440066,S4_full34_volatility_60d_2023,full34,volatility_60d,2023,single
202304,0.065249582136095954,0.0018642251100819424,0.29029387245395438,0.4697847277406495,0.026099832854438385,0.14093541832219483,0.21291183826381369,0.37994708944044686,0.06255655268920042,0.002693029446895534,0.04852968958879899,0.40693290138583943,0.06285182635481007,0.4912100217419077,0.28626853722029916,0.0040253352336552251,0.010202583496614737,0.36122193032534228,0.018725159115104584,0.16371410730910746,S4_full34_volatility_60d_2023,full34,volatility_60d,2023,single
202305,0.078349513846372273,0.0010235332579852537,0.20435812061683825,0.25793038101228394,0.031339805538548912,0.077379114303685173,0.23869256381494852,0.34741148365718261,0.076607477122629733,0.0017420367237425405,0.0085687536883106846,0.27591187115973848,-0.017981490147454537,-0.12427180261656029,0.20595285179784165,-0.0015947311810033948,-0.0063515821871336919,0.35163069665762092,-0.0042192130004383155,-0.031948564653503708,S4_full34_volatility_60d_2023,full34,volatility_60d,2023,single
202306,0.03346989416468539,-7.7821671253653843e-05,0.37460303870431944,-0.019611061155920768,0.013387957665874157,-0.0058833183467762304,0.18761908838870417,0.19512372770780209,0.032391705012396056,0.0010781891522893342,0.023664971786058486,-0.016610476194847762,-0.0030005849610730065,0.069153802994924546,0.37095560390784582,0.0036474347964736142,0.030628255802175985,0.19668685797415031,-0.0015631302663482172,0.021023652872247972,S4_full34_volatility_60d_2023,full34,volatility_60d,2023,single
202307,0.10001517530758378,0.0015555023755090933,0.66936961468588752,0.39198659862829149,0.040006070123033512,0.11759597958848744,0.09918911559423374,0.25679116530575469,0.10127661706397895,-0.0012614417563951708,0.082843917294920744,0.35277263435349365,0.039213964274797841,0.78215833126159739,0.66483661503424041,0.0045329996516471072,0.060552736158689502,0.24689145262136758,0.0098997126843871075,0.24961924544884068,S4_full34_volatility_60d_2023,full34,volatility_60d,2023,single
202308,0.031410574141686985,-0.00020284044819902773,0.67955075880264981,-0.051115792946154988,0.012564229656674794,-0.015334737883846495,0.096134772359205048,0.093364264132033345,0.030792047132036818,0.00061852700965016674,0.020024005150769096,0.00033234278600605214,-0.051448135732161039,-0.080468093795477549,0.68045189534335371,-0.00090113654070389515,0.040272818467845806,0.10828095308561042,-0.014916688953577076,-0.028212671618689372,S4_full34_volatility_60d_2023,full34,volatility_60d,2023,single
202309,0.020918132405083278,-8.1962363610969919e-05,0.71605540522862898,-0.020654515629964419,0.008367252962033311,-0.0061963546889893259,0.0851833784314113,0.08735427670445528,0.020476114829967456,0.00044201757511582243,0.034905587685769443,0.029282651068657569,-0.049937166698621985,0.011820578838261361,0.70602050462363153,0.010034900604997454,0.052126952778544844,0.10516908986549478,-0.0178148131610395,0.0018703228922227338,S4_full34_volatility_60d_2023,full34,volatility_60d,2023,single
202310,0.041313984026242589,0.00078490234944758174,0.71208710720627311,0.19779539206079061,0.016525593610497036,0.05933861761823718,0.086373867838118068,0.16223807906685228,0.039525550752276456,0.0017884332739661335,0.023949514998110481,0.16341306648727325,0.034382325573517364,0.12156364010281867,0.71050202751515124,0.0015850796911218712,0.040549479633643748,0.15168353199254719,0.010554547074305087,0.033884054139996678,S4_full34_volatility_60d_2023,full34,volatility_60d,2023,single
202311,0.094246563195428998,0.00079027729533902465,0.75040228234853501,0.19914987842543422,0.037698625278171603,0.059744963527630264,0.074879315295439494,0.17232290410124135,0.092136710105080857,0.0021098530903481405,0.045765719761494551,0.18578418405425487,0.013365694371179349,-0.20459076342662982,0.74409544025479335,0.0063068420937416603,0.025221477647409563,0.16936130718187081,0.0029615969193705349,-0.050637384417614006,S4_full34_volatility_60d_2023,full34,volatility_60d,2023,single
202312,0.064153297034242551,0.0010446121829209977,0.71941686552845319,0.26324227009609141,0.025661318813697022,0.078972681028827416,0.084174940341464041,0.18880894018398847,0.065183175904983084,-0.0010298788707405332,0.057738226250326784,0.23693997811825615,0.026302291977835263,0.26702843195178849,0.71942177421730569,-4.9086888525007311e-06,0.010586020548336572,0.18132873153227835,0.0074802086517101185,0.10002801392116628,S4_full34_volatility_60d_2023,full34,volatility_60d,2023,single
202301,0.070649470423386942,0.00036940900912926751,0.31180750773824867,0.09309107030057541,0.028259788169354778,0.027927321090172621,0.20645774767852537,0.26264485693805278,0.070165451748851734,0.00048401867453520819,0.078606116215130181,0.042279790236402187,0.050811280064173223,0.26509602605981258,0.31307316894039477,-0.0012656612021461067,0.025624080285420514,0.24682816708834293,0.015816689849709853,0.10328403021836968,S4_full34_flag_limit_up_2023,full34,flag_limit_up,2023,single
202302,0.14550906114181608,0.0029230915940416896,0.31539301379103207,0.73661908169850576,0.058203624456726437,0.22098572450955173,0.20538209586269035,0.48457144482896852,0.14725706088279109,-0.0017479997409750037,0.10809222042883743,0.74981962871132379,-0.013200547012818031,0.37164655647866962,0.31601117613197216,-0.00061816234094008715,0.020724560003226034,0.4890453601269219,-0.0044739152979533792,0.14851348711416801,S4_full34_flag_limit_up_2023,full34,flag_limit_up,2023,single
202303,0.061108005252693595,0.0011888899247458995,0.30590749376819465,0.29960026103596665,0.024443202101077439,0.089880078310789993,0.20822775186954159,0.32255103228140902,0.061779713130973642,-0.00067170787828004647,0.028726213343147275,0.32164905831129192,-0.022048797275325271,0.076398092844558119,0.30493626899115966,0.00097122477703498467,0.017274554946934806,0.32972572204842915,-0.007174689767020126,0.029227546706545926,S4_full34_flag_limit_up_2023,full34,flag_limit_up,2023,single
202304,0.06492934860783027,0.0016399035101477776,0.28930508173749814,0.41325568455723993,0.025971739443132108,0.12397670536717198,0.21320847547875055,0.36315692028905466,0.06255655268920042,0.0023727959186298497,0.048209456060533305,0.40693290138583943,0.0063227831714005034,0.43468097855849813,0.28626853722029916,0.0030365445171989802,0.0092137927801584918,0.36122193032534228,0.0019349899637123857,0.14692393815771526,S4_full34_flag_limit_up_2023,full34,flag_limit_up,2023,single
202305,0.078992239706020956,0.0011377420969901208,0.2140000440007635,0.28671100844151043,0.031596895882408382,0.086013302532453123,0.23579998679977096,0.35341018521463247,0.076607477122629733,0.0023847625833912228,0.009211479547959367,0.27591187115973848,0.010799137281771953,-0.095491175187333799,0.20595285179784165,0.0080471922029218546,0.0032903411967915575,0.35163069665762092,0.0017794885570115437,-0.025949863096053849,S4_full34_flag_limit_up_2023,full34,flag_limit_up,2023,single
202306,0.035227233152359684,0.00023920940977604756,0.3875135238952328,0.060280771263563987,0.014090893260943874,0.018084231379069195,0.18374594283143017,0.21592106747144324,0.032391705012396056,0.0028355281399636278,0.025422310773732779,-0.016610476194847762,0.076891247458411749,0.14904563541440929,0.37095560390784582,0.016557919987386982,0.043538740993089353,0.19668685797415031,0.019234209497292931,0.04182099263588912,S4_full34_flag_limit_up_2023,full34,flag_limit_up,2023,single
202307,0.10076124260241451,0.0014375787155109178,0.66595580614289551,0.36226983630875126,0.040304497040965809,0.10868095089262537,0.10021325815713135,0.24919870609072253,0.10127661706397895,-0.00051537446156443845,0.083589984589751476,0.35277263435349365,0.0094972019552576059,0.75244156894205716,0.66483661503424041,0.0011191911086551043,0.057138927615697499,0.24689145262136758,0.0023072534693549529,0.24202678623380852,S4_full34_flag_limit_up_2023,full34,flag_limit_up,2023,single
202308,0.032311928436787297,5.9399754842728991e-06,0.67642215246094506,0.0014968738220367706,0.01292477137471492,0.00044906214661103117,0.097073354261716482,0.11044718778304244,0.030792047132036818,0.001519881304750479,0.020925359445869408,0.00033234278600605214,0.0011645310360307185,-0.027855427027285794,0.68045189534335371,-0.004029742882408649,0.037144212126141052,0.10828095308561042,0.0021662346974320179,-0.011129747967680279,S4_full34_flag_limit_up_2023,full34,flag_limit_up,2023,single
202309,0.016887603001277479,-0.00026015225954470185,0.71238671103975482,-0.065558369405264869,0.0067550412005109922,-0.01966751082157946,0.08628398668807355,0.073371517067005079,0.020476114829967456,-0.0035885118286899768,0.030875058281963647,0.029282651068657569,-0.094841020473922441,-0.033083274937039088,0.70602050462363153,0.0063662064161232879,0.048458258589670677,0.10516908986549478,-0.031797572798489701,-0.012112436745227467,S4_full34_flag_limit_up_2023,full34,flag_limit_up,2023,single
202310,0.039411533849771169,0.00042344668926252126,0.7116778313402603,0.10670856569415535,0.015764613539908469,0.032012569708246605,0.086496650597921901,0.13427383384607697,0.039525550752276456,-0.00011401690250528729,0.022047064821639061,0.16341306648727325,-0.056704500793117896,0.030476813736183411,0.71050202751515124,0.0011758038251090674,0.040140203767630944,0.15168353199254719,-0.017409698146470226,0.0059198089192213643,S4_full34_flag_limit_up_2023,full34,flag_limit_up,2023,single
202311,0.091232522152581111,0.00070705087039714637,0.74995717987884558,0.17817681934008089,0.036493008861032447,0.053453045802024264,0.075012846036346323,0.16495890069940305,0.092136710105080857,-0.00090418795249974648,0.042751678718646664,0.18578418405425487,-0.0076073647141739753,-0.22556382251198315,0.74409544025479335,0.0058617396240522313,0.024776375177720134,0.16936130718187081,-0.0044024064824677578,-0.058001387819452299,S4_full34_flag_limit_up_2023,full34,flag_limit_up,2023,single
202312,0.064780356297244837,0.00085330074732388331,0.72164498132349786,0.21503178832561859,0.025912142518897938,0.06450953649768558,0.083506505602950643,0.17392818461953416,0.065183175904983084,-0.00040281960773824732,0.05836528551332907,0.23693997811825615,-0.021908189792637561,0.21881795018131567,0.71942177421730569,0.002223207106192171,0.012814136343381244,0.18132873153227835,-0.0074005469127441936,0.085147258356711969,S4_full34_flag_limit_up_2023,full34,flag_limit_up,2023,single
202301,0.073873243507191377,0.00034113796995423128,0.88418827578663006,0.085966768428466289,0.029549297402876554,0.025790030528539887,0.034743517264010981,0.090082845195427419,0.070165451748851734,0.003707791758339643,0.081829889298934616,0.042279790236402187,0.043686978192064102,0.25797172418770348,0.31307316894039477,0.57111510684623523,0.59800484833380185,0.24682816708834293,-0.15674532189291551,-0.069277981524255683,S4_full34_flag_limit_down_2023,full34,flag_limit_down,2023,single
202302,0.14270066945324048,0.0030629033814234285,0.89469641280685686,0.77185165211870399,0.057080267781296191,0.23155549563561117,0.031591076157942939,0.32022683957485032,0.14725706088279109,-0.0045563914295506103,0.10528382874026182,0.74981962871132379,0.022032023407380197,0.40687912689886785,0.31601117613197216,0.5786852366748847,0.60002795901905082,0.4890453601269219,-0.16881852055207158,-0.015831118139950195,S4_full34_flag_limit_down_2023,full34,flag_limit_down,2023,single
202303,0.059582562646280202,0.001338126789052335,0.86384234056229647,0.33720795084118843,0.023833025058512081,0.10116238525235653,0.040847297831311059,0.16584270814217966,0.061779713130973642,-0.00219715048469344,0.027200770736733881,0.32164905831129192,0.015558892529896506,0.1140057826497799,0.30493626899115966,0.55890607157113681,0.57520940174103663,0.32972572204842915,-0.16388301390624949,-0.12748077743268343,S4_full34_flag_limit_down_2023,full34,flag_limit_down,2023,single
202304,0.060797863618512235,0.0015559877492903385,0.86790456164113405,0.39210891282116533,0.024319145447404895,0.11763267384634959,0.03962863150765978,0.18158045080141427,0.06255655268920042,-0.0017586890706881853,0.04407797107121527,0.40693290138583943,-0.014823988564674095,0.41353420682242353,0.28626853722029916,0.58163602442083495,0.58781327268379435,0.36122193032534228,-0.179641479523928,-0.034652531329925129,S4_full34_flag_limit_down_2023,full34,flag_limit_down,2023,single
202305,0.079067470903374057,0.0013906280362973324,0.84004530585687665,0.35043826514692777,0.031626988361349626,0.10513147954407832,0.047986408242937005,0.18474487614836496,0.076607477122629733,0.002459993780744324,0.0092867107453124681,0.27591187115973848,0.074526393987189299,-0.031763918481916453,0.20595285179784165,0.63409245405903503,0.6293356030529047,0.35163069665762092,-0.16688582050925596,-0.19461517216232135,S4_full34_flag_limit_down_2023,full34,flag_limit_down,2023,single
202306,0.031306256899371346,-5.2336635952753507e-05,0.8808628962502929,-0.013188832260093883,0.01252250275974854,-0.0039566496780281644,0.035741131124912125,0.044306984206632496,0.032391705012396056,-0.0010854481130247104,0.021501334520744441,-0.016610476194847762,0.0034216439347538787,0.075576031890751433,0.37095560390784582,0.50990729234244703,0.53688811334814945,0.19668685797415031,-0.15237987376751783,-0.12979309062892164,S4_full34_flag_limit_down_2023,full34,flag_limit_down,2023,single
202307,0.10050884712907722,0.0013524185821765745,0.8761840973365409,0.34080948270849676,0.040203538851630888,0.10224284481254903,0.037144770799037725,0.17959115446321763,0.10127661706397895,-0.00076776993490172696,0.083337589116414187,0.35277263435349365,-0.011963151644996894,0.73098121534180271,0.66483661503424041,0.21134748230230049,0.26736721880934289,0.24689145262136758,-0.067300298158149946,0.17241923460630362,S4_full34_flag_limit_down_2023,full34,flag_limit_down,2023,single
202308,0.029186953430405598,-0.00028331007181309811,0.86100589069092515,-0.071394138096900719,0.011674781372162241,-0.021418241429070214,0.041698232792722452,0.031954772735814478,0.030792047132036818,-0.0016050937016312203,0.017800384439487709,0.00033234278600605214,-0.071726480882906771,-0.10074643894622329,0.68045189534335371,0.18055399534757144,0.22172795035612114,0.10828095308561042,-0.076326180349795936,-0.089622163014908246,S4_full34_flag_limit_down_2023,full34,flag_limit_down,2023,single
202309,0.018320512672101802,-0.00023594717998107092,0.87810731684547494,-0.059458689355229875,0.0073282050688407213,-0.017837606806568963,0.036567804946357516,0.026058403208629274,0.020476114829967456,-0.0021556021578656541,0.032307967952787967,0.029282651068657569,-0.088741340423887441,-0.026983594887004095,0.70602050462363153,0.17208681222184341,0.2141788643953908,0.10516908986549478,-0.079110686656865506,-0.059425550603603272,S4_full34_flag_limit_down_2023,full34,flag_limit_down,2023,single
202310,0.040564284716370677,0.00083766249604533055,0.864421565275175,0.21109094900342329,0.016225713886548272,0.063327284701026984,0.0406735304174475,0.12022652900502276,0.039525550752276456,0.0010387339640942211,0.023199815688238569,0.16341306648727325,0.047677882516150044,0.13485919704545135,0.71050202751515124,0.15391953776002376,0.19288393770254564,0.15168353199254719,-0.031457002987524435,-0.0081274959218328446,S4_full34_flag_limit_down_2023,full34,flag_limit_down,2023,single
202311,0.091078427267091422,0.0007878359262077847,0.89096914264552107,0.19853465340436174,0.036431370906836569,0.059560396021308519,0.032709257206343677,0.12870102413448878,0.092136710105080857,-0.0010582828379894355,0.042597583833156975,0.18578418405425487,0.012750469350106874,-0.2052059884477023,0.74409544025479335,0.14687370239072772,0.16578833794439563,0.16936130718187081,-0.040660283047382034,-0.094259264384366576,S4_full34_flag_limit_down_2023,full34,flag_limit_down,2023,single
202312,0.063702511520594945,0.00088433395785186635,0.85661883394695948,0.22285215737867031,0.025481004608237979,0.066855647213601085,0.043014349815912158,0.13535100163775121,0.065183175904983084,-0.001480664384388139,0.057287440736679178,0.23693997811825615,-0.014087820739585838,0.22663831923436739,0.71942177421730569,0.13719705972965379,0.14778798896684286,0.18132873153227835,-0.045977729894527142,0.046570075374929021,S4_full34_flag_limit_down_2023,full34,flag_limit_down,2023,single
202301,0.069428600774535096,0.00041291278060771278,0.31200816392202219,0.10405402071314362,0.02777144030981404,0.031216206213943085,0.20639755082339331,0.26538519734715044,0.070165451748851734,-0.00073685097431663849,0.077385246566278335,0.042279790236402187,0.061774230476741437,0.27605897647238081,0.31307316894039477,-0.001065005018372589,0.025824736469194032,0.24682816708834293,0.018557030258807505,0.10602437062746733,S4_full34_limit_up_count_5d_2023,full34,limit_up_count_5d,2023,single
202302,0.14387552405220227,0.0029652423699799385,0.31696930183228161,0.74724107723494448,0.057550209620880914,0.22417232317048333,0.20490920945031549,0.48663174224167971,0.14725706088279109,-0.0033815368305888105,0.10645868333922362,0.74981962871132379,-0.0025785514763793094,0.38226855201510834,0.31601117613197216,0.00095812570030945343,0.022300848044475574,0.4890453601269219,-0.0024136178852421919,0.1505737845268792,S4_full34_limit_up_count_5d_2023,full34,limit_up_count_5d,2023,single
202303,0.058810008253370086,0.0013060572598715375,0.30752359379308336,0.32912642948762744,0.023524003301348035,0.098737928846288223,0.20774292186207499,0.33000485400971125,0.061779713130973642,-0.0029697048776035559,0.026428216343823765,0.32164905831129192,0.0074773711763355122,0.1059242612962189,0.30493626899115966,0.0025873248019236961,0.018890654971823517,0.32972572204842915,0.0002791319612820975,0.036681368434848149,S4_full34_limit_up_count_5d_2023,full34,limit_up_count_5d,2023,single
202304,0.063727501634907521,0.0017401717621852281,0.28878871824305746,0.43852328407067748,0.025491000653963009,0.13155698522120324,0.21336338452708273,0.37041137040224897,0.06255655268920042,0.001170948945707101,0.047007609087610557,0.40693290138583943,0.031590382684838048,0.45994857807193568,0.28626853722029916,0.0025201810227583055,0.008697429285717817,0.36122193032534228,0.0091894400769066964,0.15417838827090957,S4_full34_limit_up_count_5d_2023,full34,limit_up_count_5d,2023,single
202305,0.078306900739942412,0.001345764146128757,0.20653987201628721,0.33913256482444676,0.031322760295976963,0.10173976944733402,0.23803803839511384,0.37110056813842485,0.076607477122629733,0.0016994236173126787,0.0085261405818808228,0.27591187115973848,0.063220693664708283,-0.043069618804397469,0.20595285179784165,0.00058702021844556085,-0.0041698307876847363,0.35163069665762092,0.019469871480803924,-0.0082594801722614686,S4_full34_limit_up_count_5d_2023,full34,limit_up_count_5d,2023,single
202306,0.030372090940779695,4.0684557223580332e-05,0.37445470510043527,0.010252508420342244,0.012148836376311879,0.0030757525261026733,0.18766358846986944,0.20288817737228398,0.032391705012396056,-0.0020196140716163616,0.02056716856215279,-0.016610476194847762,0.026862984615190006,0.099017372571187562,0.37095560390784582,0.0034991011925894488,0.03047992219829182,0.19668685797415031,0.0062013193981336756,0.028788102536729865,S4_full34_limit_up_count_5d_2023,full34,limit_up_count_5d,2023,single
202307,0.10049878426270986,0.0016002643577590499,0.66661131996350476,0.40326661815528059,0.040199513705083949,0.12097998544658417,0.10001660401094857,0.26119610316261671,0.10127661706397895,-0.00077783280126908494,0.083327526250046829,0.35277263435349365,0.050493983801786935,0.79343835078858649,0.66483661503424041,0.001774704929264348,0.057794441436306743,0.24689145262136758,0.014304650541249131,0.2540241833057027,S4_full34_limit_up_count_5d_2023,full34,limit_up_count_5d,2023,single
202308,0.031144865866052349,-8.2090091033306254e-05,0.68147694877832488,-0.020686702940393178,0.01245794634642094,-0.006206010882117953,0.095556915366502529,0.10180885083080551,0.030792047132036818,0.00035281873401553018,0.01975829687513446,0.00033234278600605214,-0.021019045726399229,-0.050039003789715743,0.68045189534335371,0.0010250534349711682,0.042199008443520869,0.10828095308561042,-0.0064721022548049068,-0.019768084919917203,S4_full34_limit_up_count_5d_2023,full34,limit_up_count_5d,2023,single
202309,0.020285330048065126,-5.4234775985557938e-05,0.71060250399390656,-0.0136671635483606,0.0081141320192260509,-0.00410014906450818,0.086819248801828022,0.090833231756545896,0.020476114829967456,-0.00019078478190233047,0.03427278532875129,0.029282651068657569,-0.042949814617018169,0.018807930919865181,0.70602050462363153,0.0045819993702750361,0.046674051543822426,0.10516908986549478,-0.014335858108948885,0.0053492779443133492,S4_full34_limit_up_count_5d_2023,full34,limit_up_count_5d,2023,single
202310,0.038376578633942358,0.00071931487957240274,0.71413789859019372,0.1812673496522455,0.015350631453576943,0.054380204895673648,0.085758630422941878,0.15548946677219247,0.039525550752276456,-0.0011489721183340976,0.02101210960581025,0.16341306648727325,0.017854283164972257,0.10503559769427356,0.71050202751515124,0.003635871075042485,0.042600271017564362,0.15168353199254719,0.0038059347796452758,0.027135441845336866,S4_full34_limit_up_count_5d_2023,full34,limit_up_count_5d,2023,single
202311,0.091098875668794474,0.00069935033508194294,0.7463251673838035,0.17623628444064962,0.036439550267517794,0.052870885332194882,0.076102449784858944,0.16541288538457161,0.092136710105080857,-0.0010378344362863834,0.042618032234860027,0.18578418405425487,-0.0095478996136052485,-0.22750435741141442,0.74409544025479335,0.0022297271290101506,0.021144362682678053,0.16936130718187081,-0.0039484217972992064,-0.057547403134283748,S4_full34_limit_up_count_5d_2023,full34,limit_up_count_5d,2023,single
202312,0.060538156167722124,0.0009844853775657044,0.72374373863297148,0.24809031514655752,0.024215262467088852,0.074427094543967259,0.082876878410108559,0.18151923542116466,0.065183175904983084,-0.0046450197372609608,0.054123085383806356,0.23693997811825615,0.011150337028301371,0.25187647700225463,0.71942177421730569,0.004321964415665791,0.014912893652854864,0.18132873153227835,0.00019050388888630643,0.092738309158342469,S4_full34_limit_up_count_5d_2023,full34,limit_up_count_5d,2023,single
202301,0.067841495817143549,0.00030443216676128294,0.31141040131918402,0.076716906023843304,0.027136598326857421,0.023015071807152992,0.20657687960424478,0.25672854973825521,0.070165451748851734,-0.0023239559317081854,0.075798141608886788,0.042279790236402187,0.034437115787441117,0.24872186178308048,0.31307316894039477,-0.0016627676212107589,0.025226973866355862,0.24682816708834293,0.009900382649912276,0.097367723018572105,S4_full34_limit_down_count_5d_2023,full34,limit_down_count_5d,2023,single
202302,0.14451189630394734,0.0030986726413397402,0.31724154266919691,0.78086550561761459,0.057804758521578938,0.23425965168528437,0.20482753719924093,0.49689194740610421,0.14725706088279109,-0.0027451645788437451,0.10709505559096869,0.74981962871132379,0.031045876906290792,0.41589298039777844,0.31601117613197216,0.0012303665372247474,0.022573088881390868,0.4890453601269219,0.0078465872791823044,0.16083398969130369,S4_full34_limit_down_count_5d_2023,full34,limit_down_count_5d,2023,single
202303,0.059707700770118777,0.0013647952736795025,0.30561553228400873,0.34392840896723464,0.023883080308047512,0.10317852269017039,0.20831534031479737,0.33537694331301526,0.061779713130973642,-0.0020720123608548649,0.027325908860572456,0.32164905831129192,0.02227935065594272,0.12072624077582611,0.30493626899115966,0.00067926329284906384,0.016982593462748885,0.32972572204842915,0.0056512212645861148,0.042053457738152167,S4_full34_limit_down_count_5d_2023,full34,limit_down_count_5d,2023,single
202304,0.062985166920967381,0.0014997800576893522,0.28935769429844305,0.37794457453771679,0.025194066768386952,0.11338337236131503,0.21319269171046709,0.35177013084016906,0.06255655268920042,0.00042861423176696056,0.046265274373670416,0.40693290138583943,-0.028988326848122636,0.39936986853897499,0.28626853722029916,0.0030891570781438893,0.0092664053411034009,0.36122193032534228,-0.0094517994851732179,0.13553714870882966,S4_full34_limit_down_count_5d_2023,full34,limit_down_count_5d,2023,single
202305,0.076474618249516332,0.001281861199263049,0.20612996204021208,0.32302902221428836,0.030589847299806534,0.096908706664286512,0.23816101138793638,0.36565956535202943,0.076607477122629733,-0.00013285887311340061,0.0066938580914547435,0.27591187115973848,0.047117151054549888,-0.059173161414555864,0.20595285179784165,0.00017711024237043738,-0.0045797407637598597,0.35163069665762092,0.014028868694408503,-0.01370048295865689,S4_full34_limit_down_count_5d_2023,full34,limit_down_count_5d,2023,single
202306,0.03043369872021668,-8.5430396203764987e-05,0.37128763691993083,-0.021528459843348776,0.012173479488086673,-0.006458537953004633,0.18861370892402074,0.19432865045910278,0.032391705012396056,-0.0019580062921793762,0.020628776341589775,-0.016610476194847762,-0.0049179836485010141,0.067236404307496542,0.37095560390784582,0.00033203301208500902,0.02731285401778738,0.19668685797415031,-0.0023582075150475335,0.020228575623548656,S4_full34_limit_down_count_5d_2023,full34,limit_down_count_5d,2023,single
202307,0.097566013729662546,0.001225508649346125,0.66541129607399607,0.30882817963522352,0.039026405491865021,0.092648453890567056,0.10037661117780118,0.23205147056023323,0.10127661706397895,-0.0037106033343164008,0.080394755716999514,0.35277263435349365,-0.043944454718270132,0.69899991226852953,0.66483661503424041,0.00057468103975566454,0.056594417546798059,0.24689145262136758,-0.014839982061134349,0.22487955070331922,S4_full34_limit_down_count_5d_2023,full34,limit_down_count_5d,2023,single
202308,0.02962462883193194,9.4617761918146121e-05,0.6796919347945467,0.023843676003372824,0.011849851532772777,0.0071531028010118469,0.096092419561635986,0.11509537389542061,0.030792047132036818,-0.0011674183001048784,0.018238059841014051,0.00033234278600605214,0.023511333217366773,-0.005508624845949741,0.68045189534335371,-0.00075996054880700381,0.040413994459742697,0.10828095308561042,0.0068144208098101927,-0.0064815618553021037,S4_full34_limit_down_count_5d_2023,full34,limit_down_count_5d,2023,single
202309,0.015405759744199757,-0.00026596449766840582,0.71241859727724732,-0.067023053412438263,0.0061623038976799036,-0.020106916023731478,0.086274420816825806,0.072329808690774239,0.020476114829967456,-0.0050703550857676988,0.029393215024885927,0.029282651068657569,-0.096305704481095836,-0.034547958944212483,0.70602050462363153,0.0063980926536157945,0.048490144827163184,0.10516908986549478,-0.032839281174720542,-0.013154145121458308,S4_full34_limit_down_count_5d_2023,full34,limit_down_count_5d,2023,single
202310,0.039602852319039275,0.00077475591986062486,0.71249735454018026,0.19523849180487746,0.01584114092761571,0.058571547541463237,0.086250793637945924,0.16066348210702486,0.039525550752276456,7.7301566762819074e-05,0.022238383290907167,0.16341306648727325,0.031825425317604211,0.11900673984690552,0.71050202751515124,0.0019953270250290256,0.040959726967550902,0.15168353199254719,0.0089799501144776639,0.032309457180169254,S4_full34_limit_down_count_5d_2023,full34,limit_down_count_5d,2023,single
202311,0.091281333545944934,0.00081532568501630322,0.74856617324144237,0.2054620726241084,0.036512533418377978,0.06163862178723252,0.075430148027567284,0.17358130323317777,0.092136710105080857,-0.00085537655913592303,0.042800490112010488,0.18578418405425487,0.01967788856985353,-0.19827856922795564,0.74409544025479335,0.0044707329866490175,0.02338536854031692,0.16936130718187081,0.0042199960513069623,-0.049378985285677579,S4_full34_limit_down_count_5d_2023,full34,limit_down_count_5d,2023,single
202312,0.061506707688890778,0.00089567530456765177,0.72047267181354857,0.22571017675104824,0.024602683075556311,0.067713053025314468,0.083858198455935423,0.17617393455680619,0.065183175904983084,-0.003676468216092306,0.055091636904975011,0.23693997811825615,-0.011229801367207914,0.22949633860674531,0.71942177421730569,0.0010508975962428835,0.011641826833431956,0.18132873153227835,-0.0051547969754721645,0.087393008293983998,S4_full34_limit_down_count_5d_2023,full34,limit_down_count_5d,2023,single
202301,0.06177199504293409,0.00046656054951018137,0.30746462562235088,0.1175732584765657,0.024708798017173638,0.035271977542969707,0.20776061231329473,0.2677413878734381,0.070165451748851734,-0.0083934567059176443,0.069728640834677336,0.042279790236402187,0.075293468240163516,0.28957821423580288,0.31307316894039477,-0.0056085433180438904,0.02128119816952273,0.24682816708834293,0.020913220785095166,0.108380561153755,S4_full34_ret_1d_rank_pct_2023,full34,ret_1d_rank_pct,2023,single
202302,0.124521381298937,0.0028046177409529762,0.31217123301889738,0.70676367072015001,0.049808552519574806,0.21202910121604499,0.20634863009433077,0.46818628382995053,0.14725706088279109,-0.022735679583854085,0.087104540585958345,0.74981962871132379,-0.043055957991173788,0.34179114550031386,0.31601117613197216,-0.0038399431130747841,0.017502779231091337,0.4890453601269219,-0.020859076296971368,0.13212832611515002,S4_full34_ret_1d_rank_pct_2023,full34,ret_1d_rank_pct,2023,single
202303,0.052269657292693256,0.0013499861874948101,0.30424003953581857,0.34019651924869215,0.020907862917077302,0.10205895577460765,0.20872798813925442,0.33169480683093938,0.061779713130973642,-0.009510055838280386,0.019887865383146935,0.32164905831129192,0.018547460937400229,0.11699435105728362,0.30493626899115966,-0.00069622945534109082,0.01560710071455873,0.32972572204842915,0.0019690847825102331,0.038371321256076285,S4_full34_ret_1d_rank_pct_2023,full34,ret_1d_rank_pct,2023,single
202304,0.043588031827125506,0.00047779630697959122,0.289365293169556,0.12040466935885699,0.017435212730850202,0.036121400807657099,0.21319041204913317,0.26674702558764046,0.06255655268920042,-0.018968520862074914,0.026868139279828541,0.40693290138583943,-0.28652823202698241,0.14182996336011522,0.28626853722029916,0.0030967559492568464,0.009274004212216358,0.36122193032534228,-0.094474904737701815,0.050514043456301061,S4_full34_ret_1d_rank_pct_2023,full34,ret_1d_rank_pct,2023,single
202305,0.083166210665224588,0.001603151035803664,0.21414186412048677,0.40399406102252333,0.033266484266089837,0.12119821830675699,0.23575744076385396,0.3902221433367008,0.076607477122629733,0.0065587335425948551,0.013385450507162999,0.27591187115973848,0.12808218986278486,0.021791877393679104,0.20595285179784165,0.0081890123226451284,0.0034321613165148313,0.35163069665762092,0.038591446679079877,0.010862095026014484,S4_full34_ret_1d_rank_pct_2023,full34,ret_1d_rank_pct,2023,single
202306,0.020249751674718972,-1.2516139582605763e-05,0.3690935201142187,-0.0031540671748166525,0.0080999006698875883,-0.00094622015244499565,0.18927194396573438,0.19642562448317696,0.032391705012396056,-0.012141953337677085,0.010444829296092067,-0.016610476194847762,0.013456409020031109,0.085610796976028664,0.37095560390784582,-0.0018620837936271228,0.025118737212075248,0.19668685797415031,-0.00026123349097334492,0.022325549647622844,S4_full34_ret_1d_rank_pct_2023,full34,ret_1d_rank_pct,2023,single
202307,0.08645501326802614,0.0003963388890536562,0.65831892150286242,0.099877400041521361,0.034582005307210457,0.029963220012456406,0.10250432354914127,0.16704954886880813,0.10127661706397895,-0.014821603795952806,0.069283755255363108,0.35277263435349365,-0.25289523431197231,0.4900491326748273,0.66483661503424041,-0.0065176935313779882,0.049502042975664406,0.24689145262136758,-0.079841903752559451,0.15987762901189412,S4_full34_ret_1d_rank_pct_2023,full34,ret_1d_rank_pct,2023,single
202308,0.020389323947051913,-0.00020686824899663792,0.67806344266593799,-0.052130798747152755,0.0081557295788207661,-0.015639239624145825,0.096580967200218595,0.089097457154893533,0.030792047132036818,-0.010402723184984905,0.0090027549561340244,0.00033234278600605214,-0.052463141533158807,-0.081483099596475317,0.68045189534335371,-0.00238845267741572,0.038785502331133981,0.10828095308561042,-0.019183495930716887,-0.032479478595829184,S4_full34_ret_1d_rank_pct_2023,full34,ret_1d_rank_pct,2023,single
202309,0.016261381931619058,-0.00023212332673310318,0.70211168638905475,-0.058495078336742001,0.0065045527726476232,-0.017548523501022598,0.089366494083283579,0.078322523354908608,0.020476114829967456,-0.004214732898348398,0.030248837212305226,0.029282651068657569,-0.087777729405399574,-0.026019983868516221,0.70602050462363153,-0.003908818234576783,0.038183233938970607,0.10516908986549478,-0.026846566510586173,-0.007161430457323939,S4_full34_ret_1d_rank_pct_2023,full34,ret_1d_rank_pct,2023,single
202310,0.029587549296580355,0.00067636570180397513,0.70293027702904265,0.17044415685460174,0.011835019718632142,0.051133247056380518,0.089120916891287205,0.15208918366629987,0.039525550752276456,-0.0099380014556961008,0.012223080268448247,0.16341306648727325,0.0070310903673284908,0.094212404896629798,0.71050202751515124,-0.007571750486108586,0.031392649456413291,0.15168353199254719,0.00040565167375267164,0.023735158739444262,S4_full34_ret_1d_rank_pct_2023,full34,ret_1d_rank_pct,2023,single
202311,0.082824846425866475,0.0012394396749864434,0.73587974598569583,0.31233879809658377,0.033129938570346594,0.093701639428975123,0.079236076204291253,0.20606765420361295,0.092136710105080857,-0.0093118636792143827,0.034344002991932028,0.18578418405425487,0.1265546140423289,-0.091401843755480272,0.74409544025479335,-0.0082156942690975177,0.010698941284570385,0.16936130718187081,0.036706347021742136,-0.016892634315242405,S4_full34_ret_1d_rank_pct_2023,full34,ret_1d_rank_pct,2023,single
202312,0.059678824535508129,0.00094095120300685578,0.71894029117403691,0.23711970315772765,0.023871529814203252,0.07113591094731829,0.084317912647788928,0.17932535340931047,0.065183175904983084,-0.0055043513694749552,0.053263753751592362,0.23693997811825615,0.00017972503947150109,0.24090586501342473,0.71942177421730569,-0.00048148304326878222,0.010109446193920291,0.18132873153227835,-0.002003378122967886,0.090544427146488277,S4_full34_ret_1d_rank_pct_2023,full34,ret_1d_rank_pct,2023,single
202301,0.070629075850516379,0.00035398455900254218,0.3124415658420433,0.089204108868640622,0.028251630340206554,0.026761232660592185,0.206267530247387,0.26128039324818575,0.070165451748851734,0.00046362410166464474,0.078585721642259618,0.042279790236402187,0.046924318632238435,0.2612090646278778,0.31307316894039477,-0.00063160309835147421,0.026258138389215147,0.24682816708834293,0.014452226159842818,0.10191956652850265,S4_full34_ret_5d_rank_pct_2023,full34,ret_5d_rank_pct,2023,single
202302,0.14304240619427594,0.0028307659434908114,0.31648836710892103,0.71335301775968452,0.057216962477710381,0.21400590532790534,0.20505348986732369,0.47627635767293941,0.14725706088279109,-0.0042146546885151459,0.10562556548129728,0.74981962871132379,-0.036466610951639278,0.34838049253984837,0.31601117613197216,0.00047719097694887136,0.021819913321114992,0.4890453601269219,-0.012769002453982492,0.1402183999581389,S4_full34_ret_5d_rank_pct_2023,full34,ret_5d_rank_pct,2023,single
202303,0.058704931729003824,0.0012728793561657321,0.30793697860521013,0.32076559775376451,0.02348197269160153,0.096229679326129344,0.20761890641843694,0.32733055843616782,0.061779713130973642,-0.0030747814019698172,0.026323139819457504,0.32164905831129192,-0.0008834605575274157,0.097563429562355974,0.30493626899115966,0.0030007096140504674,0.019304039783950289,0.32972572204842915,-0.0023951636122613307,0.034007072861304721,S4_full34_ret_5d_rank_pct_2023,full34,ret_5d_rank_pct,2023,single
202304,0.067021516058926658,0.001856486535987118,0.28807063444042663,0.46783460706875374,0.026808606423570663,0.14035038212062612,0.21357880966787199,0.38073779821206877,0.06255655268920042,0.0044649633697262381,0.050301623511629694,0.40693290138583943,0.060901705682914309,0.48925990107001194,0.28626853722029916,0.0018020972201274743,0.0079793454830869859,0.36122193032534228,0.01951586788672649,0.16450481608072937,S4_full34_ret_5d_rank_pct_2023,full34,ret_5d_rank_pct,2023,single
202305,0.081666135396820064,0.0014199289799208484,0.21262184494567152,0.35782210294005379,0.032666454158728028,0.10734663088201614,0.23621344651629855,0.37622653155704272,0.076607477122629733,0.0050586582741903308,0.011885375238758475,0.27591187115973848,0.081910231780315312,-0.02438008068879044,0.20595285179784165,0.0066689931478298714,0.0019121421416995743,0.35163069665762092,0.024595834899421798,-0.0031335167536435948,S4_full34_ret_5d_rank_pct_2023,full34,ret_5d_rank_pct,2023,single
202306,0.034896832769327063,0.00033838373313673452,0.37207764936530807,0.085272700750457106,0.013958733107730825,0.025581810225137131,0.18837670519040758,0.22791724852327555,0.032391705012396056,0.0025051277569310068,0.025091910390700158,-0.016610476194847762,0.10188317694530487,0.17403756490130243,0.37095560390784582,0.0011220454574622507,0.028102866463164622,0.19668685797415031,0.031230390549125242,0.053817173687721431,S4_full34_ret_5d_rank_pct_2023,full34,ret_5d_rank_pct,2023,single
202307,0.10270363613540805,0.0014738615949174624,0.67242716741190767,0.37141312191920051,0.041081454454163224,0.11142393657576015,0.098271849776427694,0.25077724080635111,0.10127661706397895,0.0014270190714291003,0.085532378122745015,0.35277263435349365,0.018640487565706854,0.76158485455250646,0.66483661503424041,0.007590552377667259,0.063610288884709654,0.24689145262136758,0.0038857881849835296,0.2436053209494371,S4_full34_ret_5d_rank_pct_2023,full34,ret_5d_rank_pct,2023,single
202308,0.031755163538245826,-0.00022595689909708457,0.68656652597720058,-0.056941138572465314,0.012702065415298331,-0.017082341571739594,0.094030042206839817,0.089649766050398552,0.030792047132036818,0.00096311640620900738,0.020368594547327937,0.00033234278600605214,-0.057273481358471365,-0.086293439421787882,0.68045189534335371,0.0061146306338468737,0.047288585642396574,0.10828095308561042,-0.018631187035211869,-0.031927169700324165,S4_full34_ret_5d_rank_pct_2023,full34,ret_5d_rank_pct,2023,single
202309,0.02502641603375717,-1.9315082261952892e-05,0.71450807880089373,-0.0048674007300121289,0.010010566413502869,-0.0014602202190036387,0.085647576359731872,0.094197922554231109,0.020476114829967456,0.0045503012037897139,0.039013871314443338,0.029282651068657569,-0.034150051798669701,0.027607693738213653,0.70602050462363153,0.0084875741772622026,0.050579626350809592,0.10516908986549478,-0.010971167311263672,0.0087139687419985623,S4_full34_ret_5d_rank_pct_2023,full34,ret_5d_rank_pct,2023,single
202310,0.042102086820526907,0.00057502857338307171,0.7156022552335074,0.14490720049253408,0.016840834728210765,0.043472160147760223,0.085319323429947774,0.14563231830591877,0.039525550752276456,0.0025765360682504512,0.024737617792394799,0.16341306648727325,-0.018505865994739162,0.068675448534562145,0.71050202751515124,0.0051002277183561651,0.044064627660878042,0.15168353199254719,-0.0060512136866284205,0.01727829337906317,S4_full34_ret_5d_rank_pct_2023,full34,ret_5d_rank_pct,2023,single
202311,0.087511719407911415,0.00080448745415503964,0.75183158512428416,0.20273083844706999,0.035004687763164566,0.060819251534120995,0.074450524462714746,0.1702744637600003,0.092136710105080857,-0.0046249906971694427,0.039030875973976968,0.18578418405425487,0.016946654392815119,-0.20100980340499405,0.74409544025479335,0.007736144869490813,0.026650780423158715,0.16936130718187081,0.00091315657812948703,-0.052685824758855054,S4_full34_ret_5d_rank_pct_2023,full34,ret_5d_rank_pct,2023,single
202312,0.060742200461458257,0.00085513212342971294,0.72873601116675901,0.21549329510428766,0.024296880184583303,0.064647988531286296,0.081379196649972299,0.17032406536584188,0.065183175904983084,-0.0044409754435248278,0.054327129677542489,0.23693997811825615,-0.021446683013968487,0.21927945695998474,0.71942177421730569,0.009314236949453325,0.019905166186642398,0.18132873153227835,-0.011004666166436472,0.081543139103019691,S4_full34_ret_5d_rank_pct_2023,full34,ret_5d_rank_pct,2023,single
202301,0.069169383792017869,0.00041719595201178015,0.30994405299694877,0.1051333799069686,0.027667753516807149,0.03154001397209058,0.20701678410091534,0.26622455158981306,0.070165451748851734,-0.0009960679568338654,0.077126029583761108,0.042279790236402187,0.062853589670566409,0.27713833566620577,0.31307316894039477,-0.0031291159434460036,0.023760625544120617,0.24682816708834293,0.019396384501470132,0.10686372487012996,S4_full34_ret_20d_rank_pct_2023,full34,ret_20d_rank_pct,2023,single
202302,0.14579263538585491,0.0031347391627943081,0.31476265032615047,0.78995426902416566,0.058317054154341963,0.2369862807072497,0.20557120490215486,0.50087453976374652,0.14725706088279109,-0.0014644254969361781,0.10837579467287625,0.74981962871132379,0.040134640312841863,0.42498174380432951,0.31601117613197216,-0.0012485258058216875,0.020094196538344433,0.4890453601269219,0.011829179636824616,0.164816582048946,S4_full34_ret_20d_rank_pct_2023,full34,ret_20d_rank_pct,2023,single
202303,0.059593484619064545,0.0011867298004900858,0.30262984183311858,0.2990559097235016,0.023837393847625819,0.089716772917050477,0.20921104745006441,0.32276521421474069,0.061779713130973642,-0.0021862285119090968,0.027211692709518225,0.32164905831129192,-0.022593148587790324,0.075853741532093066,0.30493626899115966,-0.00230642715804108,0.013996903011858741,0.32972572204842915,-0.0069605078336884563,0.029441728639877596,S4_full34_ret_20d_rank_pct_2023,full34,ret_20d_rank_pct,2023,single
202304,0.065219448595503257,0.001684119484967748,0.28304736678048581,0.42439811021187251,0.026087779438201304,0.12731943306356175,0.21508578996585426,0.36849300246761729,0.06255655268920042,0.0026628959063028368,0.048499556048206292,0.40693290138583943,0.017465208826033085,0.44582340421313071,0.28626853722029916,-0.0032211704398133478,0.0029560778231461637,0.36122193032534228,0.0072710721422750146,0.15226002033627789,S4_full34_ret_20d_rank_pct_2023,full34,ret_20d_rank_pct,2023,single
202305,0.07561157943294626,0.0011754655397681996,0.20363229466288518,0.2962173160215863,0.030244631773178505,0.088865194806475881,0.23891031160113441,0.35802013818078882,0.076607477122629733,-0.00099589768968347259,0.0058308192748846716,0.27591187115973848,0.020305444861847821,-0.085984867607257931,0.20595285179784165,-0.0023205571349564635,-0.0070774081410867606,0.35163069665762092,0.0063894415231678936,-0.021339910129897499,S4_full34_ret_20d_rank_pct_2023,full34,ret_20d_rank_pct,2023,single
202306,0.030967868712314595,-0.00010348359178212591,0.37033553186934248,-0.026077865129095729,0.012387147484925838,-0.0078233595387287181,0.18889934043919726,0.19346312838539437,0.032391705012396056,-0.0014238363000814609,0.021162946333687691,-0.016610476194847762,-0.0094673889342479674,0.062686999021749595,0.37095560390784582,-0.0006200720385033387,0.026360748967199032,0.19668685797415031,-0.0032237295887559414,0.019363053549840248,S4_full34_ret_20d_rank_pct_2023,full34,ret_20d_rank_pct,2023,single
202307,0.10047202803661268,0.0014840081316301248,0.66076330484904966,0.37397004917079146,0.04018881121464507,0.11219101475123744,0.1017710085452851,0.2541508345111676,0.10127661706397895,-0.00080458902736627036,0.083300770023949644,0.35277263435349365,0.021197414817297811,0.76414178180409742,0.66483661503424041,-0.0040733101851907483,0.051946426321851646,0.24689145262136758,0.0072593818898000206,0.24697891465425359,S4_full34_ret_20d_rank_pct_2023,full34,ret_20d_rank_pct,2023,single
202308,0.030695128019022459,1.8179693868197498e-05,0.67630970603235985,0.004581282854785769,0.012278051207608984,0.0013743848564357307,0.09710708819029204,0.11075952425433676,0.030792047132036818,-9.6919113014359154e-05,0.01930855902810457,0.00033234278600605214,0.0042489400687797168,-0.024771017994536796,0.68045189534335371,-0.0041421893109938601,0.037031765697555841,0.10828095308561042,0.0024785711687263373,-0.010817411496385959,S4_full34_ret_20d_rank_pct_2023,full34,ret_20d_rank_pct,2023,single
202309,0.017590414640133917,-0.00012376961040272378,0.70605757369152378,-0.031189941821486392,0.007036165856053567,-0.0093569825464459178,0.088182727892542861,0.085861911202150504,0.020476114829967456,-0.0028857001898335392,0.031577869920820081,0.029282651068657569,-0.060472592890143964,0.0012851526467393889,0.70602050462363153,3.7069067892248064e-05,0.042129121241439638,0.10516908986549478,-0.019307178663344277,0.00037795738991795724,S4_full34_ret_20d_rank_pct_2023,full34,ret_20d_rank_pct,2023,single
202310,0.040287173005230395,0.00062890137162858897,0.7042070591980969,0.15848314565040442,0.016114869202092159,0.047544943695121321,0.088737882240570928,0.15239769513778439,0.039525550752276456,0.00076162225295393904,0.022922703977098287,0.16341306648727325,-0.0049299208368688285,0.082251393692432478,0.71050202751515124,-0.0062949683170543391,0.032669431625467538,0.15168353199254719,0.00071416314523720104,0.024043670210928791,S4_full34_ret_20d_rank_pct_2023,full34,ret_20d_rank_pct,2023,single
202311,0.092677909683553675,0.00097656546183578097,0.74574969280917291,0.2460944963826168,0.037071163873421471,0.073828348914785041,0.07627509215724812,0.18717460494545463,0.092136710105080857,0.00054119957847281741,0.044197066249619228,0.18578418405425487,0.060310312328361926,-0.15764614546944725,0.74409544025479335,0.001654252554379565,0.020568888108047467,0.16936130718187081,0.017813297763583813,-0.035785683573400728,S4_full34_ret_20d_rank_pct_2023,full34,ret_20d_rank_pct,2023,single
202312,0.065864972157398588,0.0010470403016307845,0.72004791671475254,0.26385415601095769,0.026345988862959437,0.079156246803287297,0.083985624985574228,0.18948786065182097,0.065183175904983084,0.00068179625241550357,0.05944990137348282,0.23693997811825615,0.026914177892701535,0.26764031786665476,0.71942177421730569,0.00062614249744685768,0.011217071734635931,0.18132873153227835,0.008159129119542613,0.10070693438899878,S4_full34_ret_20d_rank_pct_2023,full34,ret_20d_rank_pct,2023,single
202301,0.067935687629236144,0.00045644658938496282,0.31244364345583903,0.11502454052501063,0.027174275051694459,0.034507362157503184,0.20626690696324826,0.2679485441724459,0.070165451748851734,-0.0022297641196155904,0.075892333420979383,0.042279790236402187,0.07274475028860844,0.28702949628424779,0.31307316894039477,-0.00062952548455574853,0.026260216003010872,0.24682816708834293,0.02112037708410297,0.1085877174527628,S4_full34_amount_ratio_5d_rank_pct_2023,full34,amount_ratio_5d_rank_pct,2023,single
202302,0.14534313549712272,0.0031011218381788745,0.31754010054522641,0.78148270322107638,0.058137254198849089,0.23444481096632291,0.20473796983643208,0.49732003500160404,0.14725706088279109,-0.0019139253856683691,0.10792629478414406,0.74981962871132379,0.031663074509752587,0.41651017800124024,0.31601117613197216,0.0015289244132542512,0.022871646757420372,0.4890453601269219,0.0082746748746821419,0.16126207728680353,S4_full34_amount_ratio_5d_rank_pct_2023,full34,amount_ratio_5d_rank_pct,2023,single
202303,0.060438197094768033,0.0013433958553811928,0.30684191501506969,0.33853575555606058,0.024175278837907214,0.10156072666681817,0.20794742549547909,0.33368343100020448,0.061779713130973642,-0.0013415160362056089,0.028056405185221713,0.32164905831129192,0.016886697244768656,0.11533358736465205,0.30493626899115966,0.0019056460239100237,0.018208976193809845,0.32972572204842915,0.0039577089517753294,0.040359945425341381,S4_full34_amount_ratio_5d_rank_pct_2023,full34,amount_ratio_5d_rank_pct,2023,single
202304,0.061318005891092209,0.0017145616650052625,0.28919345181775025,0.43206953958132616,0.024527202356436885,0.12962086187439784,0.21324196445467491,0.36739002868550963,0.06255655268920042,-0.0012385467981082116,0.044598113343795244,0.40693290138583943,0.025136638195486727,0.45349483358258436,0.28626853722029916,0.0029249145974510893,0.0091021628604106009,0.36122193032534228,0.0061680983601673511,0.15115704655417023,S4_full34_amount_ratio_5d_rank_pct_2023,full34,amount_ratio_5d_rank_pct,2023,single
202305,0.077073909758853837,0.0014151754819089072,0.211734157993306,0.35662422144104461,0.030829563903541538,0.10698726643231338,0.23647975260200821,0.37429658293786311,0.076607477122629733,0.00046643263622410391,0.0072931496007922481,0.27591187115973848,0.080712350281306133,-0.025577962187799619,0.20595285179784165,0.005781306195464353,0.0010244551893340559,0.35163069665762092,0.022665886280242187,-0.005063465372823206,S4_full34_amount_ratio_5d_rank_pct_2023,full34,amount_ratio_5d_rank_pct,2023,single
202306,0.030371554843041791,-6.5337107436632956e-05,0.37314781112955708,-0.016464951074031505,0.012148621937216718,-0.0049394853222094514,0.18805565666113286,0.19526479327614013,0.032391705012396056,-0.0020201501693542651,0.020566632464414886,-0.016610476194847762,0.00014552512081625682,0.072299913076813813,0.37095560390784582,0.002192207221711262,0.029173028227413633,0.19668685797415031,-0.0014220646980101781,0.021164718440586011,S4_full34_amount_ratio_5d_rank_pct_2023,full34,amount_ratio_5d_rank_pct,2023,single
202307,0.098251826226993952,0.0014250109545094827,0.66910476032170274,0.35910276053638968,0.039300730490797582,0.10773082816091691,0.099268571903489172,0.24630013055520367,0.10127661706397895,-0.0030247908369849946,0.08108056821433092,0.35277263435349365,0.0063301261828960231,0.74927449316969563,0.66483661503424041,0.0042681452874623327,0.060287881794504727,0.24689145262136758,-0.00059132206616391292,0.23912821069828966,S4_full34_amount_ratio_5d_rank_pct_2023,full34,amount_ratio_5d_rank_pct,2023,single
202308,0.027623769250942766,-0.00012970442871113632,0.68127212006291327,-0.032685516035206356,0.011049507700377107,-0.0098056548105619062,0.095618363981126012,0.096862216870941209,0.030792047132036818,-0.0031682778810940525,0.016237200260024877,0.00033234278600605214,-0.033017858821212408,-0.062037816884528918,0.68045189534335371,0.00082022471955955911,0.04199417972810926,0.10828095308561042,-0.011418736214669212,-0.024714718879781508,S4_full34_amount_ratio_5d_rank_pct_2023,full34,amount_ratio_5d_rank_pct,2023,single
202309,0.015786854700291154,-0.00016021557281045424,0.70963821743411581,-0.040374324348234472,0.0063147418801164619,-0.012112297304470341,0.087108534769765253,0.081310979345411372,0.020476114829967456,-0.0046892601296763016,0.029774309980977322,0.029282651068657569,-0.069656975416892045,-0.0078992298800086916,0.70602050462363153,0.0036177128104842859,0.045709764984031676,0.10516908986549478,-0.023858110520083409,-0.0041729744668211749,S4_full34_amount_ratio_5d_rank_pct_2023,full34,amount_ratio_5d_rank_pct,2023,single
202310,0.039250895191219555,0.00083971799660090773,0.71397879106954087,0.21160893514342874,0.015700358076487824,0.063482680543028622,0.085806362679137729,0.16498940129865419,0.039525550752276456,-0.00027465556105690098,0.021886426163087447,0.16341306648727325,0.048195868656155494,0.1353771831854568,0.71050202751515124,0.0034767635543896391,0.042441163496911516,0.15168353199254719,0.013305869306106999,0.036635376371798589,S4_full34_amount_ratio_5d_rank_pct_2023,full34,amount_ratio_5d_rank_pct,2023,single
202311,0.089430678231678815,0.00084379860510829213,0.74929023062475586,0.21263724848728963,0.035772271292671527,0.06379117454618688,0.075212930812573242,0.17477637665143164,0.092136710105080857,-0.0027060318734020428,0.040949834797744368,0.18578418405425487,0.026853064433034757,-0.19110339336477442,0.74409544025479335,0.0051947903699625098,0.024109425923630412,0.16936130718187081,0.0054150694695608292,-0.048183911867423712,S4_full34_amount_ratio_5d_rank_pct_2023,full34,amount_ratio_5d_rank_pct,2023,single
202312,0.063129343422597572,0.00078955333096515775,0.72251954908916183,0.19896743940321976,0.025251737369039032,0.059690231820965924,0.083244135273251446,0.16818610446325641,0.065183175904983084,-0.002053832482385512,0.056714272638681805,0.23693997811825615,-0.037972538715036391,0.20275360125891684,0.71942177421730569,0.0030977748718561404,0.013688704109045213,0.18132873153227835,-0.013142627069021945,0.079405178200434218,S4_full34_amount_ratio_5d_rank_pct_2023,full34,amount_ratio_5d_rank_pct,2023,single
202301,0.067331833728625778,0.00031211938839702897,0.30995598874545027,0.0786540858760513,0.026932733491450311,0.023596225762815389,0.20701320337636492,0.25754216263063062,0.070165451748851734,-0.0028336180202259559,0.075288479520369017,0.042279790236402187,0.036374295639649112,0.25065904163528852,0.31307316894039477,-0.0031171801949445022,0.023772561292622119,0.24682816708834293,0.010713995542287691,0.09818133591094752,S4_full34_volatility_20d_rank_pct_2023,full34,volatility_20d_rank_pct,2023,single
202302,0.14033683319058554,0.002910298637303054,0.31476338215376393,0.73339525660036964,0.056134733276234222,0.22001857698011087,0.20557098535387083,0.4817242956102159,0.14725706088279109,-0.0069202276922055439,0.10291999247760689,0.74981962871132379,-0.016424372110954155,0.3684227313805335,0.31601117613197216,-0.0012477939782082337,0.020094928365957887,0.4890453601269219,-0.0073210645167059996,0.14566633789541539,S4_full34_volatility_20d_rank_pct_2023,full34,volatility_20d_rank_pct,2023,single
202303,0.057127115045303378,0.0013134351522168688,0.30370279162149305,0.33098565835865096,0.022850846018121353,0.099295697507595287,0.20888916251355208,0.33103570603926868,0.061779713130973642,-0.0046525980856702634,0.024745323135757058,0.32164905831129192,0.0093366000473590338,0.10778349016724242,0.30493626899115966,-0.0012334773696666135,0.015069852800233208,0.32972572204842915,0.0013099839908395361,0.037712220464405588,S4_full34_volatility_20d_rank_pct_2023,full34,volatility_20d_rank_pct,2023,single
202304,0.060005293665349985,0.0016790700409962743,0.28126622378448624,0.42312565033106109,0.024002117466139995,0.12693769509931832,0.21562013286465412,0.36655994543011244,0.06255655268920042,-0.0025512590238504357,0.04328540111805302,0.40693290138583943,0.016192748945221658,0.44455094433231929,0.28626853722029916,-0.0050023134358129218,0.0011749348271465898,0.36122193032534228,0.0053380151047701663,0.15032696329877304,S4_full34_volatility_20d_rank_pct_2023,full34,volatility_20d_rank_pct,2023,single
202305,0.080096106191031302,0.0013596427808301691,0.20590238508983308,0.34262998076920259,0.032038442476412521,0.10278899423076078,0.23822928447305008,0.37305672118022337,0.076607477122629733,0.0034886290684015692,0.010315346032969713,0.27591187115973848,0.066718109609464116,-0.039572202859641636,0.20595285179784165,-5.0466708008567451e-05,-0.0048073177141388646,0.35163069665762092,0.021426024522602449,-0.0063033271304629435,S4_full34_volatility_20d_rank_pct_2023,full34,volatility_20d_rank_pct,2023,single
202306,0.03144796426341713,1.4737086513138121e-05,0.36763073059606266,0.0037137458013108064,0.012579185705366853,0.0011141237403932418,0.1897107808211812,0.20340409026694128,0.032391705012396056,-0.00094374074897892596,0.021643041884790225,-0.016610476194847762,0.020324221996158569,0.092478609952156121,0.37095560390784582,-0.0033248733117831608,0.02365594769391921,0.19668685797415031,0.0067172322927909756,0.029304015431387165,S4_full34_volatility_20d_rank_pct_2023,full34,volatility_20d_rank_pct,2023,single
202307,0.093582978389469121,0.0011954310470560032,0.66150981913460227,0.3012486238581128,0.037433191355787647,0.090374587157433836,0.10154705425961931,0.2293548327728408,0.10127661706397895,-0.0076936386745098256,0.076411720376806089,0.35277263435349365,-0.051524010495380856,0.69142035649141875,0.66483661503424041,-0.0033267958996381353,0.052692940607404259,0.24689145262136758,-0.01753661984852678,0.22218291291592679,S4_full34_volatility_20d_rank_pct_2023,full34,volatility_20d_rank_pct,2023,single
202308,0.029759427403300346,6.364048814126094e-05,0.6749700611277677,0.016037403011597756,0.011903770961320139,0.0048112209034793267,0.097508981661669686,0.11422397352646915,0.030792047132036818,-0.0010326197287364725,0.018372858412382457,0.00033234278600605214,0.015705060225591705,-0.013314897837724809,0.68045189534335371,-0.0054818342155860122,0.035692120792963689,0.10828095308561042,0.0059430204408587317,-0.0073529622242535647,S4_full34_volatility_20d_rank_pct_2023,full34,volatility_20d_rank_pct,2023,single
202309,0.015133709835857299,-0.00016644263033438049,0.70402952606431812,-0.041943542844263881,0.00605348393434292,-0.012583062853279163,0.088791142180704566,0.082261563261768325,0.020476114829967456,-0.0053424049941101573,0.029121165116543467,0.029282651068657569,-0.071226193912921454,-0.0094684483760381008,0.70602050462363153,-0.0019909785593134055,0.040101073614233984,0.10516908986549478,-0.022907526603726455,-0.0032223905504642214,S4_full34_volatility_20d_rank_pct_2023,full34,volatility_20d_rank_pct,2023,single
202310,0.040369747964372975,0.00076418262993015022,0.70537524548357944,0.19257402274239785,0.016147899185749191,0.057772206822719351,0.088387426354926163,0.16230753236339471,0.039525550752276456,0.00084419721209651882,0.023005278936240867,0.16341306648727325,0.029160956255124604,0.11634227078442591,0.71050202751515124,-0.0051267820315717971,0.03383761791095008,0.15168353199254719,0.010624000370847514,0.033953507436539104,S4_full34_volatility_20d_rank_pct_2023,full34,volatility_20d_rank_pct,2023,single
202311,0.091870481119190384,0.00094240898497437674,0.74535316450241096,0.23748706421354293,0.036748192447676152,0.071246119264062879,0.076394050649276707,0.18438836236101575,0.092136710105080857,-0.00026622898589047372,0.043389637685255937,0.18578418405425487,0.051702880159288062,-0.16625357763852111,0.74409544025479335,0.0012577242476176087,0.020172359801285511,0.16936130718187081,0.015027055179144932,-0.038571926157839609,S4_full34_volatility_20d_rank_pct_2023,full34,volatility_20d_rank_pct,2023,single
202312,0.061196420363238503,0.00087207194055759153,0.71269788904643949,0.21976212902051306,0.024478568145295403,0.065928638706153911,0.086190633286068144,0.17659784013751745,0.065183175904983084,-0.0039867555417445813,0.054781349579322736,0.23693997811825615,-0.017177849097743086,0.22354829087621014,0.71942177421730569,-0.0067238851708661951,0.0038670440663228778,0.18132873153227835,-0.0047308913947609055,0.087816913874695257,S4_full34_volatility_20d_rank_pct_2023,full34,volatility_20d_rank_pct,2023,single
202301,0.071900143707630662,0.00038949543146006907,0.3132631851325553,0.098152848727937406,0.028760057483052267,0.029445854618381222,0.20602104446023339,0.26422695656166689,0.070165451748851734,0.0017346919587789278,0.079856789499373901,0.042279790236402187,0.055873058491535219,0.27015780448717458,0.31307316894039477,0.00019001619216052479,0.027079757679727146,0.24682816708834293,0.017398789473323961,0.10486612984198379,S4_full34_log_mean_amount_20d_rank_pct_2023,full34,log_mean_amount_20d_rank_pct,2023,single
202302,0.1460746367667981,0.0029095356519366553,0.31600395302726064,0.7332029842880371,0.058429854706719242,0.21996089528641113,0.20519881409182178,0.48358956408495218,0.14725706088279109,-0.0011824241159929805,0.10865779605381945,0.74981962871132379,-0.016616644423286697,0.36823045906820095,0.31601117613197216,-7.2231047115178804e-06,0.021335499239454603,0.4890453601269219,-0.0054557960419697182,0.14753160637015167,S4_full34_log_mean_amount_20d_rank_pct_2023,full34,log_mean_amount_20d_rank_pct,2023,single
202303,0.062295584312672639,0.0012704266199721041,0.30752459839336249,0.32014750823297022,0.024918233725069058,0.096044252469891067,0.20774262048199124,0.32870510667695135,0.061779713130973642,0.00051587118169899721,0.029913792403126319,0.32164905831129192,-0.0015015500783217006,0.096945340041561689,0.30493626899115966,0.0025883294022028269,0.018891659572102648,0.32972572204842915,-0.0010206153714777955,0.035381621102088257,S4_full34_log_mean_amount_20d_rank_pct_2023,full34,log_mean_amount_20d_rank_pct,2023,single
202304,0.062833700401633955,0.001553944225013062,0.28930971867425159,0.39159394470329162,0.025133480160653584,0.11747818341098748,0.21320708439772451,0.35581874796936558,0.06255655268920042,0.0002771477124335342,0.04611380785433699,0.40693290138583943,-0.015338956682547811,0.41301923870454982,0.28626853722029916,0.0030411814539524351,0.0092184297169119467,0.36122193032534228,-0.0054031823559766989,0.13958576583802618,S4_full34_log_mean_amount_20d_rank_pct_2023,full34,log_mean_amount_20d_rank_pct,2023,single
202305,0.077160312752208943,0.0010884894743345844,0.21113777679277512,0.27429934753231527,0.030864125100883578,0.082289804259694579,0.23665866696216745,0.34981259632274564,0.076607477122629733,0.00055283562957920973,0.0073795525941473539,0.27591187115973848,-0.0016125236274232013,-0.10790283609652895,0.20595285179784165,0.0051849249949334764,0.00042807398880317926,0.35163069665762092,-0.0018181003348752833,-0.029547451987940676,S4_full34_log_mean_amount_20d_rank_pct_2023,full34,log_mean_amount_20d_rank_pct,2023,single
202306,0.031061502967521436,-0.00014775072837645709,0.37129964095706325,-0.037233183550867188,0.012424601187008576,-0.011169955065260155,0.18861010771288103,0.18986475383462945,0.032391705012396056,-0.0013302020448746205,0.021256580588894531,-0.016610476194847762,-0.020622707356019426,0.051531680599978133,0.37095560390784582,0.00034403704921742717,0.027324858054919798,0.19668685797415031,-0.0068221041395208626,0.015764678999075327,S4_full34_log_mean_amount_20d_rank_pct_2023,full34,log_mean_amount_20d_rank_pct,2023,single
202307,0.10080066590510188,0.0014432986351244031,0.66625325041452876,0.36371125605134957,0.040320266362040752,0.10911337681540487,0.10012402487564137,0.24955766805308699,0.10127661706397895,-0.00047595115887706652,0.083629407892438848,0.35277263435349365,0.010938621697855921,0.75388298868465553,0.66483661503424041,0.0014166353802883558,0.05743637188733075,0.24689145262136758,0.0026662154317194098,0.24238574819617298,S4_full34_log_mean_amount_20d_rank_pct_2023,full34,log_mean_amount_20d_rank_pct,2023,single
202308,0.030634048309927726,-7.9422901086634426e-05,0.67962003144572325,-0.020014571073831876,0.012253619323971092,-0.0060043713221495628,0.096113990566283017,0.10236323856810454,0.030792047132036818,-0.00015799882210909208,0.019247479319009837,0.00033234278600605214,-0.020346913859837928,-0.049366871923154441,0.68045189534335371,-0.0008318638976304582,0.040342091110919243,0.10828095308561042,-0.005917714517505876,-0.019213697182618172,S4_full34_log_mean_amount_20d_rank_pct_2023,full34,log_mean_amount_20d_rank_pct,2023,single
202309,0.019981297682258856,-0.00019840549046050378,0.70963252149053757,-0.04999818359604695,0.0079925190729035426,-0.014999455078814084,0.087110243552838723,0.080103307546928182,0.020476114829967456,-0.00049481714770860039,0.03396875296294502,0.029282651068657569,-0.079280834664704522,-0.017523089127821169,0.70602050462363153,0.0036120168669060426,0.045704069040453432,0.10516908986549478,-0.025065782318566598,-0.0053806462653043646,S4_full34_log_mean_amount_20d_rank_pct_2023,full34,log_mean_amount_20d_rank_pct,2023,single
202310,0.039035248623521777,0.00053001440039783293,0.71606754007717555,0.13356362890025389,0.015614099449408711,0.040069088670076164,0.085179737976847331,0.14086292609633222,0.039525550752276456,-0.00049030212875467855,0.021670779595389669,0.16341306648727325,-0.029849437587019356,0.057331876942281951,0.71050202751515124,0.0055655125620243107,0.044529912504546187,0.15168353199254719,-0.010820605896214974,0.012508901169476616,S4_full34_log_mean_amount_20d_rank_pct_2023,full34,log_mean_amount_20d_rank_pct,2023,single
202311,0.090588914365960282,0.00071768031384001924,0.7494588779530631,0.18085543908768484,0.036235565746384112,0.054256631726305453,0.075162336614081074,0.16565453408677064,0.092136710105080857,-0.0015477957391205749,0.042108070932025836,0.18578418405425487,-0.0049287449665700311,-0.2228852027643792,0.74409544025479335,0.0053634376982697463,0.024278073251937649,0.16936130718187081,-0.0037067730951001743,-0.057305754432084716,S4_full34_log_mean_amount_20d_rank_pct_2023,full34,log_mean_amount_20d_rank_pct,2023,single
202312,0.064703962447505092,0.00096026048973137958,0.72108221425963881,0.24198564341230766,0.025881584979002038,0.072595693023692301,0.083675335722108349,0.18215261372480268,0.065183175904983084,-0.00047921345747799216,0.058288891663589325,0.23693997811825615,0.0050456652940515101,0.24577180526800474,0.71942177421730569,0.0016604400423331223,0.012251369279522195,0.18132873153227835,0.00082388219252432782,0.09337168746198049,S4_full34_log_mean_amount_20d_rank_pct_2023,full34,log_mean_amount_20d_rank_pct,2023,single
202301,0.072062729886871651,0.00052406476011169231,0.31015114915868019,0.13206431954814646,0.028825091954748663,0.039619295864443939,0.20695465525239595,0.27539904307158858,0.069517631624488138,0.0025450982623835133,0.08001937567861489,0.072331881059119099,0.059732438489027359,0.30406927530738365,0.31097189368724576,-0.00082074452856556457,0.023967721705852041,0.25621504886135726,0.019183994210231314,0.11603821635190548,S4_lean31_close_location_2023,lean31,close_location,2023,single
202302,0.14147890118967366,0.002694947655674915,0.31399778232727915,0.67912680923007862,0.056591560475869468,0.20373804276902358,0.20580066530181626,0.46613026854670936,0.14585088975174998,-0.0043719885620763232,0.104062060476695,0.71656083128208292,-0.037434022052004301,0.31415428401024248,0.31678589221867581,-0.0027881098913966618,0.019329328539473112,0.47827283761972211,-0.012142569073012754,0.13007231083190884,S4_lean31_close_location_2023,lean31,close_location,2023,single
202303,0.061473144491190186,0.0011252595647082465,0.30617380444474035,0.28356541030647814,0.024589257796476076,0.085069623091943436,0.20814785866657787,0.31780673955499739,0.060515553386580455,0.00095759110460973129,0.029091352581643866,0.29885685838657639,-0.015291448080098247,0.060363242115069604,0.30940599898518267,-0.0032321945404423236,0.017540865623480506,0.32104147917505027,-0.0032347396200528844,0.02448325398013429,S4_lean31_close_location_2023,lean31,close_location,2023,single
202304,0.062535432208578892,0.0018317517991497106,0.28698297690944058,0.46160145338572706,0.025014172883431558,0.13848043601571811,0.21390510692716783,0.37739971582631748,0.065166753745554543,-0.0026313215369756504,0.045815539661281927,0.507527124507689,-0.045925671121961942,0.48302674738698526,0.28401498039916379,0.0029679965102767936,0.0068916879521009333,0.39312034473077939,-0.015720628904461909,0.16116673369497808,S4_lean31_close_location_2023,lean31,close_location,2023,single
202305,0.075863522677858175,0.0011419027072491349,0.21199932918426204,0.28775948222678199,0.030345409071143272,0.086327844668034601,0.23640020124472139,0.35307345498389925,0.073996781234955636,0.0018667414429025392,0.0060827625197965862,0.31518754079283262,-0.027428058566050628,-0.094442701402062235,0.20941285330730777,0.002586475876954264,0.0012896263802900931,0.36133111873963975,-0.0082576637557404964,-0.026286593326787067,S4_lean31_close_location_2023,lean31,close_location,2023,single
202306,0.02816254476302792,-0.00016708413874398713,0.37441409982968343,-0.042105202963484759,0.011265017905211169,-0.012631560889045428,0.18767577005109495,0.18630922706726069,0.032980966623004836,-0.0048184218599769159,0.018357622384401015,-0.003815171055057237,-0.038290031908427523,0.046659661187360563,0.37408387550972372,0.00033022431995971546,0.030439316927539983,0.19982267267976764,-0.013513445612506947,0.012209152231706571,S4_lean31_close_location_2023,lean31,close_location,2023,single
202307,0.096520314387848902,0.0013974993044776093,0.66861284772476148,0.35216982472835756,0.038608125755139562,0.10565094741850727,0.099416145682571552,0.2436752188562184,0.098265826742143236,-0.0017455123542943346,0.07934905637518587,0.35741165206758968,-0.0052418273392321191,0.74234155736166352,0.67028558527051929,-0.0016727375457578075,0.05979596919756347,0.24544415073597839,-0.0017689318797599884,0.23650329899930439,S4_lean31_close_location_2023,lean31,close_location,2023,single
202308,0.030359519593125554,8.4446080028924782e-05,0.68082910638874861,0.021280412167289046,0.012143807837250222,0.0063841236501867137,0.095751268083375418,0.11427919957081235,0.030833170214536146,-0.00047365062141059219,0.018972950602207665,-0.027609771425509987,0.048890183592799036,-0.0080718886820335192,0.68586894981634439,-0.0050398434275957804,0.041551166053944599,0.098289651713258153,0.015989547857554201,-0.0072977361799103635,S4_lean31_close_location_2023,lean31,close_location,2023,single
202309,0.024111308418830669,-5.142745088090868e-05,0.70511743866790566,-0.012959717621988987,0.0096445233675322688,-0.0038879152865966961,0.088464768399628302,0.094221376480563876,0.023316491490274878,0.00079481692855579156,0.038098763699516841,0.014839340638886372,-0.027799058260875358,0.019515376846236793,0.71065787022238314,-0.0055404315544774763,0.041188986217821522,0.10058103772106092,-0.0063596612404970415,0.0087374226683313294,S4_lean31_close_location_2023,lean31,close_location,2023,single
202310,0.038966765635876761,0.001026070508876879,0.71343728330386225,0.25856976823697353,0.015586706254350706,0.077570930471092051,0.085968815008841321,0.17912645173428407,0.039890771111523671,-0.00092400547564690932,0.021602296607744653,0.27437659443567319,-0.015806826198699664,0.18233801627900159,0.71595608627273566,-0.0025188029688734126,0.041899655731232888,0.18348246089349074,-0.0043560091592066696,0.050772426807428467,S4_lean31_close_location_2023,lean31,close_location,2023,single
202311,0.09165176741294595,0.00090880995704647951,0.74096441750787856,0.22902010917571283,0.036660706965178383,0.06870603275271385,0.077710674747636432,0.18307741446552867,0.091988910379586245,-0.00033714296664029419,0.043170923979011504,0.24622906898866148,-0.017208959812948649,-0.17472053267635121,0.74246636064575711,-0.0015019431378785475,0.015783612806753111,0.18792437665470579,-0.0048469621891771286,-0.039882874053326689,S4_lean31_close_location_2023,lean31,close_location,2023,single
202312,0.06419644098185015,0.00081512533190633021,0.725197758879631,0.20541158364039522,0.025678576392740061,0.06162347509211856,0.082440672336110701,0.16974272382096933,0.066444245494784185,-0.0022478045129340346,0.057781370197934383,0.1962424262505742,0.0091691573898210199,0.2091977454960923,0.72770116353436587,-0.0025034046547348643,0.01636691389951439,0.16714007701277617,0.0026026468081931653,0.080961797558147142,S4_lean31_close_location_2023,lean31,close_location,2023,single
202301,0.067573513346387032,0.0004438340845659353,0.30599326563398055,0.1118461893106157,0.027029405338554816,0.033553856793184705,0.20820202030980584,0.26878528244154537,0.069517631624488138,-0.0019441182781011063,0.075530159138130271,0.072331881059119099,0.039514308251496599,0.28385114506985287,0.31097189368724576,-0.0049786280532652105,0.019809838181152395,0.25621504886135726,0.012570233580188106,0.10942445572186227,S4_lean31_upper_shadow_2023,lean31,upper_shadow,2023,single
202302,0.14809367533021073,0.003054572918772141,0.31510918812604821,0.76975237553057951,0.059237470132084295,0.23092571265917383,0.20546724356218554,0.49563042635344368,0.14585088975174998,0.0022427855784607487,0.11067683461723207,0.71656083128208292,0.053191544248496592,0.40477985031074337,0.31678589221867581,-0.0016767040926276011,0.020440734338242172,0.47827283761972211,0.017357588733721563,0.15957246863864316,S4_lean31_upper_shadow_2023,lean31,upper_shadow,2023,single
202303,0.065289501674909101,0.0014229950102343358,0.30980603129558221,0.35859474257905261,0.026115800669963642,0.10757842277371578,0.20705819061132535,0.34075241405500478,0.060515553386580455,0.0047739482883286458,0.03290770976536278,0.29885685838657639,0.059737884192476221,0.13539257438764407,0.30940599898518267,0.00040003231039953402,0.021173092474322364,0.32104147917505027,0.019710934879954511,0.047428928480141685,S4_lean31_upper_shadow_2023,lean31,upper_shadow,2023,single
202304,0.063630003623757994,0.0020570064426945456,0.29052833448271881,0.51836562355902549,0.0254520014495032,0.15550968706770765,0.21284149965518437,0.39380318817239524,0.065166753745554543,-0.0015367501217965485,0.046910111076461029,0.507527124507689,0.010838499051336492,0.53979091756028375,0.28401498039916379,0.006513354083555023,0.010437045525379163,0.39312034473077939,0.00068284344161584354,0.17757020604105583,S4_lean31_upper_shadow_2023,lean31,upper_shadow,2023,single
202305,0.077169900236299105,0.00098977499376893944,0.21149536661210955,0.24942329842977273,0.030867960094519642,0.074826989528931812,0.23655139001636713,0.3422463396398186,0.073996781234955636,0.003173119001343469,0.0073891400782375161,0.31518754079283262,-0.065764242363059888,-0.13277888519907149,0.20941285330730777,0.0020825133048017752,0.00078566380813760439,0.36133111873963975,-0.019084779099821148,-0.037113708670867718,S4_lean31_upper_shadow_2023,lean31,upper_shadow,2023,single
202306,0.032003665947648266,-0.00018537739716895817,0.37379406080035465,-0.046715104086577461,0.012801466379059307,-0.014014531225973239,0.18786178175989357,0.18664871691297963,0.032980966623004836,-0.00097730067535656967,0.022198743569021361,-0.003815171055057237,-0.042899933031520225,0.04204976006426786,0.37408387550972372,-0.00028981470936906284,0.029819277898211205,0.19982267267976764,-0.013173955766788009,0.012548642077425509,S4_lean31_upper_shadow_2023,lean31,upper_shadow,2023,single
202307,0.10185255197407155,0.0017992787695253621,0.66971840719817033,0.45341824992039126,0.040741020789628622,0.13602547497611736,0.099084477840548899,0.2758509736062949,0.098265826742143236,0.0035867252319283088,0.084681293961408513,0.35741165206758968,0.096006597852801578,0.84358998255369722,0.67028558527051929,-0.00056717807234896167,0.060901528670972316,0.24544415073597839,0.030406822870316513,0.26867905374938089,S4_lean31_upper_shadow_2023,lean31,upper_shadow,2023,single
202308,0.032793892454547918,-6.703056450650743e-05,0.68617772656710163,-0.016891702255639872,0.013117556981819168,-0.005067510676691961,0.094146682029869505,0.10219672833499671,0.030833170214536146,0.0019607222400117724,0.021407323463630029,-0.027609771425509987,0.010718069169870115,-0.046244003104962433,0.68586894981634439,0.00030877675075724476,0.046899786232297624,0.098289651713258153,0.0039070766217385589,-0.019380207415726006,S4_lean31_upper_shadow_2023,lean31,upper_shadow,2023,single
202309,0.022044401502802537,-0.00021088430999383068,0.70712041481697085,-0.05314284611844533,0.008817760601121015,-0.015942853835533597,0.087863875554908738,0.080738782320496152,0.023316491490274878,-0.0012720899874723406,0.036031856783488705,0.014839340638886372,-0.067982186757331697,-0.02066775165021955,0.71065787022238314,-0.003537455405412282,0.043191962366886716,0.10058103772106092,-0.019842255400564765,-0.0047451714917363941,S4_lean31_upper_shadow_2023,lean31,upper_shadow,2023,single
202310,0.039607676548629865,0.0010421280947072622,0.7182375045829813,0.2626162798662301,0.015843070619451945,0.078784883959869031,0.084528748625105607,0.17915670320442659,0.039890771111523671,-0.00028309456289380558,0.022243207520497757,0.27437659443567319,-0.011760314569443098,0.18638452790825816,0.71595608627273566,0.002281418310245642,0.046699877010351942,0.18348246089349074,-0.0043257576890641525,0.050802678277570984,S4_lean31_upper_shadow_2023,lean31,upper_shadow,2023,single
202311,0.096473944335059722,0.00093633658041900427,0.74073810946892837,0.23595681826558906,0.03858957773402389,0.070787045479676722,0.077778567159321479,0.18715519037302208,0.091988910379586245,0.0044850339554734775,0.047993100901125275,0.24622906898866148,-0.010272250723072418,-0.16778382358647498,0.74246636064575711,-0.0017282511768287323,0.015557304767802926,0.18792437665470579,-0.00076918628168370917,-0.03580509814583327,S4_lean31_upper_shadow_2023,lean31,upper_shadow,2023,single
202312,0.0672142265057286,0.00097985893040162739,0.72371373852779597,0.24692445046121009,0.026885690602291443,0.074077335138363024,0.082885878441661204,0.18384890418231567,0.066444245494784185,0.00076998101094441496,0.060799155721812832,0.1962424262505742,0.05068202421063589,0.25071061231690717,0.72770116353436587,-0.0039874250065699002,0.014882893547679354,0.16714007701277617,0.016708827169539503,0.095067977919493479,S4_lean31_upper_shadow_2023,lean31,upper_shadow,2023,single
202301,0.064242900387465163,-7.6606816871845372e-05,0.31016181082167121,-0.019304917851705034,0.025697160154986066,-0.0057914753555115099,0.2069514567534986,0.22685714155297315,0.069517631624488138,-0.0052747312370229754,0.072199546179208401,0.072331881059119099,-0.09163679891082413,0.15270003790753214,0.31097189368724576,-0.00081008286557454623,0.023978383368843059,0.25621504886135726,-0.029357907308384112,0.06749631483329005,S4_lean31_lower_shadow_2023,lean31,lower_shadow,2023,single
202302,0.15233350337649593,0.0028760343797415112,0.3183478184996803,0.72476066369486081,0.060933401350598375,0.21742819910845823,0.2044956544500959,0.48285725490915254,0.14585088975174998,0.0064826136247459476,0.11491666266351727,0.71656083128208292,0.0081998324127778854,0.35978813847502467,0.31678589221867581,0.0015619262810044887,0.023679364711874262,0.47827283761972211,0.0045844172894304314,0.14679929719435203,S4_lean31_lower_shadow_2023,lean31,lower_shadow,2023,single
202303,0.056792076156489311,0.0013577717688099996,0.31112018686355547,0.34215848574011992,0.022716830462595726,0.10264754572203598,0.20666394394093335,0.33202832012556505,0.060515553386580455,-0.0037234772300911434,0.024410284246942991,0.29885685838657639,0.043301627353543537,0.11895631754871139,0.30940599898518267,0.0017141878783727971,0.022487248042295627,0.32104147917505027,0.010986840950514776,0.03870483455070195,S4_lean31_lower_shadow_2023,lean31,lower_shadow,2023,single
202304,0.05668636349911349,0.001997561922960054,0.2874925829932321,0.50338560458593362,0.022674545399645397,0.15101568137578009,0.21375222510203037,0.38744245187745585,0.065166753745554543,-0.0084803902464410524,0.039966470951816525,0.507527124507689,-0.0041415199217553766,0.52481089858719188,0.28401498039916379,0.0034776025940683186,0.0074012940358924584,0.39312034473077939,-0.0056778928533235407,0.17120946974611645,S4_lean31_lower_shadow_2023,lean31,lower_shadow,2023,single
202305,0.064773239466620725,0.0004847769315654511,0.21061546722884428,0.12216378675449367,0.02590929578664829,0.036649136026348103,0.23681535983134672,0.29937379164434308,0.073996781234955636,-0.0092235417683349114,-0.0050075206914408643,0.31518754079283262,-0.19302375403833893,-0.26003839687435054,0.20941285330730777,0.001202613921536505,-9.4235575127665783e-05,0.36133111873963975,-0.061957327095296666,-0.079986256666343236,S4_lean31_lower_shadow_2023,lean31,lower_shadow,2023,single
202306,0.04500073521951671,0.00047569349496997149,0.36937307227499533,0.11987476073243282,0.018000294087806686,0.035962428219729843,0.18918807831750142,0.24315080062503797,0.032980966623004836,0.012019768596511875,0.035195812840889809,-0.003815171055057237,0.12368993178749006,0.20863962488327814,0.37408387550972372,-0.004710803234728389,0.025398289372851879,0.19982267267976764,0.043328127945270328,0.069050725789483847,S4_lean31_lower_shadow_2023,lean31,lower_shadow,2023,single
202307,0.10432498906415984,0.0016234242802562753,0.67715644288254562,0.40910291862458137,0.041729995625663936,0.1227308755873744,0.096853067135236309,0.26131393834827465,0.098265826742143236,0.0060591623220166008,0.087153731051496805,0.35741165206758968,0.051691266556991688,0.79927465125788733,0.67028558527051929,0.0068708576120263265,0.068339564355347604,0.24544415073597839,0.015869787612296266,0.25414201849136064,S4_lean31_lower_shadow_2023,lean31,lower_shadow,2023,single
202308,0.035706147025934845,-3.1148876460437207e-05,0.6835949511415701,-0.0078495168680301763,0.014282458810373939,-0.0023548550604090526,0.094921514657528974,0.10684911840749386,0.030833170214536146,0.0048729768113986993,0.024319578035016956,-0.027609771425509987,0.01976025455747981,-0.037201817717352745,0.68586894981634439,-0.0022739986747742913,0.044317010806766088,0.098289651713258153,0.0085594666942357123,-0.014727817343228852,S4_lean31_lower_shadow_2023,lean31,lower_shadow,2023,single
202309,0.025448426067547446,0.00032605735014180979,0.71754178911938293,0.08216645223573607,0.010179370427018979,0.02464993567072082,0.084737463264185117,0.11956676936192492,0.023316491490274878,0.0021319345772725685,0.039435881348233615,0.014839340638886372,0.067327111596849704,0.11464154670396184,0.71065787022238314,0.0068839188969997966,0.053613336669298794,0.10058103772106092,0.018985731640864006,0.034082815549692377,S4_lean31_lower_shadow_2023,lean31,lower_shadow,2023,single
202310,0.038424215741326304,0.00092897460627601024,0.70898703224837911,0.23410160078155459,0.015369686296530523,0.070230480234466375,0.087303890325486258,0.17290405685648313,0.039890771111523671,-0.0014665553701973671,0.021059746713194195,0.27437659443567319,-0.040274993654118602,0.15786984882358265,0.71595608627273566,-0.0069690540243565469,0.037449404675749753,0.18348246089349074,-0.010578404037007605,0.044550031929627532,S4_lean31_lower_shadow_2023,lean31,lower_shadow,2023,single
202311,0.095149586603331629,0.00088388966225196324,0.75184713905947054,0.22274019488749475,0.038059834641332654,0.066822058466248418,0.074445858282158842,0.17932775138973991,0.091988910379586245,0.0031606762237453845,0.046668743169397182,0.24622906898866148,-0.023488874101166735,-0.18100044696456929,0.74246636064575711,0.0093807784137134309,0.02666633435834509,0.18792437665470579,-0.0085966252649658792,-0.04363253712911544,S4_lean31_lower_shadow_2023,lean31,lower_shadow,2023,single
202312,0.070843046847642491,0.001178328347235509,0.72776983717309029,0.29693874350334826,0.028337218739056997,0.089081623051004477,0.081669048848072912,0.19908789063813437,0.066444245494784185,0.0043988013528583059,0.06442797606372673,0.1962424262505742,0.10069631725277406,0.30072490535904534,0.72770116353436587,6.8673638724425778e-05,0.01893899219297368,0.16714007701277617,0.031947813625358201,0.11030696437531218,S4_lean31_lower_shadow_2023,lean31,lower_shadow,2023,single
202301,0.069852285288332414,0.00033241490860194233,0.30831040673955334,0.083768556967689464,0.027940914115332966,0.025130567090306838,0.207506877978134,0.26057835918377381,0.069517631624488138,0.00033465366384427542,0.077808931080075652,0.072331881059119099,0.011436675908570365,0.25577351272692667,0.31097189368724576,-0.0026614869476924152,0.02212697928672519,0.25621504886135726,0.004363310322416547,0.10121753246409071,S4_lean31_body_ratio_2023,lean31,body_ratio,2023,single
202302,0.14599886571045198,0.0028544132791409795,0.3152769556624771,0.7193121463435268,0.058399546284180794,0.21579364390305802,0.20541691330125689,0.4796101034884957,0.14585088975174998,0.00014797595870200131,0.10858202499747333,0.71656083128208292,0.0027513150614438819,0.35433962112369066,0.31678589221867581,-0.0015089365561987145,0.020608501874671059,0.47827283761972211,0.001337265868773585,0.14355214577369518,S4_lean31_body_ratio_2023,lean31,body_ratio,2023,single
202303,0.060539847415534684,0.0012702831031167175,0.30751798869702412,0.3201113419854128,0.024215938966213876,0.096033402595623832,0.20774460339089276,0.32799394495273049,0.060515553386580455,2.4294028954228997e-05,0.028158055505988364,0.29885685838657639,0.021254483598836416,0.096909173794004266,0.30940599898518267,-0.0018880102881585481,0.018885049875764282,0.32104147917505027,0.0069524657776802168,0.034670459377867391,S4_lean31_body_ratio_2023,lean31,body_ratio,2023,single
202304,0.063772504790496107,0.0020324597213575968,0.28507796184682727,0.51217984978211439,0.025509001916198443,0.15365395493463432,0.21447661144595179,0.39363956829678459,0.065166753745554543,-0.0013942489550584358,0.047052612243199142,0.507527124507689,0.0046527252744253955,0.53360514378337265,0.28401498039916379,0.0010629814476634802,0.00498667288948762,0.39312034473077939,0.00051922356600520025,0.17740658616544519,S4_lean31_body_ratio_2023,lean31,body_ratio,2023,single
202305,0.075520384891729825,0.0011452313266827035,0.20925464685048878,0.28859829432404127,0.030208153956691932,0.086579488297212376,0.23722360594485337,0.35401124819875768,0.073996781234955636,0.001523603656774189,0.005739624733668236,0.31518754079283262,-0.02658924646879135,-0.093603889304802956,0.20941285330730777,-0.00015820645681899337,-0.0014550559534831642,0.36133111873963975,-0.0073198705408820675,-0.025348800111928638,S4_lean31_body_ratio_2023,lean31,body_ratio,2023,single
202306,0.032056775059759082,0.00012698351348965013,0.37454833180429015,0.031999845399391831,0.012822710023903634,0.0095999536198175493,0.18763550045871294,0.21005816410243411,0.032980966623004836,-0.00092419156324575341,0.022251852681132177,-0.003815171055057237,0.035815016454449067,0.12076470955023716,0.37408387550972372,0.00046445629456642878,0.030573548902146697,0.19982267267976764,0.010235491422666471,0.035958089266879989,S4_lean31_body_ratio_2023,lean31,body_ratio,2023,single
202307,0.099672271715233601,0.0013171834373502734,0.67200829260172423,0.33193022621226892,0.039868908686093441,0.099579067863680676,0.09839751221948273,0.23784548876925685,0.098265826742143236,0.001406444973090365,0.082501013702570569,0.35741165206758968,-0.025481425855320761,0.72210195884557482,0.67028558527051929,0.0017227073312049423,0.06319141407452622,0.24544415073597839,-0.0075986619667215427,0.23067356891234284,S4_lean31_body_ratio_2023,lean31,body_ratio,2023,single
202308,0.033559197403566374,0.00018524259775134217,0.68570870825280006,0.046681134633338228,0.013423678961426551,0.014004340390001467,0.09428738752415998,0.12171540687558799,0.030833170214536146,0.0027260271890302279,0.022172628412648485,-0.027609771425509987,0.074290906058848222,0.017328833784015663,0.68586894981634439,-0.00016024156354432773,0.046430767917996052,0.098289651713258153,0.023425755162329837,0.00013847112486527202,S4_lean31_body_ratio_2023,lean31,body_ratio,2023,single
202309,0.023864919902821406,1.2285474468691666e-05,0.70529644117236123,0.0030959395661102999,0.0095459679611285628,0.00092878186983308994,0.088411067648291625,0.098885817479253277,0.023316491490274878,0.0005484284125465283,0.037852375183507578,0.014839340638886372,-0.011743401072776072,0.035571034034336077,0.71065787022238314,-0.0053614290500219042,0.041367988722277094,0.10058103772106092,-0.0016952202418076406,0.01340186366702073,S4_lean31_body_ratio_2023,lean31,body_ratio,2023,single
202310,0.040128369538743706,0.0010544433736070775,0.71644566267562282,0.26571973014898354,0.016051347815497483,0.079715919044695063,0.085066301197313149,0.18083356805750569,0.039890771111523671,0.00023759842722003571,0.022763900510611598,0.27437659443567319,-0.0086568642866896583,0.1894879781910116,0.71595608627273566,0.00048957640288715965,0.04490803510299346,0.18348246089349074,-0.002648892835985045,0.052479543130650091,S4_lean31_body_ratio_2023,lean31,body_ratio,2023,single
202311,0.092773144539950572,0.00097152237689642179,0.73638309572223115,0.2448236389778983,0.037109257815980227,0.073447091693369493,0.079085071283330657,0.18964142079268037,0.091988910379586245,0.00078423416036432769,0.044292301106016126,0.24622906898866148,-0.0014054300107631812,-0.15891700287416574,0.74246636064575711,-0.006083264923525955,0.011202291021105704,0.18792437665470579,0.0017170441379745771,-0.033318867726174983,S4_lean31_body_ratio_2023,lean31,body_ratio,2023,single
202312,0.066386162934709905,0.00075955467360129905,0.72340414215224991,0.19140777774752735,0.026554465173883962,0.057422333324258203,0.082978757354325028,0.16695555585246719,0.066444245494784185,-5.8082560074279588e-05,0.059971092150794138,0.1962424262505742,-0.0048346485030468511,0.19519393960322443,0.72770116353436587,-0.004297021382115962,0.014573297172133293,0.16714007701277617,-0.00018452116030898136,0.078174629589644995,S4_lean31_body_ratio_2023,lean31,body_ratio,2023,single
202301,0.06941097212345744,0.00026450424357240962,0.31037047297905768,0.06665506938024722,0.027764388849382978,0.019996520814074166,0.20688885810628269,0.2546497677697398,0.069517631624488138,-0.0001066595010306981,0.077367617915200679,0.072331881059119099,-0.0056768116788718792,0.23866002513948442,0.31097189368724576,-0.00060142070818808291,0.024187045526229523,0.25621504886135726,-0.0015652810916174653,0.095288941050056697,S4_lean31_bias_20d_2023,lean31,bias_20d,2023,single
202302,0.14725036406271244,0.003004629365713103,0.31680938460584895,0.75716660015970194,0.058900145625084978,0.22714998004791057,0.2049571846182453,0.49100731029124084,0.14585088975174998,0.0013994743109624619,0.10983352334973379,0.71656083128208292,0.04060576887761902,0.3921940749398658,0.31678589221867581,2.3492387173140727e-05,0.022140930818042914,0.47827283761972211,0.012734472671518726,0.15494935257644032,S4_lean31_bias_20d_2023,lean31,bias_20d,2023,single
202303,0.063215542844608605,0.0013489889372568721,0.30942049955139744,0.33994521218873175,0.025286217137843445,0.10198356365661952,0.20717385013458078,0.33444363092904372,0.060515553386580455,0.00269998945802815,0.030833750935062285,0.29885685838657639,0.041088353802155364,0.11674304399732321,0.30940599898518267,1.4500566214770139e-05,0.0207875607301376,0.32104147917505027,0.013402151753993452,0.041120145354180626,S4_lean31_bias_20d_2023,lean31,bias_20d,2023,single
202304,0.066542015847288583,0.0023291325800545238,0.29434984469449699,0.58694141017374002,0.026616806338915434,0.17608242305212199,0.21169504659165089,0.4143942759826883,0.065166753745554543,0.00137526210173404,0.049822123299991618,0.507527124507689,0.079414285666051021,0.60836670417499827,0.28401498039916379,0.010334864295333202,0.014258555737157341,0.39312034473077939,0.021273931251908906,0.1981612938513489,S4_lean31_bias_20d_2023,lean31,bias_20d,2023,single
202305,0.075227653041853124,0.00071827601047800833,0.22419421249083871,0.18100555464045809,0.030091061216741252,0.054301666392137425,0.23274173625274838,0.31713446386162703,0.073996781234955636,0.0012308718068974878,0.0054468928837915348,0.31518754079283262,-0.13418198615237453,-0.20119662898838614,0.20941285330730777,0.014781359183530934,0.013484509686866764,0.36133111873963975,-0.04419665487801272,-0.06222558444905929,S4_lean31_bias_20d_2023,lean31,bias_20d,2023,single
202306,0.034173710199176324,-4.9882693679050122e-05,0.3749546226936516,-0.01257043880712063,0.01366948407967053,-0.0037711316421361889,0.18751361319190454,0.19741196562943888,0.032980966623004836,0.0011927435761714886,0.024368787820549419,-0.003815171055057237,-0.0087552677520633931,0.076194425343724698,0.37408387550972372,0.00087074718392787798,0.030979839791508146,0.19982267267976764,-0.0024107070503287531,0.023311890793884765,S4_lean31_bias_20d_2023,lean31,bias_20d,2023,single
202307,0.096474571470925627,0.0013911200809243985,0.66998056342448409,0.35056226039294841,0.038589828588370255,0.10516867811788452,0.099005830972654765,0.24276433767890954,0.098265826742143236,-0.0017912552712176094,0.079303313458262595,0.35741165206758968,-0.0068493916746412697,0.74073399302625442,0.67028558527051929,-0.00030502184603520277,0.061163684897286075,0.24544415073597839,-0.0026798130570688528,0.23559241782199553,S4_lean31_bias_20d_2023,lean31,bias_20d,2023,single
202308,0.032094445109755565,5.2888430481419465e-05,0.68678717799291422,0.013327884481317704,0.012837778043902227,0.0039983653443953111,0.093963846602125728,0.11079998999042326,0.030833170214536146,0.0012612748952194192,0.020707876118837676,-0.027609771425509987,0.040937655906827693,-0.016024416368004862,0.68586894981634439,0.00091822817656983524,0.047509237658110215,0.098289651713258153,0.012510338277165106,-0.010776945760299458,S4_lean31_bias_20d_2023,lean31,bias_20d,2023,single
202309,0.022927411049485737,-0.00019065277684080054,0.70824569704253815,-0.048044499763881733,0.009170964419794295,-0.014413349929164519,0.087526290887238553,0.082283905377868324,0.023316491490274878,-0.00038908044078914128,0.036914866330171908,0.014839340638886372,-0.062883840402768107,-0.015569405295655953,0.71065787022238314,-0.0024121731798449897,0.044317244592454008,0.10058103772106092,-0.018297132343192593,-0.0032000484343642221,S4_lean31_bias_20d_2023,lean31,bias_20d,2023,single
202310,0.04034371932348315,0.0014456994630502038,0.71865948623046005,0.36431626468865136,0.01613748772939326,0.10929487940659541,0.084402154130861981,0.20983452126685065,0.039890771111523671,0.00045294821195947937,0.022979250295351042,0.27437659443567319,0.089939670252978166,0.28808451273067942,0.71595608627273566,0.002703399957724395,0.047121858657830695,0.18348246089349074,0.026352060373359909,0.081480496339995045,S4_lean31_bias_20d_2023,lean31,bias_20d,2023,single
202311,0.092361322368867432,0.00094337342176990628,0.74246578183574996,0.23773010228601638,0.036944528947546976,0.071319030685804904,0.077260265449275015,0.18552382508262688,0.091988910379586245,0.00037241198928118779,0.043880478934932986,0.24622906898866148,-0.0084989667026451055,-0.16601053956604767,0.74246636064575711,-5.7881000714576913e-07,0.017284977134624513,0.18792437665470579,-0.0024005515720789128,-0.037436463436228473,S4_lean31_bias_20d_2023,lean31,bias_20d,2023,single
202312,0.065686547385429742,0.0010708360565700331,0.73201238632531784,0.26985068625564834,0.026274618954171897,0.080955205876694497,0.080396284102404639,0.18762610893327103,0.066444245494784185,-0.00075769810935444326,0.059271476601513974,0.1962424262505742,0.073608260005074144,0.27363684811134542,0.72770116353436587,0.004311222790951974,0.023181541345201229,0.16714007701277617,0.020486031920494863,0.098845182670448839,S4_lean31_bias_20d_2023,lean31,bias_20d,2023,single
202301,0.070991159733009235,0.00035922933543389694,0.31200636790321162,0.090525792529342022,0.028396463893203695,0.027157737758802605,0.2063980896290365,0.2619522912810428,0.069517631624488138,0.0014735281085210966,0.078947805524752473,0.072331881059119099,0.018193911470222923,0.2625307482885792,0.31097189368724576,0.0010344742159658638,0.025822940450383469,0.25621504886135726,0.0057372424196855398,0.1025914645613597,S4_lean31_bias_60d_2023,lean31,bias_60d,2023,single
202302,0.14610454433311054,0.0028402369982654832,0.31573798981328005,0.71573972356290172,0.058441817733244222,0.2147219170688705,0.20527860305601597,0.47844233785813073,0.14585088975174998,0.00025365458136056285,0.10868770362013189,0.71656083128208292,-0.00082110771918120218,0.35076719834306558,0.31678589221867581,-0.001047902405395762,0.021069536025474012,0.47827283761972211,0.00016950023840861528,0.14238438014333021,S4_lean31_bias_60d_2023,lean31,bias_60d,2023,single
202303,0.061462485595967162,0.0012368563118032834,0.31112368466528922,0.31168779057442741,0.024584994238386865,0.093506337172328216,0.20666289460041323,0.3247542260111283,0.060515553386580455,0.00094693220938670691,0.029080693686420842,0.29885685838657639,0.01283093218785103,0.08848562238301888,0.30940599898518267,0.001717685680106551,0.022490745844029381,0.32104147917505027,0.0037127468360780291,0.031430740436265203,S4_lean31_bias_60d_2023,lean31,bias_60d,2023,single
202304,0.064529829836386679,0.0018354879234530324,0.29035798737354512,0.46254295671016415,0.025811931934554673,0.13876288701304923,0.21289260378793645,0.37746742273554035,0.065166753745554543,-0.00063692390916786357,0.047809937289089714,0.507527124507689,-0.044984167797524843,0.48396825071142235,0.28401498039916379,0.0063430069743813378,0.010266698416205478,0.39312034473077939,-0.015652921995239044,0.16123444060420095,S4_lean31_bias_60d_2023,lean31,bias_60d,2023,single
202305,0.076246978489287381,0.00092109411209196561,0.21258838611172268,0.23211571624717534,0.030498791395714955,0.069634714874152598,0.23622348416648317,0.3363569904363507,0.073996781234955636,0.0022501972543317456,0.0064662183312257926,0.31518754079283262,-0.083071824545657286,-0.15008646738166889,0.20941285330730777,0.0031755328044149045,0.0018786833077507337,0.36133111873963975,-0.024974128303289045,-0.043003057874335615,S4_lean31_bias_60d_2023,lean31,bias_60d,2023,single
202306,0.030603538788784551,-0.00021552693199534723,0.3780179409038128,-0.054312786862827499,0.012241415515513821,-0.016293836058848248,0.18659461772885616,0.18254219718552173,0.032980966623004836,-0.0023774278342202845,0.020798616410157646,-0.003815171055057237,-0.050497615807770263,0.034452077288017822,0.37408387550972372,0.0039340653940890813,0.034043158001669349,0.19982267267976764,-0.017280475494245912,0.0084421223499676068,S4_lean31_bias_60d_2023,lean31,bias_60d,2023,single
202307,0.098725026647221908,0.0014573310851769637,0.67077809871062466,0.36724743346459482,0.039490010658888769,0.11017423003937844,0.098766570386812594,0.24843081108507981,0.098265826742143236,0.00045919990507867214,0.081553768634558876,0.35741165206758968,0.0098357813970051389,0.75741916609790083,0.67028558527051929,0.00049251344010536879,0.061961220183426646,0.24544415073597839,0.0029866603491014165,0.24125889122816579,S4_lean31_bias_60d_2023,lean31,bias_60d,2023,single
202308,0.033603956886143808,0.00017722572582150138,0.68537964335691359,0.044660882907018348,0.013441582754457525,0.013398264872105504,0.094386106992925919,0.12122595461948896,0.030833170214536146,0.0027707866716076626,0.022217387895225919,-0.027609771425509987,0.072270654332528328,0.015308582057695783,0.68586894981634439,-0.00048930645943079387,0.046101703022109586,0.098289651713258153,0.022936302906230804,-0.00035098113123376018,S4_lean31_bias_60d_2023,lean31,bias_60d,2023,single
202309,0.023122620480305743,-8.9838315969920139e-05,0.71091949402396781,-0.022639255624419874,0.0092490481921222983,-0.006791776687325962,0.086724151792809651,0.089181423297605991,0.023316491490274878,-0.00019387100996913487,0.037110075760991915,0.014839340638886372,-0.037478596263306248,0.0098358388438059066,0.71065787022238314,0.00026162380158467613,0.046991041573883674,0.10058103772106092,-0.011399614423454926,0.0036974694853734447,S4_lean31_bias_60d_2023,lean31,bias_60d,2023,single
202310,0.037670052512534136,0.00084479517237564204,0.72096365956070174,0.21288838343866179,0.015068021005013655,0.063866515031598528,0.083710902131789472,0.16264543816840166,0.039890771111523671,-0.0022207185989895351,0.020305583484402027,0.27437659443567319,-0.061488210997011405,0.13665663148068985,0.71595608627273566,0.0050075732879660828,0.049426031988072383,0.18348246089349074,-0.020837022725089083,0.034291413241546054,S4_lean31_bias_60d_2023,lean31,bias_60d,2023,single
202311,0.093269707335307941,0.00091840051302460423,0.74159285463851488,0.23143692928220028,0.037307882934123175,0.06943107878466008,0.077522143608445532,0.18426110532722878,0.091988910379586245,0.0012807969557216969,0.044788863901373495,0.24622906898866148,-0.014792139706461205,-0.17230371256986377,0.74246636064575711,-0.00087350600724223071,0.016412049937389428,0.18792437665470579,-0.0036632713274770135,-0.038699183191626574,S4_lean31_bias_60d_2023,lean31,bias_60d,2023,single
202312,0.066513356553169908,0.00089781303398547179,0.72168974354844084,0.22624888456433889,0.026605342621267965,0.067874665369301659,0.083493076935467744,0.17797308492603736,0.066444245494784185,6.9111058385723512e-05,0.060098285769254141,0.1962424262505742,0.030006458313764695,0.23003504642003597,0.72770116353436587,-0.0060114199859250261,0.012858898568324229,0.16714007701277617,0.010833007913261194,0.089192158663215171,S4_lean31_bias_60d_2023,lean31,bias_60d,2023,single
202301,0.069166705499851114,0.00018178379273840411,0.3045510438719301,0.045809515770077837,0.027666682199940448,0.01374285473102335,0.20863468683842096,0.25004422376938473,0.069517631624488138,-0.00035092612463702433,0.077123351291594353,0.072331881059119099,-0.026522365289041262,0.21781447152931502,0.31097189368724576,-0.0064208498153156546,0.018367616419101951,0.25621504886135726,-0.0061708250919725316,0.090683397049701631,S4_lean31_price_position_20d_2023,lean31,price_position_20d,2023,single
202302,0.15155093895618046,0.0029242443353851414,0.31218333571364915,0.73690957251705569,0.060620375582472186,0.2210728717551167,0.20634499928590525,0.48803824662349415,0.14585088975174998,0.0057000492044304851,0.11413409824320181,0.71656083128208292,0.020348741234972767,0.37193704729721955,0.31678589221867581,-0.004602556505026667,0.017514881925843107,0.47827283761972211,0.0097654090037720409,0.15198028890869364,S4_lean31_price_position_20d_2023,lean31,price_position_20d,2023,single
202303,0.069392652460379858,0.0014481265841726038,0.30576064250540652,0.36492789921149615,0.027757060984151944,0.10947836976344884,0.20827180724837804,0.34550723799597882,0.060515553386580455,0.0088770990737994035,0.037010860550833538,0.29885685838657639,0.066071040824919769,0.14172573102008762,0.30940599898518267,-0.0036453564797761517,0.017127703684146678,0.32104147917505027,0.024465758820928551,0.052183752421115726,S4_lean31_price_position_20d_2023,lean31,price_position_20d,2023,single
202304,0.070406448120810206,0.0022563570232827295,0.28661065995716078,0.56860196986724787,0.028162579248324084,0.17058059096017436,0.21401680201285178,0.41275997222135019,0.065166753745554543,0.005239694375255663,0.053686555573513241,0.507527124507689,0.061074845359558871,0.59002726386850612,0.28401498039916379,0.0025956795579969993,0.0065193709998211391,0.39312034473077939,0.019639627490570799,0.19652699009001079,S4_lean31_price_position_20d_2023,lean31,price_position_20d,2023,single
202305,0.07949364355021421,0.0013535780740135256,0.20675866304492946,0.34110167465140845,0.031797457420085683,0.10233050239542253,0.23797240108652118,0.37210036090202936,0.073996781234955636,0.0054968623152585744,0.0097128833921526214,0.31518754079283262,0.025914133858575827,-0.041100508977435779,0.20941285330730777,-0.0026541902623783142,-0.0039510397590424851,0.36133111873963975,0.010769242162389614,-0.0072596874086569563,S4_lean31_price_position_20d_2023,lean31,price_position_20d,2023,single
202306,0.0378628389604342,0.00027968040646921379,0.37009940664663721,0.070479462430241877,0.01514513558417368,0.021143838729072561,0.18897017800600882,0.22525915231925506,0.032980966623004836,0.0048818723374293646,0.028057916581807296,-0.003815171055057237,0.074294633485299119,0.1592443265810872,0.37408387550972372,-0.0039844688630865099,0.026124623744493758,0.19982267267976764,0.025436479639487419,0.051159077483700938,S4_lean31_price_position_20d_2023,lean31,price_position_20d,2023,single
202307,0.098916824475783691,0.0016225852926208357,0.66874153609804754,0.40889149374045058,0.039566729790313476,0.12266744812213518,0.099377539170585741,0.26161171708303438,0.098265826742143236,0.00065099773364045432,0.081745566463120659,0.35741165206758968,0.051479841672860904,0.79906322637375649,0.67028558527051929,-0.0015440491724717509,0.059924657570849527,0.24544415073597839,0.016167566347055989,0.25443979722612037,S4_lean31_price_position_20d_2023,lean31,price_position_20d,2023,single
202308,0.049308874047761485,0.00080322796152345016,0.682717056438781,0.20241344630390945,0.019723549619104594,0.060724033891172834,0.0951848830683657,0.17563246657864312,0.030833170214536146,0.018475703833225339,0.037922305056843596,-0.027609771425509987,0.23002321772941944,0.1730611454545869,0.68586894981634439,-0.0031518933775633862,0.043439116103976994,0.098289651713258153,0.077342814865384968,0.054055530827920403,S4_lean31_price_position_20d_2023,lean31,price_position_20d,2023,single
202309,0.032715142291522128,6.7077062565334595e-05,0.7000811985701707,0.016903419766464318,0.013086056916608852,0.0050710259299392955,0.089975640428948789,0.10813272327549694,0.023316491490274878,0.0093986508012472506,0.046702597572208293,0.014839340638886372,0.0020640791275779464,0.049378514234690099,0.71065787022238314,-0.010576671652212433,0.036152746120086565,0.10058103772106092,0.0075516855544360273,0.022648769463264398,S4_lean31_price_position_20d_2023,lean31,price_position_20d,2023,single
202310,0.045868520920494482,0.0011195203114086859,0.71436707266244104,0.28211911847498883,0.018347408368197794,0.084635735542496648,0.08568987820126768,0.18867302211196213,0.039890771111523671,0.0059777498089708114,0.028504051892362374,0.27437659443567319,0.0077425240393156347,0.20588736651701689,0.71595608627273566,-0.0015890136102946206,0.04282944508981168,0.18348246089349074,0.0051905612184713901,0.060318997185106527,S4_lean31_price_position_20d_2023,lean31,price_position_20d,2023,single
202311,0.095918063425416367,0.00085661337931729328,0.73442585891591361,0.21586657158795791,0.038367225370166548,0.064759971476387374,0.07967224232522592,0.18279943917177982,0.091988910379586245,0.0039291530458301221,0.04743721999148192,0.24622906898866148,-0.03036249740070357,-0.18787407026410613,0.74246636064575711,-0.0080405017298434966,0.009245054214788162,0.18792437665470579,-0.0051249374829259731,-0.040160849347075533,S4_lean31_price_position_20d_2023,lean31,price_position_20d,2023,single
202312,0.068106678925058547,0.0011095394031973484,0.72718051553819685,0.27960392960573183,0.02724267157002342,0.083881178881719545,0.081845845338540946,0.19296969579028392,0.066444245494784185,0.0016624334302743626,0.06169160814114278,0.1962424262505742,0.083361503355157629,0.28339009146142891,0.72770116353436587,-0.00052064799616902135,0.018349670558080233,0.16714007701277617,0.025829618777507751,0.10418876952746173,S4_lean31_price_position_20d_2023,lean31,price_position_20d,2023,single
202301,0.068616573564614827,0.00044537550810661692,0.30829714677005654,0.11223462804286746,0.027446629425845932,0.033670388412860235,0.20751085596898303,0.26862787380768921,0.069517631624488138,-0.00090105805987331089,0.076573219356358066,0.072331881059119099,0.039902746983748363,0.28423958380210468,0.31097189368724576,-0.0026747469171892191,0.022113719317228386,0.25621504886135726,0.012412824946331946,0.10926704708800611,S4_lean31_price_position_60d_2023,lean31,price_position_60d,2023,single
202302,0.14359787083482375,0.0029034633562895762,0.31511842966623027,0.7316727657849732,0.057439148333929504,0.21950182973549195,0.20546447110013091,0.48240544916955241,0.14585088975174998,-0.0022530189169262249,0.1061810301218451,0.71656083128208292,0.015111934502890279,0.36670024056513706,0.31678589221867581,-0.0016674625524455422,0.020449975878424231,0.47827283761972211,0.0041326115498303007,0.1463474914547519,S4_lean31_price_position_60d_2023,lean31,price_position_60d,2023,single
202303,0.057468706676153787,0.0011777514238224247,0.31061227443604172,0.29679335880325103,0.022987482670461516,0.089038007640975303,0.20681631766918745,0.31884180798062428,0.060515553386580455,-0.0030468467104266678,0.025086914766607467,0.29885685838657639,-0.0020634995833253567,0.073591190611842494,0.30940599898518267,0.0012062754508590512,0.021979335614781881,0.32104147917505027,-0.0021996711944259895,0.025518322405761185,S4_lean31_price_position_60d_2023,lean31,price_position_60d,2023,single
202304,0.068260231982097977,0.0020232683926478825,0.28844035753779673,0.50986363494726639,0.027304092792839192,0.15295909048417991,0.21346789273866099,0.39373107601568008,0.065166753745554543,0.0030934782365434343,0.051540339434801012,0.507527124507689,0.0023365104395773884,0.53128892894852464,0.28401498039916379,0.0044253771386329466,0.0083490685804570863,0.39312034473077939,0.00061073128490068962,0.17749809388434068,S4_lean31_price_position_60d_2023,lean31,price_position_60d,2023,single
202305,0.076818277815307048,0.0010717212434150965,0.21287001350765991,0.27007375334060435,0.030727311126122821,0.081022126002181297,0.23613899594770202,0.34788843307600614,0.073996781234955636,0.0028214965803514125,0.0070375176572454595,0.31518754079283262,-0.045113787452228271,-0.11212843028823988,0.20941285330730777,0.0034571602003521384,0.0021603107036879676,0.36133111873963975,-0.013442685663633602,-0.031471615234680173,S4_lean31_price_position_60d_2023,lean31,price_position_60d,2023,single
202306,0.030877314001309636,-4.9896132901771393e-05,0.37226892675782536,-0.012573825491246391,0.012350925600523855,-0.0037721476473739171,0.18831932197265236,0.19689809992580229,0.032980966623004836,-0.0021036526216951998,0.021072391622682731,-0.003815171055057237,-0.0087586544361891536,0.076191038659598934,0.37408387550972372,-0.0018149487518983598,0.028294143855681908,0.19982267267976764,-0.0029245727539653488,0.02279802509024817,S4_lean31_price_position_60d_2023,lean31,price_position_60d,2023,single
202307,0.10044579641207886,0.0014903265790747408,0.67033655799274361,0.37556229792683465,0.040178318564831547,0.11266868937805039,0.098899032602176917,0.25174604054505884,0.098265826742143236,0.0021799696699356247,0.083274538399415829,0.35741165206758968,0.018150645859244974,0.76573403056014056,0.67028558527051929,5.0972722224318368e-05,0.061519679465545596,0.24544415073597839,0.0063018898090804465,0.24457412068814482,S4_lean31_price_position_60d_2023,lean31,price_position_60d,2023,single
202308,0.030992769538584798,0.00031604665865704666,0.67993830852630455,0.079643757981575761,0.012397107815433919,0.023893127394472729,0.09601850744210863,0.13230874265201528,0.030833170214536146,0.00015959932404865235,0.019606200547666909,-0.027609771425509987,0.10725352940708574,0.050291457132253192,0.68586894981634439,-0.0059306412900398398,0.04066036819150054,0.098289651713258153,0.034019090938757129,0.010731806901292565,S4_lean31_price_position_60d_2023,lean31,price_position_60d,2023,single
202309,0.020484265692272772,-0.00015588625773374764,0.70665985301922929,-0.039283336948904402,0.0081937062769091087,-0.01178500108467132,0.088002044094231208,0.084410749286468995,0.023316491490274878,-0.0028322257980021061,0.03447172097295894,0.014839340638886372,-0.054122677587790775,-0.006808242480678621,0.71065787022238314,-0.0039980172031538475,0.04273140056914515,0.10058103772106092,-0.016170288434591923,-0.001073204525763552,S4_lean31_price_position_60d_2023,lean31,price_position_60d,2023,single
202310,0.044688004496836457,0.00089628328738945425,0.7101398263637293,0.22586338842214246,0.017875201798734582,0.067759016526642735,0.086958052090881213,0.17259227041625852,0.039890771111523671,0.0047972333853127866,0.027323535468704349,0.27437659443567319,-0.048513206013530735,0.14963163646417052,0.71595608627273566,-0.0058162599090063605,0.03860219879109994,0.18348246089349074,-0.01089019047723222,0.044238245489402916,S4_lean31_price_position_60d_2023,lean31,price_position_60d,2023,single
202311,0.088658074203666212,0.00081849622469920731,0.74354176915531878,0.20626104862420025,0.035463229681466486,0.061878314587260071,0.076937469253404361,0.17427901352213093,0.091988910379586245,-0.0033308361759200322,0.040177230769731766,0.24622906898866148,-0.039968020364461232,-0.19747959322786379,0.74246636064575711,0.0010754085095616706,0.018360964454193329,0.18792437665470579,-0.013645363132574861,-0.048681274996724422,S4_lean31_price_position_60d_2023,lean31,price_position_60d,2023,single
202312,0.066738959711816578,0.00088527536515769969,0.72088972135615825,0.22308939201974032,0.026695583884726634,0.06692681760592209,0.083733083593152527,0.17735548508380125,0.066444245494784185,0.00029471421703239353,0.060323888927900811,0.1962424262505742,0.02684696576916612,0.2268755538754374,0.72770116353436587,-0.0068114421782076162,0.012058876376041638,0.16714007701277617,0.010215408071025084,0.08857455882097906,S4_lean31_price_position_60d_2023,lean31,price_position_60d,2023,single
202301,0.066532403824402814,0.00025858202801595288,0.31304815781955414,0.065162671060020119,0.026612961529761128,0.019548801318006036,0.20608555265413378,0.25224731550190094,0.069517631624488138,-0.0029852278000853244,0.074489049616146052,0.072331881059119099,-0.0071692099990989799,0.23716762681925729,0.31097189368724576,0.0020762641323083808,0.026864730366725986,0.25621504886135726,-0.0039677333594563269,0.092886488782217835,S4_lean31_amount_ratio_20d_2023,lean31,amount_ratio_20d,2023,single
202302,0.15314561994150461,0.0033444306169475094,0.3185120170807697,0.84279651547077239,0.061258247976601843,0.25283895464123168,0.20444639487576907,0.51854359749360257,0.14585088975174998,0.0072947301897546279,0.11572877922852595,0.71656083128208292,0.12623568418868947,0.47782399025093625,0.31678589221867581,0.0017261248620938918,0.023843563292963665,0.47827283761972211,0.040270759873880457,0.18248563977880206,S4_lean31_amount_ratio_20d_2023,lean31,amount_ratio_20d,2023,single
202303,0.061709729056561573,0.0012674886532056944,0.30546614258692545,0.31940714060783498,0.024683891622624632,0.095822142182350495,0.20836015722392237,0.32886619102889747,0.060515553386580455,0.0011941756699811179,0.029327937147015253,0.29885685838657639,0.020550282221258598,0.096204972416426449,0.30940599898518267,-0.0039398563982572243,0.016833203765665605,0.32104147917505027,0.0078247118538471994,0.035542705454034373,S4_lean31_amount_ratio_20d_2023,lean31,amount_ratio_20d,2023,single
202304,0.065374449704865292,0.002298855683753613,0.28637275205631052,0.57931163230591043,0.026149779881946118,0.17379348969177313,0.21408817438310684,0.41403144395682612,0.065166753745554543,0.00020769595931074969,0.048654557157568327,0.507527124507689,0.071784507798221431,0.60073692630716868,0.28401498039916379,0.0023577716571467344,0.0062814630989708742,0.39312034473077939,0.020911099226046725,0.19779846182548672,S4_lean31_amount_ratio_20d_2023,lean31,amount_ratio_20d,2023,single
202305,0.080503987541085315,0.0012784891594356878,0.20727953503769209,0.3221792681777933,0.032201595016434124,0.096653780453337987,0.23781613948869235,0.36667151495846445,0.073996781234955636,0.0065072063061296787,0.010723227383023726,0.31518754079283262,0.0069917273849606776,-0.060022915451050929,0.20941285330730777,-0.002133318269615686,-0.0034301677662798569,0.36133111873963975,0.0053403962188247056,-0.012688533352221865,S4_lean31_amount_ratio_20d_2023,lean31,amount_ratio_20d,2023,single
202306,0.035182969665255456,-0.00011282698071925123,0.37436772302438154,-0.02843239914125131,0.014073187866102184,-0.0085297197423753919,0.18768968309268552,0.19323315121641232,0.032980966623004836,0.0022020030422506207,0.025378047286628552,-0.003815171055057237,-0.024617228086194074,0.060332465009594008,0.37408387550972372,0.0002838475146578201,0.030392940122238088,0.19982267267976764,-0.0065895214633553134,0.019133076380858205,S4_lean31_amount_ratio_20d_2023,lean31,amount_ratio_20d,2023,single
202307,0.10289413257965688,0.0013419442512744829,0.67886028979386581,0.33816995132116967,0.041157653031862751,0.1014509853963509,0.096341913061840256,0.2389505514900539,0.098265826742143236,0.004628305837513641,0.085722874566993845,0.35741165206758968,-0.01924170074642001,0.72834168395447563,0.67028558527051929,0.0085747045233465213,0.070043411266667799,0.24544415073597839,-0.0064935992459244918,0.23177863163313989,S4_lean31_amount_ratio_20d_2023,lean31,amount_ratio_20d,2023,single
202308,0.037399676999543871,0.00022566733503709904,0.68700988901485938,0.056868168429348956,0.014959870799817549,0.017060450528804685,0.093897033295542179,0.12591735462416442,0.030833170214536146,0.0065665067850077252,0.026013108008625982,-0.027609771425509987,0.084477939854858936,0.027515867580026391,0.68586894981634439,0.0011409391985149897,0.047731948680055369,0.098289651713258153,0.027627702910906271,0.0043404188734417065,S4_lean31_amount_ratio_20d_2023,lean31,amount_ratio_20d,2023,single
202309,0.02871886471034522,0.00031239000278461136,0.71458081673876095,0.078722280701722061,0.011487545884138089,0.023616684210516617,0.085625754978371715,0.12072998507302643,0.023316491490274878,0.0054023732200703424,0.042706319991031388,0.014839340638886372,0.063882940062835694,0.11119737516994785,0.71065787022238314,0.0039229465163778121,0.05065236428867681,0.10058103772106092,0.020148947351965513,0.035246031260793884,S4_lean31_amount_ratio_20d_2023,lean31,amount_ratio_20d,2023,single
202310,0.040859689266868351,0.0011172545703522125,0.71551283015486256,0.28154815172875758,0.016343875706747342,0.084464445518627265,0.085346150953541228,0.18615447217891584,0.039890771111523671,0.00096891815534468073,0.023495220238736243,0.27437659443567319,0.0071715572930843852,0.20531639977078564,0.71595608627273566,-0.00044325611787310315,0.043975202582233197,0.18348246089349074,0.0026720112854251021,0.057800447252060239,S4_lean31_amount_ratio_20d_2023,lean31,amount_ratio_20d,2023,single
202311,0.10477742260893991,0.0013793448426202258,0.74575469858567345,0.34759490034029689,0.041910969043575969,0.10427847010208906,0.07627359042429796,0.22246302956996297,0.091988910379586245,0.012788512229353663,0.056296579175005461,0.24622906898866148,0.1013658313516354,-0.056145741511767155,0.74246636064575711,0.0032883379399163415,0.020573893884548,0.18792437665470579,0.034538652915257179,-0.00049725894889238176,S4_lean31_amount_ratio_20d_2023,lean31,amount_ratio_20d,2023,single
202312,0.065788844841356137,0.00081528593048624753,0.72773498453695762,0.20545205448253437,0.026315537936542455,0.061635616344760308,0.081679504638912714,0.16963065892021548,0.066444245494784185,-0.00065540065342804821,0.059373774057440369,0.1962424262505742,0.0092096282319601708,0.20923821633823145,0.72770116353436587,3.3821002591749583e-05,0.018904139556841004,0.16714007701277617,0.0024905819074393099,0.080849732657393286,S4_lean31_amount_ratio_20d_2023,lean31,amount_ratio_20d,2023,single
202301,0.068021728803159015,0.00029429283732197823,0.31098770579946244,0.074161795005138517,0.027208691521263609,0.022248538501541553,0.20670368826016125,0.25616091828296639,0.069517631624488138,-0.0014959028213291231,0.075978374594902254,0.072331881059119099,0.001829913946019418,0.24616675076437572,0.31097189368724576,1.5812112216684326e-05,0.02480427834663429,0.25621504886135726,-5.4130578390876316e-05,0.096800091563283286,S4_lean31_log_mean_amount_20d_2023,lean31,log_mean_amount_20d,2023,single
202302,0.14380187536214545,0.0028182114975373652,0.31787686313656865,0.71018929737941605,0.057520750144858183,0.21305678921382482,0.20463694105902938,0.47521448041771241,0.14585088975174998,-0.002049014389604531,0.10638503464916679,0.71656083128208292,-0.0063715339026668705,0.34521677215957991,0.31678589221867581,0.0010909709178928417,0.023208409348762615,0.47827283761972211,-0.0030583572020096983,0.1391565227029119,S4_lean31_log_mean_amount_20d_2023,lean31,log_mean_amount_20d,2023,single
202303,0.060287854441530599,0.0012064981308873711,0.30835105098269799,0.30403752898361752,0.024115141776612239,0.091211258695085257,0.20749468470519059,0.32282108517688807,0.060515553386580455,-0.00022769894504985622,0.027906062531984278,0.29885685838657639,0.0051806705970411371,0.080835360792208988,0.30940599898518267,-0.0010549480024846791,0.01971811216143815,0.32104147917505027,0.0017796060018377968,0.029497599602024971,S4_lean31_log_mean_amount_20d_2023,lean31,log_mean_amount_20d,2023,single
202304,0.062462672752539417,0.0019118756288573533,0.2866690457758696,0.48179265847205305,0.024985069101015767,0.14453779754161591,0.2139992862672391,0.38352215290987079,0.065166753745554543,-0.0027040809930151261,0.045742780205242452,0.507527124507689,-0.02573446603563595,0.50321795247331125,0.28401498039916379,0.0026540653767058164,0.0065777568185299562,0.39312034473077939,-0.009598191820908597,0.16728917077853139,S4_lean31_log_mean_amount_20d_2023,lean31,log_mean_amount_20d,2023,single
202305,0.074941349985642544,0.00090915637070829809,0.20643390888187038,0.22910740541849112,0.02997653999425702,0.068732221625547332,0.23806982733543885,0.33677858895524321,0.073996781234955636,0.00094456875068690827,0.0051605898275809553,0.31518754079283262,-0.086080135374341504,-0.15309477821035311,0.20941285330730777,-0.0029789444254373909,-0.0042757939221015617,0.36133111873963975,-0.024552529784396537,-0.042581459355443108,S4_lean31_log_mean_amount_20d_2023,lean31,log_mean_amount_20d,2023,single
202306,0.029662929002279625,-0.00037001573704144509,0.3787436207418084,-0.093243965734444156,0.011865171600911851,-0.027973189720333247,0.18637691377745746,0.17026889565803607,0.032980966623004836,-0.0033180376207252102,0.019858006623652721,-0.003815171055057237,-0.089428794679386914,-0.0044791015835988351,0.37408387550972372,0.0046597452320846777,0.034768837839664946,0.19982267267976764,-0.029553777021731564,-0.0038311791775180459,S4_lean31_log_mean_amount_20d_2023,lean31,log_mean_amount_20d,2023,single
202307,0.096056458026652317,0.0013173315655298484,0.6698328815040725,0.33196755451352178,0.038422583210660929,0.099590266354056531,0.099050135548778243,0.23706298511349572,0.098265826742143236,-0.0022093687154909197,0.078885200013989284,0.35741165206758968,-0.025444097554067902,0.72213928714682774,0.67028558527051929,-0.00045270376644679367,0.061016002976874484,0.24544415073597839,-0.0083811656224826725,0.22989106525658171,S4_lean31_log_mean_amount_20d_2023,lean31,log_mean_amount_20d,2023,single
202308,0.029381608527931442,1.9967538287627136e-05,0.68326547026543483,0.0050318196484820379,0.011752643411172577,0.0015095458945446113,0.095020358920369544,0.10828254822608674,0.030833170214536146,-0.0014515616866047042,0.017995039537013553,-0.027609771425509987,0.032641591073992025,-0.024320481200840526,0.68586894981634439,-0.0026034795509095598,0.04398752993063082,0.098289651713258153,0.0099928965128285863,-0.013294387524635978,S4_lean31_log_mean_amount_20d_2023,lean31,log_mean_amount_20d,2023,single
202309,0.023334827957702239,0.00013947697903741359,0.70836660145268004,0.035148198717428226,0.0093339311830808961,0.010544459615228468,0.087490019564195984,0.10736841036250536,0.023316491490274878,1.8336467427361447e-05,0.037322283238388404,0.014839340638886372,0.020308858078541853,0.067623293185654007,0.71065787022238314,-0.002291268769703092,0.044438149002595906,0.10058103772106092,0.0067873726414444391,0.02188445655027281,S4_lean31_log_mean_amount_20d_2023,lean31,log_mean_amount_20d,2023,single
202310,0.038522518105158735,0.0012250013256017971,0.72106448603287099,0.30870033405165287,0.015409007242063495,0.092610100215495858,0.083680654190138704,0.19169976164769806,0.039890771111523671,-0.0013682530063649362,0.021158049077026626,0.27437659443567319,0.034323739615979676,0.23246858209368093,0.71595608627273566,0.0051083997601353293,0.04952685846024163,0.18348246089349074,0.0082173007542073184,0.063345736720842455,S4_lean31_log_mean_amount_20d_2023,lean31,log_mean_amount_20d,2023,single
202311,0.0941047093814531,0.0011001458862218727,0.7431342419423218,0.27723676332791192,0.037641883752581241,0.083171028998373572,0.07705972741730345,0.19787264016825828,0.091988910379586245,0.0021157990018668554,0.045623865947518653,0.24622906898866148,0.031007694339250436,-0.12650387852415212,0.74246636064575711,0.00066788129656469852,0.017953437241196357,0.18792437665470579,0.0099482635135524911,-0.025087648350597069,S4_lean31_log_mean_amount_20d_2023,lean31,log_mean_amount_20d,2023,single
202312,0.064089648691704609,0.00073654588302552056,0.72420298204243572,0.18560956252243119,0.025635859476681844,0.055682868756729356,0.082739105387269279,0.16405783362068049,0.066444245494784185,-0.0023545968030795755,0.057674577907788842,0.1962424262505742,-0.010632863728143011,0.18939572437812827,0.72770116353436587,-0.0034981814919301524,0.015372137062319102,0.16714007701277617,-0.0030822433920956738,0.075276907357858303,S4_lean31_log_mean_amount_20d_2023,lean31,log_mean_amount_20d,2023,single
202301,0.068861652240047255,0.00032888542364009355,0.30851679630403317,0.082879126757303578,0.027544660896018903,0.024863738027191072,0.20744496110879004,0.25985336003199999,0.069517631624488138,-0.00065597938444088288,0.076818298031790494,0.072331881059119099,0.010547245698184479,0.25488408251654077,0.31097189368724576,-0.00245509738321259,0.022333368851205015,0.25621504886135726,0.0036383111706427274,0.10049253331231689,S4_lean31_volatility_60d_2023,lean31,volatility_60d,2023,single
202302,0.14737340439274843,0.0027114098452693477,0.31557852910080308,0.6832752810078756,0.058949361757099375,0.20498258430236269,0.20532644126975907,0.46925838732922115,0.14585088975174998,0.0015225146409984514,0.10995656367976978,0.71656083128208292,-0.033285550274207321,0.31830275578803946,0.31678589221867581,-0.0012073631178727284,0.020910075312997045,0.47827283761972211,-0.0090144502905009638,0.13320042961442063,S4_lean31_volatility_60d_2023,lean31,volatility_60d,2023,single
202303,0.064468316596402134,0.0012719860202135001,0.30968549767704673,0.32054047709380201,0.025787326638560856,0.096162143128140601,0.207094350696886,0.32904382046358749,0.060515553386580455,0.0039527632098216789,0.032086524686855813,0.29885685838657639,0.021683618707225627,0.097338308902393478,0.30940599898518267,0.00027949869186405518,0.021052558855786885,0.32104147917505027,0.008002341288537218,0.035720334888724392,S4_lean31_volatility_60d_2023,lean31,volatility_60d,2023,single
202304,0.065921623715658031,0.0022375195830099115,0.28970581656540983,0.5638549349184977,0.026368649486263215,0.16915648047554929,0.21308825503037704,0.40861338499218958,0.065166753745554543,0.00075486997010348889,0.049201731168361067,0.507527124507689,0.056327810410808699,0.58528022891975595,0.28401498039916379,0.0056908361662460494,0.0096145276080701891,0.39312034473077939,0.015493040261410185,0.19238040286085017,S4_lean31_volatility_60d_2023,lean31,volatility_60d,2023,single
202305,0.07806344623056341,0.0012511245571309932,0.20739804760646977,0.31528338839701031,0.031225378492225366,0.094585016519103088,0.23778058571805907,0.36359098072938756,0.073996781234955636,0.0040666649956077744,0.0082826860725018214,0.31518754079283262,9.5847604177690116e-05,-0.066918795231833916,0.20941285330730777,-0.0020148057008380071,-0.003311655197502178,0.36133111873963975,0.0022598619897478134,-0.015769067581298757,S4_lean31_volatility_60d_2023,lean31,volatility_60d,2023,single
202306,0.032557434821055803,-0.00031911198016897166,0.380145463536812,-0.080416219002580863,0.013022973928422322,-0.024124865700774257,0.1859563609389564,0.17485446916660446,0.032980966623004836,-0.00042353180194903278,0.022752512442428898,-0.003815171055057237,-0.076601047947523621,0.008348645148264458,0.37408387550972372,0.0060615880270882827,0.036170680634668551,0.19982267267976764,-0.024968203513163173,0.00075439433105034537,S4_lean31_volatility_60d_2023,lean31,volatility_60d,2023,single
202307,0.10013973486388072,0.0013358983200836335,0.67224336528837458,0.33664637666107566,0.040055893945552291,0.10099391299832269,0.098326990413487622,0.23937679735736261,0.098265826742143236,0.0018739081217374887,0.082968476851217693,0.35741165206758968,-0.020765275406514017,0.72681810929438162,0.67028558527051929,0.0019577800178552929,0.06342648676117657,0.24544415073597839,-0.0060673533786157752,0.2322048775004486,S4_lean31_volatility_60d_2023,lean31,volatility_60d,2023,single
202308,0.033498863499437904,-0.00014873584427327392,0.68765687653866925,-0.037481432756865031,0.013399545399775163,-0.01124442982705951,0.093702937038399228,0.09585805261111488,0.030833170214536146,0.0026656932849017587,0.022112294508520015,-0.027609771425509987,-0.0098716613313550444,-0.066833733606187593,0.68586894981634439,0.0017879267223248618,0.048378936203865242,0.098289651713258153,-0.0024315991021432726,-0.025718883139607837,S4_lean31_volatility_60d_2023,lean31,volatility_60d,2023,single
202309,0.024476442709894995,-0.00032959517115786091,0.71123857636425591,-0.083057983131780949,0.0097905770839579985,-0.024917394939534283,0.086628427090723228,0.071501609235146951,0.023316491490274878,0.0011599512196201166,0.038463897990581163,0.014839340638886372,-0.097897323770667316,-0.050582888663555169,0.71065787022238314,0.00058070614187277769,0.047310123914171776,0.10058103772106092,-0.029079428485913966,-0.013982344577085595,S4_lean31_volatility_60d_2023,lean31,volatility_60d,2023,single
202310,0.040314336631151644,0.00096371776867930912,0.71839554485164758,0.24285687770718589,0.016125734652460658,0.072857063312155759,0.084481336544505722,0.17346413450912213,0.039890771111523671,0.00042356551962797334,0.022949867603019536,0.27437659443567319,-0.031519716728487301,0.16662512574921395,0.71595608627273566,0.0024394585789119239,0.046857917279018224,0.18348246089349074,-0.010018326384368614,0.045110109582266522,S4_lean31_volatility_60d_2023,lean31,volatility_60d,2023,single
202311,0.093839597039546169,0.00087217500084628766,0.74325289451163734,0.2197881002132645,0.03753583881581847,0.065936430063979354,0.077024131646508801,0.18049640052630661,0.091988910379586245,0.0018506866599599242,0.045358753605611722,0.24622906898866148,-0.026440968775396978,-0.18395254163879954,0.74246636064575711,0.00078653386588023455,0.018072089810511893,0.18792437665470579,-0.007427976128399183,-0.042463887992548743,S4_lean31_volatility_60d_2023,lean31,volatility_60d,2023,single
202312,0.068837377150711476,0.0010375095253063601,0.72915752706339254,0.26145240037720274,0.027534950860284593,0.078435720113160814,0.081252741880982235,0.18722341285442765,0.066444245494784185,0.0023931316559272914,0.062422306366795709,0.1962424262505742,0.065209974126628545,0.26523856223289982,0.72770116353436587,0.0014563635290266719,0.020326682083275927,0.16714007701277617,0.020083335841651478,0.098442486591605455,S4_lean31_volatility_60d_2023,lean31,volatility_60d,2023,single
202301,0.067376188803928011,0.00026923259566357028,0.30891593596602296,0.067846614107219705,0.026950475521571204,0.02035398423216591,0.20732521921019312,0.25462967896393024,0.069517631624488138,-0.0021414428205601271,0.07533283459567125,0.072331881059119099,-0.0044852669518993943,0.23985156986645689,0.31097189368724576,-0.0020559577212228008,0.022732508513194805,0.25621504886135726,-0.0015853698974270247,0.095268852244247137,S4_lean31_flag_limit_up_2023,lean31,flag_limit_up,2023,single
202302,0.1474925949347364,0.0028582314640741716,0.31650171427735974,0.72027432894669119,0.058997037973894564,0.21608229868400736,0.20504948571679207,0.48012882237469401,0.14585088975174998,0.0016417051829864249,0.11007575422175775,0.71656083128208292,0.0037134976646082674,0.35530180372685505,0.31678589221867581,-0.00028417794131607721,0.021833260489553696,0.47827283761972211,0.0018559847549718955,0.14407086465989349,S4_lean31_flag_limit_up_2023,lean31,flag_limit_up,2023,single
202303,0.060994718270553624,0.00124001681047202,0.30995916872709584,0.31248423623894905,0.024397887308221452,0.093745270871684716,0.20701224938187124,0.32515540756177741,0.060515553386580455,0.00047916488397316964,0.028612926361007304,0.29885685838657639,0.013627377852372669,0.089282068047540519,0.30940599898518267,0.00055316974191316204,0.021326229905835992,0.32104147917505027,0.0041139283867271392,0.031831921986914313,S4_lean31_flag_limit_up_2023,lean31,flag_limit_up,2023,single
202304,0.064628420933300623,0.001977454617344897,0.28671956035334134,0.49831856357091403,0.025851368373320249,0.1494955690712742,0.21398413189399759,0.38933106933859207,0.065166753745554543,-0.00053833281225391938,0.047908528386003658,0.507527124507689,-0.0092085609367749677,0.51974385757217223,0.28401498039916379,0.002704579954177555,0.0066282713960016948,0.39312034473077939,-0.003789275392187319,0.17309808720725267,S4_lean31_flag_limit_up_2023,lean31,flag_limit_up,2023,single
202305,0.073352048746769122,0.0009083435313349071,0.21247246983170767,0.2289025698963966,0.029340819498707649,0.068670770968918979,0.2362582590504877,0.33426984951811434,0.073996781234955636,-0.00064473248818651407,0.003571288588707533,0.31518754079283262,-0.086284970896436025,-0.15329961373244763,0.20941285330730777,0.0030596165243998996,0.0017627670277357288,0.36133111873963975,-0.027061269221525408,-0.045090198792571978,S4_lean31_flag_limit_up_2023,lean31,flag_limit_up,2023,single
202306,0.033824937344654783,8.9678825212785492e-05,0.38919121094377257,0.022599063953621944,0.013529974937861913,0.0067797191860865828,0.18324263671686825,0.20355233084081675,0.032980966623004836,0.00084397072164994758,0.024020014966027878,-0.003815171055057237,0.02641423500867918,0.11136392810446727,0.37408387550972372,0.015107335434048852,0.04521642804162912,0.19982267267976764,0.0037296581610491153,0.029452256005262634,S4_lean31_flag_limit_up_2023,lean31,flag_limit_up,2023,single
202307,0.098421411502294442,0.0013809568754508188,0.66819316315051913,0.34800113261360632,0.039368564600917783,0.10440033978408189,0.099542051054844261,0.24331095543984393,0.098265826742143236,0.00015558476015120615,0.08125015348963141,0.35741165206758968,-0.009410519453983357,0.73817286524691228,0.67028558527051929,-0.0020924221200001591,0.059376284623321118,0.24544415073597839,-0.0021331952961344547,0.23613903558292992,S4_lean31_flag_limit_up_2023,lean31,flag_limit_up,2023,single
202308,0.034702624293617548,6.789208295490459e-05,0.68469633898770532,0.017108804904635958,0.01388104971744702,0.0051326414713907869,0.094591098303688406,0.11360478949252621,0.030833170214536146,0.0038694540790814025,0.023316055302699659,-0.027609771425509987,0.044718576330145948,-0.012243495944686607,0.68586894981634439,-0.0011726108286390646,0.045418398652901315,0.098289651713258153,0.015315137779268059,-0.0079721462581965052,S4_lean31_flag_limit_up_2023,lean31,flag_limit_up,2023,single
202309,0.021907288857441642,-2.300695802107955e-05,0.70636431743505346,-0.005797753421312047,0.008762915542976658,-0.0017393260263936141,0.088090704769483955,0.095114294286066992,0.023316491490274878,-0.0014092026328332355,0.035894744138127807,0.014839340638886372,-0.020637094060198417,0.026677341046913734,0.71065787022238314,-0.0042935527873296797,0.042435864984969318,0.10058103772106092,-0.0054667434349939259,0.009630340473834445,S4_lean31_flag_limit_up_2023,lean31,flag_limit_up,2023,single
202310,0.038357298318765082,0.00094363780635078626,0.71493810476241904,0.23779672720039813,0.015342919327506033,0.071339018160119436,0.085518568571274281,0.17220050605889975,0.039890771111523671,-0.0015334727927585889,0.020992829290632974,0.27437659443567319,-0.036579867235275065,0.16156497524242619,0.71595608627273566,-0.0010179815103166234,0.043400477189789677,0.18348246089349074,-0.01128195483459099,0.043846481132044146,S4_lean31_flag_limit_up_2023,lean31,flag_limit_up,2023,single
202311,0.092877452311551367,0.00088193463910092649,0.73795917888913964,0.22224752905343348,0.037150980924620547,0.066674258716030041,0.078612246333258098,0.18243748597390869,0.091988910379586245,0.00088854193196512277,0.044396608877616921,0.24622906898866148,-0.023981539935228002,-0.18149311279863056,0.74246636064575711,-0.0045071817566174621,0.012778374188014197,0.18792437665470579,-0.0054868906807971074,-0.040522802544946668,S4_lean31_flag_limit_up_2023,lean31,flag_limit_up,2023,single
202312,0.067059479773953629,0.00096070394236327566,0.72211981899680422,0.24209739347554546,0.026823791909581451,0.072629218042663632,0.083364054300958737,0.18281706425320382,0.066444245494784185,0.00061523427916944373,0.060644408990037861,0.1962424262505742,0.04585496722497126,0.24588355533124254,0.72770116353436587,-0.0055813445375616499,0.013288974016687605,0.16714007701277617,0.015676987240427653,0.09403613799038163,S4_lean31_flag_limit_up_2023,lean31,flag_limit_up,2023,single
202301,0.069389855803736397,0.00053458977967706556,0.87326589668591015,0.13471662447862051,0.027755942321494559,0.040414987343586152,0.038020230994226953,0.10619116065930766,0.069517631624488138,-0.00012777582075174099,0.077346501595479636,0.072331881059119099,0.062384743419501412,0.30672158023785767,0.31097189368724576,0.56229400299866439,0.58708246923308205,0.25621504886135726,-0.15002388820204959,-0.053169666060375445,S4_lean31_flag_limit_down_2023,lean31,flag_limit_down,2023,single
202302,0.14383108709326214,0.0026633874828493149,0.87654519133643982,0.6711736456780274,0.057532434837304858,0.2013520937034082,0.037036442599068055,0.29592097113978116,0.14585088975174998,-0.0020198026584878348,0.10641424638028349,0.71656083128208292,-0.045387185604055524,0.30620112045819126,0.31678589221867581,0.55975929911776401,0.58187673754863378,0.47827283761972211,-0.18235186647994095,-0.040136986575019351,S4_lean31_flag_limit_down_2023,lean31,flag_limit_down,2023,single
202303,0.059780051664854728,0.0013779355241447069,0.8696780610231063,0.34723975208446611,0.023912020665941891,0.10417192562533983,0.039096581693068108,0.16718052798434985,0.060515553386580455,-0.00073550172172572731,0.027398259755308407,0.29885685838657639,0.048382893697889728,0.12403758389305758,0.30940599898518267,0.56027206203792357,0.58104512220184645,0.32104147917505027,-0.15386095119070042,-0.12614295759051325,S4_lean31_flag_limit_down_2023,lean31,flag_limit_down,2023,single
202304,0.062725499706794002,0.0018818225642162287,0.87072684958721047,0.4742192861824896,0.025090199882717601,0.14226578585474686,0.038781945123836856,0.20613793086130133,0.065166753745554543,-0.0024412540387605403,0.046005607159497038,0.507527124507689,-0.033307838325199401,0.4956445801837478,0.28401498039916379,0.58671186918804663,0.59063556062987077,0.39312034473077939,-0.18698241386947806,-0.010095051270038069,S4_lean31_flag_limit_down_2023,lean31,flag_limit_down,2023,single
202305,0.074470216302274628,0.0011413163705763963,0.84308527982237869,0.28761172538525187,0.029788086520909852,0.086283517615575553,0.04707441605328639,0.16314602018977178,0.073996781234955636,0.00047343506731899188,0.0046894561442130389,0.31518754079283262,-0.02757581540758075,-0.094590458243592357,0.20941285330730777,0.63367242651507094,0.63237557701840674,0.36133111873963975,-0.19818509854986796,-0.21621402812091453,S4_lean31_flag_limit_down_2023,lean31,flag_limit_down,2023,single
202306,0.028955579656677156,-0.00011841599758133633,0.88027855485044548,-0.029840831390496755,0.011582231862670864,-0.0089522494171490261,0.035916433544866351,0.038546415990388189,0.032980966623004836,-0.0040253869663276799,0.019150657278050251,-0.003815171055057237,-0.026025660335439519,0.058924032760348563,0.37408387550972372,0.50619467934072171,0.53630377194830203,0.19982267267976764,-0.16127625668937945,-0.13555365884516593,S4_lean31_flag_limit_down_2023,lean31,flag_limit_down,2023,single
202307,0.097449422354611473,0.0013018120888494634,0.87182991679573263,0.32805664639006477,0.038979768941844593,0.098416993917019427,0.038451024961280209,0.17584778782014421,0.098265826742143236,-0.00081640438753176336,0.080278164341948441,0.35741165206758968,-0.029355005677524915,0.71822837902337078,0.67028558527051929,0.20154433152521334,0.26301303826853462,0.24544415073597839,-0.069596362915834181,0.1686758679632302,S4_lean31_flag_limit_down_2023,lean31,flag_limit_down,2023,single
202308,0.028558021221161328,-0.00022461303502724038,0.85929427971504624,-0.056602484826864578,0.011423208488464532,-0.016980745448059373,0.042211716085486128,0.036654179125891286,0.030833170214536146,-0.0022751489933748176,0.017171452230243439,-0.027609771425509987,-0.028992713401354592,-0.08595478567618714,0.68586894981634439,0.17342532989870185,0.22001633938024223,0.098289651713258153,-0.061635472587366867,-0.084922756624831425,S4_lean31_flag_limit_down_2023,lean31,flag_limit_down,2023,single
202309,0.02118368189674746,-9.6301491219059635e-05,0.87590133537058124,-0.024267975787203029,0.0084734727586989848,-0.0072803927361609084,0.037229599388825627,0.038422679411363701,0.023316491490274878,-0.0021328095935274176,0.035171137177433628,0.014839340638886372,-0.039107316426089403,0.0082071186810227514,0.71065787022238314,0.1652434651481981,0.2119728829204971,0.10058103772106092,-0.062158358309697216,-0.047061274400868845,S4_lean31_flag_limit_down_2023,lean31,flag_limit_down,2023,single
202310,0.037283936077596141,0.0011852585063874014,0.86522108073437809,0.29868514360962517,0.014913574431038457,0.089605543082887554,0.040433675779686575,0.14495279329361258,0.039890771111523671,-0.0026068350339275292,0.019919467049464033,0.27437659443567319,0.024308549173951977,0.22245339165165323,0.71595608627273566,0.14926499446164243,0.19368345316174873,0.18348246089349074,-0.038529667599878165,0.016598768366756972,S4_lean31_flag_limit_down_2023,lean31,flag_limit_down,2023,single
202311,0.092439742431769292,0.00096421394222178216,0.87370628048708809,0.24298191343988909,0.036975896972707721,0.072894574031966725,0.037888115853873569,0.14775858685854804,0.091988910379586245,0.00045083205218304778,0.043958898997834846,0.24622906898866148,-0.0032471555487723902,-0.16075872841217495,0.74246636064575711,0.13123991984133099,0.14852547578596265,0.18792437665470579,-0.040165789796157758,-0.075201701660307319,S4_lean31_flag_limit_down_2023,lean31,flag_limit_down,2023,single
202312,0.063197469328246242,0.00090594785756790508,0.86091148655367655,0.22829886010711209,0.025278987731298497,0.068489658032133624,0.04172655403389703,0.13549519979732916,0.066444245494784185,-0.003246776166537943,0.056782398544330474,0.1962424262505742,0.032056433856537891,0.23208502196280917,0.72770116353436587,0.13321032301931068,0.15208064157355994,0.16714007701277617,-0.031644877215447009,0.046714273534506967,S4_lean31_flag_limit_down_2023,lean31,flag_limit_down,2023,single
202301,0.069375626830597392,0.00038529070574634704,0.30829494496209453,0.097093257848079456,0.027750250732238958,0.029127977354423837,0.20751151651137165,0.26438974459803444,0.069517631624488138,-0.00014200479389074594,0.077332272622340631,0.072331881059119099,0.024761376788960357,0.26909821360731667,0.31097189368724576,-0.0026769487251512292,0.022111517509266376,0.25621504886135726,0.0081746957366771733,0.10502891787835134,S4_lean31_limit_up_count_5d_2023,lean31,limit_up_count_5d,2023,single
202302,0.14629889366142629,0.0027637715381573918,0.31728134995805829,0.6964704276156628,0.058519557464570521,0.20894112828469882,0.20481559501258254,0.47227628076185191,0.14585088975174998,0.00044800390967630888,0.10888205294844763,0.71656083128208292,-0.02009040366642012,0.33149790239582666,0.31678589221867581,0.00049545773938247661,0.02261289617025225,0.47827283761972211,-0.0059965568578702055,0.13621832304705139,S4_lean31_limit_up_count_5d_2023,lean31,limit_up_count_5d,2023,single
202303,0.060689001395787347,0.0012436740189888818,0.30912857016956391,0.31340585278519822,0.024275600558314941,0.094021755835559467,0.20726142894913083,0.32555878534300525,0.060515553386580455,0.00017344800920689185,0.028307209486241026,0.29885685838657639,0.01454899439862184,0.09020368459378969,0.30940599898518267,-0.0002774288156187632,0.020495631348304066,0.32104147917505027,0.004517306167954982,0.032235299768142156,S4_lean31_limit_up_count_5d_2023,lean31,limit_up_count_5d,2023,single
202304,0.064078110779626052,0.0017715197249968655,0.28625479788900915,0.44642297069921011,0.025631244311850421,0.13392689120976303,0.21412356063329727,0.37368169615491076,0.065166753745554543,-0.0010886429659284907,0.047358218232329087,0.507527124507689,-0.061104153808478889,0.46784826470046831,0.28401498039916379,0.0022398174898453638,0.0061635089316695035,0.39312034473077939,-0.019438648575868633,0.15744871402357136,S4_lean31_limit_up_count_5d_2023,lean31,limit_up_count_5d,2023,single
202305,0.074903192388102974,0.001157964066418177,0.21380479981564027,0.29180694473738061,0.02996127695524119,0.087542083421214181,0.23585856005530792,0.35336192043176329,0.073996781234955636,0.00090641115314733789,0.0051224322300413849,0.31518754079283262,-0.023380596055452008,-0.090395238891463614,0.20941285330730777,0.0043919465083324949,0.0030950970116683241,0.36133111873963975,-0.0079691983078764572,-0.025998127878923027,S4_lean31_limit_up_count_5d_2023,lean31,limit_up_count_5d,2023,single
202306,0.033300491666035686,-1.1214814900252891e-05,0.37575652228569506,-0.0028261333548637285,0.013320196666414276,-0.00084784000645911849,0.18727304331429145,0.19974539997424662,0.032980966623004836,0.00031952504303085077,0.023495569287408782,-0.003815171055057237,0.00098903770019350854,0.085938730795981591,0.37408387550972372,0.0016726467759713426,0.03178173938355161,0.19982267267976764,-7.7272705521019835e-05,0.025645325138692499,S4_lean31_limit_up_count_5d_2023,lean31,limit_up_count_5d,2023,single
202307,0.097644092111106265,0.0013682907535006884,0.67288729878635734,0.34480926988217347,0.039057636844442509,0.10344278096465204,0.098133810364092799,0.24063422817318736,0.098265826742143236,-0.00062173463103697146,0.080472834098443233,0.35741165206758968,-0.012602382185416205,0.73498100251547949,0.67028558527051929,0.0026017135158380444,0.064070420259159322,0.24544415073597839,-0.0048099225627910303,0.23346230831627335,S4_lean31_limit_up_count_5d_2023,lean31,limit_up_count_5d,2023,single
202308,0.03040020164428946,-0.00010437096499484185,0.68649924782459248,-0.026301483178700145,0.012160080657715785,-0.0078904449536100433,0.094050225652622249,0.098319861356727989,0.030833170214536146,-0.00043296857024668553,0.019013632653371571,-0.027609771425509987,0.0013082882468098411,-0.055653784028022707,0.68586894981634439,0.00063029800824809801,0.047221307489788478,0.098289651713258153,3.0209643469836234e-05,-0.023257074393994728,S4_lean31_limit_up_count_5d_2023,lean31,limit_up_count_5d,2023,single
202309,0.023166989355094751,-6.9374752248647898e-05,0.71035572528634172,-0.017482437566659272,0.0092667957420379012,-0.0052447312699977809,0.086893282414097481,0.090915346886137602,0.023316491490274878,-0.00014950213518012678,0.037154444635780923,0.014839340638886372,-0.032321778205545645,0.014992656901566509,0.71065787022238314,-0.00030214493604141524,0.046427272836257583,0.10058103772106092,-0.0096656908349233156,0.0054313930739050553,S4_lean31_limit_up_count_5d_2023,lean31,limit_up_count_5d,2023,single
202310,0.037962874318237312,0.00092316785606896866,0.7199866306694046,0.2326382997293801,0.015185149727294926,0.069791489918814023,0.084004010799178616,0.16898065044528757,0.039890771111523671,-0.0019278967932863586,0.020598405290105204,0.27437659443567319,-0.041738294706293089,0.15640654777140817,0.71595608627273566,0.0040305443966689447,0.048449003096775245,0.18348246089349074,-0.014501810448203173,0.040626625518431964,S4_lean31_limit_up_count_5d_2023,lean31,limit_up_count_5d,2023,single
202311,0.093328354101669189,0.0010885718574698978,0.7403797275171613,0.27432010808241425,0.037331341640667676,0.082296032424724275,0.077886081744851607,0.19751345581024354,0.091988910379586245,0.0013394437220829447,0.044847510667734743,0.24622906898866148,0.028091039093752768,-0.12942053376964979,0.74246636064575711,-0.0020866331285958051,0.015198922816035854,0.18792437665470579,0.0095890791555377497,-0.025446832708611811,S4_lean31_limit_up_count_5d_2023,lean31,limit_up_count_5d,2023,single
202312,0.065746192310607521,0.00078133194961452429,0.72538135706281837,0.19689565130286013,0.02629847692424301,0.059068695390858038,0.08238559288115449,0.16775276519625554,0.066444245494784185,-0.00069805318417666407,0.059331121526691753,0.1962424262505742,0.00065322505228593286,0.20068181315855721,0.72770116353436587,-0.0023198064715475031,0.016550512082701752,0.16714007701277617,0.00061268818347937071,0.078971838933433347,S4_lean31_limit_up_count_5d_2023,lean31,limit_up_count_5d,2023,single
202301,0.071111746371860365,0.0004230693190238066,0.30558448352815559,0.10661346839399927,0.028444698548744148,0.03198404051819978,0.20832465494155331,0.26875339400849724,0.069517631624488138,0.0015941147473722272,0.079068392163603604,0.072331881059119099,0.034281587334880168,0.27861842415323645,0.31097189368724576,-0.0053874101590901669,0.019401056075327439,0.25621504886135726,0.012538345147139973,0.10939256728881414,S4_lean31_limit_down_count_5d_2023,lean31,limit_down_count_5d,2023,single
202302,0.14561670639548743,0.0027513901849716259,0.31526883202252393,0.69335032661284979,0.058246682558194977,0.20800509798385494,0.20541935039324283,0.47167113093529273,0.14585088975174998,-0.00023418335626254616,0.10819986568250878,0.71656083128208292,-0.023210504669233134,0.32837780139301365,0.31678589221867581,-0.001517060196151887,0.020600378234717887,0.47827283761972211,-0.006601706684429387,0.13561317322049221,S4_lean31_limit_down_count_5d_2023,lean31,limit_down_count_5d,2023,single
202303,0.060901659179571396,0.0012862985928438942,0.30617066060502512,0.32414724539666134,0.024360663671828559,0.097244173618998397,0.20814880181849243,0.32975363910931937,0.060515553386580455,0.00038610579299094144,0.028519867270025076,0.29885685838657639,0.025290387010084958,0.10094507720525281,0.30940599898518267,-0.0032353383801575486,0.017537721783765281,0.32104147917505027,0.0087121599342691036,0.036430153534456278,S4_lean31_limit_down_count_5d_2023,lean31,limit_down_count_5d,2023,single
202304,0.063967551389667421,0.0019103188456215665,0.28501357435259339,0.48140034909663476,0.025587020555866969,0.14442010472899042,0.21449592769422196,0.38450305297907938,0.065166753745554543,-0.0011992023558871218,0.047247658842370456,0.507527124507689,-0.026126775411054237,0.50282564309789302,0.28401498039916379,0.00099859395342960511,0.0049222853952537449,0.39312034473077939,-0.0086172917517000069,0.16827007084773998,S4_lean31_limit_down_count_5d_2023,lean31,limit_down_count_5d,2023,single
202305,0.075196816887291337,0.0011436929988456216,0.20650131934617133,0.28821063570909666,0.030078726754916536,0.086463190712728996,0.2380496041961486,0.35459152166379415,0.073996781234955636,0.0012000356523357014,0.0054160567292297485,0.31518754079283262,-0.026976905083735958,-0.093991547919747565,0.20941285330730777,-0.0029115339611364421,-0.004208383457800613,0.36133111873963975,-0.0067395970758455936,-0.024768526646892164,S4_lean31_limit_down_count_5d_2023,lean31,limit_down_count_5d,2023,single
202306,0.029781552367845476,-0.00014509521530322683,0.37500414183836056,-0.036563994256413164,0.011912620947138191,-0.010969198276923948,0.18749875744849184,0.18844218011870609,0.032980966623004836,-0.00319941425515936,0.019976629989218571,-0.003815171055057237,-0.032748823201355928,0.052200869894432157,0.37408387550972372,0.00092026632863684288,0.031029358936217111,0.19982267267976764,-0.01138049256106155,0.014342105283151968,S4_lean31_limit_down_count_5d_2023,lean31,limit_down_count_5d,2023,single
202307,0.095385504260108903,0.0013906544112853526,0.66826644350748388,0.35044491164390884,0.038154201704043565,0.10513347349317265,0.099520066947754837,0.24280774214497106,0.098265826742143236,-0.0028803224820343337,0.078214246247445871,0.35741165206758968,-0.0069667404236808395,0.74061664427721485,0.67028558527051929,-0.0020191417630354147,0.059449564980285863,0.24544415073597839,-0.0026364085910073332,0.23563582228805705,S4_lean31_limit_down_count_5d_2023,lean31,limit_down_count_5d,2023,single
202308,0.033645272795014836,-1.7428196178871091e-05,0.68405849556944454,-0.0043919054370755153,0.013458109118005934,-0.0013175716311226546,0.094782451329166642,0.10692298881604992,0.030833170214536146,0.0028121025804786898,0.022258703804096946,-0.027609771425509987,0.02321786598843447,-0.033744206286398078,0.68586894981634439,-0.0018104542468998508,0.044780555234640529,0.098289651713258153,0.008633337102791766,-0.014653946934672799,S4_lean31_limit_down_count_5d_2023,lean31,limit_down_count_5d,2023,single
202309,0.023630869462057599,-5.2143822792322832e-05,0.70975977538891788,-0.013140243343665354,0.0094523477848230397,-0.0039420730030996064,0.087072067383324639,0.09258234216504807,0.023316491490274878,0.00031437797178272137,0.037618324742743764,0.014839340638886372,-0.027979583982551726,0.019334851124560425,0.71065787022238314,-0.0008980948334652572,0.045831322938833741,0.10058103772106092,-0.007998695556012847,0.0070983883528155239,S4_lean31_limit_down_count_5d_2023,lean31,limit_down_count_5d,2023,single
202310,0.037444733520479855,0.001130151374687644,0.7181443709444203,0.28479814642128631,0.014977893408191943,0.085439443926385888,0.084556688716673906,0.18497402605125174,0.039890771111523671,-0.0024460375910438162,0.020080264492347746,0.27437659443567319,0.01042155198561312,0.20856639446331438,0.71595608627273566,0.0021882846716846371,0.046606743371790937,0.18348246089349074,0.001491565157760999,0.056620001124396135,S4_lean31_limit_down_count_5d_2023,lean31,limit_down_count_5d,2023,single
202311,0.092555906201152449,0.00081131109573004997,0.74142804105872073,0.20445039612397259,0.03702236248046098,0.061335118837191775,0.077571587682383772,0.17592906900003652,0.091988910379586245,0.00056699582156620465,0.044075062767218003,0.24622906898866148,-0.041778672864688893,-0.19929024572809145,0.74246636064575711,-0.0010383195870363737,0.016247236357595285,0.18792437665470579,-0.011995307654669274,-0.047031219518818834,S4_lean31_limit_down_count_5d_2023,lean31,limit_down_count_5d,2023,single
202312,0.065551065349054458,0.00070706449147885184,0.72397300964876188,0.17818025185267067,0.026220426139621784,0.0534540755558012,0.082808097105371431,0.16248259880079441,0.066444245494784185,-0.00089318014572972726,0.05913599456513869,0.1962424262505742,-0.01806217439790353,0.18196641370836775,0.72770116353436587,-0.0037281538856039909,0.015142164668645264,0.16714007701277617,-0.0046574782119817582,0.073701672537972218,S4_lean31_limit_down_count_5d_2023,lean31,limit_down_count_5d,2023,single
202301,0.0563266880130006,0.00040688657991802123,0.30954097647782547,0.10253541813934135,0.022530675205200242,0.030760625441802403,0.20713770705665238,0.26042900770365501,0.069517631624488138,-0.013190943611487538,0.064283333804743839,0.072331881059119099,0.030203537080222248,0.27454037389857855,0.31097189368724576,-0.0014309172094202904,0.023357549024997315,0.25621504886135726,0.0042139588422977492,0.10106818098397191,S4_lean31_ret_1d_rank_pct_2023,lean31,ret_1d_rank_pct,2023,single
202302,0.12123342245856099,0.0024439230329776906,0.30372814649477781,0.61586860431037804,0.048493368983424399,0.1847605812931134,0.20888155605156664,0.44213550632810444,0.14585088975174998,-0.024617467293188991,0.083816581745582347,0.71656083128208292,-0.10069222697170488,0.2508960790905419,0.31678589221867581,-0.013057745723898007,0.009059692706971767,0.47827283761972211,-0.036137331291617669,0.10607754861330393,S4_lean31_ret_1d_rank_pct_2023,lean31,ret_1d_rank_pct,2023,single
202303,0.05257077689922459,0.0013886653971901201,0.30753071450589681,0.34994368009191024,0.021028310759689837,0.10498310402757306,0.20774078564823098,0.33375220043549392,0.060515553386580455,-0.0079447764873558646,0.02018898498967827,0.29885685838657639,0.051086821705333851,0.1267415119005017,0.30940599898518267,-0.0018752844792858658,0.018897775684636964,0.32104147917505027,0.012710721260443647,0.040428714860630821,S4_lean31_ret_1d_rank_pct_2023,lean31,ret_1d_rank_pct,2023,single
202304,0.047187305160158767,0.0010496303947436058,0.2888190980167688,0.26450685947538866,0.018874922064063507,0.079352057842616591,0.21335427059496934,0.31158125050164942,0.065166753745554543,-0.017979448585395776,0.030467412612861802,0.507527124507689,-0.24302026503230034,0.28593215347664686,0.28401498039916379,0.0048041176176050193,0.0087278090594291591,0.39312034473077939,-0.081539094229129971,0.095348268370310019,S4_lean31_ret_1d_rank_pct_2023,lean31,ret_1d_rank_pct,2023,single
202305,0.077466207941815385,0.0015215759596677314,0.21605148859594533,0.38343714183626831,0.030986483176726157,0.11503114255088048,0.23518455342121639,0.38120217914882304,0.073996781234955636,0.003469426706859749,0.007685447783753796,0.31518754079283262,0.068249601043435693,0.0012349582074240861,0.20941285330730777,0.0066386352886375621,0.0053417857919733913,0.36133111873963975,0.019871060409183294,0.0018421308381367241,S4_lean31_ret_1d_rank_pct_2023,lean31,ret_1d_rank_pct,2023,single
202306,0.019369355279516113,-0.00011537711648564055,0.37666498875862497,-0.02907503335438142,0.0077477421118064453,-0.0087225100063144257,0.1870005033724125,0.18602573547790452,0.032980966623004836,-0.013611611343488723,0.0095644329008892082,-0.003815171055057237,-0.025259862299324184,0.059689830796463901,0.37408387550972372,0.0025811132489012567,0.032690205856481525,0.19982267267976764,-0.013796937201863119,0.0119256606423504,S4_lean31_ret_1d_rank_pct_2023,lean31,ret_1d_rank_pct,2023,single
202307,0.085496144853313194,0.00067974166123571027,0.67048517437650523,0.17129489863139899,0.034198457941325276,0.051388469589419693,0.09885444768704843,0.18444137521779341,0.098265826742143236,-0.012769681888830042,0.068324886840650162,0.35741165206758968,-0.18611675343619069,0.56146663126470497,0.67028558527051929,0.00019958910598594226,0.06166829584930722,0.24544415073597839,-0.061002775518184976,0.1772694553608794,S4_lean31_ret_1d_rank_pct_2023,lean31,ret_1d_rank_pct,2023,single
202308,0.021486791859376318,-0.0003995137085521642,0.68678227263384872,-0.10067745455514537,0.008594716743750527,-0.030203236366543609,0.093965318209845383,0.072356798587052296,0.030833170214536146,-0.0093463783551598276,0.010100222868458429,-0.027609771425509987,-0.07306768312963538,-0.13002975540446793,0.68586894981634439,0.00091332281750433619,0.047504332299044716,0.098289651713258153,-0.025932853126205857,-0.049220137163670422,S4_lean31_ret_1d_rank_pct_2023,lean31,ret_1d_rank_pct,2023,single
202309,0.020069443100686053,5.6791058749833129e-05,0.70413876945477782,0.014311346804957948,0.0080277772402744217,0.0042934040414873845,0.08875836916356665,0.10107955044532846,0.023316491490274878,-0.0032470483895888254,0.034056898381372221,0.014839340638886372,-0.00052799383392842375,0.046786441273183731,0.71065787022238314,-0.0065191007676053125,0.040210317004693685,0.10058103772106092,0.00049851272426754134,0.015595596633095912,S4_lean31_ret_1d_rank_pct_2023,lean31,ret_1d_rank_pct,2023,single
202310,0.032224418286787529,0.00087008219680159422,0.71281206895717608,0.21926071359400173,0.012889767314715013,0.065778214078200517,0.08615637931284717,0.1648243607057627,0.039890771111523671,-0.0076663528247361418,0.014859949258655421,0.27437659443567319,-0.055115880841671461,0.14302896163602979,0.71595608627273566,-0.0031440173155595774,0.041274441384546723,0.18348246089349074,-0.018658100187728038,0.036470335778907098,S4_lean31_ret_1d_rank_pct_2023,lean31,ret_1d_rank_pct,2023,single
202311,0.081266937412697068,0.0010539136437685843,0.73453419999728731,0.26558623822968325,0.032506774965078832,0.079675871468904966,0.079639740000813808,0.1918223864347976,0.091988910379586245,-0.010721972966889176,0.032786093978762622,0.24622906898866148,0.019357169241021766,-0.13815440362238079,0.74246636064575711,-0.0079321606484697993,0.0093533952961618594,0.18792437665470579,0.0038980097800918045,-0.031137902084057756,S4_lean31_ret_1d_rank_pct_2023,lean31,ret_1d_rank_pct,2023,single
202312,0.060219537494296857,0.00080314367785875034,0.73154148488343462,0.2023922068204051,0.024087814997718743,0.060717662046121529,0.080537554534969608,0.16534303157880986,0.066444245494784185,-0.0062247080004873279,0.053804466710381089,0.1962424262505742,0.0061497805698308983,0.20617836867610217,0.72770116353436587,0.0038403213490687538,0.022710639903318008,0.16714007701277617,-0.0017970454339663045,0.076562105315987672,S4_lean31_ret_1d_rank_pct_2023,lean31,ret_1d_rank_pct,2023,single
202301,0.06940862404226314,0.00026195365606244893,0.31223627532551235,0.066012321327737128,0.027763449616905259,0.019803696398321139,0.2063291174023463,0.25389626341757271,0.069517631624488138,-0.00010900758222499862,0.077365269834006378,0.072331881059119099,-0.0063195597313819712,0.23801727708697432,0.31097189368724576,0.0012643816382665873,0.026052847872684193,0.25621504886135726,-0.0023187854437845545,0.094535436697889608,S4_lean31_ret_5d_rank_pct_2023,lean31,ret_5d_rank_pct,2023,single
202302,0.14322116900915643,0.0027164947884269095,0.31294247485564819,0.68455668668358116,0.057288467603662574,0.20536700600507435,0.20611725754330554,0.46877273115204243,0.14585088975174998,-0.0026297207425935443,0.10580432829617778,0.71656083128208292,-0.03200414459850176,0.31958416146374502,0.31678589221867581,-0.0038434173630276236,0.01827402106784215,0.47827283761972211,-0.0095001064676796809,0.13271477343724192,S4_lean31_ret_5d_rank_pct_2023,lean31,ret_5d_rank_pct,2023,single
202303,0.059921028196581731,0.0011919475176032761,0.30874002665108219,0.30037077443602556,0.023968411278632695,0.090111232330807658,0.20737799200467533,0.32145763561411567,0.060515553386580455,-0.00059452518999872361,0.027539236287035411,0.29885685838657639,0.001513916049449171,0.077168606244617022,0.30940599898518267,-0.00066597233410048418,0.020107087829822345,0.32104147917505027,0.00041615643906539601,0.02813415003925257,S4_lean31_ret_5d_rank_pct_2023,lean31,ret_5d_rank_pct,2023,single
202304,0.065272322891621007,0.002026966762725498,0.2874179081697692,0.51079562420682556,0.026108929156648406,0.15323868726204767,0.21377462754906923,0.39312224396776529,0.065166753745554543,0.00010556914606646428,0.048552430344324042,0.507527124507689,0.0032684996991365622,0.53222091820808382,0.28401498039916379,0.0034029277706054128,0.0073266192124295526,0.39312034473077939,1.8992369859027747e-06,0.17688926183642589,S4_lean31_ret_5d_rank_pct_2023,lean31,ret_5d_rank_pct,2023,single
202305,0.079550947455024154,0.0012055127017332932,0.21229087298606042,0.3037892008367899,0.031820378982009664,0.091136760251036966,0.23631273810418185,0.35926987733722848,0.073996781234955636,0.0055541662200685182,0.0097701872969625653,0.31518754079283262,-0.011398339956042725,-0.078412982792054331,0.20941285330730777,0.0028780196787526469,0.001581170182088476,0.36133111873963975,-0.0020612414024112624,-0.020090170973457833,S4_lean31_ret_5d_rank_pct_2023,lean31,ret_5d_rank_pct,2023,single
202306,0.03285336963523925,6.8601351999859696e-05,0.37446142932973375,0.017287540703964644,0.013141347854095702,0.0051862622111893929,0.18766157120107987,0.20598918126636498,0.032980966623004836,-0.00012759698776558526,0.023048447256612346,-0.003815171055057237,0.02110271175902188,0.10605240485480996,0.37408387550972372,0.00037755382001003479,0.030486646427590303,0.19982267267976764,0.0061665085865973412,0.03188910643081086,S4_lean31_ret_5d_rank_pct_2023,lean31,ret_5d_rank_pct,2023,single
202307,0.10189269089179034,0.0016702496592395782,0.66942706246109629,0.42090291412837372,0.040757076356716139,0.1262708742385121,0.099171881261671105,0.26619983185689933,0.098265826742143236,0.0036268641496471077,0.084721432879127312,0.35741165206758968,0.063491262060784037,0.81107464676167962,0.67028558527051929,-0.0008585228094230013,0.060610183933898276,0.24544415073597839,0.020755681120920938,0.25902791199998532,S4_lean31_ret_5d_rank_pct_2023,lean31,ret_5d_rank_pct,2023,single
202308,0.03406640196492447,3.3676659510289934e-05,0.68862705473528973,0.0084865181965930632,0.013626560785969789,0.002545955458977919,0.093411883579413074,0.10958439982436077,0.030833170214536146,0.003233231750388324,0.022679832974006581,-0.027609771425509987,0.036096289622103053,-0.020865782652729502,0.68586894981634439,0.0027581049189453477,0.049349114400485727,0.098289651713258153,0.01129474811110262,-0.011992535926361944,S4_lean31_ret_5d_rank_pct_2023,lean31,ret_5d_rank_pct,2023,single
202309,0.028883454895241432,0.00029850163899843815,0.71205765099842577,0.075222413027606419,0.011553381958096574,0.022566723908281926,0.086382704700472268,0.12050281056685078,0.023316491490274878,0.0055669634049665545,0.042870910175927604,0.014839340638886372,0.060383072388720045,0.10769750749583221,0.71065787022238314,0.0013997807760426362,0.048129198548341634,0.10058103772106092,0.019921772845789859,0.03501885675461823,S4_lean31_ret_5d_rank_pct_2023,lean31,ret_5d_rank_pct,2023,single
202310,0.040688360692651152,0.0011115578576239146,0.71518760988536623,0.28011258012122647,0.016275344277060462,0.084033774036367942,0.085443717034390132,0.18575283534781853,0.039890771111523671,0.0007975895811274808,0.023323891664519043,0.27437659443567319,0.0057359856855532798,0.20388082816325453,0.71595608627273566,-0.00076847638736943225,0.043649982312736868,0.18348246089349074,0.0022703744543277893,0.057398810420962926,S4_lean31_ret_5d_rank_pct_2023,lean31,ret_5d_rank_pct,2023,single
202311,0.090480803061844153,0.00074215546510319498,0.73931012985458966,0.18702317720600514,0.036192321224737665,0.056106953161801539,0.078206961043623097,0.1705062354301623,0.091988910379586245,-0.0015081073177420912,0.041999959627909707,0.24622906898866148,-0.059205891782656339,-0.2167174646460589,0.74246636064575711,-0.003156230791167447,0.014129325153464212,0.18792437665470579,-0.017418141224543493,-0.052454053088693053,S4_lean31_ret_5d_rank_pct_2023,lean31,ret_5d_rank_pct,2023,single
202312,0.064191552703357052,0.00075301814615465331,0.72499802037731076,0.18976057283097264,0.025676621081342822,0.056928171849291789,0.082500593886806764,0.16510538681744136,0.066444245494784185,-0.0022526927914271327,0.057776481919441285,0.1962424262505742,-0.0064818534196015576,0.19354673468666972,0.72770116353436587,-0.0027031431570551101,0.016167175397194145,0.16714007701277617,-0.0020346901953348095,0.076324460554619167,S4_lean31_ret_5d_rank_pct_2023,lean31,ret_5d_rank_pct,2023,single
202301,0.068273304558418818,0.00046483066551961832,0.3072626952535974,0.11713732771094382,0.027309321823367528,0.035141198313283141,0.20782119142392078,0.27027171156057145,0.069517631624488138,-0.0012443270660693201,0.076229950350162057,0.072331881059119099,0.044805446651824718,0.28914228347018101,0.31097189368724576,-0.0037091984336483641,0.021079267800769241,0.25621504886135726,0.014056662699214184,0.11091088484088835,S4_lean31_ret_20d_rank_pct_2023,lean31,ret_20d_rank_pct,2023,single
202302,0.14710192950592366,0.0028795613966222551,0.31557326214738185,0.72564947194880824,0.058840771802369463,0.21769484158464247,0.20532802135578543,0.48186363474279736,0.14585088975174998,0.0012510397541736773,0.109685088792945,0.71656083128208292,0.0090886406667253228,0.3606769467289721,0.31678589221867581,-0.0012126300712939631,0.020904808359575811,0.47827283761972211,0.0035907971230752511,0.14580567702799685,S4_lean31_ret_20d_rank_pct_2023,lean31,ret_20d_rank_pct,2023,single
202303,0.061954860237663362,0.0011529555305060154,0.30478983831724071,0.2905447936875159,0.024781944095065345,0.087163438106254765,0.20856304850482779,0.32050843070614787,0.060515553386580455,0.0014393068510829068,0.029573068328117041,0.29885685838657639,-0.0083120646990604841,0.067342625496107367,0.30940599898518267,-0.0046161606679419598,0.01615689949598087,0.32104147917505027,-0.00053304846890239732,0.027184945131284777,S4_lean31_ret_20d_rank_pct_2023,lean31,ret_20d_rank_pct,2023,single
202304,0.064265449493572935,0.0018496508333824969,0.28162560631610484,0.46611201001238922,0.025706179797429174,0.13983360300371675,0.21551231810516852,0.38105210090631447,0.065166753745554543,-0.0009013042519816078,0.04754555694627597,0.507527124507689,-0.041415114495299776,0.48753730401364742,0.28401498039916379,-0.0023893740830589483,0.0015343173587651915,0.39312034473077939,-0.012068243824464919,0.16481911877497507,S4_lean31_ret_20d_rank_pct_2023,lean31,ret_20d_rank_pct,2023,single
202305,0.075819718224499622,0.0011626265483379269,0.19967935288523217,0.29298189018115756,0.030327887289799849,0.08789456705434727,0.24009619413443034,0.35831864847857747,0.073996781234955636,0.0018229369895439856,0.0060389580664380327,0.31518754079283262,-0.022205650611675065,-0.089220293447686672,0.20941285330730777,-0.0097335004220756027,-0.011030349918739774,0.36133111873963975,-0.0030124702610622722,-0.021041399832108842,S4_lean31_ret_20d_rank_pct_2023,lean31,ret_20d_rank_pct,2023,single
202306,0.030936503878524389,-0.00020030194376218278,0.37219509598617501,-0.050476089828070059,0.012374601551409757,-0.015142826948421017,0.18834147120414749,0.18557324580713622,0.032980966623004836,-0.0020444627444804464,0.021131581499897484,-0.003815171055057237,-0.046660918773012823,0.038288774322775262,0.37408387550972372,-0.0018887795235487115,0.028220313084031556,0.19982267267976764,-0.014249426872631421,0.011473170971582097,S4_lean31_ret_20d_rank_pct_2023,lean31,ret_20d_rank_pct,2023,single
202307,0.099311603993788675,0.0014351929430697966,0.66286662780258776,0.36166862165358876,0.039724641597515473,0.10850058649607662,0.10114001165922366,0.24936523975281577,0.098265826742143236,0.0010457772516454383,0.082140345981125643,0.35741165206758968,0.0042569695859990819,0.75184035428689477,0.67028558527051929,-0.0074189574679315307,0.054049749275389747,0.24544415073597839,0.0039210890168373813,0.24219331989590176,S4_lean31_ret_20d_rank_pct_2023,lean31,ret_20d_rank_pct,2023,single
202308,0.035024739431044935,0.00020278645279767671,0.67591432848757305,0.051102186105014533,0.014009895772417975,0.015330655831504359,0.097225701453728081,0.1265662530576504,0.030833170214536146,0.0041915692165087892,0.023638170440127046,-0.027609771425509987,0.078711957530524512,0.021749885255691968,0.68586894981634439,-0.0099546213287713403,0.036636388152769039,0.098289651713258153,0.028276601344392249,0.0049893173069276847,S4_lean31_ret_20d_rank_pct_2023,lean31,ret_20d_rank_pct,2023,single
202309,0.024224480564628895,3.0655395822633246e-05,0.70355213955678797,0.0077251597473035781,0.0096897922258515588,0.0023175479241910732,0.088934358132963603,0.10094169828300624,0.023316491490274878,0.00090798907435401741,0.038211935845315063,0.014839340638886372,-0.007114180891582794,0.040200254215529356,0.71065787022238314,-0.0071057306655951669,0.039623687106703831,0.10058103772106092,0.00036066056194532237,0.015457744470773693,S4_lean31_ret_20d_rank_pct_2023,lean31,ret_20d_rank_pct,2023,single
202310,0.041487931242211784,0.00087981397763232016,0.71050693340782767,0.22171312236334467,0.016595172496884716,0.066513936709003393,0.086847919977651691,0.1699570291835398,0.039890771111523671,0.0015971601306881134,0.024123462214079676,0.27437659443567319,-0.052663472072328521,0.14548137040537273,0.71595608627273566,-0.0054491528649079912,0.038969305835198309,0.18348246089349074,-0.013525431709950936,0.041603004256684201,S4_lean31_ret_20d_rank_pct_2023,lean31,ret_20d_rank_pct,2023,single
202311,0.095448611044888609,0.00084483720488798101,0.73997049455705632,0.21289897563177121,0.038179444417955448,0.063869692689531354,0.078008851632883097,0.18005798874036991,0.091988910379586245,0.0034597006653023649,0.046967767610954163,0.24622906898866148,-0.033330093356890272,-0.19084166622029283,0.74246636064575711,-0.0024958660887007822,0.014789689855930876,0.18792437665470579,-0.0078663879143358872,-0.042902299778485448,S4_lean31_ret_20d_rank_pct_2023,lean31,ret_20d_rank_pct,2023,single
202312,0.069866554093159339,0.0008709202696275531,0.71899022582151617,0.21947190794614338,0.027946621637263736,0.065841572383843014,0.08430293225354514,0.1780911262746519,0.066444245494784185,0.0034223085983751539,0.063451483309243578,0.1962424262505742,0.023229481695569182,0.22325806980184046,0.72770116353436587,-0.0087109377128496979,0.010159380841399557,0.16714007701277617,0.010951049261875734,0.08931020001182971,S4_lean31_ret_20d_rank_pct_2023,lean31,ret_20d_rank_pct,2023,single
202301,0.069549198535922063,0.00037963165363466051,0.30954524679096335,0.095667176715934443,0.027819679414368827,0.028700153014780332,0.20713642596271098,0.26365625839186013,0.069517631624488138,3.1566911433925093e-05,0.077505844327665302,0.072331881059119099,0.023335295656815344,0.26767213247517163,0.31097189368724576,-0.001426646896282413,0.023361819338135192,0.25621504886135726,0.007441209530502868,0.10429543167217703,S4_lean31_amount_ratio_5d_rank_pct_2023,lean31,amount_ratio_5d_rank_pct,2023,single
202302,0.14867972356797132,0.0029345131801042407,0.31851469074471855,0.73949732138626867,0.059471889427188535,0.22184919641588061,0.20444559277658444,0.48576667861965361,0.14585088975174998,0.0028288338162213433,0.11126288285499267,0.71656083128208292,0.022936490104185747,0.37452479616643253,0.31678589221867581,0.0017287985260427408,0.023846236956912514,0.47827283761972211,0.0074938409999315003,0.1497087209048531,S4_lean31_amount_ratio_5d_rank_pct_2023,lean31,amount_ratio_5d_rank_pct,2023,single
202303,0.062822355534148,0.0014234985640121326,0.31103337799300151,0.3587216381310574,0.025128942213659203,0.10761649143931722,0.20668998660209956,0.339435420255076,0.060515553386580455,0.0023068021475675451,0.03044056362460168,0.29885685838657639,0.059864779744481011,0.13551946993964886,0.30940599898518267,0.001627379007818841,0.022400439171741671,0.32104147917505027,0.018393941080025733,0.046111934680212907,S4_lean31_amount_ratio_5d_rank_pct_2023,lean31,amount_ratio_5d_rank_pct,2023,single
202304,0.065130152567268881,0.0020838504915172314,0.28792540038252207,0.52513032386234226,0.026052061026907554,0.15753909715870268,0.21362237988524338,0.39721353807085358,0.065166753745554543,-3.6601178285661229e-05,0.048410260019971917,0.507527124507689,0.017603199354653265,0.54655561786360052,0.28401498039916379,0.003910419983358282,0.0078341114251824218,0.39312034473077939,0.004093193340074186,0.18098055593951418,S4_lean31_amount_ratio_5d_rank_pct_2023,lean31,amount_ratio_5d_rank_pct,2023,single
202305,0.071939317748100848,0.00092190007701851171,0.21390787252227952,0.23231881940866494,0.028775727099240339,0.069695645822599475,0.23582763824331615,0.33429901116515598,0.073996781234955636,-0.0020574634868547881,0.002158557590039259,0.31518754079283262,-0.082868721384167676,-0.14988336422017928,0.20941285330730777,0.0044950192149717516,0.0031981697183075808,0.36133111873963975,-0.027032107574483766,-0.045061037145530336,S4_lean31_amount_ratio_5d_rank_pct_2023,lean31,amount_ratio_5d_rank_pct,2023,single
202306,0.032833524490315846,-0.00010384840164971991,0.3803878768190968,-0.026169797215729419,0.013133409796126339,-0.0078509391647188249,0.18588363695427096,0.19116610758567848,0.032980966623004836,-0.00014744213268898937,0.023028602111688942,-0.003815171055057237,-0.022354626160672183,0.062595066935115906,0.37408387550972372,0.0063040013093730862,0.036413093916953354,0.19982267267976764,-0.0086565650940891581,0.01706603275012436,S4_lean31_amount_ratio_5d_rank_pct_2023,lean31,amount_ratio_5d_rank_pct,2023,single
202307,0.099166166790593813,0.0013630120015312029,0.67221112263099358,0.34347902438586314,0.039666466716237525,0.10304370731575895,0.098336663210701919,0.2410468372426984,0.098265826742143236,0.00090034004845057636,0.081994908777930781,0.35741165206758968,-0.013932627681726539,0.73365075701916904,0.67028558527051929,0.0019255373604742942,0.063394244103795572,0.24544415073597839,-0.0043973134932799862,0.23387491738578439,S4_lean31_amount_ratio_5d_rank_pct_2023,lean31,amount_ratio_5d_rank_pct,2023,single
202308,0.03266670146799059,1.0611090243298291e-06,0.68687486492658345,0.00026739947413111694,0.013066680587196237,8.0219842239335077e-05,0.093937540522024965,0.10708444095146054,0.030833170214536146,0.0018335312534544443,0.021280132477072701,-0.027609771425509987,0.027877170899641104,-0.029084901375191447,0.68586894981634439,0.001005915110239064,0.047596924591779444,0.098289651713258153,0.0087947892382023857,-0.014492494799262179,S4_lean31_amount_ratio_5d_rank_pct_2023,lean31,amount_ratio_5d_rank_pct,2023,single
202309,0.024740437216823771,-0.00019208910073726802,0.70882151121428882,-0.04840645338579154,0.0098961748867295099,-0.014521936015737461,0.087353546635713347,0.082727785506705398,0.023316491490274878,0.0014239457265488933,0.038727892497509936,0.014839340638886372,-0.063245794024677907,-0.015931358917565759,0.71065787022238314,-0.0018363590080943126,0.044893058764204685,0.10058103772106092,-0.017853252214355519,-0.0027561683055271485,S4_lean31_amount_ratio_5d_rank_pct_2023,lean31,amount_ratio_5d_rank_pct,2023,single
202310,0.039761386931370317,0.00099936506943807887,0.72111283858926911,0.25183999749839586,0.015904554772548127,0.075551999249518761,0.083666148423219261,0.17512270244528616,0.039890771111523671,-0.00012938418015335379,0.022396917903238209,0.27437659443567319,-0.022536596937277331,0.17560824554042392,0.71595608627273566,0.0051567523165334528,0.049575211016639753,0.18348246089349074,-0.0083597584482045795,0.046768677518430557,S4_lean31_amount_ratio_5d_rank_pct_2023,lean31,amount_ratio_5d_rank_pct,2023,single
202311,0.092053777693255873,0.0009442713343720936,0.74341983481024942,0.23795637626176758,0.036821511077302353,0.071386912878530273,0.076974049556925175,0.18518247351275779,0.091988910379586245,6.4867313669628168e-05,0.043572934259321426,0.24622906898866148,-0.0082726927268939043,-0.16578426559029646,0.74246636064575711,0.00095347416449231837,0.018239030109123977,0.18792437665470579,-0.0027419031419479989,-0.037777815006097559,S4_lean31_amount_ratio_5d_rank_pct_2023,lean31,amount_ratio_5d_rank_pct,2023,single
202312,0.068712765797578498,0.00085781427981437516,0.72569297219852302,0.21616919851322253,0.027485106319031401,0.064850759553966755,0.082292108340443093,0.17462797421344126,0.066444245494784185,0.0022685203027943135,0.062297695013662731,0.1962424262505742,0.019926772262648329,0.21995536036891961,0.72770116353436587,-0.002008191335842846,0.016862127218406409,0.16714007701277617,0.007487897200665089,0.085847047950619065,S4_lean31_amount_ratio_5d_rank_pct_2023,lean31,amount_ratio_5d_rank_pct,2023,single
202301,0.066214459072061069,0.0003804333463267075,0.30686164822722312,0.095869203274330295,0.026485783628824429,0.028760760982299086,0.20794150553183308,0.2631880501429566,0.069517631624488138,-0.0033031725524270694,0.074171104863804307,0.072331881059119099,0.023537322215211195,0.26787415903356748,0.31097189368724576,-0.0041102454600226435,0.020678220774394962,0.25621504886135726,0.0069730012815993336,0.1038272234232735,S4_lean31_volatility_20d_rank_pct_2023,lean31,volatility_20d_rank_pct,2023,single
202302,0.14394112145653815,0.0030519313549093258,0.31679987855032776,0.76908670143715008,0.057576448582615264,0.23072601043114502,0.20496003643490165,0.49326249544866196,0.14585088975174998,-0.0019097682952118333,0.10652428074355949,0.71656083128208292,0.052525870155067156,0.40411417621731394,0.31678589221867581,1.3986331651949513e-05,0.022131424762521723,0.47827283761972211,0.014989657828939851,0.15720453773386145,S4_lean31_volatility_20d_rank_pct_2023,lean31,volatility_20d_rank_pct,2023,single
202303,0.058243873983974973,0.0012935210433402263,0.30480288311253895,0.32596730292173703,0.02329754959358999,0.097790190876521105,0.20855913506623833,0.32964687553634942,0.060515553386580455,-0.0022716794026054823,0.025862082074428652,0.29885685838657639,0.027110444535160649,0.1027651347303285,0.30940599898518267,-0.004603115872643726,0.016169944291279104,0.32104147917505027,0.0086053963612991446,0.036323389961486319,S4_lean31_volatility_20d_rank_pct_2023,lean31,volatility_20d_rank_pct,2023,single
202304,0.063036412183518242,0.0018722618924146973,0.28014989095906062,0.47180999688850372,0.0252145648734073,0.1415429990665511,0.21595503271228181,0.38271259665224022,0.065166753745554543,-0.0021303415620363003,0.046316519636221277,0.507527124507689,-0.035717127619185274,0.49323529088976192,0.28401498039916379,-0.0038650894401031644,5.8602001720975405e-05,0.39312034473077939,-0.01040774807853917,0.16647961452090082,S4_lean31_volatility_20d_rank_pct_2023,lean31,volatility_20d_rank_pct,2023,single
202305,0.074613716097683899,0.0012071141291490942,0.2040709754144768,0.30419276054557176,0.02984548643907356,0.09125782816367152,0.23877870737565693,0.35988202197840202,0.073996781234955636,0.00061693486272826337,0.0048329559396223104,0.31518754079283262,-0.01099478024726086,-0.078009423083272467,0.20941285330730777,-0.0053418778928309707,-0.0066387273894951415,0.36133111873963975,-0.0014490967612377226,-0.019478026332284293,S4_lean31_volatility_20d_rank_pct_2023,lean31,volatility_20d_rank_pct,2023,single
202306,0.032856368377398817,4.7099458035839567e-05,0.36590377870892044,0.011869063425031572,0.013142547350959528,0.0035607190275094712,0.19022886638732386,0.20693213276579286,0.032980966623004836,-0.00012459824560601823,0.023051445998771913,-0.003815171055057237,0.015684234480088807,0.10063392757587689,0.37408387550972372,-0.0081800968008032826,0.021928995806776985,0.19982267267976764,0.0071094600860252266,0.032832057930238745,S4_lean31_volatility_20d_rank_pct_2023,lean31,volatility_20d_rank_pct,2023,single
202307,0.094129186051608513,0.0013870827579600582,0.6634698117136022,0.34954485500593468,0.037651674420643405,0.1048634565017804,0.10095905648591934,0.24347418740834315,0.098265826742143236,-0.0041366406905347236,0.076957928038945481,0.35741165206758968,-0.0078667970616549954,0.73971658763924064,0.67028558527051929,-0.006815773556917093,0.054652933186404185,0.24544415073597839,-0.0019699633276352435,0.23630226755142913,S4_lean31_volatility_20d_rank_pct_2023,lean31,volatility_20d_rank_pct,2023,single
202308,0.037462409740621296,0.00025556461975564595,0.68076403542502673,0.064402284178422781,0.014984963896248519,0.019320685253526832,0.095770789372491977,0.13007643852226733,0.030833170214536146,0.0066292395260851497,0.026075840749703406,-0.027609771425509987,0.092012055603932774,0.035049983329100212,0.68586894981634439,-0.0051049143913176609,0.041486095090222719,0.098289651713258153,0.031786786809009177,0.008499502771544612,S4_lean31_volatility_20d_rank_pct_2023,lean31,volatility_20d_rank_pct,2023,single
202309,0.020414297379126797,9.0761633251560138e-05,0.70029890460415745,0.022871931579393153,0.0081657189516507189,0.0068615794738179454,0.089910328618752769,0.10493762704422144,0.023316491490274878,-0.0029021941111480806,0.034401752659812962,0.014839340638886372,0.008032590940506781,0.05534702604761893,0.71065787022238314,-0.010358965618225691,0.036370452154073307,0.10058103772106092,0.0043565893231605202,0.019453673231988891,S4_lean31_volatility_20d_rank_pct_2023,lean31,volatility_20d_rank_pct,2023,single
202310,0.038666417782711085,0.0011843603885848659,0.70901066288607517,0.29845881792338619,0.015466567113084435,0.089537645377015848,0.08729680113417744,0.19230101362427771,0.039890771111523671,-0.0012243533288125857,0.021301948754578977,0.27437659443567319,0.024082223487712995,0.22222706596541425,0.71595608627273566,-0.0069454233866604875,0.037473035313445813,0.18348246089349074,0.008818552730786966,0.063946988697422102,S4_lean31_volatility_20d_rank_pct_2023,lean31,volatility_20d_rank_pct,2023,single
202311,0.092351581270523439,0.00083427538481199498,0.73937847874503393,0.21023739697262273,0.036940632508209378,0.063071219091786812,0.078186456376489813,0.178198307976486,0.091988910379586245,0.00036267089093719451,0.043870737836588992,0.24622906898866148,-0.035991672016038756,-0.19350324487944132,0.74246636064575711,-0.0030878819007231773,0.014197674043908481,0.18792437665470579,-0.0097260686782197903,-0.044761980542369351,S4_lean31_volatility_20d_rank_pct_2023,lean31,volatility_20d_rank_pct,2023,single
202312,0.064270252696155536,0.00078490716153719036,0.71819002926699338,0.19779660470737198,0.025708101078462216,0.05933898141221159,0.084542991219901983,0.16959007371057577,0.066444245494784185,-0.0021739927986286489,0.057855181912239768,0.1962424262505742,0.0015541784567977834,0.20158276656306906,0.72770116353436587,-0.0095111342673724897,0.009359184286876765,0.16714007701277617,0.0024499966977996057,0.080809147447753582,S4_lean31_volatility_20d_rank_pct_2023,lean31,volatility_20d_rank_pct,2023,single
202301,0.070288061238379107,0.00032113524538623006,0.30975597991291104,0.08092608183732998,0.028115224495351643,0.024277824551198993,0.20707320602612669,0.25946625507267734,0.069517631624488138,0.00077042961389096887,0.078244707030122346,0.072331881059119099,0.0085942007782108809,0.25293103759656715,0.31097189368724576,-0.0012159137743347204,0.023572552460082885,0.25621504886135726,0.003251206211320079,0.10010542835299424,S4_lean31_log_mean_amount_20d_rank_pct_2023,lean31,log_mean_amount_20d_rank_pct,2023,single
202302,0.14654406819278154,0.002872341317437686,0.31973589472852726,0.72383001199429686,0.058617627277112616,0.21714900359828906,0.20407923158144181,0.47984586245684346,0.14585088975174998,0.00069317844103156112,0.10912722747980289,0.71656083128208292,0.0072691807122139407,0.35885748677446072,0.31678589221867581,0.002950002509851446,0.02506744094072122,0.47827283761972211,0.0015730248371213507,0.14378790474204295,S4_lean31_log_mean_amount_20d_rank_pct_2023,lean31,log_mean_amount_20d_rank_pct,2023,single
202303,0.061003793724749344,0.0013241327008071007,0.30887926557850243,0.33368144060338939,0.02440151748989974,0.10010443218101682,0.20733622032644927,0.33184216999736582,0.060515553386580455,0.00048824033816888962,0.028622001815203024,0.29885685838657639,0.034824582216813005,0.11047927241198086,0.30940599898518267,-0.00052673340668024649,0.020246326757242583,0.32104147917505027,0.010800690822315551,0.038518684422502725,S4_lean31_log_mean_amount_20d_rank_pct_2023,lean31,log_mean_amount_20d_rank_pct,2023,single
202304,0.06456892689481325,0.0018174737973968868,0.28681717464334511,0.45800339694401548,0.0258275707579253,0.13740101908320465,0.21395484760699646,0.37718343744812644,0.065166753745554543,-0.0005978268507412926,0.047849034347516285,0.507527124507689,-0.049523727563673514,0.47942869094527368,0.28401498039916379,0.0028021942441813219,0.0067258856860054617,0.39312034473077939,-0.015936907282652957,0.16095045531678703,S4_lean31_log_mean_amount_20d_rank_pct_2023,lean31,log_mean_amount_20d_rank_pct,2023,single
202305,0.075113638162789792,0.0011903124128385949,0.21129169740737869,0.29995872803532592,0.030045455265115917,0.089987618410597769,0.2366124907777864,0.3566455644535001,0.073996781234955636,0.0011168569278341561,0.0053328780047282032,0.31518754079283262,-0.015228812757506704,-0.082243455593518311,0.20941285330730777,0.0018788441000709144,0.00058199460340674358,0.36133111873963975,-0.0046855542861396482,-0.022714483857186218,S4_lean31_log_mean_amount_20d_rank_pct_2023,lean31,log_mean_amount_20d_rank_pct,2023,single
202306,0.030704503605460686,-5.1776448958621229e-05,0.37245874737268675,-0.013047665137572551,0.012281801442184275,-0.0039142995412717648,0.18826237578819396,0.19662987768910647,0.032980966623004836,-0.0022764630175441496,0.020899581226833781,-0.003815171055057237,-0.0092324940825153131,0.075717199013272771,0.37408387550972372,-0.0016251281370369686,0.028483964470543299,0.19982267267976764,-0.003192794990661163,0.022529802853552355,S4_lean31_log_mean_amount_20d_rank_pct_2023,lean31,log_mean_amount_20d_rank_pct,2023,single
202307,0.098848777754349956,0.0012985950667065518,0.66973809732703082,0.32724595681005103,0.039539511101739984,0.098173787043015312,0.099078570801890753,0.23679186894664606,0.098265826742143236,0.00058295101220671997,0.081677519741686924,0.35741165206758968,-0.030165695257538649,0.71741768944335704,0.67028558527051929,-0.00054748794348846719,0.06092121879983281,0.24544415073597839,-0.0086522817893323334,0.22961994908973204,S4_lean31_log_mean_amount_20d_rank_pct_2023,lean31,log_mean_amount_20d_rank_pct,2023,single
202308,0.032039974918530875,-2.1442873440889445e-05,0.68629711784539138,-0.00540360410710414,0.012815989967412351,-0.0016210812321312419,0.094110864646382589,0.10530577338166369,0.030833170214536146,0.0012068047039947294,0.020653405927612986,-0.027609771425509987,0.022206167318405846,-0.034755904956426706,0.68586894981634439,0.00042816802904699358,0.047019177510587373,0.098289651713258153,0.0070161216684055394,-0.016271162369059025,S4_lean31_log_mean_amount_20d_rank_pct_2023,lean31,log_mean_amount_20d_rank_pct,2023,single
202309,0.022950636435707737,0.0001134903592452105,0.70835070576128767,0.028599570529793044,0.0091802545742830956,0.0085798711589379125,0.087494788271613694,0.10525491400483469,0.023316491490274878,-0.00036585505456714074,0.036938091716393909,0.014839340638886372,0.013760229890906672,0.061074664998018821,0.71065787022238314,-0.0023071644610954678,0.04442225331120353,0.10058103772106092,0.0046738762837737757,0.019770960192602147,S4_lean31_log_mean_amount_20d_rank_pct_2023,lean31,log_mean_amount_20d_rank_pct,2023,single
202310,0.040057840513015912,0.0009780011261126154,0.71468989023590068,0.24645628378037909,0.016023136205206366,0.073936885134113728,0.08559303292922979,0.17555305426854989,0.039890771111523671,0.00016706940149224109,0.022693371484883804,0.27437659443567319,-0.0279203106552941,0.17022453182240715,0.71595608627273566,-0.0012661960368349767,0.043152262663271324,0.18348246089349074,-0.007929406624940849,0.047199029341694287,S4_lean31_log_mean_amount_20d_rank_pct_2023,lean31,log_mean_amount_20d_rank_pct,2023,single
202311,0.091092510677715455,0.00094809610606766913,0.74238461545021728,0.23892021872905261,0.036437004271086183,0.071676065618715784,0.077284615364934819,0.18539768525473677,0.091988910379586245,-0.00089639970187078977,0.042611667243781008,0.24622906898866148,-0.0073088502596088678,-0.16482042312301143,0.74246636064575711,-8.1745195539828508e-05,0.01720381074909183,0.18792437665470579,-0.0025266913999690277,-0.037562603264118588,S4_lean31_log_mean_amount_20d_rank_pct_2023,lean31,log_mean_amount_20d_rank_pct,2023,single
202312,0.066997373627462914,0.0008541875175009019,0.72359009660194695,0.21525525441022728,0.026798949450985168,0.06457657632306818,0.082922971019415911,0.17429849679346926,0.066444245494784185,0.00055312813267872907,0.060582302843547146,0.1962424262505742,0.019012828159653078,0.21904141626592435,0.72770116353436587,-0.0041110669324189164,0.014759251621830338,0.16714007701277617,0.0071584197806930927,0.085517570530647069,S4_lean31_log_mean_amount_20d_rank_pct_2023,lean31,log_mean_amount_20d_rank_pct,2023,single
202101,0.059963753868861346,0.0014747548227061957,0.50112353860231607,0.37163821532196134,0.02398550154754454,0.1114914645965884,0.14966293841930517,0.28513990456343807,0.058765447804673743,0.0011983060641876028,0.020145834330017966,0.43864074747199783,-0.067002532150036487,0.3871728543543459,0.49399280421472913,0.0071307343875869345,-0.044087116862961184,0.30690056209905009,-0.021760657535612016,0.13743632509719925,S4_full34_ret_2d_2021,full34,ret_2d,2021,single
202102,0.096050648955663342,0.0028158696898993186,0.45596825609462205,0.70959916185462824,0.038420259582265338,0.21287974855638847,0.16320952317161336,0.41450953131026719,0.095366796455667535,0.00068385249999580733,0.06421696972310037,0.59683556810584515,0.11276359374878309,0.72561719146370796,0.47393656436534026,-0.017968308270718214,0.07872980592018497,0.37501641970441846,0.03949311160584873,0.21975300355229702,S4_full34_ret_2d_2021,full34,ret_2d,2021,single
202103,0.10448909862221198,0.0029792843816308615,0.48972498230885508,0.75077966417097708,0.041795639448884793,0.22523389925129311,0.15308250530734346,0.42011204400752139,0.10289822410824899,0.0015908745139629893,0.042722088877193497,0.72183865168678774,0.028941012484189343,0.63861572997586957,0.44701805308512554,0.042706929223729539,0.045464283679055695,0.42360546922379827,-0.0034934252162768797,0.19503426943992158,S4_full34_ret_2d_2021,full34,ret_2d,2021,single
202104,0.068476737537853091,0.0023822960867368442,0.45378465030572784,0.60033861385768472,0.027390695015141239,0.1801015841573054,0.16386460490828161,0.37135688408072826,0.064976959431469306,0.0034997781063837857,0.045885680099016696,0.61318248434047418,-0.012843870482789455,0.7350989704526163,0.43344382559331474,0.020340824712413108,0.090010463732490442,0.37991238139673555,-0.0085554973160072989,0.2118808240556444,S4_full34_ret_2d_2021,full34,ret_2d,2021,single
202105,0.050742906437498451,0.0015224679571304797,0.33620004968126088,0.38366192519688086,0.020297162574999382,0.11509857755906425,0.19913998509562172,0.33453572522968533,0.052241511779904583,-0.0014986053424061313,0.035686560036288964,0.48505182450607293,-0.10138989930919207,0.20694661861122288,0.3342262871249112,0.0019737625563496786,-0.067340603096298079,0.36614426592631033,-0.031608540696624998,0.0965607905267718,S4_full34_ret_2d_2021,full34,ret_2d,2021,single
202106,0.079158321951066798,0.0026102146752265722,0.37289240809068491,0.6577740981570962,0.031663328780426721,0.19733222944712886,0.18813227757279452,0.41712783580035007,0.077854284456356074,0.0013040374947107247,0.050401729557941671,0.64500174557823853,0.012772352578857671,0.68493715308187209,0.41979747426550401,-0.046905066174819099,-0.036312370853776144,0.39870299517636282,0.018424840623987249,0.23653554900387108,S4_full34_ret_2d_2021,full34,ret_2d,2021,single
202107,0.063320767045069185,0.0026291450985499137,0.32196109658193045,0.66254456483457824,0.025328306818027675,0.19876336945037346,0.20341167102542088,0.427503347293822,0.061881075413042663,0.0014396916320265213,0.023478358203647916,0.6656542870952904,-0.0031097222607121555,0.22086937833838799,0.32417932796494148,-0.0022182313830110267,0.014698899389717912,0.42719491790432174,0.00030842938950026433,0.07124248696606017,S4_full34_ret_2d_2021,full34,ret_2d,2021,single
202108,0.093830272587133223,0.0019335368971570106,0.28071803933591011,0.48725129808356665,0.037532109034853295,0.14617538942507,0.21578458819922697,0.39949208665915026,0.092561340577702197,0.0012689320094310258,0.045235446681656633,0.46032093664766721,0.026930361435899441,0.41646810493804964,0.26687196382300571,0.013846075512904399,0.033529100333061945,0.39505922807847932,0.0044328585806709397,0.13297588005415895,S4_full34_ret_2d_2021,full34,ret_2d,2021,single
202109,0.09025528951548846,0.0025272893185860103,0.24126846380582484,0.6368769082836746,0.036102115806195385,0.19106307248510238,0.22761946085825252,0.4547846491495503,0.091010616952011028,-0.00075532743652256817,0.065222519821297814,0.6156783491683161,0.021198559115358506,0.70005621444614885,0.24776292454690929,-0.0064944607410844513,0.0028568448798295676,0.44677887416722645,0.0080057749823238544,0.23524881879841492,S4_full34_ret_2d_2021,full34,ret_2d,2021,single
202110,0.048283204489559368,0.00074329669232674569,0.18137897907666276,0.1873107664663399,0.019313281795823749,0.056193229939901966,0.24558630627700115,0.32109281801272688,0.04820508873861469,7.8115750944678097e-05,0.001723274706222723,0.27941044490790651,-0.092099678441566607,-0.11947463118039856,0.19196266497556608,-0.010583685898903322,-0.022749526076239895,0.34551636947514797,-0.024423551462421089,-0.028328221648758478,S4_full34_ret_2d_2021,full34,ret_2d,2021,single
202111,0.087833841991036846,0.0021071982221999275,0.13612466228678485,0.53101395199438173,0.03513353679641474,0.15930418559831452,0.25916260131396451,0.45360032370869374,0.087308274398253352,0.00052556759278349352,0.046772101993882806,0.44485970115517631,0.086154250839205415,0.4499667453697434,0.1351328008386907,0.00099186144809415566,-0.0031905608047295975,0.42784137985424697,0.02575894385444677,0.15465603264989497,S4_full34_ret_2d_2021,full34,ret_2d,2021,single
202112,0.063733302853924534,0.00038839191993665856,0.10811845590591951,0.097874763824037952,0.025493321141569814,0.029362429147211384,0.26756446322822414,0.32242021351700534,0.065913253996340349,-0.0021799511424158147,0.046665050777430342,0.106942732076547,-0.009067968252509051,0.30155869020097664,0.10304813465651336,0.0050703212494061511,0.002369875434431068,0.3275336808245462,-0.0051134673075408643,0.10842266474093581,S4_full34_ret_2d_2021,full34,ret_2d,2021,single
202201,0.12483736049388316,0.0032790099807704621,0.062410973373817132,0.82631051515415643,0.049934944197553267,0.24789315454624691,0.28127670798785481,0.57910480673165499,0.12470227903505464,0.00013508145882852596,0.064020805123761765,0.88005607374028738,-0.053745558586130948,0.58746713466721068,0.047613466832023582,0.014797506541793549,0.017129014596554651,0.59961369368650097,-0.020508886954845984,0.19670975807070146,S4_full34_ret_2d_2022,full34,ret_2d,2022,single
202202,0.0822940967267628,0.0017685572859992907,0.040926092464149008,0.44567643607182128,0.032917638690705124,0.13370293082154638,0.2877221722607553,0.45434274177300682,0.080346543742632712,0.0019475529841300881,0.044407662501498753,0.44018709360237573,0.0054893424694455462,0.20052798635219102,0.042480685355200817,-0.0015545928910518092,-0.0038960195830430727,0.45145053997120554,0.0028922018018012752,0.079090266781169816,S4_full34_ret_2d_2022,full34,ret_2d,2022,single
202203,0.068364856523881579,0.0013423980771877951,0.17577929383878252,0.33828431545132437,0.027345942609552632,0.10148529463539731,0.24726621184836522,0.37609744909331516,0.070561146933528954,-0.0021962904096473751,0.032483576995207028,0.31231761171730871,0.025966703734015661,0.5230029806019354,0.15208483308019252,0.023694460758589997,0.068584010400611295,0.37629429236454642,-0.00019684327123126177,0.14931912185848004,S4_full34_ret_2d_2022,full34,ret_2d,2022,single
202204,0.085931636025771474,0.00074020235059451005,0.37269131918725285,0.18653099234981654,0.034372654410308588,0.055959297704944962,0.18819260424382414,0.27852455635907769,0.090954385040434543,-0.0050227490146630693,0.026196881981514882,0.34693073750529191,-0.16039974515547537,0.040726642424666559,0.29476783605626994,0.077923483130982907,0.20990313840730046,0.3520306244508804,-0.073506068091802712,-0.040274196002184237,S4_full34_ret_2d_2022,full34,ret_2d,2022,single
202205,0.14198325542121801,0.0024262966855509317,0.18569028910061533,0.61142676475883473,0.056793302168487207,0.18342802942765041,0.24429291326981539,0.48451424486595301,0.14210188088570128,-0.00011862546448326849,0.043147297135652615,0.65083302866438431,-0.039406263905549577,0.1822059857272591,0.17124247141791082,0.014447817682704506,0.010780564785167562,0.50071791952822253,-0.016203674662269518,0.068686545136888544,S4_full34_ret_2d_2022,full34,ret_2d,2022,single
202206,0.092711012049416355,0.00067297912471804848,0.2304147762423232,0.16959073942894823,0.037084404819766541,0.050877221828684469,0.23087556712730303,0.31883719377575404,0.093643305732629328,-0.00093229368321297301,0.027582047282932121,0.17718134396437954,-0.0075906045354313112,-0.093816599943592899,0.23366802961960617,-0.0032532533772829664,0.0023257443964684321,0.32051131659648369,-0.001674122820729651,-0.017809884388845509,S4_full34_ret_2d_2022,full34,ret_2d,2022,single
202207,0.075862459342736777,0.0012384062204872604,0.29467896445552072,0.31207836756278962,0.030344983737094711,0.093623510268836876,0.21159631066334375,0.33556480466927535,0.073637610709909984,0.0022248486328267925,0.037442600240971832,0.32861729225292452,-0.016538924690134904,0.026696687422433696,0.29867038060012518,-0.0039914161446044649,0.003601353012256503,0.33843911777980379,-0.002874313110528437,0.021905640419441874,S4_full34_ret_2d_2022,full34,ret_2d,2022,single
202208,0.073624311441655488,0.0005200706744395774,0.28889448759574948,0.1310578099587735,0.029449724576662197,0.039317342987632051,0.21333165372127513,0.2820987212855694,0.069935421099203129,0.0036888903424523584,0.05968926638265519,0.14102819921826384,-0.009970389259490342,0.67527852903977537,0.29276697929158674,-0.0038724916958372546,-0.014446735394684218,0.28245253441768436,-0.00035381313211496623,0.23079328588339998,S4_full34_ret_2d_2022,full34,ret_2d,2022,single
202209,0.067542534844867649,0.0024220162332043403,0.29042113754056509,0.61034809076749375,0.02701701393794706,0.18310442723024811,0.21287365873783046,0.42299509990602563,0.06743375745372901,0.00010877739113863971,0.0538444966451532,0.59086339126323972,0.019484699504254022,0.45415547407600604,0.29447472179819228,-0.0040535842576271963,-0.018741039491521505,0.41589010382100589,0.0071049960850197436,0.1634067527283195,S4_full34_ret_2d_2022,full34,ret_2d,2022,single
202210,0.11503861817477841,0.0024486949695260571,0.29896249275176578,0.61707113232056643,0.046015447269911365,0.18512133969616992,0.21031125217447025,0.44144803914055153,0.11617378711890365,-0.0011351689441252422,0.043114994654562838,0.65355400542913966,-0.036482873108573233,0.36427174214396391,0.29920448816062167,-0.00024199540885588844,0.0081865568427684776,0.45277437002811682,-0.011326330887565295,0.12407155345218374,S4_full34_ret_2d_2022,full34,ret_2d,2022,single
202211,0.092389324663452302,0.0015204919549458491,0.30169777841718692,0.38316397264635399,0.036955729865380919,0.1149491917939062,0.20949066647484391,0.36139558813413103,0.092360716259726541,2.8608403725760567e-05,0.065472883739033122,0.39573200873866443,-0.012568036092310442,0.27815450712693135,0.30281798062010196,-0.0011202022029150327,0.0016875347925873752,0.36481849493945939,-0.0034229068053283629,0.10912924519591644,S4_full34_ret_2d_2022,full34,ret_2d,2022,single
202212,0.085982837716619839,0.0031834550386213804,0.29335747231202308,0.80223066973258783,0.034393135086647937,0.24066920091977634,0.21199275830639305,0.48705509431281735,0.072901424888444727,0.013081412828175112,0.076369768662103904,0.69701066878517448,0.10522000094741335,0.76060650070466163,0.29622949420039807,-0.0028720218883749871,-0.0067523245836814683,0.4493949223308108,0.037660171982006552,0.26075555505134446,S4_full34_ret_2d_2022,full34,ret_2d,2022,single
202101,0.057921504687813985,0.001299868494685644,0.5363157934096785,0.32756686066078228,0.023168601875125594,0.098270058198234686,0.13910526197709644,0.26054392205045673,0.058765447804673743,-0.00084394311685975776,0.018103585148970605,0.43864074747199783,-0.11107388681121555,0.34310149969316683,0.49399280421472913,0.042322989194949368,-0.0088948620555987512,0.30690056209905009,-0.046356640048593356,0.11284034258421791,S4_full34_ret_10d_2021,full34,ret_10d,2021,single
202102,0.097376826932225005,0.0022689441729230155,0.44885881887981438,0.57177393157659995,0.038950730772890005,0.17153217947297997,0.16534235433605568,0.37582526458192567,0.095366796455667535,0.00201003047655747,0.065543147699662033,0.59683556810584515,-0.025061636529245201,0.58779196118567967,0.47393656436534026,-0.025077745485525882,0.071620368705377302,0.37501641970441846,0.00080884487750720879,0.1810687368239555,S4_full34_ret_10d_2021,full34,ret_10d,2021,single
202103,0.10379026570348346,0.0026030422922699468,0.426340944126196,0.65596665765202655,0.041516106281393385,0.19678999729560795,0.17209771676214117,0.41040382033914247,0.10289822410824899,0.00089204159523446902,0.042023255958464976,0.72183865168678774,-0.065871994034761183,0.54380272345691905,0.44701805308512554,-0.020677108958929546,-0.017919754503603391,0.42360546922379827,-0.013201648884655803,0.18532604577154266,S4_full34_ret_10d_2021,full34,ret_10d,2021,single
202104,0.070485508895225049,0.0024119374190479637,0.50141144003284643,0.60780822960008685,0.02819420355809002,0.18234246888002606,0.14957656799014607,0.36011324042826215,0.064976959431469306,0.0055085494637557436,0.047894451456388654,0.61318248434047418,-0.0053742547403873298,0.74256858619501842,0.43344382559331474,0.067967614439531698,0.13763725345960903,0.37991238139673555,-0.019799140968473405,0.20063718040317829,S4_full34_ret_10d_2021,full34,ret_10d,2021,single
202105,0.049608227171203223,0.0017146252901899942,0.35817211391671289,0.43208557312787854,0.01984329086848129,0.12962567193836355,0.19254836582498613,0.34201732863183099,0.052241511779904583,-0.0026332846087013598,0.034551880769993736,0.48505182450607293,-0.052966251378194384,0.25537026654222056,0.3342262871249112,0.023945826791801683,-0.045368538860846075,0.36614426592631033,-0.024126937294479345,0.10404239392891745,S4_full34_ret_10d_2021,full34,ret_10d,2021,single
202106,0.078584299702443072,0.0023936544342253122,0.38968126715454254,0.60320091742477866,0.031433719880977228,0.1809602752274336,0.18309561985363723,0.39548961496204804,0.077854284456356074,0.00073001524608699853,0.049827707309317945,0.64500174557823853,-0.041800828153459868,0.63036397234955455,0.41979747426550401,-0.030116207110961468,-0.019523511789918513,0.39870299517636282,-0.0032133802143147761,0.21489732816556906,S4_full34_ret_10d_2021,full34,ret_10d,2021,single
202107,0.062281472390895785,0.0028740036985127771,0.283402672378262,0.72424893202521978,0.024912588956358315,0.21727467960756594,0.2149791982865214,0.45716646685044565,0.061881075413042663,0.00040039697785312217,0.022439063549474517,0.6656542870952904,0.058594644929929385,0.28257374552902953,0.32417932796494148,-0.040776655586679478,-0.023859524813950539,0.42719491790432174,0.029971548946123916,0.10090560652268382,S4_full34_ret_10d_2021,full34,ret_10d,2021,single
202108,0.093634314488686324,0.002345534417123399,0.28310725721146374,0.59107467311509654,0.037453725795474534,0.17732240193452894,0.2150678228365609,0.42984395056656438,0.092561340577702197,0.0010729739109841263,0.045039488583209733,0.46032093664766721,0.13075373646742933,0.52029147996957947,0.26687196382300571,0.016235293388458027,0.035918318208615574,0.39505922807847932,0.034784722488085063,0.16332774396157307,S4_full34_ret_10d_2021,full34,ret_10d,2021,single
202109,0.090647193470176898,0.0026765088266238021,0.25212546219042092,0.67448022430919818,0.036258877388070758,0.20234406729275944,0.22436236134287371,0.46296530602370389,0.091010616952011028,-0.00036342348183412976,0.065614423775986253,0.6156783491683161,0.058801875140882087,0.73765953047167243,0.24776292454690929,0.0043625376435116325,0.013713843264425651,0.44677887416722645,0.016186431856477446,0.24342947567256851,S4_full34_ret_10d_2021,full34,ret_10d,2021,single
202110,0.054446912522689614,0.0011012183917781008,0.1853327198979936,0.27750703472808141,0.021778765009075846,0.083252110418424424,0.2444001840306019,0.34943105945810216,0.04820508873861469,0.0062418237840749236,0.0078869827393529685,0.27941044490790651,-0.0019034101798250935,-0.029278362918657042,0.19196266497556608,-0.0066299450775724744,-0.018795785254909048,0.34551636947514797,0.0039146899829541892,1.0019796616800303e-05,S4_full34_ret_10d_2021,full34,ret_10d,2021,single
202111,0.087494776355856549,0.0021427589185051498,0.13811754560650036,0.53997524746329773,0.034997910542342622,0.1619925742389893,0.25856473631804988,0.45555522109938179,0.087308274398253352,0.00018650195760319677,0.046433036358702509,0.44485970115517631,0.095115546308121413,0.4589280408386594,0.1351328008386907,0.0029847447678096606,-0.0011976774850140925,0.42784137985424697,0.027713841245134818,0.15661093004058302,S4_full34_ret_10d_2021,full34,ret_10d,2021,single
202112,0.065292241511558935,0.00059659540368762402,0.10862549120095578,0.15034204172928126,0.026116896604623574,0.045102612518784377,0.26741235263971325,0.33863186176312121,0.065913253996340349,-0.00062101248478141358,0.048223989435064743,0.106942732076547,0.043399309652734253,0.35402596810621995,0.10304813465651336,0.0055773565444424272,0.0028769107294673441,0.3275336808245462,0.011098180938575009,0.12463431298705169,S4_full34_ret_10d_2021,full34,ret_10d,2021,single
202201,0.12538643293526344,0.0037860365522137227,0.051089157869767012,0.95408121115785816,0.050154573174105377,0.28622436334735746,0.2846732526390699,0.62105218916053273,0.12470227903505464,0.00068415390020880318,0.064569877565142042,0.88005607374028738,0.074025137417570774,0.7152378306709124,0.047613466832023582,0.0034756910377434294,0.0058071990925045308,0.59961369368650097,0.02143849547403176,0.2386571404995792,S4_full34_ret_10d_2022,full34,ret_10d,2022,single
202202,0.079319264134554007,0.0011851360388432362,0.041715384807020806,0.29865428178849551,0.031727705653821603,0.089596284536548651,0.28748538455789374,0.40880937474826401,0.080346543742632712,-0.0010272796080787044,0.04143282990928996,0.44018709360237573,-0.14153281181388022,0.05350583206886525,0.042480685355200817,-0.00076530054818001181,-0.0031067272401712753,0.45145053997120554,-0.042641165222941535,0.033556899756427006,S4_full34_ret_10d_2022,full34,ret_10d,2022,single
202203,0.070991301302730306,0.0011464637136045759,0.15058109430415853,0.28890885582835313,0.028396520521092122,0.086672656748505938,0.25482567170875242,0.36989484897835045,0.070561146933528954,0.00043015436920135208,0.035110021774055755,0.31231761171730871,-0.023408755888955579,0.47362752097896421,0.15208483308019252,-0.0015037387760339915,0.043385810865987307,0.37629429236454642,-0.0063994433861959688,0.14311652174351533,S4_full34_ret_10d_2022,full34,ret_10d,2022,single
202204,0.093413404623475554,0.0018489549229785622,0.32382137469194094,0.46593664059059764,0.037365361849390225,0.13978099217717929,0.2028535875924177,0.3799999416189872,0.090954385040434543,0.0024590195830410111,0.033678650579218962,0.34693073750529191,0.11900590308530573,0.32013229066544768,0.29476783605626994,0.029053538635671006,0.16103319391198856,0.3520306244508804,0.0279693171681068,0.061201189257725275,S4_full34_ret_10d_2022,full34,ret_10d,2022,single
202205,0.14185262364472803,0.0024940316241998258,0.17010458108808194,0.62849596929835605,0.056741049457891213,0.18854879078950681,0.24896862567357542,0.49425846592097344,0.14210188088570128,-0.00024925724097324409,0.04301666535916264,0.65083302866438431,-0.022337059366028256,0.19927519026678042,0.17124247141791082,-0.0011378903298288889,-0.0048051432273658323,0.50071791952822253,-0.0064594536072490882,0.078430766191908974,S4_full34_ret_10d_2022,full34,ret_10d,2022,single
202206,0.093655250046581567,0.00098307812039549118,0.23611272205516434,0.24773568633966378,0.037462100018632628,0.074320705901899126,0.22916618338345068,0.34094898930398243,0.093643305732629328,1.194431395223905e-05,0.028526285280097333,0.17718134396437954,0.07055434237528424,-0.015671653032877347,0.23366802961960617,0.0024446924355581712,0.0080236902093095697,0.32051131659648369,0.020437672707498744,0.0043019111393828857,S4_full34_ret_10d_2022,full34,ret_10d,2022,single
202207,0.074623603036435129,0.0011320704910819795,0.29654601113971402,0.28528176375265885,0.029849441214574054,0.085584529125797656,0.21103619665808579,0.32647016699845749,0.073637610709909984,0.00098599232652514524,0.036203743934670185,0.32861729225292452,-0.043335528500265674,-9.9916387697074338e-05,0.29867038060012518,-0.0021243694604111685,0.0054683996964497994,0.33843911777980379,-0.011968950781346299,0.012811002748624012,S4_full34_ret_10d_2022,full34,ret_10d,2022,single
202208,0.07095746041444824,0.00088629591846252278,0.2988914669100019,0.22334657145255574,0.028382984165779297,0.067003971435766724,0.21033255992699942,0.30571951552854543,0.069935421099203129,0.0010220393152451102,0.057022415355447942,0.14102819921826384,0.082318372234291892,0.76756729053355766,0.29276697929158674,0.0061244876184151642,-0.0044497560804317993,0.28245253441768436,0.023266981110861062,0.25441408012637601,S4_full34_ret_10d_2022,full34,ret_10d,2022,single
202209,0.05551501484980309,0.0020587642795351019,0.29552767699767074,0.51880859844284566,0.022206005939921239,0.15564257953285368,0.21134169690069879,0.38919028237347375,0.06743375745372901,-0.011918742603925919,0.041816976650088641,0.59086339126323972,-0.072054792820394065,0.36261598175135795,0.29447472179819228,0.0010529551994784558,-0.013634500034415853,0.41589010382100589,-0.026699821447532135,0.12960193519576763,S4_full34_ret_10d_2022,full34,ret_10d,2022,single
202210,0.11804373804649193,0.0028867156442973036,0.30065463095404976,0.72745234236292056,0.047217495218596778,0.21823570270887616,0.20980361071378506,0.47525680864125797,0.11617378711890365,0.0018699509275882792,0.04612011452627636,0.65355400542913966,0.073898336933780895,0.47465295218631803,0.29920448816062167,0.0014501427934280886,0.0098786950450524547,0.45277437002811682,0.022482438613141142,0.15788032295289017,S4_full34_ret_10d_2022,full34,ret_10d,2022,single
202211,0.090124413001582637,0.0014111311381325613,0.30408704993151986,0.35560504680940547,0.036049765200633056,0.10668151404282164,0.20877388502054406,0.35150516426399875,0.092360716259726541,-0.0022363032581439041,0.063207972077163471,0.39573200873866443,-0.040126961929258964,0.25059558128998283,0.30281798062010196,0.001269069311417903,0.0040768063069203109,0.36481849493945939,-0.013313330675460644,0.099238821325784154,S4_full34_ret_10d_2022,full34,ret_10d,2022,single
202212,0.076418132637771932,0.0026392940323271882,0.30028584198457842,0.66510209614645144,0.030567253055108774,0.19953062884393544,0.20991424740462647,0.44001212930367067,0.072901424888444727,0.0035167077493272053,0.066805063583255997,0.69701066878517448,-0.031908572638723043,0.62347792711852523,0.29622949420039807,0.0040563477841803475,0.00017604508887386627,0.4493949223308108,-0.0093827930271401239,0.21371259004219778,S4_full34_ret_10d_2022,full34,ret_10d,2022,single
202101,0.062327158044901673,0.0019803755435824038,0.47355544758633378,0.49905463698276575,0.024930863217960671,0.14971639109482973,0.15793336572409988,0.33258062003689026,0.058765447804673743,0.0035617102402279305,0.022509238506058293,0.43864074747199783,0.060413889510767926,0.51458927601515025,0.49399280421472913,-0.020437356628395353,-0.071655207878943472,0.30690056209905009,0.025680057937840173,0.18487704057065144,S4_full34_ret_60d_2021,full34,ret_60d,2021,single
202102,0.095542810574480136,0.0022126315503962195,0.41960859293875846,0.55758315069984732,0.038217124229792059,0.1672749452099542,0.17411742211837244,0.37960949155811874,0.095366796455667535,0.00017601411881260076,0.063709131341917163,0.59683556810584515,-0.03925241740599783,0.57360118030892704,0.47393656436534026,-0.0543279714265818,0.042370142764321383,0.37501641970441846,0.0045930718537002813,0.18485296380014857,S4_full34_ret_60d_2021,full34,ret_60d,2021,single
202103,0.10300949514340779,0.0028709972857152277,0.39822363737814337,0.72349131600023742,0.041203798057363121,0.21704739480007121,0.18053290878655698,0.43878410164399129,0.10289822410824899,0.00011127103515880254,0.04124248539838931,0.72183865168678774,0.001652664313449681,0.61132738180512991,0.44701805308512554,-0.048794415706982175,-0.04603706125165602,0.42360546922379827,0.015178632420193017,0.21370632707639148,S4_full34_ret_60d_2021,full34,ret_60d,2021,single
202104,0.066517925734536007,0.0022584170834772273,0.40447138053521881,0.56912110503626123,0.026607170293814403,0.17073633151087836,0.17865858583943436,0.37600208764412713,0.064976959431469306,0.0015409663030667015,0.043926868295699611,0.61318248434047418,-0.044061379304212944,0.70388146163119281,0.43344382559331474,-0.02897244505809593,0.040697193961981404,0.37991238139673555,-0.0039102937526084292,0.21652602761904327,S4_full34_ret_60d_2021,full34,ret_60d,2021,single
202105,0.050963876527765697,0.0016607035067027506,0.29271627498783903,0.41849728368909317,0.020385550611106279,0.12554918510672794,0.2121851175036483,0.35811985322148254,0.052241511779904583,-0.0012776352521388853,0.03590753012655621,0.48505182450607293,-0.066554540816979757,0.24178197710343519,0.3342262871249112,-0.041510012137072172,-0.11082437778971993,0.36614426592631033,-0.008024412704827788,0.12014491851856901,S4_full34_ret_60d_2021,full34,ret_60d,2021,single
202106,0.078360515349027562,0.0025070794200695522,0.40751391595542202,0.63178401385752714,0.031344206139611024,0.18953520415725814,0.1777458252133734,0.39862523551024254,0.077854284456356074,0.00050623089267148869,0.049603922955902435,0.64500174557823853,-0.01321773172071139,0.65894706878230302,0.41979747426550401,-0.012283558310081988,-0.0016908629890390325,0.39870299517636282,-7.7759666120280624e-05,0.21803294871376355,S4_full34_ret_60d_2021,full34,ret_60d,2021,single
202107,0.062977849900090116,0.0028102841573261999,0.33312293193319881,0.70819160764620237,0.025191139960036048,0.21245748229386072,0.20006312042004037,0.43771174267393714,0.061881075413042663,0.0010967744870474527,0.023135441058668847,0.6656542870952904,0.042537320550911972,0.26651642115001212,0.32417932796494148,0.0089436039682573298,0.025860734740986269,0.42719491790432174,0.010516824769615407,0.081450882346175313,S4_full34_ret_60d_2021,full34,ret_60d,2021,single
202108,0.094083632465658332,0.0021338069242093877,0.26910278622920225,0.53771934490076567,0.037633452986263333,0.1613158034702297,0.21926916413123931,0.41821842058773234,0.092561340577702197,0.0015222918879561342,0.045488806560181741,0.46032093664766721,0.077398408253098461,0.46693615175524866,0.26687196382300571,0.002230822406196542,0.021913847226354088,0.39505922807847932,0.023159192509253024,0.15170221398274103,S4_full34_ret_60d_2021,full34,ret_60d,2021,single
202109,0.089360745676417802,0.0026084635857893919,0.27427062233717153,0.65733282361892675,0.035744298270567125,0.19719984708567803,0.21771881329884851,0.45066295865509365,0.091010616952011028,-0.001649871275593226,0.064327975982227156,0.6156783491683161,0.041654474450610657,0.720512129781401,0.24776292454690929,0.026507697790262241,0.03585900341117626,0.44677887416722645,0.003884084487867201,0.23112712830395826,S4_full34_ret_60d_2021,full34,ret_60d,2021,single
202110,0.05349882995384788,0.0017270628628795253,0.17948113068470317,0.43521984144564041,0.021399531981539155,0.13056595243369212,0.24615566079458903,0.39812114520982034,0.04820508873861469,0.00529374121523319,0.0069389001705112349,0.27941044490790651,0.1558093965377339,0.12843444379890195,0.19196266497556608,-0.012481534290862906,-0.024647374468199479,0.34551636947514797,0.052604775734672371,0.048700105548334982,S4_full34_ret_60d_2021,full34,ret_60d,2021,single
202111,0.088304368815299461,0.00179563048868197,0.13261430465399471,0.45249888314785641,0.035321747526119787,0.13574966494435692,0.26021570860380155,0.43128712107427825,0.087308274398253352,0.0009960944170461089,0.047242628818145421,0.44485970115517631,0.0076391819926800997,0.37145167652321809,0.1351328008386907,-0.0025184961846959897,-0.0067009184375197428,0.42784137985424697,0.0034457412200312731,0.13234283001547947,S4_full34_ret_60d_2021,full34,ret_60d,2021,single
202112,0.06456748808052562,0.0006096336791619818,0.10520890412648005,0.15362768714881941,0.025826995232210249,0.046088306144645826,0.26843732876205595,0.34035263013891204,0.065913253996340349,-0.0013457659158147284,0.047499236004031428,0.106942732076547,0.04668495507227241,0.35731161352575813,0.10304813465651336,0.0021607694699666974,-0.00053967634500838579,0.3275336808245462,0.012818949314365835,0.12635508136284251,S4_full34_ret_60d_2021,full34,ret_60d,2021,single
202201,0.1219718709252593,0.0033675620560982243,0.05019239408252453,0.84862563813675251,0.048788748370103718,0.25458769144102572,0.28494228177524261,0.58831872158637211,0.12470227903505464,-0.0027304081097953431,0.061155315555137889,0.88005607374028738,-0.031430435603534868,0.60978225764980676,0.047613466832023582,0.0025789272505009481,0.0049104353052620495,0.59961369368650097,-0.011294972100128864,0.20592367292541858,S4_full34_ret_60d_2022,full34,ret_60d,2022,single
202202,0.078760853443064494,0.0014830390908482051,0.042225506366243733,0.37372585089374766,0.031504341377225797,0.1121177552681243,0.28733234809012687,0.43095444473547695,0.080346543742632712,-0.0015856902995682182,0.040874419217800446,0.44018709360237573,-0.066461242708628077,0.12857740117411739,0.042480685355200817,-0.00025517898895708463,-0.0025966056809483481,0.45145053997120554,-0.020496095235728595,0.055701969743639945,S4_full34_ret_60d_2022,full34,ret_60d,2022,single
202203,0.074585873618456477,0.0012380052574208077,0.17057734625619383,0.31197732487004354,0.029834349447382592,0.093593197461013064,0.24882679612314185,0.37225434303153748,0.070561146933528954,0.0040247266849275237,0.038704594089781927,0.31231761171730871,-0.00034028684726516989,0.49669599002065457,0.15208483308019252,0.018492513176001313,0.063382062818022611,0.37629429236454642,-0.0040399493330089409,0.14547601579670236,S4_full34_ret_60d_2022,full34,ret_60d,2022,single
202204,0.090967593486833295,0.0011770929156880564,0.32251205000053634,0.29662741475339022,0.036387037394733319,0.08898822442601706,0.2032463849998391,0.32862164682058947,0.090954385040434543,1.3208446398751961e-05,0.031232839442576703,0.34693073750529191,-0.050303322751901691,0.15082306482824023,0.29476783605626994,0.027744213944266405,0.15972386922058396,0.3520306244508804,-0.023408977630290928,0.0098228944593275469,S4_full34_ret_60d_2022,full34,ret_60d,2022,single
202205,0.14045671132137394,0.0023163758215939069,0.1712512414966926,0.58372670704166452,0.056182684528549576,0.17511801211249936,0.24862462755099221,0.47992532419204115,0.14210188088570128,-0.0016451695643273367,0.041620753035808547,0.65083302866438431,-0.067106321622719789,0.15450592801008889,0.17124247141791082,8.7700787817779347e-06,-0.0036584828187551655,0.50071791952822253,-0.020792595336181385,0.064097624462976677,S4_full34_ret_60d_2022,full34,ret_60d,2022,single
202206,0.093488297492341166,0.00084261782331955558,0.23307561931388165,0.21233969147652801,0.037395318996936468,0.063701907442958394,0.23007731420583549,0.33117454064573038,0.093643305732629328,-0.00015500824028816251,0.028359332725856931,0.17718134396437954,0.035158347512148469,-0.051067647896013119,0.23366802961960617,-0.00059241030572451669,0.0049865874680268818,0.32051131659648369,0.010663224049246689,-0.0054725375188691694,S4_full34_ret_60d_2022,full34,ret_60d,2022,single
202207,0.072323666275611598,0.0013910997809050401,0.30005295094243684,0.3505571447880701,0.028929466510244639,0.10516714343642103,0.20998411471726897,0.34408072466393463,0.073637610709909984,-0.0013139444342983864,0.033903807173846653,0.32861729225292452,0.021939852535145576,0.065175464647714176,0.29867038060012518,0.0013825703423116509,0.0089753394991726188,0.33843911777980379,0.0056416068841308453,0.030421560414101156,S4_full34_ret_60d_2022,full34,ret_60d,2022,single
202208,0.067756872290233625,0.00050006425184111365,0.2947667341615427,0.12601619146396065,0.027102748916093451,0.03780485743918819,0.21156997975153716,0.27647758610681883,0.069935421099203129,-0.0021785488089695049,0.053821827231233327,0.14102819921826384,-0.015012007754303197,0.67023691054496259,0.29276697929158674,0.0019997548699559609,-0.0085744888288910026,0.28245253441768436,-0.0059749483108655355,0.22517215070464941,S4_full34_ret_60d_2022,full34,ret_60d,2022,single
202209,0.067671162002366558,0.0025179000567788117,0.29469501480435822,0.63451081430826051,0.027068464800946625,0.19035324429247816,0.21159149555869253,0.42901320465211734,0.06743375745372901,0.00023740454863754867,0.053973123802652109,0.59086339126323972,0.043647423045020783,0.4783181976167728,0.29447472179819228,0.00022029300616593916,-0.01446716222772837,0.41589010382100589,0.013123100831111456,0.16942485747441122,S4_full34_ret_60d_2022,full34,ret_60d,2022,single
202210,0.11498010481013002,0.0025145595083145523,0.29983548950041916,0.63366899609526717,0.045992041924052013,0.19010069882858013,0.21004935314987425,0.44614209390250636,0.11617378711890365,-0.0011936823087736331,0.043056481289914447,0.65355400542913966,-0.019885009333872494,0.38086960591866464,0.29920448816062167,0.00063100133979748785,0.0090595535914218539,0.45277437002811682,-0.006632276125610459,0.12876560821413857,S4_full34_ret_60d_2022,full34,ret_60d,2022,single
202211,0.092695637459594207,0.0015267395800417373,0.30415618577527903,0.38473837417051782,0.037078254983837683,0.11542151225115534,0.20875314426741629,0.36125291150240935,0.092360716259726541,0.000334921199867666,0.065779196535175027,0.39573200873866443,-0.010993634568146615,0.27972890865109512,0.30281798062010196,0.0013382051551770746,0.0041459421506794825,0.36481849493945939,-0.0035655834370500461,0.10898656856419475,S4_full34_ret_60d_2022,full34,ret_60d,2022,single
202212,0.071551265566580591,0.0028000280962945791,0.29536628894613481,0.70560708026623398,0.028620506226632238,0.21168212407987019,0.21139011331615956,0.45169274362266199,0.072901424888444727,-0.0013501593218641361,0.061938196512064655,0.69701066878517448,0.008596411481059496,0.66398291123830777,0.29622949420039807,-0.00086320525426325512,-0.0047435079495697363,0.4493949223308108,0.0022978212918511876,0.22539320436118909,S4_full34_ret_60d_2022,full34,ret_60d,2022,single
202101,0.061938327562493525,0.0018402500967727778,0.5254003861083083,0.46374302438674003,0.024775331024997412,0.139122907316022,0.14237988416750749,0.30627812250852693,0.058765447804673743,0.0031728797578197826,0.022120408023650145,0.43864074747199783,0.025102276914742205,0.47927766341912459,0.49399280421472913,0.031407581893579173,-0.019810269356968946,0.30690056209905009,-0.00062243959052316056,0.1585745430422881,S4_full34_close_location_2021,full34,close_location,2021,single
202102,0.094301956595752162,0.002078177123744081,0.4930810216686724,0.5237006351835084,0.037720782638300865,0.15711019055505251,0.15207569349939828,0.34690666669275166,0.095366796455667535,-0.001064839859915373,0.06246827736318919,0.59683556810584515,-0.073134932922336748,0.53971866479258812,0.47393656436534026,0.019144457303332141,0.11584257149423532,0.37501641970441846,-0.028109753011666794,0.15215013893478149,S4_full34_close_location_2021,full34,close_location,2021,single
202103,0.097637093923862647,0.0025299550708581947,0.38750133002003001,0.63754867785626512,0.039054837569545059,0.19126460335687953,0.18374960099399099,0.4140690419204156,0.10289822410824899,-0.0052611301843863423,0.035870084178844165,0.72183865168678774,-0.084289973830522613,0.52538474366115762,0.44701805308512554,-0.059516723065095534,-0.056759368609769378,0.42360546922379827,-0.0095364273033826663,0.18899126735281579,S4_full34_close_location_2021,full34,close_location,2021,single
202104,0.065192289567956613,0.0022490688273620546,0.42832694404247096,0.56676534449523774,0.026076915827182648,0.17002960334857131,0.17150191678725871,0.36760843596301263,0.064976959431469306,0.00021533013648730726,0.042601232129120217,0.61318248434047418,-0.046417139845236433,0.70152570109016932,0.43344382559331474,-0.005116881550843777,0.064552757469233557,0.37991238139673555,-0.012303945433722929,0.20813237593792877,S4_full34_close_location_2021,full34,close_location,2021,single
202105,0.04780902680340729,0.001560919301165754,0.37454692777951892,0.39335166389377002,0.019123610721362917,0.118005499168131,0.18763592166614432,0.32476503155563824,0.052241511779904583,-0.0044324849764972932,0.032752680402197802,0.48505182450607293,-0.091700160612302906,0.21663635730811204,0.3342262871249112,0.04032064065460772,-0.028993724998040038,0.36614426592631033,-0.041379234370672091,0.086790096852724707,S4_full34_close_location_2021,full34,close_location,2021,single
202106,0.073269467543508451,0.0025081539869436014,0.39482915738349705,0.63205480470978759,0.029307787017403383,0.18961644141293627,0.18155125278495091,0.40047548121529053,0.077854284456356074,-0.0045848169128476224,0.044512875150383324,0.64500174557823853,-0.01294694086845094,0.65921785963456347,0.41979747426550401,-0.024968316882006958,-0.014375621560964003,0.39870299517636282,0.0017724860389277119,0.21988319441881155,S4_full34_close_location_2021,full34,close_location,2021,single
202107,0.06361823445596361,0.0026148424188975946,0.32981942324427793,0.65894028956219386,0.025447293782385444,0.19768208686865815,0.2010541730267166,0.42418355367776017,0.061881075413042663,0.0017371590429209466,0.023775825614542341,0.6656542870952904,-0.0067139975330965385,0.21726510306600361,0.32417932796494148,0.0056400952793364545,0.022557226052065393,0.42719491790432174,-0.0030113642265615637,0.067922693349998342,S4_full34_close_location_2021,full34,close_location,2021,single
202108,0.08912061044371325,0.001914057163722503,0.29577630405087035,0.48234240525807076,0.0356482441774853,0.14470272157742123,0.21126710878473889,0.39161807453964542,0.092561340577702197,-0.0034407301339889479,0.040525784538236659,0.46032093664766721,0.02202146861040355,0.41155921211255375,0.26687196382300571,0.028904340227864644,0.048587365048022191,0.39505922807847932,-0.0034411535388338965,0.12510186793465411,S4_full34_close_location_2021,full34,close_location,2021,single
202109,0.087107777632901146,0.0020725745061442777,0.26541796279344254,0.52228877554835795,0.034843111053160458,0.15668663266450739,0.22037461116196724,0.41190435487963506,0.091010616952011028,-0.0039028393191098826,0.0620750079387105,0.6156783491683161,-0.093389573619958144,0.5854680817108322,0.24776292454690929,0.01765503824653325,0.027006343867447269,0.44677887416722645,-0.034874519287591388,0.19236852452849967,S4_full34_close_location_2021,full34,close_location,2021,single
202110,0.054876858286215538,0.0014318788361409795,0.18229086648456438,0.36083346670752686,0.021950743314486217,0.10825004001225806,0.24531274005463066,0.37551352338137495,0.04820508873861469,0.0066717695476008476,0.0083169285028788925,0.27941044490790651,0.081423021799620354,0.054048069060788406,0.19196266497556608,-0.009671798491001693,-0.021837638668338266,0.34551636947514797,0.029997153906226981,0.026092483719889592,S4_full34_close_location_2021,full34,close_location,2021,single
202111,0.087723559009273672,0.0020238578649371714,0.13495372988823442,0.5100121819641672,0.035089423603709473,0.15300365458925017,0.25951388103352968,0.4476069592264893,0.087308274398253352,0.00041528461102031955,0.046661819012119632,0.44485970115517631,0.065152480808990887,0.42896497533952888,0.1351328008386907,-0.00017907095045627264,-0.0043614932032800258,0.42784137985424697,0.019765579372242326,0.14866266816769053,S4_full34_close_location_2021,full34,close_location,2021,single
202112,0.063846210544951307,0.00073048337143956669,0.093892804003133767,0.18408180960277082,0.025538484217980523,0.055224542880831243,0.27183215879905986,0.35259518589787164,0.065913253996340349,-0.0020670434513890418,0.046777958468457115,0.106942732076547,0.077139077526223815,0.38776573597970954,0.10304813465651336,-0.0091553306533795897,-0.011855776468354673,0.3275336808245462,0.025061505073325441,0.13859763712180212,S4_full34_close_location_2021,full34,close_location,2021,single
202201,0.12500839254985144,0.0034226213078257274,0.050839545908155592,0.86250056957208332,0.050003357019940575,0.258750170871625,0.28474813622755329,0.59350166411911887,0.12470227903505464,0.00030611351479679916,0.064191837179730038,0.88005607374028738,-0.017555504168204061,0.62365718908513756,0.047613466832023582,0.0032260790761320102,0.0055575871308931116,0.59961369368650097,-0.0061120295673821046,0.21110661545816534,S4_full34_close_location_2022,full34,close_location,2022,single
202202,0.077514467169358128,0.0013384019223596768,0.041707231936749835,0.33727728443463856,0.031005786867743253,0.10118318533039157,0.28748783041897502,0.41967680261710982,0.080346543742632712,-0.0028320765732745834,0.039628032944094081,0.44018709360237573,-0.10290980916773718,0.092128834715008295,0.042480685355200817,-0.00077345341845098253,-0.0031148801104422461,0.45145053997120554,-0.031773737354095721,0.044424327625272819,S4_full34_close_location_2022,full34,close_location,2022,single
202203,0.067763870910483706,0.0009299482779209935,0.15516421322824545,0.23434696603609037,0.027105548364193485,0.070304089810827114,0.25345073603152635,0.35086037420654692,0.070561146933528954,-0.0027972760230452476,0.031882591381809156,0.31231761171730871,-0.077970645681218337,0.41906563118670143,0.15208483308019252,0.0030793801480529237,0.047968929790074222,0.37629429236454642,-0.025433918157999502,0.1240820469717118,S4_full34_close_location_2022,full34,close_location,2022,single
202204,0.090855434172353158,0.0014749722410594638,0.31528844096278447,0.37169300474698486,0.036342173668941262,0.11150790142409546,0.20541346771116464,0.35326354280420136,0.090954385040434543,-9.8950868081384979e-05,0.031120680128096566,0.34693073750529191,0.024762267241692948,0.22588865482183487,0.29476783605626994,0.020520604906514528,0.15250026018283208,0.3520306244508804,0.0012329183533209553,0.03446479044293943,S4_full34_close_location_2022,full34,close_location,2022,single
202205,0.13935045047801187,0.0024428884381205839,0.16812748786073123,0.61560788640638719,0.055740180191204747,0.18468236592191614,0.2495617536417806,0.48998429975490149,0.14210188088570128,-0.0027514304076894092,0.040514492192446475,0.65083302866438431,-0.035225142257997111,0.18638710737481157,0.17124247141791082,-0.0031149835571795959,-0.0067822364547165392,0.50071791952822253,-0.010733619773321046,0.074156600025837016,S4_full34_close_location_2022,full34,close_location,2022,single
202206,0.091805129951906331,0.00075264806233268141,0.232013160500087,0.18966731170783571,0.036722051980762532,0.056900193512350712,0.23039605184997389,0.32401829734308712,0.093643305732629328,-0.0018381757807229976,0.026676165185422096,0.17718134396437954,0.012485967743456172,-0.073740027664705415,0.23366802961960617,-0.0016548691195191756,0.0039241286542322229,0.32051131659648369,0.0035069807466034386,-0.01262878082151242,S4_full34_close_location_2022,full34,close_location,2022,single
202207,0.073906790439844924,0.0010860622854870015,0.29423821283080659,0.27368769594272435,0.029562716175937972,0.0821063087828173,0.21172853615075804,0.32339756110951334,0.073637610709909984,0.00026917972993494022,0.03548693133807998,0.32861729225292452,-0.054929596310200168,-0.011693984197631568,0.29867038060012518,-0.0044321677693185957,0.0031606013875423722,0.33843911777980379,-0.015041556670290446,0.0097383968596798653,S4_full34_close_location_2022,full34,close_location,2022,single
202208,0.067003900969701519,0.00059129380693389081,0.2911877184467444,0.1490060393473405,0.026801560387880608,0.04470181180420215,0.21264368446597667,0.28414705665805945,0.069935421099203129,-0.0029315201295016108,0.053068855910701221,0.14102819921826384,0.0079778401290766521,0.69322675842834236,0.29276697929158674,-0.001579260844842334,-0.012153504543689297,0.28245253441768436,0.0016945222403750848,0.23284162125589003,S4_full34_close_location_2022,full34,close_location,2022,single
202209,0.066410347238271078,0.0025601645093414373,0.28806309588736412,0.64516145635404221,0.026564138895308433,0.19354843690621265,0.21358107123379075,0.43369364703531182,0.06743375745372901,-0.0010234102154579316,0.052712309038556629,0.59086339126323972,0.054298065090802483,0.4889688396625545,0.29447472179819228,-0.006411625910828167,-0.021099081144722476,0.41589010382100589,0.017803543214305939,0.1741052998576057,S4_full34_close_location_2022,full34,close_location,2022,single
202210,0.11459542874013444,0.0022678858707629031,0.29768715445354971,0.57150723943225157,0.045838171496053778,0.17145217182967545,0.21069385366393506,0.42798419698966428,0.11617378711890365,-0.0015783583787692124,0.042671805219918868,0.65355400542913966,-0.082046765996888094,0.31870784925564904,0.29920448816062167,-0.0015173337070719661,0.0069112185445523999,0.45277437002811682,-0.024790173038452545,0.11060771130129649,S4_full34_close_location_2022,full34,close_location,2022,single
202211,0.086885316040657648,0.0014435256857855275,0.29861159956724548,0.36376847281795294,0.034754126416263062,0.10913054184538588,0.21041652012982634,0.35430118839147529,0.092360716259726541,-0.0054754002190688933,0.059968875116238475,0.39573200873866443,-0.031963535920711494,0.2587590072985303,0.30281798062010196,-0.0042063810528564782,-0.0013986440573540704,0.36481849493945939,-0.010517306547984107,0.10203484545326069,S4_full34_close_location_2022,full34,close_location,2022,single
202212,0.067978727248256293,0.0026846330252319165,0.29157082531202588,0.67652752235844293,0.02719149089930252,0.20295825670753287,0.21252875240639221,0.44267850001322762,0.072901424888444727,-0.0049226976401884337,0.058365658193740358,0.69701066878517448,-0.020483146426731547,0.63490335333051673,0.29622949420039807,-0.0046586688883721861,-0.0085389715836786673,0.4493949223308108,-0.0067164223175831816,0.21637896075175472,S4_full34_close_location_2022,full34,close_location,2022,single
202101,0.061507934568339737,0.0019216894340312964,0.38765259295365884,0.48426573737588668,0.024603173827335897,0.145279721212766,0.18370422211390233,0.35358711715400426,0.058765447804673743,0.0027424867636659939,0.021690015029496357,0.43864074747199783,0.045624989903888857,0.49980037640827124,0.49399280421472913,-0.10634021126107029,-0.15755806251161841,0.30690056209905009,0.046686555054954171,0.20588353768776543,S4_full34_upper_shadow_2021,full34,upper_shadow,2021,single
202102,0.093705042522815571,0.002418502227732875,0.52108086111817753,0.60946256138868449,0.037482017009126227,0.18283876841660535,0.14367574166454675,0.3639965270902783,0.095366796455667535,-0.0016617539328519643,0.061871363290252598,0.59683556810584515,0.012626993282839338,0.62548059099776421,0.47393656436534026,0.047144296752837267,0.14384241094374045,0.37501641970441846,-0.011019892614140159,0.16923999933230813,S4_full34_upper_shadow_2021,full34,upper_shadow,2021,single
202103,0.10298491484179699,0.0027970196853747084,0.4111718629253347,0.70484896071442649,0.041193965936718799,0.21145468821432795,0.17664844112239958,0.42929709527344634,0.10289822410824899,8.6690733548000498e-05,0.041217905096778508,0.72183865168678774,-0.016989690972361249,0.59268502651931898,0.44701805308512554,-0.035846190159790847,-0.033088835704464692,0.42360546922379827,0.0056916260496480686,0.20421932070584653,S4_full34_upper_shadow_2021,full34,upper_shadow,2021,single
202104,0.064062648686508031,0.002177480196241918,0.47220109953834005,0.54872500945296332,0.025625059474603213,0.164617502835889,0.15833967013849795,0.34858223244899017,0.064976959431469306,-0.00091431074496127474,0.041471591247671635,0.61318248434047418,-0.064457474887510857,0.68348536604789489,0.43344382559331474,0.038757273945025317,0.10842691296510265,0.37991238139673555,-0.031330148947745384,0.18910617242390632,S4_full34_upper_shadow_2021,full34,upper_shadow,2021,single
202105,0.049641813958792698,0.0015102267297517984,0.38458490148980973,0.38057713589745318,0.019856725583517081,0.11417314076923595,0.18462452955305708,0.31865439590581013,0.052241511779904583,-0.0025996978211118849,0.03458546755758321,0.48505182450607293,-0.10447468860861975,0.2038618293117952,0.3342262871249112,0.050358614364898524,-0.018955751287749234,0.36614426592631033,-0.047489870020500202,0.080679461202896596,S4_full34_upper_shadow_2021,full34,upper_shadow,2021,single
202106,0.076776581427011048,0.0023212600076158336,0.40194656391938871,0.58495752191919004,0.030710632570804419,0.17548725657575701,0.17941603082418339,0.38561391997074479,0.077854284456356074,-0.0010777030293450257,0.048019989033885921,0.64500174557823853,-0.06004422365904849,0.61212057684396592,0.41979747426550401,-0.017850910346115301,-0.0072582150250723454,0.39870299517636282,-0.013089075205618028,0.2050216331742658,S4_full34_upper_shadow_2021,full34,upper_shadow,2021,single
202107,0.063148173146119618,0.0027186625372917204,0.3347126639259701,0.68510295939751353,0.025259269258447847,0.20553088781925405,0.19958620082220896,0.43037635789991086,0.061881075413042663,0.0012670977330769551,0.02330576430469835,0.6656542870952904,0.019448672302223136,0.24342777290132328,0.32417932796494148,0.010533335961028623,0.027450466733757561,0.42719491790432174,0.0031814399955891193,0.074115497572149025,S4_full34_upper_shadow_2021,full34,upper_shadow,2021,single
202108,0.094367124935090099,0.0018541934429996956,0.2615756718615514,0.46725674763592329,0.037746849974036045,0.14017702429077697,0.22152729844153457,0.39945117270634756,0.092561340577702197,0.0018057843573879018,0.045772299029613508,0.46032093664766721,0.0069358109882560748,0.39647355449040628,0.26687196382300571,-0.0052962919614543136,0.014386732858703233,0.39505922807847932,0.0043919446278682384,0.13293496610135624,S4_full34_upper_shadow_2021,full34,upper_shadow,2021,single
202109,0.085516368048173225,0.0023061817891343165,0.26091272699997808,0.58115781086184781,0.034206547219269294,0.17434734325855433,0.22172618190000659,0.43028007237783022,0.091010616952011028,-0.0054942489038378034,0.060483598353982579,0.6156783491683161,-0.034520538306468285,0.64433711702432206,0.24776292454690929,0.013149802453068793,0.022501108073982812,0.44677887416722645,-0.016498801789396222,0.21074424202669484,S4_full34_upper_shadow_2021,full34,upper_shadow,2021,single
202110,0.053143955681154008,0.001717705647085959,0.16650972222032426,0.43286182306566168,0.021257582272461606,0.1298585469196985,0.25004708333390274,0.40116321252606285,0.04820508873861469,0.0049388669425393175,0.0065840258978173624,0.27941044490790651,0.15345137815775517,0.12607642541892322,0.19196266497556608,-0.02545294275524182,-0.037618782932578393,0.34551636947514797,0.055646843050914885,0.051742172864577496,S4_full34_upper_shadow_2021,full34,upper_shadow,2021,single
202111,0.086368023284865064,0.0017591261704854588,0.15108394905119829,0.44329979496233562,0.034547209313946024,0.13298993848870069,0.25467481528464053,0.42221196308728726,0.087308274398253352,-0.00094025111338828793,0.045306283287711024,0.44485970115517631,-0.0015599061928406877,0.3622525883376973,0.1351328008386907,0.015951148212507593,0.01176872595968384,0.42784137985424697,-0.0056294167669597162,0.12326767202848848,S4_full34_upper_shadow_2021,full34,upper_shadow,2021,single
202112,0.065387691856146499,0.00085606348516984712,0.10414398941700981,0.21572799826280148,0.026155076742458601,0.064718399478840435,0.26875680317489709,0.35963027939619613,0.065913253996340349,-0.00052556214019384984,0.048319439779652307,0.106942732076547,0.10878526618625448,0.4194119246397402,0.10304813465651336,0.0010958547604964508,-0.0016045910544786324,0.3275336808245462,0.032096598571649926,0.1456327306201266,S4_full34_upper_shadow_2021,full34,upper_shadow,2021,single
202201,0.12455871862326402,0.0034977408189090509,0.063000964204919685,0.88143068636508082,0.049823487449305613,0.26442920590952423,0.28109971073852408,0.5953524040973539,0.12470227903505464,-0.0001435604117906164,0.063742163253142609,0.88005607374028738,0.0013746126247934365,0.64258730587813506,0.047613466832023582,0.015387497372896103,0.017719005427657204,0.59961369368650097,-0.0042612895891470659,0.21295735543640038,S4_full34_upper_shadow_2022,full34,upper_shadow,2022,single
202202,0.080750098720016497,0.0014516295036610708,0.041448679352143428,0.36581063492258986,0.032300039488006603,0.10974319047677696,0.28756539619435695,0.42960862615914053,0.080346543742632712,0.00040355497738378543,0.04286366449475245,0.44018709360237573,-0.074376458679785873,0.1206621852029596,0.042480685355200817,-0.0010320060030573897,-0.0033734326950486532,0.45145053997120554,-0.021841913812065017,0.054356151167303524,S4_full34_upper_shadow_2022,full34,upper_shadow,2022,single
202203,0.071654628833906331,0.0011130101424048305,0.17361575554339992,0.28047855588601728,0.028661851533562533,0.084143566765805186,0.24791527333698002,0.36072069163634773,0.070561146933528954,0.0010934819003773771,0.03577334930523178,0.31231761171730871,-0.03183905583129143,0.46519722103662831,0.15208483308019252,0.021530922463207397,0.066420472105228695,0.37629429236454642,-0.015573600728198689,0.13394236440151261,S4_full34_upper_shadow_2022,full34,upper_shadow,2022,single
202204,0.090850910031840718,0.001342824141645775,0.36245008589080741,0.33839168369473532,0.036340364012736291,0.1015175051084206,0.19126497423275776,0.32912284335391462,0.090954385040434543,-0.00010347500859382575,0.031116155987584125,0.34693073750529191,-0.008539053810556585,0.19258733376958534,0.29476783605626994,0.067682249834537467,0.19966190511085502,0.3520306244508804,-0.022907781096965785,0.01032409099265269,S4_full34_upper_shadow_2022,full34,upper_shadow,2022,single
202205,0.13998221265744931,0.0026091169432969795,0.18957057956390302,0.65749746971083878,0.055992885062979725,0.19724924091325163,0.24312882613082909,0.49637095210706045,0.14210188088570128,-0.0021196682282519641,0.04114625437188392,0.65083302866438431,0.0066644410464544723,0.22827669067926315,0.17124247141791082,0.0183281081459922,0.014660855248455257,0.50071791952822253,-0.0043469674211620846,0.080543252377995977,S4_full34_upper_shadow_2022,full34,upper_shadow,2022,single
202206,0.094512672288055224,0.00066575376859368213,0.23416396671357192,0.16776994968560791,0.03780506891522209,0.050330984905682372,0.22975080998592839,0.31788686380683284,0.093643305732629328,0.00086936655542589614,0.02938370752157099,0.17718134396437954,-0.0094113942787716343,-0.095637389686933222,0.23366802961960617,0.00049593709396575369,0.0060749348677171522,0.32051131659648369,-0.0026244527896508441,-0.018760214357766702,S4_full34_upper_shadow_2022,full34,upper_shadow,2022,single
202207,0.075124422514583053,0.0011188261503541966,0.29746270490393462,0.28194418988925757,0.030049769005833223,0.084583256966777265,0.21076118852881959,0.32539421450143008,0.073637610709909984,0.0014868118046730688,0.036704563412818109,0.32861729225292452,-0.046673102363666952,-0.0034374902510983518,0.29867038060012518,-0.0012076756961905688,0.0063850934606703991,0.33843911777980379,-0.01304490327837371,0.011735050251596602,S4_full34_upper_shadow_2022,full34,upper_shadow,2022,single
202208,0.072671408249964764,0.00080646989770367667,0.29431469557975093,0.20323041422132651,0.029068563299985906,0.060969124266397952,0.21170559132607472,0.30174327889245856,0.069935421099203129,0.0027359871507616346,0.058736363190964466,0.14102819921826384,0.062202215003062666,0.74745113330232837,0.29276697929158674,0.0015477162881641915,-0.009026527410682772,0.28245253441768436,0.019290744474774191,0.25043784349028914,S4_full34_upper_shadow_2022,full34,upper_shadow,2022,single
202209,0.067484409299000056,0.0025098909658064893,0.29188360389680035,0.63249252338323536,0.026993763719600022,0.1897477570149706,0.21243491883095988,0.42917643956553053,0.06743375745372901,5.0651845271046381e-05,0.053786371099285607,0.59086339126323972,0.041629132119995638,0.47629990669174765,0.29447472179819228,-0.0025911179013919372,-0.017278573135286246,0.41589010382100589,0.013286335744524647,0.16958809238782441,S4_full34_upper_shadow_2022,full34,upper_shadow,2022,single
202210,0.12041934919932069,0.0026524040344564409,0.29641022914338322,0.66840581668302312,0.048167739679728282,0.20052174500490694,0.21107693125698504,0.45976641594162027,0.11617378711890365,0.0042455620804170424,0.048495725679105123,0.65355400542913966,0.014851811253883462,0.4156064265064206,0.29920448816062167,-0.002794259017238454,0.005634293234385912,0.45277437002811682,0.0069920459135034418,0.14238993025325247,S4_full34_upper_shadow_2022,full34,upper_shadow,2022,single
202211,0.09203530806372355,0.001456349725600453,0.29961778683562595,0.36700013085131417,0.036814123225489423,0.11010003925539424,0.21011466394931219,0.35702882643019584,0.092360716259726541,-0.00032540819600299087,0.065118867139304371,0.39573200873866443,-0.028731877887350266,0.26199066533189153,0.30281798062010196,-0.003200193784476002,-0.00039245678897359415,0.36481849493945939,-0.0077896685092635476,0.10476248349198125,S4_full34_upper_shadow_2022,full34,upper_shadow,2022,single
202212,0.06859859659434428,0.0027283712395438186,0.29119393749229655,0.68754955236504234,0.027439438637737713,0.20626486570951269,0.21264181875231106,0.44634612309956145,0.072901424888444727,-0.004302828294100447,0.058985527539828345,0.69701066878517448,-0.0094611164201321429,0.64592538333711613,0.29622949420039807,-0.0050355567081015185,-0.0089158594034079997,0.4493949223308108,-0.0030487992312493439,0.22004658383808856,S4_full34_upper_shadow_2022,full34,upper_shadow,2022,single
202101,0.056228937067037819,0.0019874860921112992,0.51611996922186854,0.50084649521204738,0.022491574826815131,0.15025394856361421,0.14516400923343944,0.31790953262386878,0.058765447804673743,-0.0025365107376359233,0.01641101752819444,0.43864074747199783,0.062205747740049555,0.51638113424443188,0.49399280421472913,0.022127165007139404,-0.029090686243408714,0.30690056209905009,0.011008970524818695,0.17020595315762996,S4_full34_lower_shadow_2021,full34,lower_shadow,2021,single
202102,0.099475610150448854,0.0025742771585966018,0.55261314857841515,0.64871784396634369,0.039790244060179544,0.19461535318990311,0.13421605542647544,0.36862165267655811,0.095366796455667535,0.0041088136947813186,0.067641930917885881,0.59683556810584515,0.051882275860498539,0.66473587357542341,0.47393656436534026,0.078676584213074885,0.17537469840397807,0.37501641970441846,-0.0063947670278603486,0.17386512491858794,S4_full34_lower_shadow_2021,full34,lower_shadow,2021,single
202103,0.10455872322741644,0.0029496976092703944,0.3940807673329999,0.74332379753613942,0.041823489290966576,0.22299713926084183,0.18177576980010002,0.44659639835190845,0.10289822410824899,0.0016604991191674495,0.042791713482397957,0.72183865168678774,0.021485145849351683,0.63115986334103191,0.44701805308512554,-0.05293728575212564,-0.050179931296799485,0.42360546922379827,0.022990929128110182,0.22151862378430864,S4_full34_lower_shadow_2021,full34,lower_shadow,2021,single
202104,0.063440357134621844,0.002479341724971855,0.4248205309557575,0.62479411469290747,0.025376142853848739,0.18743823440787225,0.17255384071327273,0.38536821797499371,0.064976959431469306,-0.0015366022968474613,0.040849299695785449,0.61318248434047418,0.011611630352433289,0.75955447128783904,0.43344382559331474,-0.0086232946375572328,0.061046344382520101,0.37991238139673555,0.0054558365782581553,0.22589215794990986,S4_full34_lower_shadow_2021,full34,lower_shadow,2021,single
202105,0.053867837571544376,0.0017707427911667793,0.3673655210477087,0.44622718337402839,0.021547135028617753,0.1338681550122085,0.1897903436856874,0.34520563372651364,0.052241511779904583,0.0016263257916397933,0.038811491170334889,0.48505182450607293,-0.038824641132044535,0.26951187678837041,0.3342262871249112,0.033139233922797495,-0.036175131729850263,0.36614426592631033,-0.020938632199796692,0.10723069902360011,S4_full34_lower_shadow_2021,full34,lower_shadow,2021,single
202106,0.076593079725994564,0.0024970268017088884,0.37619633377685935,0.6292507540306399,0.030637231890397826,0.18877522620919196,0.18714109986694219,0.40655355796653198,0.077854284456356074,-0.0012612047303615093,0.047836487332869437,0.64500174557823853,-0.015750991547598625,0.65641380895541579,0.41979747426550401,-0.043601140488644663,-0.033008445167601708,0.39870299517636282,0.0078505627901691577,0.22596127117005299,S4_full34_lower_shadow_2021,full34,lower_shadow,2021,single
202107,0.058691381016128627,0.0027071539179753449,0.30976298622678661,0.6822027873297869,0.023476552406451454,0.20466083619893607,0.20707110413196403,0.43520849273735152,0.061881075413042663,-0.0031896943969140362,0.018848972174707358,0.6656542870952904,0.016548500234496499,0.24052760083359664,0.32417932796494148,-0.01441634173815487,0.0025007890345740691,0.42719491790432174,0.0080135748330297796,0.078947632409589685,S4_full34_lower_shadow_2021,full34,lower_shadow,2021,single
202108,0.091411325032569352,0.0018484269528617418,0.27560183718262099,0.4658035921211589,0.036564530013027743,0.13974107763634766,0.2173194488452137,0.39362505649458912,0.092561340577702197,-0.0011500155451328459,0.042816499127092761,0.46032093664766721,0.0054826554734916932,0.3950203989756419,0.26687196382300571,0.0087298733596152811,0.028412898179772828,0.39505922807847932,-0.0014341715838901981,0.12710884988959781,S4_full34_lower_shadow_2021,full34,lower_shadow,2021,single
202109,0.086123828949300055,0.0023909403985184832,0.25076696994667641,0.6025169804266578,0.034449531579720021,0.18075509412799734,0.22476990901599708,0.43997453472371445,0.091010616952011028,-0.0048867880027109734,0.061091059255109409,0.6156783491683161,-0.013161368741658297,0.66569628658913205,0.24776292454690929,0.003004045399767119,0.012355351020681138,0.44677887416722645,-0.0068043394435119975,0.22043870437257906,S4_full34_lower_shadow_2021,full34,lower_shadow,2021,single
202110,0.048788661143854842,0.0013064452125486263,0.18817912230485867,0.32922419356225385,0.019515464457541938,0.098767258068676159,0.2435462633085424,0.36182898583476053,0.04820508873861469,0.00058357240524015142,0.0022287313605181963,0.27941044490790651,0.049813748654347345,0.022438795915515397,0.19196266497556608,-0.0037835426707074071,-0.01594938284804398,0.34551636947514797,0.016312616359612564,0.012407946173275175,S4_full34_lower_shadow_2021,full34,lower_shadow,2021,single
202111,0.086084888261175968,0.0018094286790065394,0.11920165963939118,0.45597602710964796,0.034433955304470389,0.13679280813289438,0.26423950210818264,0.4354662655455474,0.087308274398253352,-0.0012233861370773841,0.045023148264021928,0.44485970115517631,0.011116325954471651,0.37492882048500964,0.1351328008386907,-0.015931141199299517,-0.02011356345212327,0.42784137985424697,0.0076248856913004315,0.13652197448674863,S4_full34_lower_shadow_2021,full34,lower_shadow,2021,single
202112,0.063690439838415699,0.00053688193389777,0.09039888734844384,0.13529424734223805,0.025476175935366281,0.040588274202671415,0.27288033379546683,0.33894478393350452,0.065913253996340349,-0.0022228141579246491,0.046622187761921507,0.106942732076547,0.028351515265691046,0.33897817371917671,0.10304813465651336,-0.012649247308069517,-0.0153496931230446,0.3275336808245462,0.01141110310895832,0.124947235157435,S4_full34_lower_shadow_2021,full34,lower_shadow,2021,single
202201,0.12581283185149378,0.0032532145556022772,0.045787369980092078,0.81981006801177381,0.050325132740597515,0.24594302040353214,0.28626378900597238,0.58253194215010207,0.12470227903505464,0.0011105528164391393,0.064996276481372378,0.88005607374028738,-0.060246005728513574,0.58096668752482805,0.047613466832023582,-0.0018260968519315038,0.00050541120282959762,0.59961369368650097,-0.017081751536398904,0.20013689348914854,S4_full34_lower_shadow_2022,full34,lower_shadow,2022,single
202202,0.076971973227703244,0.0016109956384016157,0.042737262703932861,0.40597090087720716,0.030788789291081298,0.12179127026316214,0.28717882118882015,0.43975888074306357,0.080346543742632712,-0.0033745705149294675,0.039085539002439197,0.44018709360237573,-0.03421619272516857,0.1608224511575769,0.042480685355200817,0.00025657734873204413,-0.0020848493432592194,0.45145053997120554,-0.011691659228141971,0.06450640575122657,S4_full34_lower_shadow_2022,full34,lower_shadow,2022,single
202203,0.066547858005766014,0.0012798655273402251,0.132421960658273,0.32252611288973676,0.026619143202306406,0.096757833866921023,0.26027341180251806,0.38365038887174552,0.070561146933528954,-0.0040132889277629397,0.030666578477091463,0.31231761171730871,0.010208501172428053,0.50724477804034784,0.15208483308019252,-0.019662872421919525,0.025226677220101773,0.37629429236454642,0.0073560965071990947,0.15687206163691039,S4_full34_lower_shadow_2022,full34,lower_shadow,2022,single
202204,0.089018962140056002,0.00088729499735670022,0.31389933793719538,0.22359833933388845,0.035607584856022403,0.06707950180016653,0.20583019861884139,0.30851728527503031,0.090954385040434543,-0.0019354229003785417,0.029284208095799409,0.34693073750529191,-0.12333239817140346,0.077793989408738468,0.29476783605626994,0.019131501880925439,0.15111115715724299,0.3520306244508804,-0.043513339175850096,-0.010281467086231622,S4_full34_lower_shadow_2022,full34,lower_shadow,2022,single
202205,0.1398248964313466,0.0025886707460744196,0.16633283379091332,0.65234502801075378,0.055929958572538643,0.19570350840322612,0.250100149862726,0.50173361683849071,0.14210188088570128,-0.0022769844543546747,0.040988938145781209,0.65083302866438431,0.0015119993463694748,0.22312424897917815,0.17124247141791082,-0.0049096376269975039,-0.0085768905245344473,0.50071791952822253,0.0010156973102681821,0.085905917109426244,S4_full34_lower_shadow_2022,full34,lower_shadow,2022,single
202206,0.095871592499847294,0.0010751315974352376,0.23512972043358035,0.27093316255367988,0.038348636999938922,0.081279948766103963,0.22946108386992586,0.34908966963596877,0.093643305732629328,0.0022282867672179657,0.030742627733363059,0.17718134396437954,0.093751818589300345,0.0075258231811387577,0.23366802961960617,0.0014616908139741813,0.0070406885877255798,0.32051131659648369,0.028578353039485083,0.012442591471369224,S4_full34_lower_shadow_2022,full34,lower_shadow,2022,single
202207,0.073533370449159363,0.0012751555920716942,0.29929273679203849,0.32133920920206693,0.029413348179663748,0.096401762760620083,0.21021217896238845,0.33602728990267228,0.073637610709909984,-0.00010424026075062098,0.035113511347394419,0.32861729225292452,-0.0072780830508575867,0.035957529061711013,0.29867038060012518,0.00062235619191330915,0.008215125348774277,0.33843911777980379,-0.0024118278771315116,0.022368125652838799,S4_full34_lower_shadow_2022,full34,lower_shadow,2022,single
202208,0.072458482749840569,0.00071837099035701641,0.29654744828090485,0.18102948956996814,0.028983393099936229,0.05430884687099044,0.21103576551572853,0.29432800548665516,0.069935421099203129,0.0025230616506374398,0.058523437690840271,0.14102819921826384,0.040001290351704299,0.72525020865097001,0.29276697929158674,0.0037804689893181087,-0.0067937747095288548,0.28245253441768436,0.0118754710689708,0.24302257008448575,S4_full34_lower_shadow_2022,full34,lower_shadow,2022,single
202209,0.063406877070545001,0.0024638739963995506,0.29085869813778753,0.62089624709268676,0.025362750828218001,0.18626887412780602,0.21274239055866373,0.42437401551468779,0.06743375745372901,-0.0040268803831840089,0.049708838870830552,0.59086339126323972,0.030032855829447036,0.46470363040119905,0.29447472179819228,-0.0036160236604047546,-0.018303478894299063,0.41589010382100589,0.0084839116936819003,0.16478566833698166,S4_full34_lower_shadow_2022,full34,lower_shadow,2022,single
202210,0.11647473199004643,0.0027472435339516476,0.29828701007280545,0.6923053705558152,0.046589892796018578,0.20769161116674456,0.21051389697815837,0.46479540094092153,0.11617378711890365,0.00030094487114278035,0.044551108469830861,0.65355400542913966,0.038751365126675541,0.43950598037921268,0.29920448816062167,-0.00091747808781622586,0.0075110741638081402,0.45277437002811682,0.012021030912804709,0.14741891525255374,S4_full34_lower_shadow_2022,full34,lower_shadow,2022,single
202211,0.094546193426680872,0.0014558072216965831,0.30638418977251525,0.36686341986753895,0.03781847737067235,0.11005902596026168,0.20808474306824543,0.35596224639917945,0.092360716259726541,0.0021854771669543305,0.067629752502261692,0.39573200873866443,-0.028868588871125478,0.26185395434811631,0.30281798062010196,0.0035662091524132911,0.0063739461479156989,0.36481849493945939,-0.0088562485402799429,0.10369590346096486,S4_full34_lower_shadow_2022,full34,lower_shadow,2022,single
202212,0.06996584313874997,0.002642703003243901,0.29623070365506321,0.66596115681746304,0.027986337255499989,0.1997883470452389,0.21113078890348103,0.43890547320421991,0.072901424888444727,-0.0029355817496947573,0.060352774084234034,0.69701066878517448,-0.031049511967711441,0.62433698778953683,0.29622949420039807,1.2094546651408855e-06,-0.0038790932406413403,0.4493949223308108,-0.010489449126590888,0.21260593394274702,S4_full34_lower_shadow_2022,full34,lower_shadow,2022,single
202101,0.060360847389340423,0.0020175222634419608,0.49545587927792611,0.50841561038737415,0.024144338955736172,0.15252468311621223,0.15136323621662215,0.32803225828857052,0.058765447804673743,0.0015953995846666805,0.020542927850497043,0.43864074747199783,0.069774862915376323,0.52395024941975865,0.49399280421472913,0.0014630750631969835,-0.049754776187351135,0.30690056209905009,0.021131696189520432,0.18032867882233169,S4_full34_body_ratio_2021,full34,body_ratio,2021,single
202102,0.093818594906061356,0.002047995841981118,0.49287586538224826,0.51609495217924173,0.037527437962424547,0.15482848565377252,0.15213724038532553,0.34449316400152263,0.095366796455667535,-0.0015482015496061791,0.061984915673498384,0.59683556810584515,-0.080740615926603421,0.53211298178832145,0.47393656436534026,0.018939301016907995,0.11563741520781118,0.37501641970441846,-0.030523255702895824,0.14973663624355246,S4_full34_body_ratio_2021,full34,body_ratio,2021,single
202103,0.10332724423411484,0.0029829862090476546,0.38131446561407523,0.75171252468000893,0.041330897693645938,0.22551375740400267,0.18560566031577744,0.45245031541342606,0.10289822410824899,0.0004290201258658477,0.041560234489096355,0.72183865168678774,0.029873872993221195,0.63954859048490142,0.44701805308512554,-0.065703587471050318,-0.062946233015724162,0.42360546922379827,0.028844846189627793,0.22737254084582625,S4_full34_body_ratio_2021,full34,body_ratio,2021,single
202104,0.066951962167907997,0.0022835158201711795,0.45254801049083099,0.57544598668313729,0.026780784867163201,0.17263379600494119,0.16423559685275069,0.36365017772485508,0.064976959431469306,0.0019750027364386913,0.044360904729071601,0.61318248434047418,-0.037736497657336887,0.71020634327806886,0.43344382559331474,0.019104184897516252,0.088773823917593586,0.37991238139673555,-0.016262203671880471,0.20417411769977123,S4_full34_body_ratio_2021,full34,body_ratio,2021,single
202105,0.052692995155518285,0.0015548271517909031,0.39320933949681858,0.39181644225130757,0.021077198062207314,0.11754493267539226,0.18203719815095443,0.32065932888855397,0.052241511779904583,0.00045148337561370239,0.037636648754308798,0.48505182450607293,-0.093235382254765353,0.21510113566564959,0.3342262871249112,0.058983052371907374,-0.010331313280740384,0.36614426592631033,-0.045484937037756357,0.082684394185640442,S4_full34_body_ratio_2021,full34,body_ratio,2021,single
202106,0.080001294152573552,0.002458882396652956,0.38450739334728101,0.61963836395654492,0.032000517661029425,0.18589150918696348,0.18464778199581569,0.40253980884380858,0.077854284456356074,0.0021470096962174778,0.051244701759448424,0.64500174557823853,-0.025363381621693604,0.64680141888132081,0.41979747426550401,-0.035290080918222999,-0.024697385597180044,0.39870299517636282,0.0038368136674457598,0.22194752204732959,S4_full34_body_ratio_2021,full34,body_ratio,2021,single
202107,0.063885508408684413,0.0029530905517796595,0.32767126257995388,0.74417881904847416,0.025554203363473766,0.22325364571454223,0.20169862122601384,0.45050647030402985,0.061881075413042663,0.00200443299564175,0.024043099567263145,0.6656542870952904,0.078524531953183763,0.30250363255228391,0.32417932796494148,0.0034919346150124042,0.020409065387741343,0.42719491790432174,0.023311552399708113,0.094245609976268019,S4_full34_body_ratio_2021,full34,body_ratio,2021,single
202108,0.0930447548564107,0.002061065020496303,0.28128138580096113,0.51938838516506836,0.037217901942564281,0.1558165155495205,0.21561558425971167,0.40865000175179644,0.092561340577702197,0.00048341427870850218,0.044449928950934109,0.46032093664766721,0.059067448517401144,0.44860519201955135,0.26687196382300571,0.014409421977955417,0.034092446798112963,0.39505922807847932,0.013590773673317125,0.14213379514680513,S4_full34_body_ratio_2021,full34,body_ratio,2021,single
202109,0.088933646583712944,0.0026267960176440501,0.25466291005028291,0.66195259644630067,0.035573458633485176,0.19858577893389021,0.22360112698491513,0.45776036455229052,0.091010616952011028,-0.0020769703682980839,0.063900876889522298,0.6156783491683161,0.04627424727798457,0.72513190260877491,0.24776292454690929,0.0068999855033736179,0.016251291124287637,0.44677887416722645,0.010981490385064074,0.23822453420115514,S4_full34_body_ratio_2021,full34,body_ratio,2021,single
202110,0.052758687765456315,0.0014621725701242116,0.19193414667351824,0.36846748767130133,0.021103475106182528,0.11054024630139039,0.24241975599794452,0.37406347740551743,0.04820508873861469,0.0045535990268416246,0.0061987579821196695,0.27941044490790651,0.089057042763394823,0.061682090024562874,0.19196266497556608,-2.8518302047836341e-05,-0.01219435847938441,0.34551636947514797,0.028547107930369464,0.024642437744032075,S4_full34_body_ratio_2021,full34,body_ratio,2021,single
202111,0.08855806007999921,0.0016527271147188224,0.1408251200649325,0.41648723290914325,0.035423224031999684,0.12494616987274297,0.25775246398052021,0.41812185788526285,0.087308274398253352,0.0012497856817458575,0.04749632008284517,0.44485970115517631,-0.028372468246033067,0.33544002628450492,0.1351328008386907,0.0056923192262418043,0.0015098969734180512,0.42784137985424697,-0.0097195219689841239,0.11917756682646408,S4_full34_body_ratio_2021,full34,body_ratio,2021,single
202112,0.065338600405762698,0.00065290093022140445,0.12022942367426002,0.16453103441579392,0.026135440162305082,0.049359310324738177,0.263931172897722,0.33942592338476529,0.065913253996340349,-0.00057465359057765064,0.048270348329268506,0.106942732076547,0.057588302339246916,0.36821496079273264,0.10304813465651336,0.017181289017746668,0.014480843202771584,0.3275336808245462,0.011892242560219091,0.12542837460869577,S4_full34_body_ratio_2021,full34,body_ratio,2021,single
202201,0.12382900828423171,0.0033323094255125049,0.049703365034765988,0.83974197522915128,0.04953160331369269,0.25192259256874538,0.2850889904895702,0.58654318637200831,0.12470227903505464,-0.00087327075082292704,0.063012452914110312,0.88005607374028738,-0.040314098511136098,0.60089859474220553,0.047613466832023582,0.002089898202742406,0.0044214062575035074,0.59961369368650097,-0.013070507314492663,0.20414813771105478,S4_full34_body_ratio_2022,full34,body_ratio,2022,single
202202,0.081885367792389627,0.0015052207876443823,0.042210013918492502,0.37931563848638433,0.032754147116955852,0.11379469154591529,0.28733699582445221,0.43388583448732332,0.080346543742632712,0.001538824049756915,0.04399893356712558,0.44018709360237573,-0.060871455115991402,0.13416718876675407,0.042480685355200817,-0.00027067143670831545,-0.002612098128699579,0.45145053997120554,-0.017564705483882226,0.058633359495486315,S4_full34_body_ratio_2022,full34,body_ratio,2022,single
202203,0.069756514628298669,0.0014185421367715135,0.14143119046441172,0.35747261846642137,0.02790260585131947,0.1072417855399264,0.25757064286067649,0.39271503425192233,0.070561146933528954,-0.00080463230523028506,0.033875235099624118,0.31231761171730871,0.045155006749112658,0.54219128361703239,0.15208483308019252,-0.010653642615780806,0.034235907026240492,0.37629429236454642,0.016420741887375911,0.16593670701708721,S4_full34_body_ratio_2022,full34,body_ratio,2022,single
202204,0.088403002227126257,0.001441689432097188,0.27415149386669524,0.36330573688849138,0.035361200890850507,0.10899172106654741,0.21775455183999143,0.36210747379738933,0.090954385040434543,-0.0025513828133082866,0.028668248182869664,0.34693073750529191,0.016374999383199473,0.2175013869633414,0.29476783605626994,-0.020616342189574699,0.11136331308674285,0.3520306244508804,0.010076849346508931,0.043308721436127406,S4_full34_body_ratio_2022,full34,body_ratio,2022,single
202205,0.1414173999011189,0.0025786412555036751,0.16794138204948403,0.64981759638692616,0.056566959960447562,0.19494527891607785,0.24961758538515477,0.50112982426168018,0.14210188088570128,-0.00068448098458237516,0.042581441615553509,0.65083302866438431,-0.0010154322774581503,0.22059681735535053,0.17124247141791082,-0.0033010893684267961,-0.0069683422659637395,0.50071791952822253,0.00041190473345764644,0.085302124532615708,S4_full34_body_ratio_2022,full34,body_ratio,2022,single
202206,0.092975905311948132,0.00073802507113272689,0.23363099237017426,0.18598231792544717,0.037190362124779254,0.055794695377634151,0.22991070228894772,0.32289575979136109,0.093643305732629328,-0.00066740042068119676,0.027846940545463897,0.17718134396437954,0.0088009739610676319,-0.077425021447093956,0.23366802961960617,-3.7037249431909336e-05,0.0055419605243194892,0.32051131659648369,0.0023844431948774059,-0.013751318373238453,S4_full34_body_ratio_2022,full34,body_ratio,2022,single
202207,0.075103343254948912,0.0013112269727674373,0.29729059773812494,0.33042919713739421,0.030041337301979568,0.099128759141218256,0.21081282067856252,0.33998291712176032,0.073637610709909984,0.001465732545038928,0.036683484153183968,0.32861729225292452,0.001811904884469695,0.045047516997038295,0.29867038060012518,-0.001379782862000245,0.0062129862948607228,0.33843911777980379,0.001543799341956531,0.026323752871926842,S4_full34_body_ratio_2022,full34,body_ratio,2022,single
202208,0.07028131187067535,0.00049384967937928371,0.29068342789079149,0.1244501192035795,0.02811252474827014,0.037335035761073845,0.21279497163276254,0.27824253214210654,0.069935421099203129,0.00034589077147222091,0.056346266811675053,0.14102819921826384,-0.016578080014684346,0.6686708382845814,0.29276697929158674,-0.0020835514007952471,-0.012657795099642211,0.28245253441768436,-0.0042100022755778288,0.22693709673993712,S4_full34_body_ratio_2022,full34,body_ratio,2022,single
202209,0.066725180242165699,0.0024079027507596922,0.29243307662673029,0.60679149319144243,0.026690072096866281,0.18203744795743274,0.21227007701198092,0.42099759706627993,0.06743375745372901,-0.00070857721156331044,0.05302714204245125,0.59086339126323972,0.015928101928202709,0.45059887649995473,0.29447472179819228,-0.0020416451714619921,-0.016729100405356301,0.41589010382100589,0.0051074932452740418,0.1614092498885738,S4_full34_body_ratio_2022,full34,body_ratio,2022,single
202210,0.11707444647443979,0.0023566105863213451,0.29889163116961476,0.593865867752979,0.046829778589775918,0.1781597603258937,0.21033251064911554,0.43532204956478515,0.11617378711890365,0.00090065935553614029,0.045150822954224221,0.65355400542913966,-0.059688137676160657,0.34106647757637648,0.29920448816062167,-0.00031285699100691566,0.0081156952606174504,0.45277437002811682,-0.017452320463331672,0.11794556387641736,S4_full34_body_ratio_2022,full34,body_ratio,2022,single
202211,0.092786384483982451,0.0015008332873713795,0.30218586516927581,0.37820998841758763,0.037114553793592985,0.11346299652527628,0.20934424044921726,0.3599217907680865,0.092360716259726541,0.00042566822425590956,0.065869943559563271,0.39573200873866443,-0.017522020321076803,0.27320052289816499,0.30281798062010196,-0.00063211545082614284,0.002175621544676265,0.36481849493945939,-0.0048967041713728898,0.10765544782987191,S4_full34_body_ratio_2022,full34,body_ratio,2022,single
202212,0.077391736863520827,0.0031788082359531429,0.29299426741106999,0.80105967546019197,0.030956694745408332,0.24031790263805758,0.21210171977667902,0.48337631716014495,0.072901424888444727,0.0044903119750761,0.067778667809004892,0.69701066878517448,0.10404900667501749,0.75943550643226576,0.29622949420039807,-0.0032352267893280828,-0.007115529484634564,0.4493949223308108,0.033981394829334155,0.25707677789867206,S4_full34_body_ratio_2022,full34,body_ratio,2022,single
202101,0.061203017309240104,0.0018132174118603358,0.47771638693616059,0.45693078778880464,0.024481206923696042,0.13707923633664137,0.15668508391915181,0.31824552717948923,0.058765447804673743,0.0024375695045663615,0.021385097770396724,0.43864074747199783,0.01829004031680681,0.47246542682118919,0.49399280421472913,-0.016276417278568545,-0.067494268529116663,0.30690056209905009,0.01134496508043914,0.1705419477132504,S4_full34_bias_20d_2021,full34,bias_20d,2021,single
202102,0.093230601047327805,0.0020467046944348316,0.44768025120526239,0.51576958299757758,0.037292240418931123,0.15473087489927326,0.16569592463842125,0.35771903995662563,0.095366796455667535,-0.0021361954083397305,0.061396921814764832,0.59683556810584515,-0.081065985108267569,0.5317876126066573,0.47393656436534026,-0.026256313160077871,0.070441801030825313,0.37501641970441846,-0.017297379747792829,0.16296251219865546,S4_full34_bias_20d_2021,full34,bias_20d,2021,single
202103,0.10182233089701188,0.0027650814683384231,0.46287952746685967,0.69680053002128262,0.040728932358804759,0.20904015900638478,0.16113614175994209,0.41090523312513161,0.10289822410824899,-0.0010758932112371056,0.040055321151993402,0.72183865168678774,-0.02503812166550512,0.58463659582617511,0.44701805308512554,0.015861474381734131,0.018618828837060286,0.42360546922379827,-0.012700236098666662,0.1858274585575318,S4_full34_bias_20d_2021,full34,bias_20d,2021,single
202104,0.06457439941276355,0.0021972594458539696,0.42397442822953529,0.55370938035520034,0.025829759765105421,0.16611281410656009,0.17280767153113943,0.36475024540280498,0.064976959431469306,-0.00040256001870575542,0.041983341973927155,0.61318248434047418,-0.059473103985273834,0.68846973695013192,0.43344382559331474,-0.0094693973637794415,0.060200241656297893,0.37991238139673555,-0.01516213599393057,0.20527418537772113,S4_full34_bias_20d_2021,full34,bias_20d,2021,single
202105,0.049060268877887135,0.001719219906296057,0.32833389490968945,0.43324341638660635,0.019624107551154856,0.12997302491598189,0.20149983152709317,0.3510969639942299,0.052241511779904583,-0.0031812429020174476,0.034003922476677648,0.48505182450607293,-0.051808408119466576,0.25652810980094837,0.3342262871249112,-0.0058923922152217534,-0.075206757867869511,0.36614426592631033,-0.015047301932080426,0.11312202929131637,S4_full34_bias_20d_2021,full34,bias_20d,2021,single
202106,0.076758885979798894,0.0023837305910589294,0.40042560522344739,0.60070010894685022,0.03070355439191956,0.18021003268405505,0.17987231843296578,0.39078590550894043,0.077854284456356074,-0.00109539847655718,0.048002293586673767,0.64500174557823853,-0.044301636631388308,0.62786316387162611,0.41979747426550401,-0.019371869042056622,-0.0087791737210136667,0.39870299517636282,-0.0079170896674223834,0.21019361871246145,S4_full34_bias_20d_2021,full34,bias_20d,2021,single
202107,0.061363231927146392,0.0028002519481219452,0.30299429607703998,0.7056634909267302,0.024545292770858557,0.21169904727801905,0.209101711176888,0.44534605122576565,0.061881075413042663,-0.0005178434858962716,0.021520823085725123,0.6656542870952904,0.040009203831439799,0.26398830443053994,0.32417932796494148,-0.021185031887901495,-0.0042679011151725565,0.42719491790432174,0.018151133321443913,0.089085190898003819,S4_full34_bias_20d_2021,full34,bias_20d,2021,single
202108,0.092188951108683165,0.002245997960683806,0.27587957391730272,0.56599148609231908,0.03687558044347327,0.16979744582769571,0.21723612782480917,0.42390915409597818,0.092561340577702197,-0.00037238946901903269,0.043594125203206574,0.46032093664766721,0.10567054944465187,0.49520829294680208,0.26687196382300571,0.0090076100942970139,0.02869063491445456,0.39505922807847932,0.028849926017498861,0.15739294749098687,S4_full34_bias_20d_2021,full34,bias_20d,2021,single
202109,0.08982980693254948,0.0025278988600322891,0.25777699941479987,0.63703051272813682,0.035931922773019792,0.19110915381844104,0.22266690017556004,0.4497079767670209,0.091010616952011028,-0.0011808100194615478,0.064797037238358834,0.6156783491683161,0.021352163559820725,0.70020981889061107,0.24776292454690929,0.010014074867890577,0.019365380488804596,0.44677887416722645,0.0029291025997944531,0.23017214641588551,S4_full34_bias_20d_2021,full34,bias_20d,2021,single
202110,0.05111381371512979,0.0014082366387061554,0.1815440595490817,0.35487563295395119,0.020445525486051917,0.10646268988618536,0.24553678213527547,0.37244499750751275,0.04820508873861469,0.0029087249765150994,0.0045538839317931443,0.27941044490790651,0.075465188046044684,0.048090235307212736,0.19196266497556608,-0.010418605426484373,-0.022584445603820946,0.34551636947514797,0.026928628032364788,0.023023957846027399,S4_full34_bias_20d_2021,full34,bias_20d,2021,single
202111,0.087204638787401839,0.0017285589244007626,0.14243603896160917,0.43559684894899214,0.034881855514960737,0.13067905468469765,0.25726918831151724,0.42283009851117559,0.087308274398253352,-0.00010363561085151296,0.046142898790247799,0.44485970115517631,-0.0092628522061841689,0.35454964232435382,0.1351328008386907,0.0073032381229184706,0.0031208158700947175,0.42784137985424697,-0.0050112813430713832,0.12388580745237682,S4_full34_bias_20d_2021,full34,bias_20d,2021,single
202112,0.065687836803186517,0.00066975921396646132,0.10764376683672024,0.16877932191954825,0.026275134721274608,0.050633796575864476,0.26770686994898391,0.34461580124612301,0.065913253996340349,-0.0002254171931538318,0.048619584726692325,0.106942732076547,0.06183658984300125,0.37246324829648692,0.10304813465651336,0.0045956321802068795,0.0018951863652317963,0.3275336808245462,0.017082120421576807,0.13061825247005349,S4_full34_bias_20d_2021,full34,bias_20d,2021,single
202201,0.12632988980450632,0.0035662235080100037,0.054866432912266422,0.89868832401852095,0.050531955921802534,0.26960649720555629,0.28354007012632004,0.60367852325367888,0.12470227903505464,0.0016276107694516845,0.065513334434384923,0.88005607374028738,0.018632250278233564,0.65984494353157519,0.047613466832023582,0.0072529660802428397,0.0095844741350039411,0.59961369368650097,0.0040648295671779078,0.22128347459272535,S4_full34_bias_20d_2022,full34,bias_20d,2022,single
202202,0.081462839982864868,0.0015285462212692724,0.042741551414958862,0.38519364775985665,0.032585135993145949,0.11555809432795699,0.28717753457551232,0.43532076489661525,0.080346543742632712,0.0011162962402321563,0.043576405757600821,0.44018709360237573,-0.054993445842519084,0.14004519804022639,0.042480685355200817,0.00026086605975804422,-0.0020805606322332193,0.45145053997120554,-0.016129775074590291,0.060068289904778249,S4_full34_bias_20d_2022,full34,bias_20d,2022,single
202203,0.068062469994980418,0.0009444023905552483,0.16648687931119638,0.23798940241992256,0.027224987997992167,0.071396820725976765,0.25005393620664107,0.34867574493060999,0.070561146933528954,-0.0024986769385485358,0.032181190466305867,0.31231761171730871,-0.07432820929738615,0.42270806757053359,0.15208483308019252,0.014402046231003857,0.059291595873025155,0.37629429236454642,-0.027618547433936436,0.12189741769577486,S4_full34_bias_20d_2022,full34,bias_20d,2022,single
202204,0.091189842430246318,0.001858908379225067,0.3375222227534313,0.4684449115647169,0.036475936972098527,0.14053347346941505,0.19874333317397058,0.37575274361548416,0.090954385040434543,0.00023545738981177455,0.031455088385989725,0.34693073750529191,0.121514174059425,0.32264056163956689,0.29476783605626994,0.042754386697161362,0.17473404197347892,0.3520306244508804,0.023722119164603761,0.056953991254222236,S4_full34_bias_20d_2022,full34,bias_20d,2022,single
202205,0.1426771969580278,0.0024458968294992236,0.17547143242080168,0.61636600103380434,0.057070878783211126,0.18490980031014129,0.24735857027375949,0.48933924936711193,0.14210188088570128,0.00057531607232652604,0.04384123867246241,0.65083302866438431,-0.034467027630579961,0.18714522200222872,0.17124247141791082,0.0042289610028908575,0.00056170810535391413,0.50071791952822253,-0.011378670161110604,0.073511549638047458,S4_full34_bias_20d_2022,full34,bias_20d,2022,single
202206,0.09347475023476931,0.00091507336886223413,0.23433762553314383,0.230598488953283,0.037389900093907726,0.069179546685984902,0.22969871234005684,0.33626815911994945,0.093643305732629328,-0.00016855549786001789,0.028345785468285076,0.17718134396437954,0.053417144988903459,-0.032808850419258129,0.23366802961960617,0.00066959591353765724,0.0062485936872890557,0.32051131659648369,0.015756842523465764,-0.00037891904465009452,S4_full34_bias_20d_2022,full34,bias_20d,2022,single
202207,0.074743844998195683,0.0013291127256285832,0.2983704714317067,0.33493640685840298,0.029897537999278273,0.10048092205752089,0.21048885857048799,0.34086731862728714,0.073637610709909984,0.0011062342882856985,0.036323985896430738,0.32861729225292452,0.0063191146054784597,0.04955472671804706,0.29867038060012518,-0.00029990916841848847,0.0072928599884424794,0.33843911777980379,0.0024282008474833527,0.027208154377453664,S4_full34_bias_20d_2022,full34,bias_20d,2022,single
202208,0.071071804405951025,0.00056315172667668748,0.29402938514185362,0.14191423512252524,0.028428721762380413,0.042574270536757573,0.21179118445744391,0.28279417675658192,0.069935421099203129,0.0011363833067478957,0.057136759346950727,0.14102819921826384,0.00088603590426139522,0.6861349542035271,0.29276697929158674,0.0012624058502668789,-0.0093118378485800846,0.28245253441768436,0.00034164233889755202,0.2314887413544125,S4_full34_bias_20d_2022,full34,bias_20d,2022,single
202209,0.070521251001473495,0.0025429596681408421,0.3011526453327964,0.64082583637149226,0.028208500400589399,0.19224775091144766,0.20965420640016108,0.43011045771219814,0.06743375745372901,0.0030874935477444854,0.056823212801759046,0.59086339126323972,0.04996244510825254,0.48463321968000456,0.29447472179819228,0.0066779235346041133,-0.0080095316992901955,0.41589010382100589,0.01422035389119225,0.17052211053449201,S4_full34_bias_20d_2022,full34,bias_20d,2022,single
202210,0.11780970791947699,0.0025298217447224103,0.29768431483420943,0.63751507967004739,0.0471238831677908,0.19125452390101422,0.21069470554973715,0.44907311261854221,0.11617378711890365,0.0016359208005733428,0.045886084399261423,0.65355400542913966,-0.016038925759092271,0.38471568949344487,0.29920448816062167,-0.0015201733264122441,0.0069083789252121219,0.45277437002811682,-0.0037012574095746098,0.13169662693017442,S4_full34_bias_20d_2022,full34,bias_20d,2022,single
202211,0.09249026597827105,0.0014528163407852774,0.30283133011660868,0.36610971787788993,0.036996106391308424,0.10983291536336698,0.20915060096501739,0.3559796227196928,0.092360716259726541,0.00012954971854450825,0.06557382505385187,0.39573200873866443,-0.029622290860774503,0.26110025235846723,0.30281798062010196,1.334949650672046e-05,0.0028210864920091283,0.36481849493945939,-0.0088388722197665914,0.10371327978147821,S4_full34_bias_20d_2022,full34,bias_20d,2022,single
202212,0.072245651912442074,0.0028023009084765091,0.29905274548507399,0.70617982893608033,0.02889826076497683,0.21185394868082411,0.2102841763544778,0.45103638580027872,0.072901424888444727,-0.00065577297600265261,0.062632582857926139,0.69701066878517448,0.0091691601509058529,0.66455565990815413,0.29622949420039807,0.0028232512846759206,-0.0010570514106305606,0.4493949223308108,0.0016414634694679187,0.22473684653880582,S4_full34_bias_20d_2022,full34,bias_20d,2022,single
202101,0.060858291090435071,0.0015308488016984071,0.46255369125916085,0.38577389802799861,0.024343316436174031,0.11573216940839957,0.16123389262225177,0.30130937846682537,0.058765447804673743,0.0020928432857613283,0.021040371551591691,0.43864074747199783,-0.05286684944399922,0.40130853706038316,0.49399280421472913,-0.031439112955568282,-0.082656964206116401,0.30690056209905009,-0.0055911836322247166,0.15360579900058655,S4_full34_bias_60d_2021,full34,bias_60d,2021,single
202102,0.096233827837406472,0.0019973259345561372,0.48441763305335389,0.50332613550814653,0.038493531134962594,0.15099784065244395,0.15467471008399383,0.34416608187140041,0.095366796455667535,0.00086703138173893635,0.064400148604843499,0.59683556810584515,-0.093509432597698616,0.51934416511722625,0.47393656436534026,0.010481068688013628,0.10717918287891681,0.37501641970441846,-0.030850337833018049,0.14940955411343024,S4_full34_bias_60d_2021,full34,bias_60d,2021,single
202103,0.10303884546125704,0.0030361196818472044,0.4707463141575271,0.76510215982549556,0.041215538184502819,0.22953064794764866,0.15877610575274187,0.42952229188489333,0.10289822410824899,0.0001406213530080469,0.041271835716238554,0.72183865168678774,0.043263508138707829,0.65293822563038806,0.44701805308512554,0.023728261072401557,0.026485615527727713,0.42360546922379827,0.0059168226610950558,0.20444451731729352,S4_full34_bias_60d_2021,full34,bias_60d,2021,single
202104,0.064296401351751964,0.0022354480797359176,0.48437281622562489,0.56333291609345126,0.025718560540700788,0.16899987482803538,0.15468815513231252,0.34940659050104872,0.064976959431469306,-0.00068055807971734161,0.041705343912915568,0.61318248434047418,-0.049849568247022913,0.69809327268838284,0.43344382559331474,0.050928990632310156,0.12059862965238749,0.37991238139673555,-0.030505790895686835,0.18993053047596486,S4_full34_bias_60d_2021,full34,bias_60d,2021,single
202105,0.049202687748433303,0.0015851642537647894,0.38550535249337292,0.39946139194872693,0.019681075099373321,0.11983841758461808,0.18434839425198812,0.32386788693597951,0.052241511779904583,-0.0030388240314712794,0.034146341347223816,0.48505182450607293,-0.085590432557345997,0.22274608536306895,0.3342262871249112,0.051279065368461718,-0.01803530028418604,0.36614426592631033,-0.042276378990330821,0.085892952233065978,S4_full34_bias_60d_2021,full34,bias_60d,2021,single
202106,0.076988323385409174,0.0023250657408032385,0.37871574926716906,0.5859165666824161,0.03079532935416367,0.17577497000472483,0.18638527521984927,0.39295557457873775,0.077854284456356074,-0.00086596107094689956,0.048231730992284047,0.64500174557823853,-0.059085178895822432,0.61307962160719198,0.41979747426550401,-0.041081724998334956,-0.030489029677292001,0.39870299517636282,-0.0057474205976250636,0.21236328778225877,S4_full34_bias_60d_2021,full34,bias_60d,2021,single
202107,0.063298205023731388,0.0027976288500089004,0.37525495052851326,0.70500247020224294,0.025319282009492558,0.21150074106067288,0.18742351484144604,0.42424353791161146,0.061881075413042663,0.0014171296106887249,0.023455796182310119,0.6656542870952904,0.039348183106952539,0.26332728370605268,0.32417932796494148,0.051075622563571788,0.067992753336300726,0.42719491790432174,-0.0029513799927102791,0.067982677583849627,S4_full34_bias_60d_2021,full34,bias_60d,2021,single
202108,0.092140573666978032,0.0020824271538342166,0.26921825739569089,0.52477164276622257,0.036856229466791214,0.15743149282986676,0.21923452278129271,0.41352224507795066,0.092561340577702197,-0.00042076691072416572,0.043545747761501441,0.46032093664766721,0.064450706118555356,0.45398844962070556,0.26687196382300571,0.0023462935726851764,0.022029318392842723,0.39505922807847932,0.018463016999471338,0.14700603847295934,S4_full34_bias_60d_2021,full34,bias_60d,2021,single
202109,0.087435665021150868,0.0025508304234992899,0.25497044238444566,0.64280926672182104,0.034974266008460347,0.19284278001654631,0.22350886728466629,0.45132591330967298,0.091010616952011028,-0.0035749519308601596,0.062402895326960223,0.6156783491683161,0.027130917553504941,0.70598857288429528,0.24776292454690929,0.0072075178375363702,0.016558823458450389,0.44677887416722645,0.0045470391424465295,0.23179008295853759,S4_full34_bias_60d_2021,full34,bias_60d,2021,single
202110,0.049128099567075291,0.0012912415835561906,0.17358048485501754,0.32539287905616004,0.019651239826830119,0.097617863716848011,0.24792585454349472,0.36519495808717284,0.04820508873861469,0.00092301082846060062,0.0025681697837386455,0.27941044490790651,0.045982434148253537,0.018607481409421589,0.19196266497556608,-0.018382180120548541,-0.030548020297885115,0.34551636947514797,0.019678588612024872,0.015773918425687483,S4_full34_bias_60d_2021,full34,bias_60d,2021,single
202111,0.087210061185947263,0.0019475740927352827,0.14687762789183101,0.49078867136929122,0.034884024474378904,0.14723660141078737,0.25593671163245069,0.438057337517617,0.087308274398253352,-9.8213212306089148e-05,0.046148321188793223,0.44485970115517631,0.045928970214114906,0.40974146474465289,0.1351328008386907,0.011744827053140311,0.0075624048003165578,0.42784137985424697,0.010215957663370023,0.13911304645881822,S4_full34_bias_60d_2021,full34,bias_60d,2021,single
202112,0.06507940545103244,0.00050366258610374571,0.11279943533061537,0.12692297169814393,0.026031762180412976,0.038076891509443177,0.26616016940081538,0.33026882309067151,0.065913253996340349,-0.00083384854530790808,0.048011153374538248,0.106942732076547,0.019980239621596924,0.33060689807508259,0.10304813465651336,0.0097513006741020147,0.0070508548591269316,0.3275336808245462,0.0027351422661253122,0.11627127431460199,S4_full34_bias_60d_2021,full34,bias_60d,2021,single
202201,0.12547648622677104,0.0035043657388276876,0.060715957428583441,0.88310016618457732,0.050190594490708423,0.26493004985537316,0.28178521277142493,0.59690585711750654,0.12470227903505464,0.00077420719171640562,0.064659930856649644,0.88005607374028738,0.0030440924442899364,0.64425678569763156,0.047613466832023582,0.013102490596559858,0.01543399865132096,0.59961369368650097,-0.0027078365689944262,0.21451080845655301,S4_full34_bias_60d_2022,full34,bias_60d,2022,single
202202,0.076556606542910674,0.0012477470299718605,0.042466691443025908,0.31443225155290883,0.03062264261716427,0.094329675465872648,0.28725999256709223,0.41221231065012914,0.080346543742632712,-0.0037899371997220377,0.038670172317646627,0.44018709360237573,-0.12575484204946691,0.069283801833278563,0.042480685355200817,-1.3993912174908862e-05,-0.0023554206041661724,0.45145053997120554,-0.039238229321076401,0.036959835658292139,S4_full34_bias_60d_2022,full34,bias_60d,2022,single
202203,0.071494171783257676,0.0011665547679345918,0.17386626534763347,0.29397180151951713,0.028597668713303073,0.08819154045585513,0.24784012039570993,0.36462932956486815,0.070561146933528954,0.00093302484972872246,0.035612892254583126,0.31231761171730871,-0.018345810197791579,0.47869046667012816,0.15208483308019252,0.021781432267440948,0.066670981909462246,0.37629429236454642,-0.011664962799678269,0.13785100233003303,S4_full34_bias_60d_2022,full34,bias_60d,2022,single
202204,0.092453862151913313,0.0015751508768324979,0.36850273105037917,0.39693802096178948,0.036981544860765325,0.11908140628853683,0.18944918068488623,0.34551213183418839,0.090954385040434543,0.0014994771114787697,0.032719108107656721,0.34693073750529191,0.050007283456497575,0.25113367103663953,0.29476783605626994,0.073734894994109235,0.20571455027042679,0.3520306244508804,-0.0065184926166920176,0.026713379472926457,S4_full34_bias_60d_2022,full34,bias_60d,2022,single
202205,0.13700949715017088,0.0020422637764423318,0.19347878635376672,0.51465047166346756,0.054803798860068358,0.15439514149904027,0.24195636409386997,0.45115530445297858,0.14210188088570128,-0.0050923837355303925,0.038173538864605491,0.65083302866438431,-0.13618255700091675,0.085429692631891929,0.17124247141791082,0.0222363149358559,0.018569062038318956,0.50071791952822253,-0.049562615075243954,0.035327604723914108,S4_full34_bias_60d_2022,full34,bias_60d,2022,single
202206,0.092501759728218766,0.00072528385614015081,0.23560300372391441,0.182771531747318,0.037000703891287505,0.054831459524195401,0.22931909888282567,0.32115126229830859,0.093643305732629328,-0.0011415460044105624,0.027372794961734531,0.17718134396437954,0.0055901877829384605,-0.080635807625223127,0.23366802961960617,0.0019349741043082347,0.0075139718780596332,0.32051131659648369,0.00063994570182490662,-0.015495815866290952,S4_full34_bias_60d_2022,full34,bias_60d,2022,single
202207,0.072371137133846353,0.0013805987596464356,0.30083336685787565,0.34791088743090176,0.028948454853538544,0.10437326622927053,0.2097499899426373,0.34307171102544637,0.073637610709909984,-0.0012664735760636314,0.033951278032081408,0.32861729225292452,0.019293595177977241,0.062529207290545841,0.29867038060012518,0.0021629862577504655,0.0097557554146114334,0.33843911777980379,0.00463259324564258,0.029412546775612891,S4_full34_bias_60d_2022,full34,bias_60d,2022,single
202208,0.069013786644146147,0.00066889310523824113,0.29788068386878686,0.16856106252003678,0.02760551465765846,0.050568318756011033,0.21063579483936393,0.28880962825303341,0.069935421099203129,-0.00092163445505698272,0.055078741585145849,0.14102819921826384,0.027532863301772931,0.71278178160103867,0.29276697929158674,0.0051137045772001177,-0.0054605391216468457,0.28245253441768436,0.006357093835349048,0.23750419285086399,S4_full34_bias_60d_2022,full34,bias_60d,2022,single
202209,0.067251433212255712,0.0026142395302284306,0.29230068039703089,0.65878836161756449,0.026900573284902286,0.19763650848526934,0.21230979588089072,0.43684687765106234,0.06743375745372901,-0.00018232424147329729,0.053553395012541263,0.59086339126323972,0.067924970354324765,0.50259574492607673,0.29447472179819228,-0.0021740414011613973,-0.016861496635055706,0.41589010382100589,0.020956773830056452,0.17725853047335621,S4_full34_bias_60d_2022,full34,bias_60d,2022,single
202210,0.10755005908361856,0.0021845024659501496,0.29844643230482842,0.55049462141943772,0.043020023633447424,0.16514838642583132,0.2104660703085515,0.41863448036783024,0.11617378711890365,-0.0086237280352850915,0.035626435563402989,0.65355400542913966,-0.10305938400970194,0.2976952312428352,0.29920448816062167,-0.0007580558557932493,0.0076704963958311168,0.45277437002811682,-0.034139889660286582,0.10125799467946245,S4_full34_bias_60d_2022,full34,bias_60d,2022,single
202211,0.089295861117349939,0.0012982001286036362,0.30582984559227078,0.32714643240811631,0.035718344446939977,0.098143929722434894,0.20825104632231875,0.34211332049169363,0.092360716259726541,-0.0030648551423766018,0.062379420192930767,0.39573200873866443,-0.068585576330548126,0.22213696688869364,0.30281798062010196,0.0030118649721688207,0.0058196019676712285,0.36481849493945939,-0.022705174447765764,0.089846977553479035,S4_full34_bias_60d_2022,full34,bias_60d,2022,single
202212,0.07393258751674503,0.0028700403735531692,0.29490199638947917,0.7232501741353986,0.029573035006698015,0.21697505224061958,0.21152940108315624,0.45807748833047379,0.072901424888444727,0.0010311626283003028,0.064319518462229094,0.69701066878517448,0.026239505350224124,0.6816260051074724,0.29622949420039807,-0.0013274978109188984,-0.0052078005062253796,0.4493949223308108,0.0086825659996629945,0.2317779490690009,S4_full34_bias_60d_2022,full34,bias_60d,2022,single
202101,0.061002966693477309,0.0016942523433629568,0.54367160545400706,0.42695159052746512,0.024401186677390926,0.12808547715823954,0.13689851836379788,0.28938518219942833,0.058765447804673743,0.0022375188888035663,0.021185047154633929,0.43864074747199783,-0.011689156944532708,0.44248622955984968,0.49399280421472913,0.049678801239277925,-0.0015390500112701933,0.30690056209905009,-0.017515379899621764,0.1416816027331895,S4_full34_price_position_20d_2021,full34,price_position_20d,2021,single
202102,0.095297154083901561,0.0018922843623460778,0.41926542442422432,0.4768556593112116,0.038118861633560625,0.14305669779336347,0.17422037267273269,0.35539593209965681,0.095366796455667535,-6.9642371765973876e-05,0.063463474851338589,0.59683556810584515,-0.11997990879463355,0.49287368892029132,0.47393656436534026,-0.054671139941115943,0.042026974249787241,0.37501641970441846,-0.019620487604761649,0.16063940434168664,S4_full34_price_position_20d_2021,full34,price_position_20d,2021,single
202103,0.10006890375235965,0.0029608995408294658,0.4117927828521501,0.74614668428902542,0.040027561500943859,0.22384400528670761,0.17646216514435495,0.44033373193200642,0.10289822410824899,-0.0028293203558893421,0.038301894007341165,0.72183865168678774,0.024308032602237684,0.63398275009391791,0.44701805308512554,-0.035225270232975447,-0.032467915777649292,0.42360546922379827,0.016728262708208153,0.21525595736440661,S4_full34_price_position_20d_2021,full34,price_position_20d,2021,single
202104,0.064924407940793058,0.0020566431900671538,0.42361747458344406,0.51827408389692275,0.025969763176317225,0.15548222516907681,0.1729147576249668,0.35436674597036083,0.064976959431469306,-5.2551490676247536e-05,0.042333350501956662,0.61318248434047418,-0.094908400443551422,0.65303444049185433,0.43344382559331474,-0.0098263510098706708,0.059843288010206663,0.37991238139673555,-0.025545635426374724,0.19489068594527698,S4_full34_price_position_20d_2021,full34,price_position_20d,2021,single
202105,0.05251560480729453,0.0015026729058517324,0.38439941550087064,0.37867357227463655,0.021006241922917814,0.11360207168239096,0.1846801753497388,0.31928848895504758,0.052241511779904583,0.00027409302738994751,0.037459258406085043,0.48505182450607293,-0.10637825223143638,0.20195826568897857,0.3342262871249112,0.050173128375959442,-0.019141237276688317,0.36614426592631033,-0.046855776971262753,0.081313554252134046,S4_full34_price_position_20d_2021,full34,price_position_20d,2021,single
202106,0.080005222584542179,0.0023487871249577097,0.40456061670824389,0.59189435548934288,0.03200208903381687,0.17756830664680287,0.17863181498752684,0.38820221066814659,0.077854284456356074,0.0021509381281861056,0.051248630191417052,0.64500174557823853,-0.053107390088895645,0.61905741041411877,0.41979747426550401,-0.015236857557260119,-0.0046441622362171642,0.39870299517636282,-0.010500784508216232,0.2076099238716676,S4_full34_price_position_20d_2021,full34,price_position_20d,2021,single
202107,0.059792322614506017,0.0025706027062302353,0.31082370061695913,0.64779188197001925,0.023916929045802407,0.19433756459100576,0.20675288981491224,0.4250073834517204,0.061881075413042663,-0.0020887527985366458,0.019949913773084749,0.6656542870952904,-0.017862405125271152,0.20611669547382899,0.32417932796494148,-0.013355627347982346,0.0035615034247465926,0.42719491790432174,-0.0021875344526013363,0.068746523123958569,S4_full34_price_position_20d_2021,full34,price_position_20d,2021,single
202108,0.090693060334009937,0.0022552284016932526,0.30303816143521406,0.56831755722669963,0.036277224133603979,0.17049526716800989,0.20908855156943579,0.41586104287104964,0.092561340577702197,-0.0018682802436922608,0.042098234428533346,0.46032093664766721,0.10799662057903242,0.49753436408118262,0.26687196382300571,0.036166197612208351,0.055849222432365897,0.39505922807847932,0.020801814792570317,0.14934483626605832,S4_full34_price_position_20d_2021,full34,price_position_20d,2021,single
202109,0.087442281090761617,0.0028409256764987947,0.25852900149282937,0.71591327047769626,0.034976912436304651,0.21477398114330887,0.22244129955215117,0.47219219313176469,0.091010616952011028,-0.0035683358612494109,0.062409511396570971,0.6156783491683161,0.10023492130938016,0.77909257664017051,0.24776292454690929,0.010766076945920078,0.020117382566834097,0.44677887416722645,0.025413318964538245,0.25265636278062931,S4_full34_price_position_20d_2021,full34,price_position_20d,2021,single
202110,0.049836248264234537,0.0012310398409139376,0.20521297190578794,0.31022203991031227,0.019934499305693815,0.093066611973093682,0.23843610842826363,0.35143721970705111,0.04820508873861469,0.0016311595256198463,0.0032763184808978912,0.27941044490790651,0.030811595002405767,0.0034366422635738192,0.19196266497556608,0.013250306930221861,0.001084466752885288,0.34551636947514797,0.0059208502319031409,0.0020161800455657519,S4_full34_price_position_20d_2021,full34,price_position_20d,2021,single
202111,0.087391719653274663,0.0018075369187109413,0.14379148029546071,0.45549930351515722,0.034956687861309864,0.13664979105454717,0.25686255591136176,0.42846903482721876,0.087308274398253352,8.344525502131106e-05,0.046329979656120623,0.44485970115517631,0.010639602359980904,0.37445209689051889,0.1351328008386907,0.0086586794567700132,0.00447625720394626,0.42784137985424697,0.00062765497297179174,0.12952474376841999,S4_full34_price_position_20d_2021,full34,price_position_20d,2021,single
202112,0.066819491014402294,0.00061854992587723689,0.11466410549088459,0.15587458132106369,0.02672779640576092,0.046762374396319105,0.26560076835273461,0.33909093915481464,0.065913253996340349,0.00090623701806194501,0.049751238937908102,0.106942732076547,0.048931849244516684,0.35955850769800235,0.10304813465651336,0.011615970834371228,0.0089155250193961449,0.3275336808245462,0.011557258330268438,0.12509339037874512,S4_full34_price_position_20d_2021,full34,price_position_20d,2021,single
202201,0.12350883986014646,0.0032132730731978332,0.054855375383318819,0.809744814445854,0.049403535944058587,0.24292344433375618,0.28354338738500434,0.57587036766281918,0.12470227903505464,-0.0011934391749081757,0.062692284490025063,0.88005607374028738,-0.070311259294433381,0.57090143395890824,0.047613466832023582,0.0072419085512952369,0.0095734166060563383,0.59961369368650097,-0.023743326023681788,0.19347531900186565,S4_full34_price_position_20d_2022,full34,price_position_20d,2022,single
202202,0.080655916061271843,0.0016856294317176782,0.041944299328205183,0.42477861679285489,0.032262366424508741,0.12743358503785646,0.28741671020153842,0.44711266166390362,0.080346543742632712,0.00030937231863913117,0.042769481836007796,0.44018709360237573,-0.015408476809520844,0.17963016707322463,0.042480685355200817,-0.0005363860269956347,-0.0028778127189868982,0.45145053997120554,-0.0043378783073019234,0.071860186672066617,S4_full34_price_position_20d_2022,full34,price_position_20d,2022,single
202203,0.065758567404808205,0.0012741230337463445,0.17149785068812215,0.32107900450407884,0.026303426961923282,0.096323701351223645,0.24855064479356334,0.3711777731067103,0.070561146933528954,-0.004802579528720749,0.029877287876133654,0.31231761171730871,0.008761392786770128,0.50579766965468986,0.15208483308019252,0.019413017607929628,0.064302567249950926,0.37629429236454642,-0.0051165192578361274,0.14439944587187517,S4_full34_price_position_20d_2022,full34,price_position_20d,2022,single
202204,0.086614442078643772,0.00090718664630712374,0.35278851912108644,0.22861103486939519,0.03464577683145751,0.068583310460818558,0.19416344426367407,0.29739253155595013,0.090954385040434543,-0.0043399429617907714,0.026879688034387179,0.34693073750529191,-0.11831970263589672,0.082806684944245201,0.29476783605626994,0.058020683064816503,0.19000033834113406,0.3520306244508804,-0.054638092894930268,-0.021406220805311793,S4_full34_price_position_20d_2022,full34,price_position_20d,2022,single
202205,0.14282900793073794,0.0025148858198578705,0.17320806439797662,0.63375122660418337,0.057131603172295181,0.19012536798125501,0.24803758068060699,0.49529455183415716,0.14210188088570128,0.00072712704503666292,0.043993049645172547,0.65083302866438431,-0.017081802060200935,0.20453044757260774,0.17124247141791082,0.0019655929800657945,-0.0017016599174711489,0.50071791952822253,-0.005423367694065373,0.079466852105092689,S4_full34_price_position_20d_2022,full34,price_position_20d,2022,single
202206,0.093127682416319663,0.00061820832513404509,0.23370111087035084,0.15578849793377936,0.037251072966527868,0.046736549380133809,0.22988966673889474,0.31387728908555645,0.093643305732629328,-0.00051562331630966574,0.027998717649835428,0.17718134396437954,-0.021392846030600182,-0.10761884143876177,0.23366802961960617,3.3081250744665391e-05,0.0056120790244960639,0.32051131659648369,-0.0066340275109272318,-0.02276978907904309,S4_full34_price_position_20d_2022,full34,price_position_20d,2022,single
202207,0.080228961048057698,0.0013735002234024382,0.29880330926285159,0.34612205629741444,0.032091584419223079,0.10383661688922433,0.21035900722114451,0.34628720852959194,0.073637610709909984,0.006591350338147714,0.041809101946292754,0.32861729225292452,0.017504764044489918,0.060740376157058518,0.29867038060012518,0.00013292866272640591,0.0077256978195873738,0.33843911777980379,0.0078480907497881502,0.032628044279758461,S4_full34_price_position_20d_2022,full34,price_position_20d,2022,single
202208,0.067350709249015872,0.00036147851903684349,0.28842832022300768,0.091092586797284561,0.026940283699606351,0.027327776039185368,0.21347150393309769,0.26773956367188939,0.069935421099203129,-0.0025847118501872574,0.053415664190015574,0.14102819921826384,-0.049935612420979283,0.63531330587828649,0.29276697929158674,-0.0043386590685790538,-0.014912902767426017,0.28245253441768436,-0.014712970745794973,0.21643412826971997,S4_full34_price_position_20d_2022,full34,price_position_20d,2022,single
202209,0.065973435441202904,0.0024477392039944971,0.29068873410351481,0.61683027940661328,0.026389374176481163,0.18504908382198398,0.21279337976894555,0.42423183776741069,0.06743375745372901,-0.0014603220125261052,0.052275397241488455,0.59086339126323972,0.025966888143373557,0.46063766271512557,0.29447472179819228,-0.0037859876946774729,-0.018473442928571782,0.41589010382100589,0.0083417339464048057,0.16464349058970457,S4_full34_price_position_20d_2022,full34,price_position_20d,2022,single
202210,0.1189813669180706,0.0024227065908962136,0.29727440582103376,0.61052206090584582,0.047592546767228239,0.18315661827175375,0.21081767825368988,0.44156684329267187,0.11617378711890365,0.0028075797991669454,0.047057743397855026,0.65355400542913966,-0.043031944523293841,0.3577226707292433,0.29920448816062167,-0.001930082339587913,0.0064984699120364531,0.45277437002811682,-0.01120752673544495,0.12419035760430408,S4_full34_price_position_20d_2022,full34,price_position_20d,2022,single
202211,0.089392680990792409,0.0014394027315941388,0.30557352607140026,0.36272948836172297,0.035757072396316966,0.10881884650851689,0.20832794217857989,0.35290386108341376,0.092360716259726541,-0.0029680352689341327,0.062476240066373236,0.39573200873866443,-0.033002520376941458,0.25772002284230033,0.30281798062010196,0.0027555454512983024,0.0055632824468007103,0.36481849493945939,-0.011914633856045631,0.10063751814519917,S4_full34_price_position_20d_2022,full34,price_position_20d,2022,single
202212,0.086266959762853576,0.0030668267832731663,0.29120995212072642,0.77284034938483792,0.034506783905141433,0.23185210481545138,0.21263701436378207,0.4789959030843749,0.072901424888444727,0.013365534874408849,0.076653890708337641,0.69701066878517448,0.07582968059966344,0.73121618035691172,0.29622949420039807,-0.0050195420796716461,-0.0088998447749781273,0.4493949223308108,0.029600980753564099,0.252696363822902,S4_full34_price_position_20d_2022,full34,price_position_20d,2022,single
202101,0.05969565666874721,0.0018399895772363065,0.50115216737540202,0.46367737346354926,0.023878262667498887,0.13910321203906478,0.14965434978737938,0.312635824493943,0.058765447804673743,0.00093020886407346737,0.01987773712990383,0.43864074747199783,0.025036625991551431,0.47921201249593381,0.49399280421472913,0.0071593631606728936,-0.044058488089875225,0.30690056209905009,0.0057352623948929149,0.16493224502770418,S4_full34_price_position_60d_2021,full34,price_position_60d,2021,single
202102,0.097380892984808815,0.0021404019987922092,0.4597524329234785,0.53938130369563675,0.03895235719392353,0.16181439110869103,0.16207427012295642,0.36284101842557098,0.095366796455667535,0.0020140965291412793,0.065547213752245842,0.59683556810584515,-0.0574542644102084,0.55539933330471647,0.47393656436534026,-0.014184131441861758,0.082513982749041426,0.37501641970441846,-0.012175401278847475,0.16808449066760081,S4_full34_price_position_60d_2021,full34,price_position_60d,2021,single
202103,0.10176945380424321,0.002987311053694102,0.45073237435990871,0.75280238553091372,0.040707781521697288,0.2258407156592741,0.16478028769202738,0.43132878487299875,0.10289822410824899,-0.00112877030400578,0.040002444059224727,0.72183865168678774,0.030963733844125985,0.64063845133580621,0.44701805308512554,0.0037143212747831611,0.0064716757301093164,0.42360546922379827,0.0077233156492004795,0.20625101030539894,S4_full34_price_position_60d_2021,full34,price_position_60d,2021,single
202104,0.063982120839731843,0.0022940032491838729,0.4350865146058005,0.57808881879433593,0.025592848335892739,0.17342664563830076,0.16947404561825985,0.36849353959245335,0.064976959431469306,-0.00099483859173746247,0.041391063400895448,0.61318248434047418,-0.035093665546138242,0.71284917538926751,0.43344382559331474,0.0016426890124857652,0.071312328032563099,0.37991238139673555,-0.011418841804282209,0.20901747956736949,S4_full34_price_position_60d_2021,full34,price_position_60d,2021,single
202105,0.051495838018211539,0.0016739679600550762,0.36905268028816379,0.4218399259338792,0.020598335207284615,0.12655197778016375,0.18928419591355086,0.33643450890099924,0.052241511779904583,-0.00074567376169304422,0.036439491617002051,0.48505182450607293,-0.063211898572193725,0.24512461934822122,0.3342262871249112,0.034826393163252589,-0.034487972489395169,0.36614426592631033,-0.02970975702531109,0.098459574198085709,S4_full34_price_position_60d_2021,full34,price_position_60d,2021,single
202106,0.079277160885661876,0.0025300352009223152,0.3917579193456116,0.6375688706324234,0.031710864354264755,0.19127066118972702,0.18247262419631652,0.4054541497403083,0.077854284456356074,0.0014228764293058027,0.050520568492536749,0.64500174557823853,-0.0074328749458151266,0.66473192555719929,0.41979747426550401,-0.028039554919892407,-0.017446859598849451,0.39870299517636282,0.0067511545639454829,0.22486186294382932,S4_full34_price_position_60d_2021,full34,price_position_60d,2021,single
202107,0.063531620848788328,0.0028561705343968266,0.31827475258107413,0.71975497466800031,0.025412648339515332,0.2159264924004001,0.20451757422567776,0.4458567149655932,0.061881075413042663,0.001650545435745665,0.02368921200736706,0.6656542870952904,0.054100687572709916,0.27807978817181006,0.32417932796494148,-0.0059045753838673498,0.011012555388861589,0.42719491790432174,0.018661797061271468,0.089595854637831374,S4_full34_price_position_60d_2021,full34,price_position_60d,2021,single
202108,0.093868094240660019,0.0020384741551738345,0.25003784101135745,0.5136954871038063,0.037547237696264009,0.15410864613114189,0.22498864769659274,0.41664453152399861,0.092561340577702197,0.0013067536629578214,0.045273268335183428,0.46032093664766721,0.053374550456139092,0.44291229395828929,0.26687196382300571,-0.016834122811648256,0.0028489020085092909,0.39505922807847932,0.021585303445519288,0.15012832491900729,S4_full34_price_position_60d_2021,full34,price_position_60d,2021,single
202109,0.090106391944953707,0.0024776969587159423,0.26545576613730015,0.62437963359641746,0.036042556777981481,0.18731389007892524,0.22036327015880994,0.44371971701571666,0.091010616952011028,-0.00090422500705732156,0.065073622250763061,0.6156783491683161,0.0087012844281013635,0.68755893975889171,0.24776292454690929,0.017692841590390862,0.027044147211304881,0.44677887416722645,-0.0030591571515097837,0.22418388666458128,S4_full34_price_position_60d_2021,full34,price_position_60d,2021,single
202110,0.050556347975568572,0.0013550373700396824,0.18603316526867511,0.34146941724999996,0.020222539190227429,0.10244082517499999,0.24419005041939745,0.36685341478462485,0.04820508873861469,0.0023512592369538815,0.0039964181922319264,0.27941044490790651,0.062058972342093455,0.034684019603261507,0.19196266497556608,-0.0059294997068909672,-0.01809533988422754,0.34551636947514797,0.021337045309476887,0.017432375123139499,S4_full34_price_position_60d_2021,full34,price_position_60d,2021,single
202111,0.087778270579273301,0.0019174609865573765,0.1293760271506732,0.4832001686124589,0.035111308231709319,0.14496005058373768,0.26118719185479805,0.44125855067024505,0.087308274398253352,0.00046999618101994933,0.046716530582119262,0.44485970115517631,0.03834046745728259,0.40215296198782058,0.1351328008386907,-0.0057567736880174969,-0.00993919594084125,0.42784137985424697,0.013417170815998081,0.14231425961144628,S4_full34_price_position_60d_2021,full34,price_position_60d,2021,single
202112,0.063214318488336377,0.00054363013302392588,0.10026489569887184,0.13699479352202931,0.025285727395334551,0.041098438056608795,0.26992053129033844,0.33630469674228181,0.065913253996340349,-0.0026989355080039718,0.046146066411842185,0.106942732076547,0.030052061445482309,0.34067871989896803,0.10304813465651336,-0.0027832389576415151,-0.0054836847726165983,0.3275336808245462,0.0087710159177356029,0.12230714796621228,S4_full34_price_position_60d_2021,full34,price_position_60d,2021,single
202201,0.12376290604420917,0.0036341768281431177,0.050174953680518442,0.91581256069206562,0.049505162417683671,0.2747437682076197,0.28494751389584444,0.60919644452114774,0.12470227903505464,-0.00093937299084546899,0.06294635067408777,0.88005607374028738,0.035756486951778244,0.67696918020511987,0.047613466832023582,0.0025614868484948594,0.0048929949032559608,0.59961369368650097,0.0095827508346467694,0.22680139586019421,S4_full34_price_position_60d_2022,full34,price_position_60d,2022,single
202202,0.079030563154013966,0.0014282719084761494,0.04220891985391069,0.35992452093598964,0.031612225261605585,0.1079773562807969,0.28733732404382678,0.42692690558622926,0.080346543742632712,-0.0013159805886187453,0.041144128928749919,0.44018709360237573,-0.080262572666386089,0.11477607121635938,0.042480685355200817,-0.00027176550129012766,-0.0026131921932813912,0.45145053997120554,-0.024523634384976289,0.051674430594392251,S4_full34_price_position_60d_2022,full34,price_position_60d,2022,single
202203,0.070600033436687845,0.0014044171075059079,0.1487717763279279,0.35391311109148876,0.028240013374675139,0.10617393332744662,0.25536846710162159,0.38978241380374334,0.070561146933528954,3.8886503158891417e-05,0.034718753908013295,0.31231761171730871,0.041595499374180056,0.53863177624209979,0.15208483308019252,-0.0033130567522646204,0.041576492889756678,0.37629429236454642,0.013488121439196921,0.16300408656890822,S4_full34_price_position_60d_2022,full34,price_position_60d,2022,single
202204,0.089937852841494512,0.0015296773988818912,0.29937235972900006,0.38547870451823657,0.035975141136597805,0.11564361135547097,0.21018829208129997,0.36180704457336876,0.090954385040434543,-0.0010165321989400317,0.030203098797237919,0.34693073750529191,0.038547967012944662,0.23967435459308659,0.29476783605626994,0.0046045236727301209,0.13658417894904767,0.3520306244508804,0.0097764201224883607,0.043008292212106836,S4_full34_price_position_60d_2022,full34,price_position_60d,2022,single
202205,0.14142734690900566,0.0025764725804170731,0.16906033726838476,0.64927109026510244,0.056570938763602266,0.19478132707953072,0.24928189881948457,0.50063416466261756,0.14210188088570128,-0.00067453397669561821,0.042591388623440266,0.65083302866438431,-0.0015619383992818703,0.22005031123352681,0.17124247141791082,-0.0021821341495260604,-0.0058493870470630038,0.50071791952822253,-8.3754865604968032e-05,0.084806464933553094,S4_full34_price_position_60d_2022,full34,price_position_60d,2022,single
202206,0.092892763646369364,0.00081248877628776897,0.23578833623971704,0.20474717162451778,0.037157105458547744,0.061424151487355333,0.22926349912808486,0.32784475607398794,0.093643305732629328,-0.00075054208625996433,0.027763798879885129,0.17718134396437954,0.027565827660138237,-0.058660167748023351,0.23366802961960617,0.0021203066201108678,0.0076993043938622663,0.32051131659648369,0.0073334394775042555,-0.0088023220906116029,S4_full34_price_position_60d_2022,full34,price_position_60d,2022,single
202207,0.071428366698021578,0.0012071496658767169,0.30020224970175868,0.30420171580093264,0.028571346679208631,0.091260514740279783,0.20993932508947238,0.32977118650896081,0.073637610709909984,-0.002209244011888406,0.033008507596256634,0.32861729225292452,-0.024415576451991883,0.018820035660576717,0.29867038060012518,0.0015318691016334984,0.0091246382584944663,0.33843911777980379,-0.0086679312708429768,0.016112022259127334,S4_full34_price_position_60d_2022,full34,price_position_60d,2022,single
202208,0.069807905133273535,0.00075028545790181928,0.29405817711344556,0.18907193539125847,0.027923162053309414,0.056721580617377539,0.21178254686596631,0.29642728953665326,0.069935421099203129,-0.00012751596592959491,0.055872860074273237,0.14102819921826384,0.048043736172994622,0.73329265447226033,0.29276697929158674,0.0012911978218588249,-0.0092830458769881385,0.28245253441768436,0.013974755118968896,0.24512185413448384,S4_full34_price_position_60d_2022,full34,price_position_60d,2022,single
202209,0.066456402306619394,0.0022836576402665808,0.29735241598740986,0.57548172534717834,0.026582560922647758,0.1726445176041535,0.21079427520377703,0.4100213537305783,0.06743375745372901,-0.00097735514710961535,0.052758364106904945,0.59086339126323972,-0.015381665916061382,0.41928910865569063,0.29447472179819228,0.0028776941892175723,-0.011809761044676736,0.41589010382100589,-0.005868750090427588,0.15043300655287217,S4_full34_price_position_60d_2022,full34,price_position_60d,2022,single
202210,0.11652819216891049,0.0024205707666843609,0.30087355089909779,0.60998383320445893,0.046611276867564194,0.18299514996133767,0.20973793473027064,0.4393443615591725,0.11617378711890365,0.00035440505000683409,0.044604568648694914,0.65355400542913966,-0.043570172224680737,0.3571844430278564,0.29920448816062167,0.0016690627384761125,0.010097614990100479,0.45277437002811682,-0.013430008468944321,0.12196787587080471,S4_full34_price_position_60d_2022,full34,price_position_60d,2022,single
202211,0.089786152916602913,0.0012608633335221158,0.30527195489379944,0.3177375600475732,0.035914461166641168,0.095321268014271959,0.20841841353186016,0.33965414271277328,0.092360716259726541,-0.0025745633431236287,0.062869711992183747,0.39573200873866443,-0.077994448691091234,0.21272809452815053,0.30281798062010196,0.002453974273697479,0.0052617112691998869,0.36481849493945939,-0.025164352226686115,0.087387799774558683,S4_full34_price_position_60d_2022,full34,price_position_60d,2022,single
202212,0.067409280664108756,0.0029374408694709474,0.29698435777869786,0.74023509910667873,0.026963712265643505,0.22207052973200361,0.21090469266639061,0.45993893466403774,0.072901424888444727,-0.0054921442243359708,0.057796211609592821,0.69701066878517448,0.043224430321504248,0.69861093007875252,0.29622949420039807,0.00075486357829979145,-0.0031254391170066897,0.4493949223308108,0.010544012333226938,0.23363939540256484,S4_full34_price_position_60d_2022,full34,price_position_60d,2022,single
202101,0.061128077714545981,0.0018723673504343608,0.4732410082198667,0.47183657230945891,0.024451231085818394,0.14155097169283767,0.15802769753403997,0.32402990031269607,0.058765447804673743,0.0023626299098722381,0.021310158175702601,0.43864074747199783,0.033195824837461085,0.48737121134184347,0.49399280421472913,-0.020751795994862432,-0.071969647245410551,0.30690056209905009,0.017129338213645984,0.17632632084645725,S4_full34_amount_ratio_20d_2021,full34,amount_ratio_20d,2021,single
202102,0.097188576321890194,0.0019893849861794361,0.55462895352560804,0.50132501651721795,0.038875430528756083,0.15039750495516538,0.13361131394231759,0.32288424942623906,0.095366796455667535,0.0018217798662226586,0.065354897089327221,0.59683556810584515,-0.095510551588627202,0.51734304612629767,0.47393656436534026,0.080692389160267775,0.17739050335117096,0.37501641970441846,-0.052132170278179402,0.12812772166826888,S4_full34_amount_ratio_20d_2021,full34,amount_ratio_20d,2021,single
202103,0.10338219038398186,0.0029950069944474134,0.39013789130959353,0.75474176260074821,0.041352876153592746,0.22642252878022445,0.18295863260712195,0.4507340375409391,0.10289822410824899,0.00048396627573286943,0.041615180638963377,0.72183865168678774,0.032903110913960476,0.64257782840564071,0.44701805308512554,-0.056880161775532012,-0.054122807320205857,0.42360546922379827,0.027128568317140833,0.22565626297333929,S4_full34_amount_ratio_20d_2021,full34,amount_ratio_20d,2021,single
202104,0.067141651009733155,0.0020433494795676055,0.44583661561173865,0.51492406885103659,0.026856660403893264,0.15447722065531097,0.16624901531647843,0.34758289637568263,0.064976959431469306,0.0021646915782638498,0.04455059357089676,0.61318248434047418,-0.098258415489437589,0.64968442544596816,0.43344382559331474,0.012392790018423916,0.08206242903850125,0.37991238139673555,-0.032329485021052928,0.18810683635059877,S4_full34_amount_ratio_20d_2021,full34,amount_ratio_20d,2021,single
202105,0.054074863159680159,0.0016072595497548187,0.33260455416531925,0.40502940653821429,0.021629945263872064,0.12150882196146429,0.20021863375040419,0.34335740097574052,0.052241511779904583,0.001833351379775576,0.039018516758470671,0.48505182450607293,-0.080022417967858639,0.2283140999525563,0.3342262871249112,-0.0016217329595919483,-0.070936098612239706,0.36614426592631033,-0.022786864950569807,0.10538246627282699,S4_full34_amount_ratio_20d_2021,full34,amount_ratio_20d,2021,single
202106,0.080349694373440514,0.0026763475240258339,0.41267072020589041,0.6744395760545101,0.032139877749376204,0.20233187281635304,0.17619878393823288,0.41067053450396213,0.077854284456356074,0.0024954099170844402,0.051593101980315387,0.64500174557823853,0.029437830476271576,0.70160263097928599,0.41979747426550401,-0.0071267540596136048,0.0034659412614293506,0.39870299517636282,0.011967539327599308,0.23007824770748314,S4_full34_amount_ratio_20d_2021,full34,amount_ratio_20d,2021,single
202107,0.064090416926493018,0.0026137557780863642,0.34135684194947263,0.65866645607776375,0.025636166770597209,0.19759993682332913,0.19759294741515823,0.42082905100908458,0.061881075413042663,0.0022093415134503552,0.02424800808507175,0.6656542870952904,-0.0069878310175266467,0.2169912695815735,0.32417932796494148,0.017177513984531156,0.034094644757260095,0.42719491790432174,-0.00636586689523716,0.064568190681322746,S4_full34_amount_ratio_20d_2021,full34,amount_ratio_20d,2021,single
202108,0.094866958618582201,0.0019561070010026978,0.27837495746601387,0.49293896425267986,0.03794678344743288,0.14788168927580395,0.21648751276019582,0.40231598548343261,0.092561340577702197,0.0023056180408800031,0.04627213271310561,0.46032093664766721,0.032618027605012645,0.42215577110716285,0.26687196382300571,0.011502993643008164,0.03118601846316571,0.39505922807847932,0.0072567574049532957,0.1357997788784413,S4_full34_amount_ratio_20d_2021,full34,amount_ratio_20d,2021,single
202109,0.0902938081577421,0.0027417140276771073,0.26476668592738806,0.69091193497463099,0.036117523263096842,0.20727358049238928,0.22056999422178358,0.4639610979772697,0.091010616952011028,-0.00071680879426892774,0.065261038463551455,0.6156783491683161,0.075233585806314895,0.75409124113710524,0.24776292454690929,0.017003761380478766,0.026355067001392785,0.44677887416722645,0.017182223810043251,0.24442526762613431,S4_full34_amount_ratio_20d_2021,full34,amount_ratio_20d,2021,single
202110,0.055461470759728189,0.0013888843738558334,0.19224541535847633,0.34999886221167004,0.022184588303891278,0.10499965866350101,0.24232637539245711,0.36951062235984938,0.04820508873861469,0.0072563820211134986,0.0089015409763915435,0.27941044490790651,0.070588417303763529,0.043213464564931581,0.19196266497556608,0.00028275038291025734,-0.011883089794426316,0.34551636947514797,0.023994252884701417,0.020089582698364028,S4_full34_amount_ratio_20d_2021,full34,amount_ratio_20d,2021,single
202111,0.087266132420525402,0.0017464139144175146,0.13869412254185606,0.44009630643321368,0.034906452968210162,0.13202889192996409,0.25839176323744317,0.42532710813561742,0.087308274398253352,-4.2141977727949698e-05,0.046204392423371363,0.44485970115517631,-0.0047633947219626327,0.35904909980857536,0.1351328008386907,0.0035613217031653654,-0.00062110054965838768,0.42784137985424697,-0.0025142717186295571,0.12638281707681864,S4_full34_amount_ratio_20d_2021,full34,amount_ratio_20d,2021,single
202112,0.061726558411668214,0.00025370679966963181,0.1105151461522741,0.063934113516747215,0.024690623364667288,0.019180234055024163,0.26684545615431776,0.3107163135740092,0.065913253996340349,-0.0041866955846721343,0.044658306335174022,0.106942732076547,-0.043008618559799788,0.26761803989368593,0.10304813465651336,0.0074670114957607475,0.0047665656807856643,0.3275336808245462,-0.016817367250537008,0.096718764797939671,S4_full34_amount_ratio_20d_2021,full34,amount_ratio_20d,2021,single
202201,0.12439920751397344,0.0032247729127660176,0.045319842697553597,0.81264277401703644,0.049759683005589382,0.24379283220511092,0.28640404719073392,0.57995656240143423,0.12470227903505464,-0.00030307152108119406,0.063582652143852031,0.88005607374028738,-0.067413299723250941,0.57379939353009068,0.047613466832023582,-0.0022936241344699848,3.7883920291116591e-05,0.59961369368650097,-0.019657131285066742,0.1975615137404807,S4_full34_amount_ratio_20d_2022,full34,amount_ratio_20d,2022,single
202202,0.077782928517006467,0.0013160856183266046,0.041708367084929289,0.33165357581830435,0.031113171406802587,0.099496072745491299,0.28748748987452122,0.41809673402681513,0.080346543742632712,-0.0025636152256262451,0.03989649429174242,0.44018709360237573,-0.10853351778407139,0.086505126098674084,0.042480685355200817,-0.00077231827027152838,-0.0031137449622627919,0.45145053997120554,-0.033353805944390413,0.042844259034978127,S4_full34_amount_ratio_20d_2022,full34,amount_ratio_20d,2022,single
202203,0.075119218437666405,0.001194325953639391,0.14364926982338705,0.30097014031712654,0.030047687375066565,0.090291042095137955,0.25690521905298386,0.37724394852318838,0.070561146933528954,0.0045580715041374509,0.039237938908991854,0.31231761171730871,-0.011347471400182163,0.48568880546773763,0.15208483308019252,-0.0084355632568054728,0.036453986385215825,0.37629429236454642,0.00094965615864195385,0.15046562128835325,S4_full34_amount_ratio_20d_2022,full34,amount_ratio_20d,2022,single
202204,0.089000164248314861,0.0010424702130055188,0.28838627805793748,0.26270249367739074,0.035600065699325945,0.078810748103217212,0.21348411658261876,0.32789493038516193,0.090954385040434543,-0.0019542207921196819,0.029265410204058269,0.34693073750529191,-0.084228243827901172,0.11689814375224075,0.29476783605626994,-0.0063815579983324544,0.1255980972779851,0.3520306244508804,-0.024135694065718472,0.0090961780239000034,S4_full34_amount_ratio_20d_2022,full34,amount_ratio_20d,2022,single
202205,0.1399220079392057,0.0021983832827432172,0.16675626913235894,0.55399258725129075,0.055968803175682286,0.16619777617538722,0.24997311926029231,0.47213969861136185,0.14210188088570128,-0.0021798729464955757,0.041086049653640308,0.65083302866438431,-0.096840441413093559,0.12477180821971512,0.17124247141791082,-0.0044862022855518824,-0.0081534551830888258,0.50071791952822253,-0.028578220916860686,0.056311998882297376,S4_full34_amount_ratio_20d_2022,full34,amount_ratio_20d,2022,single
202206,0.092746656192614532,0.00072957078837955209,0.23346559890964994,0.18385183867164712,0.037098662477045817,0.055155551601494136,0.22996032032710501,0.32221453440564496,0.093643305732629328,-0.00089664954001479613,0.027617691426130297,0.17718134396437954,0.0066704947072675769,-0.079555500700894011,0.23366802961960617,-0.00020243070995623613,0.0053765670637951624,0.32051131659648369,0.0017032178091612726,-0.014432543758954586,S4_full34_amount_ratio_20d_2022,full34,amount_ratio_20d,2022,single
202207,0.07645696832986025,0.0013735266695208029,0.2942152893757034,0.34612872071924233,0.030582787331944101,0.1038386162157727,0.21173541318728897,0.34615681673500576,0.073637610709909984,0.0028193576199502662,0.038037109228095306,0.32861729225292452,0.017511428466317813,0.060747040578886413,0.29867038060012518,-0.0044550912244217811,0.0031376779324391868,0.33843911777980379,0.0077176989552019681,0.032497652485172279,S4_full34_amount_ratio_20d_2022,full34,amount_ratio_20d,2022,single
202208,0.068862264346629745,0.00050926018356557202,0.29349577054600012,0.12833356625852416,0.027544905738651898,0.038500069877557247,0.21195126883619994,0.27799624445240911,0.069935421099203129,-0.0010731567525733843,0.054927219287629447,0.14102819921826384,-0.012694632959739688,0.6725542853395261,0.29276697929158674,0.00072879125441338566,-0.0098454524444335778,0.28245253441768436,-0.0044562899652752508,0.22669080905023969,S4_full34_amount_ratio_20d_2022,full34,amount_ratio_20d,2022,single
202209,0.066485819848632444,0.0025142912780810349,0.28906611740021981,0.63360140207642079,0.026594327939452978,0.19008042062292624,0.21328016477993406,0.42995491334231328,0.06743375745372901,-0.00094793760509656599,0.052787781648917995,0.59086339126323972,0.042738010813181071,0.47740878538493309,0.29447472179819228,-0.0054086043979724718,-0.020096059631866781,0.41589010382100589,0.014064809521307398,0.17036656616460716,S4_full34_amount_ratio_20d_2022,full34,amount_ratio_20d,2022,single
202210,0.11772555255089423,0.0024555411558155665,0.29730295544754654,0.61879637126552278,0.047090221020357696,0.18563891137965682,0.21080911336573602,0.44353824576575052,0.11617378711890365,0.0015517654319905788,0.045801929030678659,0.65355400542913966,-0.03475763416361688,0.36599698108892026,0.29920448816062167,-0.001901532713075138,0.006527019538549228,0.45277437002811682,-0.0092361242623663076,0.12616176007738272,S4_full34_amount_ratio_20d_2022,full34,amount_ratio_20d,2022,single
202211,0.095324795569757023,0.0015188175234635436,0.30182893558657953,0.38274201591281298,0.038129918227902813,0.11482260477384389,0.20945131932402614,0.36240384232577283,0.092360716259726541,0.0029640793100304819,0.068408354645337843,0.39573200873866443,-0.012989992825851449,0.27773255039339029,0.30281798062010196,-0.00098904503352242878,0.0018186919619799791,0.36481849493945939,-0.0024146526136865631,0.11013749938755824,S4_full34_amount_ratio_20d_2022,full34,amount_ratio_20d,2022,single
202212,0.075109205644803279,0.0030420127384666608,0.29495241080032347,0.76658721009359854,0.030043682257921311,0.22997616302807955,0.21151427675990297,0.47153412204590384,0.072901424888444727,0.0022077807563585516,0.065496136590287343,0.69701066878517448,0.069576541308424056,0.72496304106567233,0.29622949420039807,-0.0012770834000745968,-0.005157386095381078,0.4493949223308108,0.022139199715093039,0.24523458278443094,S4_full34_amount_ratio_20d_2022,full34,amount_ratio_20d,2022,single
202101,0.059321293454019527,0.0018702148339919844,0.47181345208314679,0.47129413816598009,0.023728517381607812,0.14138824144979403,0.15845596437505596,0.3235727232064578,0.058765447804673743,0.00055584564934578473,0.019503373915176148,0.43864074747199783,0.032653390693982265,0.48682877719836465,0.49399280421472913,-0.022179352131582342,-0.07339720338213046,0.30690056209905009,0.016672161107407713,0.17586914374021898,S4_full34_log_mean_amount_20d_2021,full34,log_mean_amount_20d,2021,single
202102,0.095775186697771714,0.0020122250862020671,0.52763392186059399,0.50708072172292085,0.038310074679108685,0.15212421651687624,0.14170982344182179,0.33214411463780669,0.095366796455667535,0.00040839024210417851,0.063941507465208741,0.59683556810584515,-0.089754846382924303,0.52309875133200057,0.47393656436534026,0.053697357495253728,0.15039547168615691,0.37501641970441846,-0.042872305066611771,0.13738758687983652,S4_full34_log_mean_amount_20d_2021,full34,log_mean_amount_20d,2021,single
202103,0.10095621490891674,0.0026315134946746132,0.38204182460535707,0.66314140065800253,0.040382485963566694,0.19894242019740074,0.18538745261839287,0.42471235877936031,0.10289822410824899,-0.0019420091993322536,0.039189205163898254,0.72183865168678774,-0.058697251028785202,0.55097746646289503,0.44701805308512554,-0.064976228479768472,-0.062218874024442317,0.42360546922379827,0.0011068895555620406,0.1996345842117605,S4_full34_log_mean_amount_20d_2021,full34,log_mean_amount_20d,2021,single
202104,0.063476891225074189,0.0023083477615116199,0.41560893144460032,0.58170363590092822,0.025390756490029677,0.17451109077027846,0.17531732056661989,0.37521916782692799,0.064976959431469306,-0.0015000682063951165,0.040885833786237794,0.61318248434047418,-0.031478848439545959,0.71646399249585979,0.43344382559331474,-0.01783489414871442,0.051834744871362914,0.37991238139673555,-0.0046932135698075639,0.21574310780184414,S4_full34_log_mean_amount_20d_2021,full34,log_mean_amount_20d,2021,single
202105,0.050422184412230259,0.0015273387504878794,0.39158877070027681,0.38488936512294558,0.020168873764892105,0.11546680953688367,0.18252336878991696,0.31815905209169271,0.052241511779904583,-0.0018193273676743241,0.035365838011020771,0.48505182450607293,-0.10016245938312734,0.2081740585372876,0.3342262871249112,0.057362483575365608,-0.01195188207728215,0.36614426592631033,-0.047985213834617624,0.080184117388779175,S4_full34_log_mean_amount_20d_2021,full34,log_mean_amount_20d,2021,single
202106,0.075956293765571919,0.0025371671120439903,0.43470279481476254,0.63936611223508555,0.030382517506228768,0.19180983367052565,0.16958916155557122,0.39178151273232564,0.077854284456356074,-0.0018979906907841543,0.047199701372446792,0.64500174557823853,-0.0056356333431529793,0.66652916715986144,0.41979747426550401,0.014905320549258527,0.025498015870301483,0.39870299517636282,-0.0069214824440371747,0.21118922593584666,S4_full34_log_mean_amount_20d_2021,full34,log_mean_amount_20d,2021,single
202107,0.062502424837087095,0.0027820263356529676,0.31139474839221681,0.70107063658454782,0.025000969934834839,0.21032119097536434,0.20658157548233494,0.44190373639253411,0.061881075413042663,0.00062134942404443172,0.022660015995665826,0.6656542870952904,0.035416349489257426,0.25939545008835757,0.32417932796494148,-0.012784579572724664,0.0041325512000042752,0.42719491790432174,0.014708818488212372,0.085642876064772278,S4_full34_log_mean_amount_20d_2021,full34,log_mean_amount_20d,2021,single
202108,0.08992024795282437,0.0019620965090545906,0.29058594064948284,0.49444832028175684,0.035968099181129747,0.14833449608452703,0.21282421780515515,0.39712681307081193,0.092561340577702197,-0.0026410926248778277,0.041325422047347779,0.46032093664766721,0.034127383634089625,0.42366512713623983,0.26687196382300571,0.023713976826477134,0.043397001646634681,0.39505922807847932,0.0020675849923326162,0.13061060646582062,S4_full34_log_mean_amount_20d_2021,full34,log_mean_amount_20d,2021,single
202109,0.089393708103023675,0.0029141732844968756,0.26105881143904858,0.73437166769321272,0.035757483241209469,0.22031150030796381,0.22168235656828542,0.47775134011745868,0.091010616952011028,-0.0016169088489873529,0.064360938408833029,0.6156783491683161,0.11869331852489662,0.79755097385568696,0.24776292454690929,0.013295886892139286,0.022647192513053305,0.44677887416722645,0.030972465950232231,0.25821550976632329,S4_full34_log_mean_amount_20d_2021,full34,log_mean_amount_20d,2021,single
202110,0.050352252077006464,0.0011380747190459131,0.21016904460806535,0.28679482919957011,0.020140900830802586,0.086038448759871031,0.23694928661758041,0.34312863620825401,0.04820508873861469,0.0021471633383917735,0.0037923222936698184,0.27941044490790651,0.0073843842916636038,-0.019990568447168344,0.19196266497556608,0.01820637963249927,0.0060405394551626967,0.34551636947514797,-0.0023877332668939544,-0.0062924034532313433,S4_full34_log_mean_amount_20d_2021,full34,log_mean_amount_20d,2021,single
202111,0.084159026124191919,0.0016159472336636511,0.13458181959439197,0.40721870288324008,0.033663610449676772,0.12216561086497202,0.25962545412168242,0.41545467543633119,0.087308274398253352,-0.0031492482740614336,0.043097286127037879,0.44485970115517631,-0.037640998271936232,0.32617149625860176,0.1351328008386907,-0.00055098124429872608,-0.0047334034971224792,0.42784137985424697,-0.012386704417915784,0.11651038437753242,S4_full34_log_mean_amount_20d_2021,full34,log_mean_amount_20d,2021,single
202112,0.063276587214843708,0.0004139972106776428,0.1057632654419999,0.10432729709076599,0.025310634885937485,0.031298189127229793,0.26827102036740003,0.32487984438056727,0.065913253996340349,-0.002636666781496641,0.046208335138349516,0.106942732076547,-0.0026154349857810122,0.30801122346770471,0.10304813465651336,0.002715130785486547,1.468497051146378e-05,0.3275336808245462,-0.0026538364439789297,0.11088229560449775,S4_full34_log_mean_amount_20d_2021,full34,log_mean_amount_20d,2021,single
202201,0.12333741765972238,0.0031469760831597153,0.047374520714019569,0.79303797295624823,0.049334967063888957,0.23791139188687446,0.28578764378579413,0.57303400273655758,0.12470227903505464,-0.0013648613753322603,0.062520862289600965,0.88005607374028738,-0.087018100784039154,0.55419459246930247,0.047613466832023582,-0.00023894611800401311,0.0020925619367570883,0.59961369368650097,-0.026579690949943391,0.19063895407560405,S4_full34_log_mean_amount_20d_2022,full34,log_mean_amount_20d,2022,single
202202,0.081365084767950194,0.0016535791475816664,0.041958894071269584,0.4167019451905799,0.032546033907180076,0.12501058355717395,0.28741233177861908,0.44496894924297314,0.080346543742632712,0.001018541025317482,0.043478650542686147,0.44018709360237573,-0.023485148411795831,0.17155349547094964,0.042480685355200817,-0.00052179128393123331,-0.0028632179759224968,0.45145053997120554,-0.0064815907282324003,0.06971647425113614,S4_full34_log_mean_amount_20d_2022,full34,log_mean_amount_20d,2022,single
202203,0.070023264921065143,0.0011918038041148782,0.1338555865827101,0.3003345586369493,0.02800930596842606,0.090100367591084793,0.25984332402518695,0.3779529975846978,0.070561146933528954,-0.00053788201246381118,0.034141985392390592,0.31231761171730871,-0.011983053080359407,0.48505322378756033,0.15208483308019252,-0.018229246497482421,0.026660303144538877,0.37629429236454642,0.0016587052201513797,0.15117467034986268,S4_full34_log_mean_amount_20d_2022,full34,log_mean_amount_20d,2022,single
202204,0.088977672584207246,0.001318485765389359,0.27639378893064626,0.33225841287811847,0.0355910690336829,0.099677523863435535,0.21708186332080612,0.35235045621792455,0.090954385040434543,-0.0019767124562272975,0.029242918539950653,0.34693073750529191,-0.014672324627173439,0.18645406295296849,0.29476783605626994,-0.018374047125623683,0.11360560815069387,0.3520306244508804,0.00031983176704414307,0.033551703856662618,S4_full34_log_mean_amount_20d_2022,full34,log_mean_amount_20d,2022,single
202205,0.14108862041523673,0.0026170377359833129,0.16971387816950856,0.65949350946779484,0.056435448166094693,0.19784805284033843,0.24908583654914743,0.50336933755558055,0.14210188088570128,-0.0010132604704645443,0.042252662129671339,0.65083302866438431,0.0086604808034105307,0.23027273043621921,0.17124247141791082,-0.0015285932484022657,-0.0051958461459392091,0.50071791952822253,0.0026514180273580212,0.087541637826516083,S4_full34_log_mean_amount_20d_2022,full34,log_mean_amount_20d,2022,single
202206,0.093268455848438306,0.00079801590903229281,0.23307479430508035,0.20110000907613779,0.037307382339375326,0.060330002722841336,0.23007756170847588,0.32771494677069257,0.093643305732629328,-0.0003748498841910225,0.028139491081954071,0.17718134396437954,0.023918665111758247,-0.06230733029640334,0.23366802961960617,-0.00059323531452581957,0.0049857624592255789,0.32051131659648369,0.007203630174208886,-0.0089321313939069724,S4_full34_log_mean_amount_20d_2022,full34,log_mean_amount_20d,2022,single
202207,0.07245359727154016,0.0011357445838498441,0.29656115286968321,0.28620763513016073,0.028981438908616066,0.085862290539048217,0.21103165413909503,0.32587538358675933,0.073637610709909984,-0.0011840134383698242,0.034033738169775216,0.32861729225292452,-0.042409657122763789,0.0008259549898048113,0.29867038060012518,-0.002109227730441976,0.0054835414264189919,0.33843911777980379,-0.012563734193044462,0.012216219336925849,S4_full34_log_mean_amount_20d_2022,full34,log_mean_amount_20d,2022,single
202208,0.070926793340188157,0.00081818044578867123,0.29215915843482698,0.20618147233874515,0.028370717336075265,0.06185444170162354,0.21235225246955189,0.3025774115072507,0.069935421099203129,0.00099137224098502785,0.05699174828118786,0.14102819921826384,0.065153273120481303,0.75040219141974707,0.29276697929158674,-0.00060782085675975539,-0.011182064555606719,0.28245253441768436,0.02012487708956634,0.25127197610508129,S4_full34_log_mean_amount_20d_2022,full34,log_mean_amount_20d,2022,single
202209,0.063258756959892859,0.0023719657879379035,0.29131741105419362,0.59773537856035164,0.025303502783957144,0.1793206135681055,0.21260477668374192,0.41722889303580457,0.06743375745372901,-0.0041750004938361507,0.04956071876017841,0.59086339126323972,0.0068719872971119145,0.44154276186886393,0.29447472179819228,-0.0031573107439986647,-0.017844765977892973,0.41589010382100589,0.0013387892147986857,0.15764054585809845,S4_full34_log_mean_amount_20d_2022,full34,log_mean_amount_20d,2022,single
202210,0.11517003547815292,0.0022632092393896426,0.29791361614401296,0.57032872832618997,0.046068014191261171,0.17109861849785699,0.2106259151567961,0.42779254784591425,0.11617378711890365,-0.0010037516407507274,0.043246411957937353,0.65355400542913966,-0.083225277102949691,0.31752933814958745,0.29920448816062167,-0.0012908720166087129,0.0071376802350156532,0.45277437002811682,-0.024981822182202573,0.11041606215754646,S4_full34_log_mean_amount_20d_2022,full34,log_mean_amount_20d,2022,single
202211,0.092853069697274568,0.0015004609101532276,0.30237847167674908,0.37811614935861337,0.037141227878909826,0.11343484480758401,0.20928645849697528,0.35986253118346911,0.092360716259726541,0.00049235343754802652,0.065936628772855388,0.39573200873866443,-0.017615859380051058,0.27310668383919068,0.30281798062010196,-0.00043950894335287316,0.0023682280521495347,0.36481849493945939,-0.0049559637559902781,0.10759618824525452,S4_full34_log_mean_amount_20d_2022,full34,log_mean_amount_20d,2022,single
202212,0.071394361486532554,0.0028192501337113312,0.29487394367329239,0.71045103369525542,0.028557744594613022,0.21313531010857661,0.21153781689801229,0.4532308716012019,0.072901424888444727,-0.0015070634019121731,0.061781292432016618,0.69701066878517448,0.013440364910080937,0.66882686466732921,0.29622949420039807,-0.0013555505271056756,-0.0052358532224121568,0.4493949223308108,0.0038359492703911036,0.22693133233972901,S4_full34_log_mean_amount_20d_2022,full34,log_mean_amount_20d,2022,single
202101,0.0635547380782788,0.0018085406758810475,0.42702871064637754,0.45575225032202399,0.025421895231311522,0.13672567509660719,0.17189138680608676,0.33403895713400544,0.058765447804673743,0.0047892902736050569,0.02373681853943542,0.43864074747199783,0.017111502850026161,0.47128688935440854,0.49399280421472913,-0.06696409356835159,-0.11818194481889971,0.30690056209905009,0.027138395034955354,0.18633537766776662,S4_full34_volatility_60d_2021,full34,volatility_60d,2021,single
202102,0.096081891304054076,0.0020232001536971745,0.45581643448794829,0.509846438731688,0.038432756521621633,0.15295393161950641,0.1632550696536155,0.3546417577947435,0.095366796455667535,0.00071509484838654103,0.064248212071491104,0.59683556810584515,-0.086989129374157148,0.52586446834076772,0.47393656436534026,-0.018120129877391977,0.078577984313511207,0.37501641970441846,-0.020374661909674963,0.15988523003677332,S4_full34_volatility_60d_2021,full34,volatility_60d,2021,single
202103,0.09697442822148053,0.0028431888467884119,0.44469178865207132,0.7164835893906798,0.038789771288592213,0.21494507681720393,0.16659246340437858,0.42032731151017477,0.10289822410824899,-0.0059237958867684598,0.035207418476462048,0.72183865168678774,-0.0053550622961079375,0.60431965519557229,0.44701805308512554,-0.0023262644330542259,0.00043109002227192939,0.42360546922379827,-0.0032781577136234974,0.19524953694257496,S4_full34_volatility_60d_2021,full34,volatility_60d,2021,single
202104,0.06689399891318884,0.0020673318030271278,0.40477447661471461,0.52096761436283623,0.026757599565275538,0.15629028430885086,0.17856765701558563,0.36161554088971204,0.064976959431469306,0.0019170394817195346,0.044302941474352445,0.61318248434047418,-0.092214869977637948,0.6557279709577678,0.43344382559331474,-0.028669348978600129,0.041000290041477205,0.37991238139673555,-0.018296840507023515,0.20213948086462818,S4_full34_volatility_60d_2021,full34,volatility_60d,2021,single
202105,0.053529226613395597,0.0017034280269007827,0.35916896983997998,0.42926386277899725,0.02141169064535824,0.12877915883369917,0.192249309048006,0.34244015852706344,0.052241511779904583,0.0012877148334910146,0.03847288021218611,0.48505182450607293,-0.055787961727075674,0.25254855619333927,0.3342262871249112,0.024942682715068776,-0.044371682937578982,0.36614426592631033,-0.023704107399246888,0.10446522382414991,S4_full34_volatility_60d_2021,full34,volatility_60d,2021,single
202106,0.079748027968695803,0.0027877882442213691,0.38428719483605778,0.70252263754378497,0.031899211187478321,0.21075679126313548,0.18471384154918266,0.42736984399979649,0.077854284456356074,0.0018937435123397295,0.050991435575570676,0.64500174557823853,0.057520891965546439,0.72968569246856085,0.41979747426550401,-0.035510279429446234,-0.024917584108403279,0.39870299517636282,0.028666848823433677,0.24677755720331751,S4_full34_volatility_60d_2021,full34,volatility_60d,2021,single
202107,0.06142240172484488,0.0024065474667060134,0.3259494536209856,0.60644996160991538,0.024568960689937955,0.1819349884829746,0.20221516391370431,0.40871911308661685,0.061881075413042663,-0.0004586736881977832,0.021579992883423611,0.6656542870952904,-0.05920432548537502,0.16477477511372512,0.32417932796494148,0.0017701256560441192,0.018687256428773058,0.42719491790432174,-0.018475804817704888,0.052458252758855017,S4_full34_volatility_60d_2021,full34,volatility_60d,2021,single
202108,0.090576975014147396,0.0020797850234461654,0.27193829698317945,0.52410582590843369,0.036230790005658958,0.1572317477725301,0.21841851090504619,0.41188104868323527,0.092561340577702197,-0.0019843655635548019,0.041982149108670805,0.46032093664766721,0.063784889260766475,0.45332263276291668,0.26687196382300571,0.0050663331601737416,0.024749357980331288,0.39505922807847932,0.016821820604755955,0.14536484207824396,S4_full34_volatility_60d_2021,full34,volatility_60d,2021,single
202109,0.083432895740289573,0.0022034459064381772,0.26197270930755978,0.55526836842242067,0.033373158296115833,0.16658051052672621,0.22140818720773206,0.42136185603057408,0.091010616952011028,-0.0075777212117214554,0.058400126046098927,0.6156783491683161,-0.060409980745895431,0.61844767458489491,0.24776292454690929,0.01420978476065049,0.023561090381564509,0.44677887416722645,-0.02541701813665237,0.20182602567943869,S4_full34_volatility_60d_2021,full34,volatility_60d,2021,single
202110,0.06043655071552842,0.0019413985099956926,0.19072145972502158,0.48923242451891452,0.024174620286211368,0.14676972735567434,0.24278356208249352,0.41372790972437923,0.04820508873861469,0.012231461976913729,0.013876620932191774,0.27941044490790651,0.20982197961100801,0.18244702687217607,0.19196266497556608,-0.001241205250544497,-0.01340704542788107,0.34551636947514797,0.068211540249231262,0.064306870062893873,S4_full34_volatility_60d_2021,full34,volatility_60d,2021,single
202111,0.093348676139821396,0.0018125133384731087,0.1479963049039355,0.45675336129522337,0.037339470455928558,0.13702600838856702,0.25560110852881934,0.42996658737331495,0.087308274398253352,0.0060404017415680439,0.052286936142667356,0.44485970115517631,0.011893660140047058,0.37570615467058505,0.1351328008386907,0.012863504065244807,0.0086810818124210543,0.42784137985424697,0.0021252075190679731,0.13102229631451617,S4_full34_volatility_60d_2021,full34,volatility_60d,2021,single
202112,0.050524787890083439,0.00030464877848769578,0.096153871718733616,0.076771492178899337,0.020209915156033376,0.023031447653669799,0.27115383848437991,0.31439520129408305,0.065913253996340349,-0.015388466106256909,0.033456535813589247,0.106942732076547,-0.030171239897647667,0.280455418555838,0.10304813465651336,-0.006894262937779741,-0.0095947087527548242,0.3275336808245462,-0.013138479530463154,0.10039765251801352,S4_full34_volatility_60d_2021,full34,volatility_60d,2021,single
202201,0.12654606020529344,0.0034778190449651163,0.060802401292776781,0.87641039933120934,0.050618424082117378,0.26292311979936278,0.28175927961216696,0.5953008234936471,0.12470227903505464,0.001843781170238798,0.065729504835172037,0.88005607374028738,-0.0036456744090780369,0.63756701884426359,0.047613466832023582,0.013188934460753199,0.0155204425155143,0.59961369368650097,-0.0043128701928538682,0.21290577483269357,S4_full34_volatility_60d_2022,full34,volatility_60d,2022,single
202202,0.08182550764015202,0.0016215126515058201,0.044801699399574381,0.40862118817946669,0.032730203056060808,0.12258635645384,0.28655949018012766,0.44187604969002847,0.080346543742632712,0.0014789638975193087,0.043939073414887973,0.44018709360237573,-0.031565905422909046,0.16347273845983643,0.042480685355200817,0.0023210140443735636,-2.0412647617699953e-05,0.45145053997120554,-0.0095744902811770727,0.066623574698191468,S4_full34_volatility_60d_2022,full34,volatility_60d,2022,single
202203,0.066742015798222351,0.0012858583909020891,0.17757625258922793,0.32403631450732645,0.026696806319288943,0.09721089435219793,0.24672712422323162,0.3706348248947185,0.070561146933528954,-0.0038191311353066026,0.0308607362695478,0.31231761171730871,0.011718702790017743,0.50875497965793748,0.15208483308019252,0.025491419509035412,0.07038096915105671,0.37629429236454642,-0.0056594674698279279,0.14385649765988337,S4_full34_volatility_60d_2022,full34,volatility_60d,2022,single
202204,0.08300926324647874,0.0011923247252328642,0.36498427974402953,0.30046583075868177,0.033203705298591499,0.090139749227604524,0.19050471607679115,0.3138481706029872,0.090954385040434543,-0.0079451217939558033,0.023274509202222148,0.34693073750529191,-0.046464906746610135,0.15466148083353179,0.29476783605626994,0.070216443687759589,0.20219609896407714,0.3520306244508804,-0.038182453847893205,-0.0049505817582747302,S4_full34_volatility_60d_2022,full34,volatility_60d,2022,single
202205,0.13747512998484887,0.0026804020290064671,0.21013872752872537,0.67546131130962972,0.054990051993939554,0.20263839339288892,0.23695838174138237,0.49458682712821089,0.14210188088570128,-0.0046267509008524055,0.038639171699283478,0.65083302866438431,0.024628282645245414,0.24624053227805409,0.17124247141791082,0.038896256110814542,0.035229003213277599,0.50071791952822253,-0.0061310924000116396,0.078759127399146422,S4_full34_volatility_60d_2022,full34,volatility_60d,2022,single
202206,0.091611438815645901,0.0009214338939471221,0.23804253864823294,0.23220134127467476,0.036644575526258362,0.069660402382402425,0.22858723840553008,0.33489221631419086,0.093643305732629328,-0.0020318669169834269,0.026482474049161667,0.17718134396437954,0.055019997310295221,-0.031205998097866366,0.23366802961960617,0.0043745090286267663,0.0099535068023781648,0.32051131659648369,0.014380899717707174,-0.0017548618504086844,S4_full34_volatility_60d_2022,full34,volatility_60d,2022,single
202207,0.069190653846142564,0.0013809117451086556,0.29983654316354669,0.34798975976738122,0.027676261538457026,0.10439692793021436,0.210049037050936,0.34212222651960739,0.073637610709909984,-0.0044469568637674206,0.030770794744377619,0.32861729225292452,0.019372467514456704,0.062608079627025304,0.29867038060012518,0.0011661625634215023,0.0087589317202824701,0.33843911777980379,0.0036831087398035978,0.028463062269773909,S4_full34_volatility_60d_2022,full34,volatility_60d,2022,single
202208,0.067807076515940062,0.00045739923458497275,0.30177597724037375,0.11526460711541313,0.027122830606376026,0.034579382134623936,0.20946720682788786,0.27116941956888785,0.069935421099203129,-0.0021283445832630671,0.053872031456939765,0.14102819921826384,-0.025763592102850716,0.65948532619641498,0.29276697929158674,0.009008997948787012,-0.0015652457500599515,0.28245253441768436,-0.011283114848796516,0.21986398416671843,S4_full34_volatility_60d_2022,full34,volatility_60d,2022,single
202209,0.064895088775848431,0.0025670951131976107,0.29677648836910314,0.64690796852579791,0.025958035510339372,0.19407239055773937,0.21096705348926906,0.4309974795573478,0.06743375745372901,-0.0025386686778805789,0.051197050576133982,0.59086339126323972,0.056044577262558182,0.4907153518343102,0.29447472179819228,0.002301766570910857,-0.012385688662983452,0.41589010382100589,0.01510737573634191,0.17140913237964167,S4_full34_volatility_60d_2022,full34,volatility_60d,2022,single
202210,0.11918042911412532,0.0026733344394150181,0.30363073769009996,0.67368027873258451,0.04767217164565013,0.20210408361977536,0.20891077869297001,0.4586870339583955,0.11617378711890365,0.0030066419952216733,0.047256805593909754,0.65355400542913966,0.020126273303444853,0.42088088855598199,0.29920448816062167,0.0044262495294782878,0.012854801781102654,0.45277437002811682,0.0059126639302786721,0.1413105482700277,S4_full34_volatility_60d_2022,full34,volatility_60d,2022,single
202211,0.088339527680516394,0.0014272630098518075,0.30879951226555996,0.35967027848265548,0.035335811072206562,0.10790108354479665,0.20736014632033198,0.35059704093733518,0.092360716259726541,-0.0040211885792101471,0.061423086756097221,0.39573200873866443,-0.03606173025600895,0.25466081296323284,0.30281798062010196,0.0059815316454580048,0.0087892686409604126,0.36481849493945939,-0.014221454002124212,0.098330697999120587,S4_full34_volatility_60d_2022,full34,volatility_60d,2022,single
202212,0.07466287581528154,0.0029218338747481584,0.30117687453785158,0.73630213643653597,0.029865150326112616,0.22089064093096078,0.20964693763864453,0.46040272889571787,0.072901424888444727,0.0017614509268368134,0.065049806760765605,0.69701066878517448,0.039291467651361489,0.69467796740860976,0.29622949420039807,0.0049473803374535108,0.0010670776421470296,0.4493949223308108,0.011007806564907074,0.23410318963424498,S4_full34_volatility_60d_2022,full34,volatility_60d,2022,single
202101,0.061423397487848183,0.0016717448825922156,0.46513667585393381,0.42127971041323836,0.024569358995139276,0.12638391312397151,0.16045899724381985,0.31141226936293065,0.058765447804673743,0.0026579496831744404,0.021605477949004803,0.43864074747199783,-0.017361037058759465,0.43681434944562292,0.49399280421472913,-0.028856128360795319,-0.080073979611343438,0.30690056209905009,0.00451170726388056,0.16370868989669182,S4_full34_flag_limit_up_2021,full34,flag_limit_up,2021,single
202102,0.097471847066350772,0.0024166262400108535,0.48348345329596371,0.60898981248273509,0.03898873882654031,0.18269694374482051,0.15495496401121087,0.37664064658257168,0.095366796455667535,0.0021050506106832373,0.0656381678337878,0.59683556810584515,0.012154244376889944,0.62500784209181481,0.47393656436534026,0.0095468889306234428,0.10624500312152663,0.37501641970441846,0.0016242268781532232,0.18188411882460151,S4_full34_flag_limit_up_2021,full34,flag_limit_up,2021,single
202103,0.10166602353346468,0.0029314700718460064,0.4538802447699225,0.73873045810519367,0.040666409413385875,0.22161913743155809,0.16383592656902324,0.42612147341396722,0.10289822410824899,-0.0012322005747843062,0.039899013788446201,0.72183865168678774,0.01689180641840593,0.62656652391008616,0.44701805308512554,0.0068621916847969588,0.0096195461401231142,0.42360546922379827,0.0025160041901689523,0.20104369884636741,S4_full34_flag_limit_up_2021,full34,flag_limit_up,2021,single
202104,0.063067924139222159,0.0019838132635999046,0.46042672906201093,0.49992094242717594,0.025227169655688865,0.14997628272815278,0.16187198128139671,0.33707543366523834,0.064976959431469306,-0.0019090352922471465,0.040476866700385764,0.61318248434047418,-0.11326154191329824,0.63468129902210757,0.43344382559331474,0.026982903468696195,0.09665254248877353,0.37991238139673555,-0.04283694773149721,0.17759937364015449,S4_full34_flag_limit_up_2021,full34,flag_limit_up,2021,single
202105,0.048818853155633918,0.0012328434775704996,0.41497434264290878,0.31067655634776592,0.019527541262253569,0.093202966904329776,0.17550769720712736,0.2882382053737107,0.052241511779904583,-0.003422658624270665,0.03376250675442443,0.48505182450607293,-0.17437526815830701,0.13396124976210794,0.3342262871249112,0.080748055517997575,0.011433689865349816,0.36614426592631033,-0.077906060552599632,0.050263270670797167,S4_full34_flag_limit_up_2021,full34,flag_limit_up,2021,single
202106,0.076833673794908935,0.0028253169498952879,0.39389532919220066,0.71197987137361252,0.030733469517963574,0.21359396141208375,0.18183140124233979,0.42615883217238715,0.077854284456356074,-0.0010206106614471383,0.048077081401783808,0.64500174557823853,0.066978125795373988,0.7391429262983884,0.41979747426550401,-0.025902145073303351,-0.015309449752260396,0.39870299517636282,0.02745583699602433,0.24556654537590816,S4_full34_flag_limit_up_2021,full34,flag_limit_up,2021,single
202107,0.060205921817969313,0.0025783515699945607,0.36161353538514895,0.6497445956386293,0.024082368727187727,0.19492337869158879,0.1915159393844553,0.41052168680323181,0.061881075413042663,-0.0016751535950733504,0.020363512976548044,0.6656542870952904,-0.015909691456661101,0.20806940914243904,0.32417932796494148,0.037434207420207477,0.054351338192936416,0.42719491790432174,-0.016673231101089925,0.054260826475469981,S4_full34_flag_limit_up_2021,full34,flag_limit_up,2021,single
202108,0.090350373450490323,0.0019518859343469676,0.25867374805041049,0.49187525545543587,0.036140149380196128,0.14756257663663075,0.22239787558487686,0.40610060160170375,0.092561340577702197,-0.0022109671272118742,0.041755547545013733,0.46032093664766721,0.031554318807768655,0.42109206230991886,0.26687196382300571,-0.0081982157725952187,0.011484809047562328,0.39505922807847932,0.011041373523224429,0.13958439499671244,S4_full34_flag_limit_up_2021,full34,flag_limit_up,2021,single
202109,0.086621309484398057,0.0025397810832713608,0.26409929933125531,0.64002483298438295,0.034648523793759226,0.19200744989531487,0.2207702102006234,0.44742618388969746,0.091010616952011028,-0.0043893074676129712,0.061588539790207411,0.6156783491683161,0.024346483816066855,0.7032041391468572,0.24776292454690929,0.016336374784346019,0.025687680405260038,0.44677887416722645,0.00064730972247101226,0.22789035353856207,S4_full34_flag_limit_up_2021,full34,flag_limit_up,2021,single
202110,0.051355195155722129,0.0013301499698020376,0.18647622959809404,0.33519779239011349,0.020542078062288853,0.10055933771703404,0.24405713112057176,0.36515854689989469,0.04820508873861469,0.0031501064171074386,0.0047952653723854835,0.27941044490790651,0.055787347482206984,0.028412394743375036,0.19196266497556608,-0.0054864353774720376,-0.017652275554808611,0.34551636947514797,0.019642177424746721,0.015737507238409332,S4_full34_flag_limit_up_2021,full34,flag_limit_up,2021,single
202111,0.086014308536079803,0.0016695916003299461,0.1396492041926346,0.42073708328314641,0.034405723414431925,0.12622112498494392,0.25810523874220959,0.41873208714158544,0.087308274398253352,-0.0012939658621735489,0.044952568538925763,0.44485970115517631,-0.024122617872029906,0.33968987665850808,0.1351328008386907,0.0045164033539439041,0.000333981101120151,0.42784137985424697,-0.009109292712661532,0.11978779608278667,S4_full34_flag_limit_up_2021,full34,flag_limit_up,2021,single
202112,0.063749330469608081,0.00058014391014454022,0.11685488274893642,0.14619626535642413,0.025499732187843235,0.043858879606927241,0.26494353517531904,0.33430214697008953,0.065913253996340349,-0.0021639235267322671,0.04668107839311389,0.106942732076547,0.039253533279877129,0.34988019173336282,0.10304813465651336,0.013806748092423063,0.01110630227744798,0.3275336808245462,0.0067684661455433281,0.12030459819402001,S4_full34_flag_limit_up_2021,full34,flag_limit_up,2021,single
202201,0.12435552005453167,0.0032810564904165338,0.046657827865262812,0.82682623558496648,0.049742208021812673,0.24804787067548995,0.28600265164042116,0.58379273033772372,0.12470227903505464,-0.00034675898052297094,0.063538964684410254,0.88005607374028738,-0.053229838155320897,0.58798285509802073,0.047613466832023582,-0.00095563896676077037,0.001375869088000331,0.59961369368650097,-0.015820963348777251,0.20139768167677019,S4_full34_flag_limit_up_2022,full34,flag_limit_up,2022,single
202202,0.082552188546381994,0.0014740977431604066,0.040421171043371749,0.37147263127642249,0.033020875418552802,0.11144178938292675,0.28787364868698845,0.43233631348846802,0.080346543742632712,0.0022056448037492821,0.044665754321117947,0.44018709360237573,-0.068714462325953241,0.12632418155679223,0.042480685355200817,-0.0020595143118290679,-0.0044009410038203314,0.45145053997120554,-0.019114226482737529,0.057083838496631012,S4_full34_flag_limit_up_2022,full34,flag_limit_up,2022,single
202203,0.073434806819012599,0.0012910603182293304,0.097464865877550849,0.32534720019379126,0.029373922727605042,0.097604160058137379,0.27076054023673474,0.39773862302247714,0.070561146933528954,0.0028736598854836454,0.037553527290338048,0.31231761171730871,0.013029588476482556,0.51006586534440235,0.15208483308019252,-0.054619967202641673,-0.0097304175606203747,0.37629429236454642,0.021444330657930721,0.17096029578764202,S4_full34_flag_limit_up_2022,full34,flag_limit_up,2022,single
202204,0.090084932896205991,0.0013216423387650315,0.1588636794302008,0.33305386936878795,0.036033973158482398,0.099916160810636381,0.25234089617093974,0.3882910301400585,0.090954385040434543,-0.00086945214422855244,0.030350178851949398,0.34693073750529191,-0.013876868136503961,0.18724951944363796,0.29476783605626994,-0.13590415662606914,-0.0039245013497515857,0.3520306244508804,0.036260405689178099,0.069492277778796574,S4_full34_flag_limit_up_2022,full34,flag_limit_up,2022,single
202205,0.14259283800193903,0.0026021367321326315,0.16771453706238867,0.65573845649742313,0.057037135200775614,0.19672153694922692,0.24968563888128337,0.50344431103128584,0.14210188088570128,0.00049095711623775573,0.043756879716373639,0.65083302866438431,0.0049054278330388223,0.2265176774658475,0.17124247141791082,-0.0035279343555221498,-0.0071951872530590932,0.50071791952822253,0.0027263915030633079,0.08761661130222137,S4_full34_flag_limit_up_2022,full34,flag_limit_up,2022,single
202206,0.094659809454838734,0.0010137626250059882,0.23400761892165076,0.25546818150150902,0.037863923781935496,0.0766404544504527,0.22979771432350476,0.34430209255589295,0.093643305732629328,0.0010165037222094053,0.029530844688354499,0.17718134396437954,0.078286837537129478,-0.0079391578710321098,0.23366802961960617,0.00033958930204458504,0.0059185870757959835,0.32051131659648369,0.02379077595940926,0.0076550143912934021,S4_full34_flag_limit_up_2022,full34,flag_limit_up,2022,single
202207,0.074269171816858659,0.0012795197661097913,0.29652759313597304,0.3224389810596674,0.029707668726743464,0.096731694317900213,0.2110417220592081,0.33748108510385177,0.073637610709909984,0.00063156110694867484,0.035849312715093715,0.32861729225292452,-0.0061783111932571244,0.037057300919311476,0.29867038060012518,-0.0021427874641521405,0.0054499816927088274,0.33843911777980379,-0.00095803267595201413,0.023821920854018297,S4_full34_flag_limit_up_2022,full34,flag_limit_up,2022,single
202208,0.072907665768744939,0.00099694075600457598,0.29314305369744537,0.25122907051315313,0.029163066307497976,0.075368721153945939,0.21205708389076641,0.31658887135221031,0.069935421099203129,0.0029722446695418098,0.058972620709744641,0.14102819921826384,0.11020087129488929,0.79544978959415502,0.29276697929158674,0.0003760744058586285,-0.010198169292988335,0.28245253441768436,0.034136336934525946,0.26528343595004089,S4_full34_flag_limit_up_2022,full34,flag_limit_up,2022,single
202209,0.063775101036613824,0.002432562695393855,0.28918378428009101,0.61300579923925147,0.025510040414645531,0.18390173977177543,0.21324486471597268,0.42265664490239363,0.06743375745372901,-0.0036586564171151859,0.050077062836899375,0.59086339126323972,0.022142407976011746,0.45681318254776376,0.29447472179819228,-0.0052909375181012797,-0.019978392751995588,0.41589010382100589,0.0067665410813877447,0.16306829772468751,S4_full34_flag_limit_up_2022,full34,flag_limit_up,2022,single
202210,0.11977303713844642,0.0024306387918831772,0.2944649873076341,0.61252097555456064,0.047909214855378572,0.1837562926663682,0.21166050380770976,0.44332601132945654,0.11617378711890365,0.0035992500195427685,0.047849413618230849,0.65355400542913966,-0.041033029874579019,0.35972158537795812,0.29920448816062167,-0.0047395008529875771,0.003689051398636789,0.45277437002811682,-0.0094483586986602863,0.12594952564108874,S4_full34_flag_limit_up_2022,full34,flag_limit_up,2022,single
202211,0.090226524548920647,0.0014199787843962334,0.29697789435025174,0.35783465366785083,0.036090609819568263,0.10735039610035525,0.21090663169492449,0.354347637614848,0.092360716259726541,-0.0021341917108058939,0.063310083624501468,0.39573200873866443,-0.037897355070813599,0.25282518814842814,0.30281798062010196,-0.0058400862698502198,-0.003032349274347812,0.36481849493945939,-0.010470857324611393,0.10208129467663341,S4_full34_flag_limit_up_2022,full34,flag_limit_up,2022,single
202212,0.075018380428024722,0.0026294043245314478,0.29230314333087826,0.66260988978192481,0.030007352171209891,0.19878296693457745,0.21230905700073652,0.44109937610652383,0.072901424888444727,0.0021169555395799955,0.065405311373508787,0.69701066878517448,-0.034400779003249671,0.6209857207539986,0.29622949420039807,-0.0039263508695198124,-0.0078066535648262936,0.4493949223308108,-0.0082955462242869649,0.21479983684505094,S4_full34_flag_limit_up_2022,full34,flag_limit_up,2022,single
202101,0.063090736223357549,0.0017661793988312208,0.82239633885973051,0.44507720850546761,0.02523629448934302,0.13352316255164029,0.053281098342080842,0.21204055538306416,0.058765447804673743,0.0043252884186838064,0.023272816684514169,0.43864074747199783,0.0064364610334697869,0.46061184753785217,0.49399280421472913,0.32840353464500138,0.27718568339445326,0.30690056209905009,-0.094860006715985934,0.064336975916825329,S4_full34_flag_limit_down_2021,full34,flag_limit_down,2021,single
202102,0.09476559699934245,0.0022377783862089929,0.8276046071272789,0.56392015332466616,0.03790623879973698,0.16917604599739985,0.051718617861816328,0.25880090265895317,0.095366796455667535,-0.00060119945632508554,0.062931917766779477,0.59683556810584515,-0.032915414781178987,0.57993818293374588,0.47393656436534026,0.35366804276193864,0.45036615695284182,0.37501641970441846,-0.11621551704546529,0.064044374900982998,S4_full34_flag_limit_down_2021,full34,flag_limit_down,2021,single
202103,0.10179610323916237,0.0028819253085347442,0.87516869446350276,0.72624517775075559,0.040718441295664952,0.21787355332522668,0.037449391660949169,0.29604138628184079,0.10289822410824899,-0.0011021208690866202,0.040029093494143887,0.72183865168678774,0.0044065260639678527,0.61408124355564808,0.44701805308512554,0.42815064137837722,0.43090799583370337,0.42360546922379827,-0.12756408294195748,0.070963611714240982,S4_full34_flag_limit_down_2021,full34,flag_limit_down,2021,single
202104,0.065404784997588158,0.0023699108234230717,0.87509790715315361,0.59721752750261403,0.026161913999035266,0.17916525825078419,0.037470627854053917,0.24279780010387336,0.064976959431469306,0.00042782556611885292,0.042813727558751763,0.61318248434047418,-0.015964956837860145,0.73197788409754561,0.43344382559331474,0.44165408155983887,0.51132372057991615,0.37991238139673555,-0.13711458129286219,0.083321740078789508,S4_full34_flag_limit_down_2021,full34,flag_limit_down,2021,single
202105,0.049504162965816979,0.0017727146912743302,0.86643393802276525,0.44672410220113123,0.019801665186326794,0.13401723066033935,0.040069818593170423,0.19388871443983657,0.052241511779904583,-0.0027373488140876034,0.034447816564607492,0.48505182450607293,-0.038327722304941692,0.27000879561547325,0.3342262871249112,0.53220765089785405,0.46289328524520629,0.36614426592631033,-0.17225555148647376,-0.044086220263076958,S4_full34_flag_limit_down_2021,full34,flag_limit_down,2021,single
202106,0.076066441061629811,0.0026053741834945162,0.87266942604561848,0.65655429424061806,0.030426576424651925,0.1969662882721854,0.038199172186314453,0.26559203688315181,0.077854284456356074,-0.0017878433947262629,0.047309848668504684,0.64500174557823853,0.011552548662379536,0.68371734916539395,0.41979747426550401,0.45287195178011447,0.46346464710115742,0.39870299517636282,-0.13311095829321101,0.084999750086672821,S4_full34_flag_limit_down_2021,full34,flag_limit_down,2021,single
202107,0.061375484086957942,0.0027058162972998447,0.86529458940018567,0.68186570691956083,0.024550193634783179,0.20455971207586823,0.040411623179944296,0.26952152889059572,0.061881075413042663,-0.0005055913260847214,0.021533075245536673,0.6656542870952904,0.016211419824270434,0.24019052042337058,0.32417932796494148,0.54111526143524413,0.55803239220797307,0.42719491790432174,-0.15767338901372602,-0.086739331437166112,S4_full34_flag_limit_down_2021,full34,flag_limit_down,2021,single
202108,0.093418583803382874,0.0020776051723893924,0.87294194604154918,0.5235565034421269,0.037367433521353154,0.15706695103263807,0.038117416187535245,0.23255180074152648,0.092561340577702197,0.00085724322568067612,0.044823757897906283,0.46032093664766721,0.063235566794459686,0.45277331029660989,0.26687196382300571,0.60606998221854347,0.62575300703870096,0.39505922807847932,-0.16250742733695284,-0.03396440586346483,S4_full34_flag_limit_down_2021,full34,flag_limit_down,2021,single
202109,0.088445994481252802,0.002616836653904457,0.87815089291477544,0.65944283678392313,0.035378397792501119,0.19783285103517692,0.036554732125567369,0.26976598095324544,0.091010616952011028,-0.0025646224707582266,0.063413224787062156,0.6156783491683161,0.043764487615607028,0.72262214294639737,0.24776292454690929,0.63038796836786615,0.63973927398878017,0.44677887416722645,-0.177012893213981,0.050230150602110057,S4_full34_flag_limit_down_2021,full34,flag_limit_down,2021,single
202110,0.051102464364262488,0.0012382472254034223,0.83870178729368816,0.31203830080166245,0.020440985745704996,0.093611490240498738,0.048389463811893553,0.16244193979809729,0.04820508873861469,0.0028973756256477981,0.004542534580925843,0.27941044490790651,0.032627855893755942,0.0052529031549239935,0.19196266497556608,0.64673912231812203,0.63457328214078546,0.34551636947514797,-0.18307442967705068,-0.18697909986338807,S4_full34_flag_limit_down_2021,full34,flag_limit_down,2021,single
202111,0.085559919129239409,0.0016934475677317907,0.8764069093841319,0.42674878706841124,0.034223967651695768,0.12802463612052337,0.037077927184760426,0.19932653095697955,0.087308274398253352,-0.0017483552690139431,0.044498179132085369,0.44485970115517631,-0.018110914086765073,0.34570158044377292,0.1351328008386907,0.74127410854544118,0.73709168629261745,0.42784137985424697,-0.22851484889726742,-0.099617760101819219,S4_full34_flag_limit_down_2021,full34,flag_limit_down,2021,single
202112,0.064222928752027356,0.00053916017448667848,0.87657959779790107,0.13586836397064297,0.025689171500810945,0.040760509191192888,0.037026120660629679,0.10347580135263351,0.065913253996340349,-0.0016903252443129929,0.047154676675533164,0.106942732076547,0.028925631894095971,0.33955229034758166,0.10304813465651336,0.77353146314138765,0.77083101732641257,0.3275336808245462,-0.22405787947191269,-0.11052174742343601,S4_full34_flag_limit_down_2021,full34,flag_limit_down,2021,single
202201,0.12034314455766551,0.0029957494236068278,0.86142036745947648,0.75492885474892057,0.048137257823066208,0.22647865642467616,0.041573889762157056,0.31618980400989938,0.12470227903505464,-0.0043591344773891288,0.059526589187544103,0.88005607374028738,-0.12512721899136681,0.51608547426197482,0.047613466832023582,0.81380690062745287,0.81613840868221399,0.59961369368650097,-0.28342388967660159,-0.066205244651054151,S4_full34_flag_limit_down_2022,full34,flag_limit_down,2022,single
202202,0.079249508620600137,0.0015443131505315619,0.86190927422271635,0.38916691393395358,0.031699803448240055,0.11675007418018607,0.041427217733185091,0.18987709536161121,0.080346543742632712,-0.0010970351220325747,0.04136307439533609,0.44018709360237573,-0.05102017966842215,0.14401846421432332,0.042480685355200817,0.81942858886751557,0.81708716217552424,0.45145053997120554,-0.26157344460959431,-0.1853753796302258,S4_full34_flag_limit_down_2022,full34,flag_limit_down,2022,single
202203,0.06648878912192592,0.0012167430830717558,0.86063919189781635,0.30661925693408248,0.026595515648770371,0.091985777080224748,0.041808242430655097,0.16038953515965021,0.070561146933528954,-0.0040723578116030335,0.03060750959325137,0.31231761171730871,-0.0056983547832262227,0.49133792208469351,0.15208483308019252,0.70855435881762385,0.75344390845964515,0.37629429236454642,-0.21590475720489621,-0.066388792075184916,S4_full34_flag_limit_down_2022,full34,flag_limit_down,2022,single
202204,0.084122509952036739,0.00090129313135745329,0.81717694991780976,0.22712586910207824,0.033649003980814697,0.06813776073062347,0.054846915024657071,0.15663367973609524,0.090954385040434543,-0.0068318750883978041,0.024387755907780147,0.34693073750529191,-0.11980486840321367,0.081321519176928259,0.29476783605626994,0.52240911386153988,0.65438876913785737,0.3520306244508804,-0.19539694471478516,-0.16216507262516669,S4_full34_flag_limit_down_2022,full34,flag_limit_down,2022,single
202205,0.13781859355879289,0.0023178672003869756,0.85679514519338518,0.58410253449751781,0.05512743742351716,0.17523076034925533,0.042961456441984444,0.27331965421475696,0.14210188088570128,-0.004283287326908386,0.038982635273227498,0.65083302866438431,-0.066730494166866494,0.15488175546594218,0.17124247141791082,0.68555267377547435,0.68188542087793746,0.50071791952822253,-0.22739826531346558,-0.14250804551430751,S4_full34_flag_limit_down_2022,full34,flag_limit_down,2022,single
202206,0.092892863428252231,0.00084967310931028501,0.88298420072068073,0.21411762354619182,0.037157145371300895,0.064235287063857546,0.035104739783795781,0.13649717221895422,0.093643305732629328,-0.00075044230437709691,0.027763898661767997,0.17718134396437954,0.036936279581812281,-0.049289715826349306,0.23366802961960617,0.64931617110107454,0.65489516887482591,0.32051131659648369,-0.18401414437752947,-0.20014990594564533,S4_full34_flag_limit_down_2022,full34,flag_limit_down,2022,single
202207,0.072140882080367688,0.0011531536698608758,0.88460712244871631,0.2905947248049407,0.028856352832147075,0.087178417441482206,0.034617863265385108,0.1506526335390144,0.073637610709909984,-0.001496728629542296,0.033721022978602744,0.32861729225292452,-0.038022567447983824,0.0052130446645847761,0.29867038060012518,0.58593674184859112,0.59352951100545215,0.33843911777980379,-0.18778648424078939,-0.16300653071081908,S4_full34_flag_limit_down_2022,full34,flag_limit_down,2022,single
202208,0.066836038080707524,0.00047348143221693964,0.88224745370538404,0.11931732091866878,0.02673441523228301,0.035795196275600634,0.035325763888384785,0.097855375396268429,0.069935421099203129,-0.003099383018495605,0.052900993021707227,0.14102819921826384,-0.02171087829959506,0.66353803999967065,0.29276697929158674,0.58948047441379736,0.5789062307149504,0.28245253441768436,-0.18459715902141594,0.04654993999409901,S4_full34_flag_limit_down_2022,full34,flag_limit_down,2022,single
202209,0.062807003045376633,0.0023459400603510253,0.84118152795925438,0.5911768952084584,0.025122801218150654,0.17735306856253752,0.047645541612223681,0.25012141139291189,0.06743375745372901,-0.0046267544083523765,0.049108964845662184,0.59086339126323972,0.00031350394521867386,0.43498427851697069,0.29447472179819228,0.54670680616106204,0.53201935092716779,0.41589010382100589,-0.165768692428094,-0.0094669357847942393,S4_full34_flag_limit_down_2022,full34,flag_limit_down,2022,single
202210,0.11742318068235463,0.0026659891240864413,0.86977181842025253,0.67182925926978321,0.046969272272941856,0.20154877778093497,0.039068454473924243,0.2875865045278011,0.11617378711890365,0.0012493935634509817,0.045499557162139062,0.65355400542913966,0.018275253840643546,0.41902986909318068,0.29920448816062167,0.5705673302596308,0.57899588251125522,0.45277437002811682,-0.16518786550031572,-0.029789981160566692,S4_full34_flag_limit_down_2022,full34,flag_limit_down,2022,single
202211,0.089699207106017073,0.0012000425340713153,0.89715284359258374,0.30241071858597146,0.035879682842406828,0.090723215575791438,0.030854146922224879,0.15745704534042315,0.092360716259726541,-0.0026615091537094682,0.062782766181597893,0.39573200873866443,-0.093321290152692971,0.19740125306654879,0.30281798062010196,0.59433486297248184,0.59714259996798424,0.36481849493945939,-0.20736144959903624,-0.094809297597791442,S4_full34_flag_limit_down_2022,full34,flag_limit_down,2022,single
202212,0.071695871821015805,0.0029442753031359635,0.86371454266968295,0.74195737639026282,0.028678348728406324,0.22258721291707884,0.040885637199095111,0.29215119884458024,0.072901424888444727,-0.0012055530674289217,0.06208280276649987,0.69701066878517448,0.044946707605088343,0.70033320736233662,0.29622949420039807,0.56748504846928483,0.56360474577397834,0.4493949223308108,-0.15724372348623056,0.065851659583107347,S4_full34_flag_limit_down_2022,full34,flag_limit_down,2022,single
202101,0.06168882146908259,0.0018511238978188092,0.49149498909707756,0.46648322225033989,0.024675528587633038,0.13994496667510195,0.15255150327087671,0.31717199853361167,0.058765447804673743,0.0029233736644088473,0.02187090193023921,0.43864074747199783,0.027842474778342063,0.48201786128272445,0.49399280421472913,-0.0024978151176515695,-0.053715666368199688,0.30690056209905009,0.010271436434561576,0.16946841906737284,S4_full34_limit_up_count_5d_2021,full34,limit_up_count_5d,2021,single
202102,0.098207875304504769,0.0026248134597620992,0.48691079513515156,0.66145299186004902,0.039283150121801912,0.19843589755801469,0.15392676145945453,0.39164580913927116,0.095366796455667535,0.0028410788488372335,0.066374196071941796,0.59683556810584515,0.064617423754203873,0.67747102146912874,0.47393656436534026,0.012974230769811301,0.10967234496071449,0.37501641970441846,0.016629389434852704,0.19688928138130099,S4_full34_limit_up_count_5d_2021,full34,limit_up_count_5d,2021,single
202103,0.10150513524955516,0.0027964137063166343,0.35897691044108226,0.70469625399179181,0.040602054099822066,0.21140887619753754,0.19230692686767531,0.44431785716503491,0.10289822410824899,-0.001393088858693825,0.039738125504536682,0.72183865168678774,-0.017142397694995926,0.5925323197966843,0.44701805308512554,-0.08804114264404328,-0.085283788188717125,0.42360546922379827,0.020712387941236643,0.2192400825974351,S4_full34_limit_up_count_5d_2021,full34,limit_up_count_5d,2021,single
202104,0.063555612318025048,0.002455487104405781,0.45879378396613935,0.61878275031025687,0.025422244927210021,0.18563482509307705,0.16236186481015819,0.37341893483044525,0.064976959431469306,-0.0014213471134442573,0.040964554879188653,0.61318248434047418,0.0056002659697826918,0.75354310690518844,0.43344382559331474,0.02534995837282461,0.095019597392901944,0.37991238139673555,-0.0064934465662903063,0.21394287480536139,S4_full34_limit_up_count_5d_2021,full34,limit_up_count_5d,2021,single
202105,0.049850966107609869,0.0017060876911399944,0.38455069275258214,0.42993409816727857,0.01994038644304395,0.12898022945018356,0.18463479217422535,0.33355540806745287,0.052241511779904583,-0.0023905456722947138,0.034794619706400381,0.48505182450607293,-0.055117726338794359,0.25321879158162058,0.3342262871249112,0.050324405627670932,-0.018989960024976826,0.36614426592631033,-0.032588857858857456,0.095580473364539342,S4_full34_limit_up_count_5d_2021,full34,limit_up_count_5d,2021,single
202106,0.076720721791991214,0.002591399214617738,0.4510311548037888,0.65303260208366998,0.030688288716796488,0.19590978062510098,0.16469065355886334,0.39128872290076078,0.077854284456356074,-0.0011335626643648594,0.047964129398866087,0.64500174557823853,0.0080308565054314496,0.68019565700844586,0.41979747426550401,0.031233680538284792,0.041826375859327747,0.39870299517636282,-0.0074142722756020407,0.21069643610428179,S4_full34_limit_up_count_5d_2021,full34,limit_up_count_5d,2021,single
202107,0.063006975640968313,0.0026652156868238897,0.29233093659683235,0.67163435307962016,0.025202790256387327,0.20149030592388603,0.2123007190209503,0.43899381520122366,0.061881075413042663,0.0011259002279256497,0.023164566799547044,0.6656542870952904,0.0059800659843297632,0.22995916658342991,0.32417932796494148,-0.03184839136810913,-0.014931260595380191,0.42719491790432174,0.011798897296901922,0.082732954873461828,S4_full34_limit_up_count_5d_2021,full34,limit_up_count_5d,2021,single
202108,0.092952405771643015,0.0019484689461665274,0.26104336916969989,0.49101417443396489,0.037180962308657209,0.14730425233018946,0.22168698924909006,0.40617220388793673,0.092561340577702197,0.00039106519394081773,0.044357579866166424,0.46032093664766721,0.030693237786297678,0.42023098128844788,0.26687196382300571,-0.0058285946533058186,0.013854430166851728,0.39505922807847932,0.011112975809457415,0.13965599728294542,S4_full34_limit_up_count_5d_2021,full34,limit_up_count_5d,2021,single
202109,0.090062336720476671,0.0027838382369175241,0.23863184987951036,0.70152723570321607,0.036024934688190673,0.21045817071096481,0.22841044503614688,0.47489355043530235,0.091010616952011028,-0.00094828023153435692,0.065029567026286025,0.6156783491683161,0.085848886534899971,0.76470654186569031,0.24776292454690929,-0.0091310746673989307,0.00022023095351508815,0.44677887416722645,0.0281146762680759,0.25535772008416696,S4_full34_limit_up_count_5d_2021,full34,limit_up_count_5d,2021,single
202110,0.051302674812821018,0.0013568420550730247,0.18348099729984391,0.34192419787840223,0.020521069925128407,0.10257725936352066,0.24495570081004681,0.36805403009869586,0.04820508873861469,0.003097586074206328,0.0047427450294843729,0.27941044490790651,0.062513752970495717,0.035138800231663769,0.19196266497556608,-0.008481667675722171,-0.020647507853058744,0.34551636947514797,0.022537660623547895,0.018632990437210506,S4_full34_limit_up_count_5d_2021,full34,limit_up_count_5d,2021,single
202111,0.086215905963800563,0.0017754777638348963,0.12142827633764924,0.44742039648639387,0.034486362385520226,0.13422611894591815,0.26357151709870519,0.43228399843014353,0.087308274398253352,-0.0010923684344527895,0.045154165966646523,0.44485970115517631,0.0025606953312175551,0.36637318986175554,0.1351328008386907,-0.013704524501041454,-0.017886946753865207,0.42784137985424697,0.0044426185758965619,0.13333970737134476,S4_full34_limit_up_count_5d_2021,full34,limit_up_count_5d,2021,single
202112,0.063963908060491903,0.00058695546603651418,0.099032055406459221,0.14791277744120157,0.025585563224196764,0.044373833232360473,0.27029038337806222,0.34024977983461946,0.065913253996340349,-0.0019493459358484455,0.046895655983997711,0.106942732076547,0.040970045364654567,0.35159670381814023,0.10304813465651336,-0.0040160792500541359,-0.0067165250650292191,0.3275336808245462,0.012716099010073256,0.12625223105854994,S4_full34_limit_up_count_5d_2021,full34,limit_up_count_5d,2021,single
202201,0.12528272900898677,0.0034420098388820695,0.048551885702233483,0.86738647939828151,0.050113091603594707,0.26021594381948443,0.28543443428932996,0.59576346971240912,0.12470227903505464,0.00058044997393212616,0.064466173638865365,0.88005607374028738,-0.012669594342005874,0.62854309891133575,0.047613466832023582,0.00093841887020990056,0.003269926924971002,0.59961369368650097,-0.0038502239740918487,0.21336842105145559,S4_full34_limit_up_count_5d_2022,full34,limit_up_count_5d,2022,single
202202,0.081630851232449633,0.0016954751544948621,0.041443124048649943,0.42725973893270525,0.032652340492979853,0.12817792167981157,0.287567062785405,0.4483973249581964,0.080346543742632712,0.0012843074898169216,0.043744417007185586,0.44018709360237573,-0.012927354669670488,0.18211128921307498,0.042480685355200817,-0.0010375613065508743,-0.0033789879985421378,0.45145053997120554,-0.0030532150130091473,0.073144849966359393,S4_full34_limit_up_count_5d_2022,full34,limit_up_count_5d,2022,single
202203,0.070871451261675281,0.0012151484567787501,0.1389010743193009,0.30621741110824502,0.028348580504670113,0.091865223332473503,0.25832967770420973,0.37854348154135331,0.070561146933528954,0.00031030432814632691,0.03499017173300073,0.31231761171730871,-0.0061002006090636884,0.49093607625885605,0.15208483308019252,-0.013183758760891617,0.031705790881129681,0.37629429236454642,0.0022491891768068872,0.15176515430651819,S4_full34_limit_up_count_5d_2022,full34,limit_up_count_5d,2022,single
202204,0.090752643861932214,0.0012782371824172952,0.28472018437818852,0.32211576996915842,0.036301057544772884,0.096634730990747528,0.21458394468654343,0.34751973322206386,0.090954385040434543,-0.00020174117850232931,0.031017889817675622,0.34693073750529191,-0.024814967536133492,0.17631142004400843,0.29476783605626994,-0.010047651678081415,0.12193200359823614,0.3520306244508804,-0.0045108912288165381,0.028720980860801937,S4_full34_limit_up_count_5d_2022,full34,limit_up_count_5d,2022,single
202205,0.14191480851219945,0.0024948393872227044,0.16849583416306446,0.62869952558012154,0.056765923404879785,0.18860985767403646,0.24945124975108066,0.49482703082999691,0.14210188088570128,-0.00018707237350182315,0.043078850226634061,0.65083302866438431,-0.022133503084262762,0.19947874654854592,0.17124247141791082,-0.0027466372548463625,-0.0064138901523833058,0.50071791952822253,-0.005890888698225627,0.078999331100932435,S4_full34_limit_up_count_5d_2022,full34,limit_up_count_5d,2022,single
202206,0.091552787613102316,0.00080934596657427824,0.23269962042567963,0.20395518357671813,0.036621115045240925,0.061186555073015438,0.2301901138722961,0.32799778399055246,0.093643305732629328,-0.0020905181195270128,0.026423822846618081,0.17718134396437954,0.02677383961233859,-0.059452155795822997,0.23366802961960617,-0.0009684091939265449,0.0046105885798248536,0.32051131659648369,0.0074864673940687743,-0.0086492941740470841,S4_full34_limit_up_count_5d_2022,full34,limit_up_count_5d,2022,single
202207,0.073382881978632436,0.0012459021922512389,0.29496053077050766,0.31396735244731222,0.029353152791452976,0.094190205734193663,0.21151184076884769,0.33505519929449434,0.073637610709909984,-0.00025472873127754814,0.034963022876867492,0.32861729225292452,-0.0146499398056123,0.0285856723069563,0.29867038060012518,-0.0037098498296175286,0.0038829193272434392,0.33843911777980379,-0.0033839184853094451,0.021396035044660866,S4_full34_limit_up_count_5d_2022,full34,limit_up_count_5d,2022,single
202208,0.068577703506442253,0.00043559661313703453,0.29210587032222957,0.1097703465105327,0.027431081402576902,0.032931103953159811,0.21236823890333112,0.27273042425906785,0.069935421099203129,-0.0013577175927608764,0.054642658447441955,0.14102819921826384,-0.03125785270773114,0.65399106559153464,0.29276697929158674,-0.00066110896935717145,-0.011235352668204135,0.28245253441768436,-0.0097221101586165148,0.22142498885689843,S4_full34_limit_up_count_5d_2022,full34,limit_up_count_5d,2022,single
202209,0.068009372061614504,0.0025133414833245597,0.28886964958918027,0.63336205379778909,0.027203748824645803,0.19000861613933673,0.21333910512324591,0.43055147008722844,0.06743375745372901,0.00057561460788549401,0.054311333861900055,0.59086339126323972,0.04249866253454937,0.47716943710630139,0.29447472179819228,-0.0056050722090120186,-0.020292527442906327,0.41589010382100589,0.014661366266222553,0.17096312290952231,S4_full34_limit_up_count_5d_2022,full34,limit_up_count_5d,2022,single
202210,0.11519506071716532,0.0025406794090340676,0.29564174621434341,0.640251211076585,0.04607802428686613,0.19207536332297551,0.21130747613569695,0.44946086374553862,0.11617378711890365,-0.00097872640173833625,0.043271437196949744,0.65355400542913966,-0.013302794352554659,0.38745182089998248,0.29920448816062167,-0.0035627419462782584,0.0048658103053461077,0.45277437002811682,-0.0033135062825782047,0.13208437805717083,S4_full34_limit_up_count_5d_2022,full34,limit_up_count_5d,2022,single
202211,0.094359593298281641,0.0015505765075339779,0.30280001885030816,0.39074527989856245,0.037743837319312662,0.11722358396956872,0.20915999434490753,0.36412741563378892,0.092360716259726541,0.0019988770385550997,0.067443152373862475,0.39573200873866443,-0.0049867288401019838,0.28573581437913975,0.30281798062010196,-1.7961769793795046e-05,0.0027897752257086128,0.36481849493945939,-0.00069107930567047227,0.11186107269557433,S4_full34_limit_up_count_5d_2022,full34,limit_up_count_5d,2022,single
202212,0.074722814415798658,0.0028957882034414432,0.29155868249796418,0.7297386272672437,0.029889125766319465,0.2189215881801731,0.21253239525061077,0.46134310919710331,0.072901424888444727,0.001821389527353931,0.065109745361282723,0.69701066878517448,0.032727958482069219,0.68811445823931749,0.29622949420039807,-0.0046708117024338858,-0.008551114397740367,0.4493949223308108,0.011948186866292509,0.23504356993563041,S4_full34_limit_up_count_5d_2022,full34,limit_up_count_5d,2022,single
202101,0.059850147612146617,0.0020231370654454194,0.47348059762182604,0.50983054049224574,0.023940059044858648,0.15294916214767371,0.15795582071345218,0.33484504190598452,0.058765447804673743,0.0010846998074728748,0.020032228073303238,0.43864074747199783,0.071189793020247916,0.52536517952463024,0.49399280421472913,-0.020512206592903093,-0.071730057843451211,0.30690056209905009,0.02794447980693443,0.18714146243974569,S4_full34_limit_down_count_5d_2021,full34,limit_down_count_5d,2021,single
202102,0.096440829315971532,0.002049205329124467,0.5350955433967588,0.51639974293936564,0.038576331726388614,0.1549199228818097,0.13947133698097236,0.33296759158917066,0.095366796455667535,0.0010740328603039972,0.06460715008340856,0.59683556810584515,-0.080435825166479513,0.53241777254844536,0.47393656436534026,0.061158979031418537,0.15785709322232172,0.37501641970441846,-0.042048828115247794,0.13821106383120049,S4_full34_limit_down_count_5d_2021,full34,limit_down_count_5d,2021,single
202103,0.10245893016356057,0.0031092399818323452,0.42816888562467587,0.78352847542175097,0.040983572065424231,0.23505854262652529,0.17154933431259722,0.44759144900454673,0.10289822410824899,-0.00043929394468841809,0.040691920418542089,0.72183865168678774,0.061689823734963234,0.67136454122664346,0.44701805308512554,-0.018849167460449678,-0.016091813005123523,0.42360546922379827,0.023985979780748456,0.22251367443694692,S4_full34_limit_down_count_5d_2021,full34,limit_down_count_5d,2021,single
202104,0.064595405636083625,0.0022434828552019208,0.45235631058434222,0.565357679510884,0.025838162254433451,0.1696073038532652,0.16429310682469733,0.35973857293239597,0.064976959431469306,-0.00038155379538568068,0.042004348197247229,0.61318248434047418,-0.047824804829590173,0.70011803610581558,0.43344382559331474,0.018912484991027489,0.088582124011104824,0.37991238139673555,-0.020173808464339582,0.20026251290731212,S4_full34_limit_down_count_5d_2021,full34,limit_down_count_5d,2021,single
202105,0.048695118450760889,0.0016769783394939384,0.34135858761786292,0.42259854155247245,0.019478047380304356,0.12677956246574174,0.19759242371464114,0.34385003356068722,0.052241511779904583,-0.0035463933291436933,0.033638772049551402,0.48505182450607293,-0.062453282953600475,0.24588323496681447,0.3342262871249112,0.0071323004929517153,-0.062182065159696043,0.36614426592631033,-0.022294232365623112,0.10587509885777369,S4_full34_limit_down_count_5d_2021,full34,limit_down_count_5d,2021,single
202106,0.077265620476736796,0.0025229836091100327,0.42017045144715748,0.6357918694957283,0.030906248190694721,0.19073756084871848,0.17394886456585276,0.39559267360526595,0.077854284456356074,-0.00058866397961927774,0.048509028083611669,0.64500174557823853,-0.0092098760825102266,0.66295492442050419,0.41979747426550401,0.00037297718165346661,0.010965672502696422,0.39870299517636282,-0.0031103215710968635,0.21500038680878697,S4_full34_limit_down_count_5d_2021,full34,limit_down_count_5d,2021,single
202107,0.064024507535469274,0.0031380408297938273,0.32004859310682499,0.79078628910804449,0.02560980301418771,0.23723588673241333,0.2039854220679525,0.46683111181455356,0.061881075413042663,0.0021434321224266112,0.024182098694048006,0.6656542870952904,0.1251320020127541,0.34911110261185424,0.32417932796494148,-0.0041307348581164915,0.012786395914612447,0.42719491790432174,0.039636193910231821,0.11057025148679173,S4_full34_limit_down_count_5d_2021,full34,limit_down_count_5d,2021,single
202108,0.092207631868055182,0.0019533739257554853,0.27256713737237276,0.49225022929038231,0.036883052747222075,0.1476750687871147,0.21822985878828816,0.40278798032262492,0.092561340577702197,-0.00035370870964701595,0.043612805962578591,0.46032093664766721,0.031929292642715101,0.4214670361448653,0.26687196382300571,0.0056951735493670497,0.025378198369524596,0.39505922807847932,0.007728752244145598,0.1362717737176336,S4_full34_limit_down_count_5d_2021,full34,limit_down_count_5d,2021,single
202109,0.089451552951690022,0.0027009758199503992,0.25644237789181146,0.68064590662750057,0.035780621180676007,0.20419377198825017,0.22306728663245656,0.46304167980138278,0.091010616952011028,-0.001559064000321006,0.064418783257499376,0.6156783491683161,0.064967557459184477,0.74382521278997482,0.24776292454690929,0.008679453344902166,0.018030758965816185,0.44677887416722645,0.01626280563415633,0.24350584945024739,S4_full34_limit_down_count_5d_2021,full34,limit_down_count_5d,2021,single
202110,0.052550668157334758,0.0011367519030275723,0.17862617697771871,0.28646147956294821,0.021020267262933906,0.085938443868884454,0.24641214690668439,0.35337085803850277,0.04820508873861469,0.0043455794187200678,0.0059907383739981127,0.27941044490790651,0.0070510346550416991,-0.020323918083790249,0.19196266497556608,-0.013336487997847368,-0.025502328175183941,0.34551636947514797,0.0078544885633548001,0.0039498183770174111,S4_full34_limit_down_count_5d_2021,full34,limit_down_count_5d,2021,single
202111,0.088684991643721803,0.0020158003127186564,0.14468400453333771,0.50798167880510137,0.035473996657488724,0.1523945036415304,0.25659479863999868,0.44446329893901781,0.087308274398253352,0.0013767172454684506,0.047623251646567763,0.44485970115517631,0.063121977649925054,0.42693447218046304,0.1351328008386907,0.0095512036946470147,0.0053687814418232616,0.42784137985424697,0.016621919084770842,0.14551900788021904,S4_full34_limit_down_count_5d_2021,full34,limit_down_count_5d,2021,single
202112,0.064033624124020735,0.00059578525871023416,0.108231595690973,0.150137885194979,0.025613449649608294,0.045041365558493703,0.2675305212927081,0.33818533650081006,0.065913253996340349,-0.0018796298723196131,0.046965372047526543,0.106942732076547,0.043195153118432,0.35382181157191772,0.10304813465651336,0.0051834610344596438,0.0024830152194845606,0.3275336808245462,0.01065165567626386,0.12418778772474054,S4_full34_limit_down_count_5d_2021,full34,limit_down_count_5d,2021,single
202201,0.12434879575798891,0.0032912147074063811,0.049906522781713453,0.82938610626640807,0.049739518303195562,0.2488158318799224,0.28502804316548597,0.58358339334860387,0.12470227903505464,-0.00035348327706573313,0.063532240387867506,0.88005607374028738,-0.050669967473879307,0.59054272577946232,0.047613466832023582,0.0022930559496898706,0.004624564004450972,0.59961369368650097,-0.016030300337897097,0.20118834468765034,S4_full34_limit_down_count_5d_2022,full34,limit_down_count_5d,2022,single
202202,0.080262594114570304,0.0015440810928264339,0.044028442650981402,0.38910843539226136,0.032105037645828123,0.11673253061767841,0.28679146720470555,0.43562903546821208,0.080346543742632712,-8.3949628062407466e-05,0.042376159889306257,0.44018709360237573,-0.051078658210114369,0.1439599856726311,0.042480685355200817,0.0015477572957805844,-0.00079366939621067917,0.45145053997120554,-0.015821504502993466,0.060376560476375074,S4_full34_limit_down_count_5d_2022,full34,limit_down_count_5d,2022,single
202203,0.071146029461072929,0.0011332477831626656,0.16799616860914823,0.28557844135699173,0.028458411784429174,0.085673532407097519,0.24960114941725553,0.36373309360878225,0.070561146933528954,0.00058488252754397563,0.035264749932398379,0.31231761171730871,-0.026739170360316977,0.47029710650760281,0.15208483308019252,0.015911335528955711,0.060800885170977009,0.37629429236454642,-0.012561198755764169,0.13695476637394713,S4_full34_limit_down_count_5d_2022,full34,limit_down_count_5d,2022,single
202204,0.088291291385335771,0.0013088486899488756,0.32601147284763765,0.32982986986711665,0.035316516554134307,0.098948960960134988,0.20219655814570869,0.33646203565997801,0.090954385040434543,-0.0026630936550987722,0.028556537341079179,0.34693073750529191,-0.017100867638175254,0.18402551994196667,0.29476783605626994,0.031243636791367713,0.16322329206768527,0.3520306244508804,-0.015568588790902393,0.017663283298716081,S4_full34_limit_down_count_5d_2022,full34,limit_down_count_5d,2022,single
202205,0.14023057660127547,0.0024078393447124094,0.17945210377486309,0.60677551486752712,0.056092230640510193,0.18203265446025813,0.24616436886754106,0.48428925396830935,0.14210188088570128,-0.0018713042844258065,0.041394618315710077,0.65083302866438431,-0.044057513796857184,0.17755473583595149,0.17124247141791082,0.0082096323569522678,0.0045423794594153244,0.50071791952822253,-0.01642866555991318,0.068461554239244882,S4_full34_limit_down_count_5d_2022,full34,limit_down_count_5d,2022,single
202206,0.092780732456983525,0.00091687103531226059,0.23466855530659847,0.23105150089868967,0.037112292982793414,0.069315450269606893,0.22959943340802044,0.33602717666042076,0.093643305732629328,-0.00086257327564580322,0.02765176769049929,0.17718134396437954,0.053870156934310132,-0.032355838473851456,0.23366802961960617,0.0010005256869922985,0.006579523460743697,0.32051131659648369,0.01551586006393707,-0.00061990150417878809,S4_full34_limit_down_count_5d_2022,full34,limit_down_count_5d,2022,single
202207,0.073003011257476477,0.0016016638231235623,0.30285164560027006,0.40361928342713771,0.029201204502990592,0.12108578502814131,0.20914450631991896,0.35943149585105083,0.073637610709909984,-0.00063459945243350691,0.034583152155711533,0.32861729225292452,0.07500199117421319,0.11823760328678179,0.29867038060012518,0.0041812650001448737,0.011774034157005842,0.33843911777980379,0.020992378071247042,0.045772331601217353,S4_full34_limit_down_count_5d_2022,full34,limit_down_count_5d,2022,single
202208,0.067450326499378002,0.00032431172834111613,0.30369101842619839,0.08172655554196126,0.026980130599751202,0.024517966662588379,0.20889269447214048,0.26039079173448004,0.069935421099203129,-0.0024850945998251273,0.053515281440377704,0.14102819921826384,-0.059301643676302584,0.62594727462296318,0.29276697929158674,0.010924039134611652,0.00034979543576468819,0.28245253441768436,-0.022061742683204322,0.20908535633231062,S4_full34_limit_down_count_5d_2022,full34,limit_down_count_5d,2022,single
202209,0.068133924813227914,0.0023780207704669617,0.29397930975029773,0.59926123415767441,0.027253569925291168,0.17977837024730231,0.21180620707491069,0.41883814724750412,0.06743375745372901,0.00070016735949890441,0.054435886613513465,0.59086339126323972,0.0083978428944346817,0.4430686174661867,0.29447472179819228,-0.00049541204789455007,-0.015182867281788859,0.41589010382100589,0.0029480434264982369,0.159249800069798,S4_full34_limit_down_count_5d_2022,full34,limit_down_count_5d,2022,single
202210,0.11602427809071071,0.00250437250104248,0.29749316616399168,0.63110187026270492,0.04640971123628429,0.18933056107881147,0.21075205015080248,0.44649232246589821,0.11617378711890365,-0.0001495090281929401,0.04410065457049514,0.65355400542913966,-0.022452135166434739,0.3783024800861024,0.29920448816062167,-0.0017113219966299886,0.0067172302549943774,0.45277437002811682,-0.0062820475622186178,0.12911583677753041,S4_full34_limit_down_count_5d_2022,full34,limit_down_count_5d,2022,single
202211,0.090996736583017976,0.0014701093961497858,0.30956743825619931,0.37046756782974599,0.03639869463320719,0.11114027034892379,0.20712976852314022,0.35466873350527117,0.092360716259726541,-0.0013639796767085655,0.064080295658598796,0.39573200873866443,-0.02526444090891844,0.2654581023103233,0.30281798062010196,0.0067494576360973557,0.0095571946315997636,0.36481849493945939,-0.01014976143418822,0.10240239056705658,S4_full34_limit_down_count_5d_2022,full34,limit_down_count_5d,2022,single
202212,0.070749734890247246,0.0028642796195909757,0.29508855131486905,0.72179846413692583,0.028299893956098901,0.21653953924107774,0.21147343460553927,0.45631286780271596,0.072901424888444727,-0.0021516899981974813,0.06113666583573131,0.69701066878517448,0.024787795351751352,0.68017429510899963,0.29622949420039807,-0.0011409428855290171,-0.0050212455808354983,0.4493949223308108,0.0069179454719051625,0.23001332854124307,S4_full34_limit_down_count_5d_2022,full34,limit_down_count_5d,2022,single
202101,0.063723266263009351,0.0017368737847638176,0.44175603924785117,0.43769219376048202,0.025489306505203743,0.1313076581281446,0.16747318822564464,0.32427015285899297,0.058765447804673743,0.0049578184583356083,0.023905346724165971,0.43864074747199783,-0.00094855371151580936,0.45322683279286657,0.49399280421472913,-0.052236764966877958,-0.10345461621742608,0.30690056209905009,0.017369590759942877,0.17656657339275414,S4_full34_ret_1d_rank_pct_2021,full34,ret_1d_rank_pct,2021,single
202102,0.091034298670211317,0.0021782704992752079,0.47688545531863485,0.54892416581735237,0.036413719468084527,0.1646772497452057,0.15693436340440955,0.35802533261769975,0.095366796455667535,-0.0043324977854562186,0.059200619437648344,0.59683556810584515,-0.047911402288492777,0.56494219542643209,0.47393656436534026,0.0029488909532945917,0.099647005144197776,0.37501641970441846,-0.016991087086718704,0.16326880485972958,S4_full34_ret_1d_rank_pct_2021,full34,ret_1d_rank_pct,2021,single
202103,0.09919090947817269,0.0027244822156683628,0.38618989758483052,0.68656951834842739,0.039676363791269077,0.20597085550452821,0.18414303072455082,0.4297902500203481,0.10289822410824899,-0.0037073146300762999,0.037423899733154208,0.72183865168678774,-0.035269133338360348,0.57440558415331988,0.44701805308512554,-0.060828155500295022,-0.058070801044968867,0.42360546922379827,0.0061847807965498269,0.20471247545274829,S4_full34_ret_1d_rank_pct_2021,full34,ret_1d_rank_pct,2021,single
202104,0.051324471806511507,0.0017715750411726127,0.47499877238350491,0.44643691037549837,0.020529788722604605,0.13393107311264951,0.15750036828494851,0.3119612301202026,0.064976959431469306,-0.013652487624957799,0.028733414367675108,0.61318248434047418,-0.1667455739649758,0.58119726697042995,0.43344382559331474,0.041554946790190173,0.11122458581026751,0.37991238139673555,-0.067951151276532951,0.15248517009511875,S4_full34_ret_1d_rank_pct_2021,full34,ret_1d_rank_pct,2021,single
202105,0.042240939353038673,0.0016439256708694152,0.43216118171908097,0.41426926905909262,0.016896375741215469,0.12428078071772777,0.17035164548427573,0.31152880194321897,0.052241511779904583,-0.01000057242686591,0.027184592951829185,0.48505182450607293,-0.070782555446980311,0.23755396247343463,0.3342262871249112,0.097934894594169764,0.028620528941522005,0.36614426592631033,-0.054615463983091361,0.073553867240305437,S4_full34_ret_1d_rank_pct_2021,full34,ret_1d_rank_pct,2021,single
202106,0.065878513218497636,0.0021470290610514928,0.40241982425912765,0.54105132338497619,0.026351405287399057,0.16231539701549286,0.17927405272226168,0.36794085502515361,0.077854284456356074,-0.011975771237858437,0.037121920825372509,0.64500174557823853,-0.10395042219326234,0.56821437830975208,0.41979747426550401,-0.017377650006376366,-0.0067849546853334108,0.39870299517636282,-0.030762140151209205,0.18734856822867463,S4_full34_ret_1d_rank_pct_2021,full34,ret_1d_rank_pct,2021,single
202107,0.062031870446048548,0.002863069629798003,0.33313398250841614,0.72149354670909671,0.024812748178419421,0.21644806401272901,0.20005980524747516,0.44132061743862361,0.061881075413042663,0.00015079503300588493,0.022189461604627279,0.6656542870952904,0.055839259613806314,0.27981836021290646,0.32417932796494148,0.0089546545434746605,0.025871785316203599,0.42719491790432174,0.014125699534301872,0.085059757110861778,S4_full34_ret_1d_rank_pct_2021,full34,ret_1d_rank_pct,2021,single
202108,0.087789184868141232,0.001999975180188743,0.28403743108071206,0.50399374540756325,0.035115673947256495,0.15119812362226898,0.21478877067578636,0.40110256824531187,0.092561340577702197,-0.0047721557095609657,0.039194358962664641,0.46032093664766721,0.043672808759896042,0.43321055226204624,0.26687196382300571,0.017165467257706346,0.036848492077863892,0.39505922807847932,0.0060433401668325559,0.13458636164032056,S4_full34_ret_1d_rank_pct_2021,full34,ret_1d_rank_pct,2021,single
202109,0.08829016042615509,0.0024526301441768678,0.28351154851171967,0.61806279633257066,0.035316064170462035,0.1854188388997712,0.21494653544648409,0.43568143851671737,0.091010616952011028,-0.0027204565258559382,0.063257390731964444,0.6156783491683161,0.0023844471642545662,0.68124210249504491,0.24776292454690929,0.035748623964810378,0.045099929585724396,0.44677887416722645,-0.01109743565050908,0.21614560816558198,S4_full34_ret_1d_rank_pct_2021,full34,ret_1d_rank_pct,2021,single
202110,0.044515386145815308,0.0014911394791247068,0.19546335848064531,0.37576714873942613,0.017806154458326125,0.11273014462182783,0.24136099245580639,0.37189729153596035,0.04820508873861469,-0.0036897025927993821,-0.0020445436375213372,0.27941044490790651,0.096356703831519619,0.068981751092687671,0.19196266497556608,0.0035006935050792276,-0.0086651466722573456,0.34551636947514797,0.026380922060812384,0.022476251874474995,S4_full34_ret_1d_rank_pct_2021,full34,ret_1d_rank_pct,2021,single
202111,0.073103733069574045,0.0013731990080546575,0.14266341641971761,0.34604615002977368,0.02924149322782962,0.10381384500893211,0.25720097507408474,0.39025631331084643,0.087308274398253352,-0.014204541328679307,0.032041993072420005,0.44485970115517631,-0.098813551125402632,0.26499894340513536,0.1351328008386907,0.0075306155810269115,0.0033481933282031584,0.42784137985424697,-0.037585066543400547,0.091312022252047653,S4_full34_ret_1d_rank_pct_2021,full34,ret_1d_rank_pct,2021,single
202112,0.056572546343369973,0.00020642323479023108,0.11988129857643899,0.052018655167138231,0.02262901853734799,0.015605596550141468,0.2640356104270683,0.30227022551455773,0.065913253996340349,-0.0093407076529703759,0.039504294266875781,0.106942732076547,-0.054924076909408773,0.25570258154407693,0.10304813465651336,0.016833163919925634,0.014132718104950551,0.3275336808245462,-0.02526345530998847,0.088272676738488209,S4_full34_ret_1d_rank_pct_2021,full34,ret_1d_rank_pct,2021,single
202201,0.10362952781837115,0.0022318356140919927,0.096167654985752485,0.56242257475118218,0.041451811127348463,0.16872677242535464,0.27114970350427425,0.48132828705697739,0.12470227903505464,-0.021072751216683491,0.042812972448249741,0.88005607374028738,-0.3176334989891052,0.32357919426423642,0.047613466832023582,0.048554188153728903,0.050885696208490004,0.59961369368650097,-0.11828540662952358,0.098933238396023859,S4_full34_ret_1d_rank_pct_2022,full34,ret_1d_rank_pct,2022,single
202202,0.07237002775492081,0.0011239633353430359,0.050898420283810364,0.28323876050644503,0.028948011101968325,0.084971628151933501,0.2847304739148569,0.39865011316875876,0.080346543742632712,-0.0079765159877119018,0.034483593529656763,0.44018709360237573,-0.1569483330959307,0.038090310786814768,0.042480685355200817,0.0084177349286095465,0.006076308236618283,0.45145053997120554,-0.052800426802446787,0.023397638176921753,S4_full34_ret_1d_rank_pct_2022,full34,ret_1d_rank_pct,2022,single
202203,0.070354601446394757,0.0011085916223156102,0.17291002206709716,0.27936508882353378,0.028141840578557904,0.083809526647060137,0.24812699337987085,0.36007836060548892,0.070561146933528954,-0.00020654548713419651,0.034473321917720207,0.31231761171730871,-0.032952522893774927,0.46408375397414481,0.15208483308019252,0.020825188986904636,0.065714738628925934,0.37629429236454642,-0.0162159317590575,0.1333000333706538,S4_full34_ret_1d_rank_pct_2022,full34,ret_1d_rank_pct,2022,single
202204,0.083869183803840799,0.00083589615988197651,0.40413085607498261,0.21064583229025807,0.033547673521536321,0.063193749687077416,0.17876074317750523,0.27550216638611896,0.090954385040434543,-0.0070852012365937439,0.024134429759584207,0.34693073750529191,-0.13628490521503384,0.064841482365108088,0.29476783605626994,0.10936302001871268,0.24134267529503023,0.3520306244508804,-0.07652845806476144,-0.043296585975142965,S4_full34_ret_1d_rank_pct_2022,full34,ret_1d_rank_pct,2022,single
202205,0.13481189358035386,0.0023518920558408553,0.27312333756341906,0.59267679807189555,0.053924757432141548,0.17780303942156866,0.21806299873097429,0.44979079558468449,0.14210188088570128,-0.0072899873053474118,0.035975935294788472,0.65083302866438431,-0.058156230592488756,0.16345601904031992,0.17124247141791082,0.10188086614550823,0.098213613247971288,0.50071791952822253,-0.050927123943538044,0.033963095855620018,S4_full34_ret_1d_rank_pct_2022,full34,ret_1d_rank_pct,2022,single
202206,0.087195269434527323,0.0012718654579248968,0.23156518080317548,0.32051009539707398,0.03487810777381093,0.096153028619122186,0.23053044575904735,0.36156158215198048,0.093643305732629328,-0.0064480362981020056,0.022066304668043088,0.17718134396437954,0.14332875143269444,0.057102756024532852,0.23366802961960617,-0.0021028488164306913,0.0034761489573207072,0.32051131659648369,0.04105026555549679,0.024914503987380932,S4_full34_ret_1d_rank_pct_2022,full34,ret_1d_rank_pct,2022,single
202207,0.067207057687685506,0.0010352066493510368,0.29066336133049858,0.26087207563646125,0.026882823075074204,0.078261622690938379,0.21280099160085045,0.31794543736686304,0.073637610709909984,-0.0064305530222244778,0.028787198585920562,0.32861729225292452,-0.067745216616463266,-0.024509604503894666,0.29867038060012518,-0.0080070192696266029,-0.00041425011276563506,0.33843911777980379,-0.020493680412940751,0.0042862731170295598,S4_full34_ret_1d_rank_pct_2022,full34,ret_1d_rank_pct,2022,single
202208,0.057836287613838529,-0.00037005214112142292,0.29701150354336425,-0.093253139562598578,0.023134515045535414,-0.027975941868779573,0.21089654893699072,0.20605512211374657,0.069935421099203129,-0.012099133485364601,0.043901242554838231,0.14102819921826384,-0.23428133878086244,0.45096757951840333,0.29276697929158674,0.004244524251777515,-0.0063297194470694484,0.28245253441768436,-0.076397412303937789,0.15474968671157716,S4_full34_ret_1d_rank_pct_2022,full34,ret_1d_rank_pct,2022,single
202209,0.068004838448987234,0.0024221065754869743,0.30026622254033558,0.61037085702271754,0.027201935379594894,0.18311125710681525,0.20992013323789929,0.42023332572430944,0.06743375745372901,0.00057108099525822464,0.054306800249272785,0.59086339126323972,0.019507465759477816,0.45417824033122983,0.29447472179819228,0.0057915007421432962,-0.0088959544917510125,0.41589010382100589,0.0043432219033035513,0.16064497854660331,S4_full34_ret_1d_rank_pct_2022,full34,ret_1d_rank_pct,2022,single
202210,0.1180575863209113,0.0029019770705320646,0.29554542900032527,0.73129822177408033,0.047223034528364523,0.2193894665322241,0.21133637129990243,0.47794887236049111,0.11617378711890365,0.0018837992020076522,0.046133962800695733,0.65355400542913966,0.077744216344940664,0.4784988315974778,0.29920448816062167,-0.0036590591602964073,0.0047694930913279587,0.45277437002811682,0.025174502332374282,0.16057238667212331,S4_full34_ret_1d_rank_pct_2022,full34,ret_1d_rank_pct,2022,single
202211,0.074994729188647913,0.00080000852282631669,0.29943036323840266,0.20160214775223181,0.029997891675459167,0.06048064432566954,0.21017089102847919,0.3006494270296079,0.092360716259726541,-0.017365987071078628,0.04807828826422874,0.39573200873866443,-0.19412986098643262,0.096592682232809146,0.30281798062010196,-0.0033876173816992927,-0.00057988038619688487,0.36481849493945939,-0.064169067909851496,0.048383084091393302,S4_full34_ret_1d_rank_pct_2022,full34,ret_1d_rank_pct,2022,single
202212,0.041445261445260513,0.0020595948956608,0.29705357902718554,0.51901791370652162,0.016578104578104207,0.15570537411195648,0.21088392629184433,0.38316740498190505,0.072901424888444727,-0.031456163443184214,0.031832192390744571,0.69701066878517448,-0.17799275507865286,0.47739374467859541,0.29622949420039807,0.00082408482678747452,-0.0030562178685190067,0.4493949223308108,-0.066227517348905751,0.15686786572043215,S4_full34_ret_1d_rank_pct_2022,full34,ret_1d_rank_pct,2022,single
202101,0.059750744172102507,0.0016286516378365209,0.44286125682968758,0.41042021273480328,0.023900297668841004,0.12312606382044097,0.16714162295109372,0.31416798444037569,0.058765447804673743,0.00098529636742876459,0.019932824633259127,0.43864074747199783,-0.028220534737194547,0.42595485176718784,0.49399280421472913,-0.051131547385041554,-0.10234939863558967,0.30690056209905009,0.0072674223413256023,0.16646440497413686,S4_full34_ret_5d_rank_pct_2021,full34,ret_5d_rank_pct,2021,single
202102,0.096323907582631416,0.0023203757534562878,0.35798879310150122,0.58473468987098454,0.03852956303305257,0.17542040696129535,0.19260336206954962,0.40655333206389754,0.095366796455667535,0.00095711112696388045,0.064490228350068443,0.59683556810584515,-0.012100878234860613,0.60075271948006426,0.47393656436534026,-0.11594777126383904,-0.019249657072935855,0.37501641970441846,0.031536912359479086,0.21179680430592737,S4_full34_ret_5d_rank_pct_2021,full34,ret_5d_rank_pct,2021,single
202103,0.098897491996534928,0.0027043849165582575,0.39979565097898279,0.68150499897268091,0.039558996798613973,0.20445149969180426,0.18006130470630513,0.42407180119672339,0.10289822410824899,-0.0040007321117140615,0.037130482251516446,0.72183865168678774,-0.040333652714106827,0.5693410647775734,0.44701805308512554,-0.047222402106142758,-0.044465047650816603,0.42360546922379827,0.00046633197292511586,0.19899402662912358,S4_full34_ret_5d_rank_pct_2021,full34,ret_5d_rank_pct,2021,single
202104,0.064123183126782668,0.0023267072595138851,0.41575861106516204,0.58633022939749901,0.025649273250713069,0.17589906881924969,0.17527241668045138,0.3768207587504141,0.064976959431469306,-0.00085377630468663757,0.041532125687946272,0.61318248434047418,-0.026852254942975162,0.72109058599243059,0.43344382559331474,-0.017685214528152693,0.051984424491924641,0.37991238139673555,-0.0030916226463214569,0.21734469872533024,S4_full34_ret_5d_rank_pct_2021,full34,ret_5d_rank_pct,2021,single
202105,0.049566515792593975,0.0016259737120598884,0.36968879086724993,0.4097453754390919,0.019826606317037591,0.12292361263172756,0.18909336273982502,0.33184358168859018,0.052241511779904583,-0.0026749959873106077,0.034510169391384488,0.48505182450607293,-0.075306449066981029,0.23303006885343391,0.3342262871249112,0.035462503742338725,-0.033851861910309033,0.36614426592631033,-0.034300684237720147,0.093868646985676651,S4_full34_ret_5d_rank_pct_2021,full34,ret_5d_rank_pct,2021,single
202106,0.078113232892280032,0.0024789482476258056,0.41191355539069624,0.62469495840170297,0.031245293156912015,0.1874084875205109,0.17642593338279111,0.39507971406021403,0.077854284456356074,0.00025894843592395855,0.049356640499154905,0.64500174557823853,-0.020306787176535557,0.65185801332647886,0.41979747426550401,-0.0078839188748077715,0.0027087764462351838,0.39870299517636282,-0.003623281116148791,0.21448742726373504,S4_full34_ret_5d_rank_pct_2021,full34,ret_5d_rank_pct,2021,single
202107,0.063003293838602287,0.0028115841187033226,0.36166828213504698,0.70851919791323725,0.025201317535440915,0.21255575937397117,0.19149951535948589,0.42925659226889801,0.061881075413042663,0.0011222184255596235,0.023160884997181018,0.6656542870952904,0.042864910817946855,0.266844011417047,0.32417932796494148,0.037488954170105504,0.054406084942834443,0.42719491790432174,0.0020616743645762714,0.072995731941136177,S4_full34_ret_5d_rank_pct_2021,full34,ret_5d_rank_pct,2021,single
202108,0.094929454504542224,0.001955908123663511,0.26592975146071596,0.49288884716320475,0.037971781801816894,0.14786665414896141,0.22022107456178522,0.4060595105125635,0.092561340577702197,0.0023681139268400264,0.046334628599065633,0.46032093664766721,0.032567910515537535,0.42210565401768774,0.26687196382300571,-0.00094221236228975158,0.018740812457867795,0.39505922807847932,0.011000282434084185,0.13954330390757219,S4_full34_ret_5d_rank_pct_2021,full34,ret_5d_rank_pct,2021,single
202109,0.09277339138204313,0.0025698000277413749,0.25293758334843897,0.64758960699082646,0.037109356552817253,0.19427688209724794,0.22411872499546831,0.4555049636455335,0.091010616952011028,0.0017627744300321019,0.067740621687852484,0.6156783491683161,0.031911257822510364,0.71076891315330071,0.24776292454690929,0.0051746588015296746,0.014525964422443693,0.44677887416722645,0.0087260894783070531,0.23596913329439811,S4_full34_ret_5d_rank_pct_2021,full34,ret_5d_rank_pct,2021,single
202110,0.054917697248573101,0.0013957114543964152,0.17887716073067053,0.35171928650789663,0.02196707889942924,0.10551578595236899,0.24633685178079884,0.37381971663259705,0.04820508873861469,0.0067126085099584107,0.0083577674652364556,0.27941044490790651,0.072308841599990126,0.044933888861158178,0.19196266497556608,-0.013085504244895546,-0.025251344422232119,0.34551636947514797,0.028303347157449088,0.024398676971111699,S4_full34_ret_5d_rank_pct_2021,full34,ret_5d_rank_pct,2021,single
202111,0.086596237598602965,0.0018980604696841735,0.12054837458895468,0.47831123836041173,0.034638495039441185,0.14349337150812352,0.2638354876233136,0.44196735417087829,0.087308274398253352,-0.0007120367996503868,0.045534497601448926,0.44485970115517631,0.033451537205235415,0.3972640317357734,0.1351328008386907,-0.014584426249736021,-0.018766848502559774,0.42784137985424697,0.014125974316631318,0.14302306311207952,S4_full34_ret_5d_rank_pct_2021,full34,ret_5d_rank_pct,2021,single
202112,0.066532687974273363,0.00044117813201571013,0.10156669919875169,0.11117688926795895,0.026613075189709345,0.033353066780387686,0.2695299902403745,0.32949613221047153,0.065913253996340349,0.00061943397793301491,0.049464435897779171,0.106942732076547,0.0042341571914119441,0.31486081564489765,0.10304813465651336,-0.0014814354577616651,-0.0041818812727367483,0.3275336808245462,0.0019624513859253234,0.115498583434402,S4_full34_ret_5d_rank_pct_2021,full34,ret_5d_rank_pct,2021,single
202201,0.12538669671895364,0.0034629164561893648,0.043710591958465113,0.8726549469597199,0.050154678687581458,0.26179648408791595,0.28688682241246044,0.59883798518795783,0.12470227903505464,0.0006844176838989996,0.064570141348832238,0.88005607374028738,-0.0074011267805674796,0.63381156647277415,0.047613466832023582,-0.0039028748735584692,-0.0015713668187973678,0.59961369368650097,-0.00077570849854313728,0.2164429365270043,S4_full34_ret_5d_rank_pct_2022,full34,ret_5d_rank_pct,2022,single
202202,0.07859874260946019,0.0014256376414684534,0.041703687229987581,0.35926068565005026,0.031439497043784077,0.10777820569501508,0.28748889383100368,0.42670659656980281,0.080346543742632712,-0.0017478011331725218,0.040712308384196143,0.44018709360237573,-0.080926407952325474,0.11411223593042,0.042480685355200817,-0.00077699812521323658,-0.0031184248172045001,0.45145053997120554,-0.024743943401402735,0.051454121577965806,S4_full34_ret_5d_rank_pct_2022,full34,ret_5d_rank_pct,2022,single
202203,0.070731809590509925,0.00090798478138082747,0.12434988745264963,0.22881216490796852,0.028292723836203973,0.068643649472390558,0.26269503376420511,0.35963140707279961,0.070561146933528954,0.00017066265698097161,0.034850530061835375,0.31231761171730871,-0.083505446809340189,0.4135308300585796,0.15208483308019252,-0.02773494562754289,0.017154604014478408,0.37629429236454642,-0.01666288529174681,0.13285307983796449,S4_full34_ret_5d_rank_pct_2022,full34,ret_5d_rank_pct,2022,single
202204,0.092077080922764343,0.0014122389386263955,0.27030653676690586,0.35588421253385166,0.03683083236910574,0.10676526376015549,0.21890803896992825,0.36250413509918944,0.090954385040434543,0.0011226958823297994,0.03234232687850775,0.34693073750529191,0.0089534750285597542,0.21007986260870168,0.29476783605626994,-0.02446129928936408,0.10751835598695347,0.3520306244508804,0.010473510648309037,0.043705382737927512,S4_full34_ret_5d_rank_pct_2022,full34,ret_5d_rank_pct,2022,single
202205,0.14232713733755092,0.0023852155565527002,0.16829884932994815,0.60107432025128049,0.05693085493502037,0.18032229607538414,0.24951034520101553,0.48676349621142001,0.14210188088570128,0.00022525645184964804,0.043491179051985532,0.65083302866438431,-0.049758708413103814,0.17185354121970486,0.17124247141791082,-0.0029436220879626718,-0.0066108749854996152,0.50071791952822253,-0.013954423316802522,0.07093579648235554,S4_full34_ret_5d_rank_pct_2022,full34,ret_5d_rank_pct,2022,single
202206,0.092153499045005097,0.00070913146656672113,0.2336481875319818,0.17870112957481371,0.036861399618002041,0.05361033887244411,0.22990554374040545,0.3203772822308516,0.093643305732629328,-0.0014898066876242316,0.027024534278520862,0.17718134396437954,0.0015197856104341712,-0.084706209797727416,0.23366802961960617,-1.9842087624372118e-05,0.0055591556861270264,0.32051131659648369,-0.00013403436563208526,-0.016269795933747944,S4_full34_ret_5d_rank_pct_2022,full34,ret_5d_rank_pct,2022,single
202207,0.074484574046666002,0.0010406218640770612,0.29790693383516254,0.26223670974741942,0.029793829618666404,0.078671012924225819,0.21062791984945123,0.31909276239234347,0.073637610709909984,0.00084696333675601809,0.036064714944901058,0.32861729225292452,-0.066380582505505104,-0.023144970392936504,0.29867038060012518,-0.00076344676496264974,0.0068293223918983181,0.33843911777980379,-0.019346355387460323,0.0054335981425099877,S4_full34_ret_5d_rank_pct_2022,full34,ret_5d_rank_pct,2022,single
202208,0.072379017506074922,0.00067444412847918027,0.29107834638709251,0.16995992037675342,0.02895160700242997,0.050987976113026023,0.21267649608387224,0.29261607919932819,0.069935421099203129,0.0024435964068717925,0.058443972447074624,0.14102819921826384,0.028931721158489576,0.71418063945775534,0.29276697929158674,-0.001688632904494225,-0.012262876603341188,0.28245253441768436,0.01016354478164383,0.24131064379715877,S4_full34_ret_5d_rank_pct_2022,full34,ret_5d_rank_pct,2022,single
202209,0.065415079261876494,0.0025072320914680782,0.29512729673057908,0.63182248704995569,0.026166031704750597,0.1895467461149867,0.21146181098082625,0.42717458880056358,0.06743375745372901,-0.002018678191852516,0.051717041062162045,0.59086339126323972,0.040959095786715971,0.47562987035846799,0.29447472179819228,0.00065257493238679576,-0.014034880301507513,0.41589010382100589,0.011284484979557696,0.16758624162285746,S4_full34_ret_5d_rank_pct_2022,full34,ret_5d_rank_pct,2022,single
202210,0.11766419677994074,0.002489453137994061,0.29930019524157919,0.62734219077450337,0.047065678711976297,0.18820265723235099,0.21020994142752622,0.44547827737185353,0.11617378711890365,0.0014904096610370843,0.045740573259725165,0.65355400542913966,-0.02621181465463629,0.37454280059790085,0.29920448816062167,9.5707080957518897e-05,0.008524259332581885,0.45277437002811682,-0.0072960926562632977,0.12810179168348573,S4_full34_ret_5d_rank_pct_2022,full34,ret_5d_rank_pct,2022,single
202211,0.092558254140798144,0.0013969616369993122,0.29975486683483288,0.35203433252382665,0.037023301656319257,0.10561029975714799,0.21007353994955014,0.3527071413630174,0.092360716259726541,0.00019753788107160219,0.065641813216378964,0.39573200873866443,-0.043697676214837777,0.24702486700440399,0.30281798062010196,-0.0030631137852690782,-0.00025537678976667033,0.36481849493945939,-0.012111353576441997,0.1004407984248028,S4_full34_ret_5d_rank_pct_2022,full34,ret_5d_rank_pct,2022,single
202212,0.073865984730884515,0.0029464053605374007,0.29254108839260468,0.74249415085542503,0.029546393892353806,0.22274824525662751,0.21223767348221859,0.46453231263119987,0.072901424888444727,0.00096455984243978832,0.06425291567636858,0.69701066878517448,0.045483482070250547,0.70086998182749882,0.29622949420039807,-0.0036884058077933934,-0.0075687085030998746,0.4493949223308108,0.015137390300389075,0.23823277336972698,S4_full34_ret_5d_rank_pct_2022,full34,ret_5d_rank_pct,2022,single
202101,0.058392020817654412,0.0014656915758206449,0.48283231921578951,0.36935427710680252,0.023356808327061766,0.11080628313204076,0.15515030423526313,0.28931339569436565,0.058765447804673743,-0.00037342698701933047,0.018574101278811032,0.43864074747199783,-0.069286470365195307,0.38488891613918708,0.49399280421472913,-0.011160484998939624,-0.062378336249487742,0.30690056209905009,-0.01758716640468444,0.14160981622812682,S4_full34_ret_20d_rank_pct_2021,full34,ret_20d_rank_pct,2021,single
202102,0.094149375376648206,0.0024547746021612604,0.46681450831643001,0.61860319974463762,0.037659750150659282,0.18558095992339127,0.15995564750507099,0.38319635757912152,0.095366796455667535,-0.0012174210790193291,0.062315696144085234,0.59683556810584515,0.021767631638792473,0.63462122935371734,0.47393656436534026,-0.0071220560489102525,0.089576058141992931,0.37501641970441846,0.0081799378747030582,0.18843982982115134,S4_full34_ret_20d_rank_pct_2021,full34,ret_20d_rank_pct,2021,single
202103,0.10031690823354271,0.002920024369368238,0.41052550704311391,0.73584614108079593,0.040126763293417085,0.22075384232423878,0.17684234788706579,0.43772295350472168,0.10289822410824899,-0.0025813158747062803,0.038549898488524227,0.72183865168678774,0.014007489394008199,0.62368220688568843,0.44701805308512554,-0.036492546042011631,-0.033735191586685476,0.42360546922379827,0.014117484280923409,0.21264517893712187,S4_full34_ret_20d_rank_pct_2021,full34,ret_20d_rank_pct,2021,single
202104,0.066344457176114174,0.002242733022236717,0.44603491687781693,0.56516872160365272,0.02653778287044567,0.16955061648109582,0.16618952493665493,0.36227792428819638,0.064976959431469306,0.0013674977446448688,0.043753399737277779,0.61318248434047418,-0.048013762736821453,0.6999290781985843,0.43344382559331474,0.012591091284502198,0.082260730304579532,0.37991238139673555,-0.01763445710853917,0.20280186426311253,S4_full34_ret_20d_rank_pct_2021,full34,ret_20d_rank_pct,2021,single
202105,0.053212817016113828,0.0014840858674655527,0.41152677978263441,0.37398963860131929,0.021285126806445533,0.11219689158039578,0.17654196606520967,0.31002398445205098,0.052241511779904583,0.0009713052362092453,0.038156470614904341,0.48505182450607293,-0.11106218590475364,0.1972743320156613,0.3342262871249112,0.077300492657723208,0.0079861270050754496,0.36614426592631033,-0.056120281474259348,0.07204904974913745,S4_full34_ret_20d_rank_pct_2021,full34,ret_20d_rank_pct,2021,single
202106,0.079878484786203865,0.0024655814170442452,0.4146207281664554,0.62132651709514974,0.031951393914481548,0.18639795512854493,0.17561378155006338,0.39396313059308985,0.077854284456356074,0.0020242003298477917,0.051121892393078738,0.64500174557823853,-0.023675228483088784,0.64848957201992563,0.41979747426550401,-0.0051767460990486125,0.0054159492219943428,0.39870299517636282,-0.004739864583272968,0.21337084379661087,S4_full34_ret_20d_rank_pct_2021,full34,ret_20d_rank_pct,2021,single
202107,0.061771854445574953,0.0025016763838430702,0.31224429153055017,0.63042244872845365,0.024708741778229983,0.1891267346185361,0.20632671254083496,0.42016218893760104,0.061881075413042663,-0.00010922096746771026,0.021929445604153684,0.6656542870952904,-0.035231838366836743,0.1887472622322634,0.32417932796494148,-0.011935036434391311,0.0049820943383376282,0.42719491790432174,-0.0070327289667206916,0.063901328609839214,S4_full34_ret_20d_rank_pct_2021,full34,ret_20d_rank_pct,2021,single
202108,0.089336031576038713,0.0016747995070717297,0.28674231186660432,0.42204947578207586,0.035734412630415484,0.12661484273462276,0.21397730644001869,0.37632656180505697,0.092561340577702197,-0.0032253090016634844,0.040741205670562122,0.46032093664766721,-0.038271460865591356,0.35126628263655885,0.26687196382300571,0.019870348043598607,0.039553372863756153,0.39505922807847932,-0.018732666273422349,0.10981035520006566,S4_full34_ret_20d_rank_pct_2021,full34,ret_20d_rank_pct,2021,single
202109,0.092935489213268135,0.0027505198649784681,0.25403327991603275,0.693131005974574,0.037174195685307256,0.20793930179237219,0.22379001602519016,0.46890351350286963,0.091010616952011028,0.0019248722612571073,0.06790271951907749,0.6156783491683161,0.077452656806257902,0.75631031213704825,0.24776292454690929,0.0062703553691234593,0.015621660990037478,0.44677887416722645,0.022124639335643181,0.24936768315173424,S4_full34_ret_20d_rank_pct_2021,full34,ret_20d_rank_pct,2021,single
202110,0.04911100539596943,0.0012117279042306588,0.17440475639200193,0.30535543186612601,0.019644402158387773,0.091606629559837796,0.24767857308239941,0.35892960480062497,0.04820508873861469,0.00090591665735473975,0.0025510756126327847,0.27941044490790651,0.025944986958219507,-0.0014299657806124411,0.19196266497556608,-0.017557908583564152,-0.029723748760900726,0.34551636947514797,0.013413235325477002,0.0095085651391396131,S4_full34_ret_20d_rank_pct_2021,full34,ret_20d_rank_pct,2021,single
202111,0.086802616153299969,0.0016940124960545739,0.12303667209728474,0.42689114900575265,0.034721046461319988,0.12806734470172579,0.26308899837081456,0.42587738953386034,0.087308274398253352,-0.00050565824495338307,0.045740876156145929,0.44485970115517631,-0.017968552149423667,0.34584394238111432,0.1351328008386907,-0.012096128741405962,-0.016278550994229715,0.42784137985424697,-0.0019639903203866327,0.12693309847506157,S4_full34_ret_20d_rank_pct_2021,full34,ret_20d_rank_pct,2021,single
202112,0.06242272385160464,0.000354091023531285,0.12088289544350719,0.089230937929883819,0.024969089540641858,0.026769281378965146,0.26373513136694782,0.3154735022865548,0.065913253996340349,-0.0034905301447357082,0.045354471775110441,0.106942732076547,-0.017711794146663185,0.29291486430682251,0.10304813465651336,0.017834760786993836,0.015134314972018753,0.3275336808245462,-0.012060178537991406,0.10147595351048527,S4_full34_ret_20d_rank_pct_2021,full34,ret_20d_rank_pct,2021,single
202201,0.12404960518329967,0.0033305249296321513,0.058887723563297509,0.83929228226730213,0.049619842073319875,0.25178768468019064,0.28233368293101074,0.58374120968452126,0.12470227903505464,-0.00065267385175496462,0.06323304981317826,0.88005607374028738,-0.040763791472985256,0.60044890178035637,0.047613466832023582,0.011274256731273927,0.013605764786035028,0.59961369368650097,-0.015872484001979714,0.20134616102356773,S4_full34_ret_20d_rank_pct_2022,full34,ret_20d_rank_pct,2022,single
202202,0.078206491485071306,0.0012830331684060285,0.042750064857831324,0.32332435843831919,0.031282596594028524,0.096997307531495755,0.28717498054265062,0.41545488466817493,0.080346543742632712,-0.0021400522575614062,0.040320057259807258,0.44018709360237573,-0.11686273516405654,0.07817590871868893,0.042480685355200817,0.00026937950263050681,-0.0020720471893607567,0.45145053997120554,-0.035995655303030616,0.040202409676337925,S4_full34_ret_20d_rank_pct_2022,full34,ret_20d_rank_pct,2022,single
202203,0.072727595683647589,0.0012132172613945977,0.17343355463185506,0.30573074987143861,0.029091038273459036,0.091719224961431575,0.24796993361044348,0.36878019684533409,0.070561146933528954,0.0021664487501186352,0.036846316154973038,0.31231761171730871,-0.0065868618458700956,0.49044941502204964,0.15208483308019252,0.021348721551662536,0.066238271193683834,0.37629429236454642,-0.0075140955192123382,0.14200186961049896,S4_full34_ret_20d_rank_pct_2022,full34,ret_20d_rank_pct,2022,single
202204,0.087833875033489092,0.0012095544030898645,0.32015295502432911,0.30480770957864584,0.035133550013395638,0.091442312873593751,0.20395411349270123,0.33052997637969062,0.090954385040434543,-0.0031205100069454511,0.0280991209892325,0.34693073750529191,-0.042123027926646073,0.15900335965349585,0.29476783605626994,0.025385118968059173,0.15736477424437673,0.3520306244508804,-0.021500648071189787,0.011731224018428688,S4_full34_ret_20d_rank_pct_2022,full34,ret_20d_rank_pct,2022,single
202205,0.13950856861096531,0.0025521588163591041,0.17531631745715745,0.64314402172249419,0.055803427444386128,0.19294320651674826,0.24740510476285274,0.4961517387239871,0.14210188088570128,-0.0025933122747359705,0.040672610325399913,0.65083302866438431,-0.0076890069418901197,0.21392324269091856,0.17124247141791082,0.0040738460392466258,0.00040659314170968242,0.50071791952822253,-0.0045661808042354313,0.080324038994922631,S4_full34_ret_20d_rank_pct_2022,full34,ret_20d_rank_pct,2022,single
202206,0.092211338226301176,0.00068865472372213964,0.23252466157537161,0.17354099037797918,0.036884535290520472,0.052062297113393753,0.23024260152738851,0.31918943393130272,0.093643305732629328,-0.0014319675063281523,0.027082373459816941,0.17718134396437954,-0.0036403535864003578,-0.089866348994561945,0.23366802961960617,-0.0011433680442345662,0.0044356297295168323,0.32051131659648369,-0.0013218826651809623,-0.017457644233296821,S4_full34_ret_20d_rank_pct_2022,full34,ret_20d_rank_pct,2022,single
202207,0.073721550607057221,0.0011827951676463093,0.29707353053229046,0.29806438224686993,0.02948862024282289,0.089419314674060973,0.21087794084031286,0.32978587575719676,0.073637610709909984,8.3939897147236597e-05,0.035301691505292276,0.32861729225292452,-0.03055291000605459,0.01268270210651401,0.29867038060012518,-0.0015968500678347208,0.005995919089026247,0.33843911777980379,-0.0086532420226070328,0.016126711507363278,S4_full34_ret_20d_rank_pct_2022,full34,ret_20d_rank_pct,2022,single
202208,0.068622721744447349,0.00041065796104448882,0.29067324772073944,0.10348580618321118,0.027449088697778942,0.031045741854963352,0.21279802568377817,0.27129285623652044,0.069935421099203129,-0.0013126993547557808,0.054687676685447051,0.14102819921826384,-0.037542393035052662,0.64770652526421313,0.29276697929158674,-0.0020937315708473014,-0.012667975269694265,0.28245253441768436,-0.011159678181163923,0.21998742083435102,S4_full34_ret_20d_rank_pct_2022,full34,ret_20d_rank_pct,2022,single
202209,0.06336706931714034,0.0021901488085135051,0.28900398450726394,0.55191749974540327,0.025346827726856137,0.16557524992362097,0.21329880464782081,0.40422088229829789,0.06743375745372901,-0.0040666881365886698,0.049669031117425891,0.59086339126323972,-0.038945891517836451,0.39572488305391557,0.29447472179819228,-0.0054707372909283403,-0.020158192524822649,0.41589010382100589,-0.011669221522707995,0.14463253512059177,S4_full34_ret_20d_rank_pct_2022,full34,ret_20d_rank_pct,2022,single
202210,0.11101886133142266,0.0021622277097929589,0.29454645276664271,0.54488138286782561,0.044407544532569065,0.16346441486034768,0.21163606417000719,0.41950802356292394,0.11617378711890365,-0.0051549257874809878,0.039095237811207093,0.65355400542913966,-0.10867262256131405,0.29208199269122309,0.29920448816062167,-0.0046580353939789654,0.0037705168576454007,0.45277437002811682,-0.033266346465192886,0.10213153787455614,S4_full34_ret_20d_rank_pct_2022,full34,ret_20d_rank_pct,2022,single
202211,0.092012026927211055,0.0014643939164875918,0.30224015887169398,0.36902726695487315,0.036804810770884426,0.11070818008646194,0.2093279523384918,0.35684094319583815,0.092360716259726541,-0.00034868933251548662,0.065095586002791889,0.39573200873866443,-0.026704741783791286,0.26401780143545051,0.30281798062010196,-0.00057782174840798062,0.0022299152470944272,0.36481849493945939,-0.0079775517436212473,0.10457460025762355,S4_full34_ret_20d_rank_pct_2022,full34,ret_20d_rank_pct,2022,single
202212,0.078069459815475237,0.0029456882551710125,0.29107235268990445,0.7423134403030951,0.031227783926190095,0.22269403209092853,0.21267829419302867,0.46660011021014725,0.072901424888444727,0.0051680349270305098,0.068456390760959301,0.69701066878517448,0.045302771517920615,0.70068927127516889,0.29622949420039807,-0.0051571415104936236,-0.0090374442058001048,0.4493949223308108,0.017205187879336448,0.24030057094867435,S4_full34_ret_20d_rank_pct_2022,full34,ret_20d_rank_pct,2022,single
202101,0.061591497469517753,0.0017382302295902788,0.52073397872389915,0.43803401785675022,0.024636598987807103,0.13141020535702505,0.14377980638283025,0.29982661072766237,0.058765447804673743,0.0028260496648440103,0.021773577930674373,0.43864074747199783,-0.00060672961524760316,0.45356865688913478,0.49399280421472913,0.026741174509170018,-0.024476676741378101,0.30690056209905009,-0.0070739513713877211,0.15212303126142354,S4_full34_amount_ratio_5d_rank_pct_2021,full34,amount_ratio_5d_rank_pct,2021,single
202102,0.095137775586822793,0.0022850186118336512,0.46894393698215997,0.57582469018208016,0.038055110234729121,0.17274740705462405,0.15931681890535201,0.37011933619470516,0.095366796455667535,-0.0002290208688447426,0.06330409635425982,0.59683556810584515,-0.021010877923764992,0.59184271979115988,0.47393656436534026,-0.0049926273831802925,0.091705486807722891,0.37501641970441846,-0.0048970835097132959,0.17536280843673499,S4_full34_amount_ratio_5d_rank_pct_2021,full34,amount_ratio_5d_rank_pct,2021,single
202103,0.10141376147442868,0.0030229481988955252,0.45705928590122663,0.7617829461216723,0.040565504589771477,0.22853488383650167,0.16288221422963203,0.43198260265590516,0.10289822410824899,-0.0014844626338203076,0.0396467517294102,0.72183865168678774,0.039944294434884564,0.64961901192656479,0.44701805308512554,0.010041232816101087,0.012798587271427242,0.42360546922379827,0.0083771334321068869,0.20690482808830535,S4_full34_amount_ratio_5d_rank_pct_2021,full34,amount_ratio_5d_rank_pct,2021,single
202104,0.062577324003321652,0.002376851664596146,0.46496411841181945,0.59896661947822882,0.025030929601328661,0.17968998584346865,0.16051076447645418,0.3652316799212515,0.064976959431469306,-0.0023996354281476534,0.039986266564485257,0.61318248434047418,-0.014215864862245353,0.7337269760731604,0.43344382559331474,0.031520292818504714,0.10118993183858205,0.37991238139673555,-0.014680701475484059,0.20575561989616764,S4_full34_amount_ratio_5d_rank_pct_2021,full34,amount_ratio_5d_rank_pct,2021,single
202105,0.048634745745453775,0.001298707659072639,0.39308863323949278,0.32727433008630502,0.019453898298181511,0.098182299025891498,0.18207341002815217,0.29970960735222518,0.052241511779904583,-0.0036067660344508076,0.033578399344244288,0.48505182450607293,-0.15777749441976791,0.15055902350064704,0.3342262871249112,0.058862346114581576,-0.010452019538066182,0.36614426592631033,-0.066434658574085148,0.06173467264931165,S4_full34_amount_ratio_5d_rank_pct_2021,full34,amount_ratio_5d_rank_pct,2021,single
202106,0.076644050263667482,0.0024666486750224508,0.41317707770703166,0.62159546610565763,0.030657620105466993,0.1864786398316973,0.17604687668789051,0.39318313662505477,0.077854284456356074,-0.0012102341926885918,0.047887457870542355,0.64500174557823853,-0.023406279472580893,0.64875852103043352,0.41979747426550401,-0.0066203965584723523,0.003972298762570603,0.39870299517636282,-0.0055198585513080434,0.21259084982857579,S4_full34_amount_ratio_5d_rank_pct_2021,full34,amount_ratio_5d_rank_pct,2021,single
202107,0.062395685652702412,0.0027103131247210549,0.35744891229019315,0.68299890742970581,0.024958274261080965,0.20489967222891173,0.19276532631294205,0.42262327280293477,0.061881075413042663,0.00051461023965974906,0.022553276811281144,0.6656542870952904,0.017344620334415417,0.24132372093351556,0.32417932796494148,0.033269584325251678,0.050186715097980616,0.42719491790432174,-0.0045716451013869674,0.066362412475172938,S4_full34_amount_ratio_5d_rank_pct_2021,full34,amount_ratio_5d_rank_pct,2021,single
202108,0.091823535906663825,0.0022270000149363801,0.28192859946595999,0.56120400376396773,0.036729414362665531,0.16836120112919031,0.21542142016021201,0.42051203565206785,0.092561340577702197,-0.00073780467103837233,0.043228710001187234,0.46032093664766721,0.10088306711630052,0.49042081061845072,0.26687196382300571,0.015056635642954286,0.034739660463111832,0.39505922807847932,0.025452807573588532,0.15399582904707654,S4_full34_amount_ratio_5d_rank_pct_2021,full34,amount_ratio_5d_rank_pct,2021,single
202109,0.087375248464184513,0.002446901413003346,0.24930770347838652,0.61661915607684314,0.034950099385673804,0.18498574682305294,0.22520768895648405,0.44514353516521077,0.091010616952011028,-0.0036353684878265152,0.062342478769993867,0.6156783491683161,0.00094080690852704763,0.67979846223931739,0.24776292454690929,0.0015447789314772253,0.010896084552391244,0.44677887416722645,-0.0016353390020156788,0.22560770481407538,S4_full34_amount_ratio_5d_rank_pct_2021,full34,amount_ratio_5d_rank_pct,2021,single
202110,0.051895752514111632,0.0012270102579472618,0.17529002604525676,0.30920658500270998,0.020758301005644655,0.092761975500812985,0.24741299218642296,0.36093326869288062,0.04820508873861469,0.0036906637754969412,0.0053358227307749861,0.27941044490790651,0.029796140094803469,0.0024211873559715213,0.19196266497556608,-0.016672638930309319,-0.028838479107645892,0.34551636947514797,0.015416899217732649,0.01151222903139526,S4_full34_amount_ratio_5d_rank_pct_2021,full34,amount_ratio_5d_rank_pct,2021,single
202111,0.087931347136463056,0.0016774523881800431,0.15382424350652635,0.42271800182137087,0.035172538854585225,0.12681540054641124,0.25385272694804206,0.41584066634903855,0.087308274398253352,0.00062307273820970399,0.046869607139309016,0.44485970115517631,-0.022141699333805442,0.34167079519673255,0.1351328008386907,0.01869144266783565,0.014509020415011897,0.42784137985424697,-0.012000713505208427,0.11689637529023977,S4_full34_amount_ratio_5d_rank_pct_2021,full34,amount_ratio_5d_rank_pct,2021,single
202112,0.066497452664135717,0.00059883801944605162,0.11076902614085851,0.150907180900405,0.026598981065654288,0.045272154270121497,0.26676929215774242,0.33864042749351819,0.065913253996340349,0.00058419866779536866,0.049429200587641525,0.106942732076547,0.043964448823857999,0.35459110727734366,0.10304813465651336,0.0077208914843451548,0.0050204456693700716,0.3275336808245462,0.01110674666897199,0.12464287871744867,S4_full34_amount_ratio_5d_rank_pct_2021,full34,amount_ratio_5d_rank_pct,2021,single
202201,0.12487896793316339,0.0034740142290431804,0.045726093718054361,0.87545158571888149,0.049951587173265359,0.26263547571566442,0.28628217188458366,0.59886923477351339,0.12470227903505464,0.00017668889810874833,0.064062412563041987,0.88005607374028738,-0.0046044880214058947,0.63660820523193573,0.047613466832023582,-0.0018873731139692207,0.00044413494079188071,0.59961369368650097,-0.00074445891298757783,0.21647418611255986,S4_full34_amount_ratio_5d_rank_pct_2022,full34,amount_ratio_5d_rank_pct,2022,single
202202,0.081697183465734957,0.0016807407614472566,0.041432232626209181,0.42354667188470868,0.032678873386293987,0.12706400156541259,0.28757033021213724,0.44731320516384382,0.080346543742632712,0.0013506397231022454,0.04381074924047091,0.44018709360237573,-0.016640421717667053,0.17839822216507842,0.042480685355200817,-0.0010484527289916362,-0.0033898794209828997,0.45145053997120554,-0.0041373348073617255,0.072060730172006815,S4_full34_amount_ratio_5d_rank_pct_2022,full34,amount_ratio_5d_rank_pct,2022,single
202203,0.072033430724505854,0.0011826229080027183,0.1204172000723461,0.29802097281668499,0.028813372289802342,0.089406291845005495,0.26387483997829614,0.38209450411310397,0.070561146933528954,0.0014722837909768999,0.036152151195831303,0.31231761171730871,-0.014296638900623715,0.48273963796729602,0.15208483308019252,-0.031667633007846419,0.01322191663417488,0.37629429236454642,0.0058002117485575488,0.15531617687826885,S4_full34_amount_ratio_5d_rank_pct_2022,full34,amount_ratio_5d_rank_pct,2022,single
202204,0.089336355136126172,0.00098635093132519252,0.25255771715532788,0.24856043469394851,0.035734542054450473,0.074568130408184552,0.22423268485340161,0.33453535731603667,0.090954385040434543,-0.0016180299043083712,0.02960160109186958,0.34693073750529191,-0.098370302811343402,0.10275608476879852,0.29476783605626994,-0.042210118900942062,0.089769536375375492,0.3520306244508804,-0.017495267134843728,0.015736604954774747,S4_full34_amount_ratio_5d_rank_pct_2022,full34,amount_ratio_5d_rank_pct,2022,single
202205,0.14028845762461575,0.0022779374313932747,0.16850516428556356,0.57404023271110527,0.056115383049846305,0.17221206981333156,0.24944845071433094,0.47777590357750882,0.14210188088570128,-0.0018134232610855228,0.041452499339050361,0.65083302866438431,-0.076792795953279036,0.14481945367952964,0.17124247141791082,-0.0027373071323472664,-0.0064045600298842098,0.50071791952822253,-0.022942015950713712,0.06194820384844435,S4_full34_amount_ratio_5d_rank_pct_2022,full34,amount_ratio_5d_rank_pct,2022,single
202206,0.092566795834590071,0.00092826200528892718,0.23264790531606774,0.23392202533280965,0.037026718333836028,0.070176607599842886,0.23020562840517966,0.33740895433885859,0.093643305732629328,-0.0010765098980392573,0.027437831068105836,0.17718134396437954,0.056740681368430107,-0.029485314039731481,0.23366802961960617,-0.0010201243035384278,0.0045588734702129707,0.32051131659648369,0.016897637742374905,0.0007618761742590463,S4_full34_amount_ratio_5d_rank_pct_2022,full34,amount_ratio_5d_rank_pct,2022,single
202207,0.073044361976155159,0.0011214882647765741,0.29700047603251722,0.28261504272369664,0.029217744790462064,0.084784512817108984,0.21089985719024482,0.32490211479781583,0.073637610709909984,-0.00059324873375482534,0.034624502874390214,0.32861729225292452,-0.046002249529227879,-0.0027666374166592789,0.29867038060012518,-0.0016699045676079605,0.0059228645892530074,0.33843911777980379,-0.013537002981987956,0.011242950547982355,S4_full34_amount_ratio_5d_rank_pct_2022,full34,amount_ratio_5d_rank_pct,2022,single
202208,0.069798933456373863,0.00049930735167012536,0.2922471572252846,0.12582545262087158,0.027919573382549547,0.037747635786261474,0.21232585283241462,0.27799306200122564,0.069935421099203129,-0.00013648764282926662,0.055863888397373565,0.14102819921826384,-0.015202746597392264,0.67004617170187353,0.29276697929158674,-0.00051982206630213357,-0.011094065765149097,0.28245253441768436,-0.0044594724164587207,0.22668762659905622,S4_full34_amount_ratio_5d_rank_pct_2022,full34,amount_ratio_5d_rank_pct,2022,single
202209,0.066104710045205642,0.0026398532065365142,0.2907176480886734,0.6652430080472016,0.026441884018082257,0.19957290241416048,0.21278470557339799,0.43879949200564072,0.06743375745372901,-0.0013290474085233678,0.052406671845491193,0.59086339126323972,0.074379616783961877,0.50905039135571384,0.29447472179819228,-0.0037570737095188877,-0.018444528943413196,0.41589010382100589,0.022909388184634838,0.1792111448279346,S4_full34_amount_ratio_5d_rank_pct_2022,full34,amount_ratio_5d_rank_pct,2022,single
202210,0.11646947952062953,0.0025659265033182097,0.29892108985264626,0.6466134788361888,0.046587791808251816,0.19398404365085664,0.21032367304420613,0.45089550850331461,0.11617378711890365,0.00029569240172587496,0.044545856000413955,0.65355400542913966,-0.0069405265929508575,0.39381408865958628,0.29920448816062167,-0.00028339830797541321,0.0081451539436489528,0.45277437002811682,-0.0018788615248022111,0.13351902281494682,S4_full34_amount_ratio_5d_rank_pct_2022,full34,amount_ratio_5d_rank_pct,2022,single
202211,0.090731937552310682,0.0014323399934693414,0.30559218436952179,0.36094967835427405,0.036292775020924276,0.10828490350628221,0.20832234468914348,0.35290002321634995,0.092360716259726541,-0.0016287787074158594,0.063815496627891516,0.39573200873866443,-0.034782330384390381,0.25594021283485135,0.30281798062010196,0.0027742037494198346,0.0055819407449222425,0.36481849493945939,-0.011918471723109447,0.10063368027813535,S4_full34_amount_ratio_5d_rank_pct_2022,full34,amount_ratio_5d_rank_pct,2022,single
202212,0.071848719623742605,0.0029089427088755571,0.29590091868330309,0.73305356263664034,0.028739487849497043,0.2199160687909921,0.21122972439500909,0.45988528103549819,0.072901424888444727,-0.0010527052647021223,0.062235650569226669,0.69701066878517448,0.036042893851465863,0.69142939360871414,0.29622949420039807,-0.00032857551709497557,-0.0042088782124014568,0.4493949223308108,0.010490358704687397,0.2335857417740253,S4_full34_amount_ratio_5d_rank_pct_2022,full34,amount_ratio_5d_rank_pct,2022,single
202101,0.061342219060271763,0.0017048006778454753,0.49358740623529546,0.42960977081705976,0.024536887624108706,0.12888293124511793,0.15192377812941138,0.305343596998638,0.058765447804673743,0.0025767712555980204,0.021524299521428383,0.43864074747199783,-0.0090309766549380721,0.44514440984944431,0.49399280421472913,-0.00040539797943367484,-0.051623249229981794,0.30690056209905009,-0.0015569651004120888,0.15764001753239917,S4_full34_volatility_20d_rank_pct_2021,full34,volatility_20d_rank_pct,2021,single
202102,0.094903751231982497,0.0020698887518961376,0.50818860820010914,0.52161196547782662,0.037961500492793003,0.15648358964334799,0.14754341753996725,0.34198850767610822,0.095366796455667535,-0.00046304522368503798,0.063070071999419525,0.59683556810584515,-0.075223602628018527,0.53762999508690634,0.47393656436534026,0.034252043834768875,0.13095015802567206,0.37501641970441846,-0.033027912028310236,0.14723197991813805,S4_full34_volatility_20d_rank_pct_2021,full34,volatility_20d_rank_pct,2021,single
202103,0.10306198706503231,0.0030452403862561007,0.38158154063921818,0.76740057733653744,0.041224794826012927,0.23022017320096122,0.18552553780823453,0.45697050583520871,0.10289822410824899,0.00016376295678331709,0.041294977320013825,0.72183865168678774,0.045561925649749702,0.65523664314142993,0.44701805308512554,-0.065436512445907369,-0.062679157990581214,0.42360546922379827,0.033365036611410437,0.2318927312676089,S4_full34_volatility_20d_rank_pct_2021,full34,volatility_20d_rank_pct,2021,single
202104,0.062894093177423629,0.0022498565650899993,0.49113760431580528,0.56696385440267982,0.025157637270969452,0.17008915632080393,0.15265871870525841,0.34790551229703182,0.064976959431469306,-0.002082866254045676,0.040303035738587234,0.61318248434047418,-0.046218629937794353,0.7017242109976114,0.43344382559331474,0.057693778722490541,0.12736341774256787,0.37991238139673555,-0.032006869099703739,0.18842945227194796,S4_full34_volatility_20d_rank_pct_2021,full34,volatility_20d_rank_pct,2021,single
202105,0.048954439601934172,0.0015835279570319638,0.35982088156492364,0.39904904517205486,0.019581775840773669,0.11971471355161645,0.19205373553052291,0.33135022492291299,0.052241511779904583,-0.0032870721779704112,0.033898093200724684,0.48505182450607293,-0.086002779334018065,0.22233373858639688,0.3342262871249112,0.025594594440012441,-0.043719771212635317,0.36614426592631033,-0.034794041003397336,0.093375290219999463,S4_full34_volatility_20d_rank_pct_2021,full34,volatility_20d_rank_pct,2021,single
202106,0.077298563255150984,0.0024403380111085414,0.38268356571674839,0.61496517879935242,0.030919425302060394,0.18448955363980571,0.18519493028497547,0.40060390922684158,0.077854284456356074,-0.00055572120120508939,0.048541970862025857,0.64500174557823853,-0.030036566778886109,0.64212823372412831,0.41979747426550401,-0.037113908548755625,-0.02652121322771267,0.39870299517636282,0.0019009140504787636,0.2200116224303626,S4_full34_volatility_20d_rank_pct_2021,full34,volatility_20d_rank_pct,2021,single
202107,0.063466920042174052,0.002802444539809221,0.35961227660572587,0.70621602403192374,0.025386768016869621,0.21186480720957712,0.19211631701828222,0.42936789224472893,0.061881075413042663,0.0015858446291313888,0.023624511200752783,0.6656542870952904,0.040561736936633341,0.26454083753573349,0.32417932796494148,0.03543294864078439,0.052350079413513328,0.42719491790432174,0.0021729743404071966,0.073107031916967102,S4_full34_volatility_20d_rank_pct_2021,full34,volatility_20d_rank_pct,2021,single
202108,0.094363703525364162,0.0019737278376811868,0.30192252405681053,0.49737941509565908,0.037745481410145665,0.14921382452869772,0.20942324278295685,0.39638254872180023,0.092561340577702197,0.0018023629476619646,0.045768877619887571,0.46032093664766721,0.037058478447991872,0.42659622195014207,0.26687196382300571,0.035050560233804817,0.054733585053962364,0.39505922807847932,0.0013233206433209133,0.12986634211680892,S4_full34_volatility_20d_rank_pct_2021,full34,volatility_20d_rank_pct,2021,single
202109,0.091863497295438717,0.0025768123828707528,0.24772553838232789,0.64935672048342974,0.036745398918175486,0.19480701614502891,0.22568233848530161,0.45723475354850601,0.091010616952011028,0.00085288034342768937,0.066830727601248072,0.6156783491683161,0.033678371315113642,0.71253602664590399,0.24776292454690929,-3.7386164581404424e-05,0.0093139194563326144,0.44677887416722645,0.010455879381279565,0.23769892319737063,S4_full34_volatility_20d_rank_pct_2021,full34,volatility_20d_rank_pct,2021,single
202110,0.053963889586474446,0.0014453184866937883,0.20311716682475917,0.36422025864683466,0.021585555834589779,0.1092660775940504,0.23906484995257227,0.36991648338121241,0.04820508873861469,0.005758800847859756,0.0074039598031378009,0.27941044490790651,0.084809813738928153,0.057434861000096205,0.19196266497556608,0.011154501849193088,-0.0010113383281434851,0.34551636947514797,0.024400113906064447,0.020495443719727058,S4_full34_volatility_20d_rank_pct_2021,full34,volatility_20d_rank_pct,2021,single
202111,0.086811953515928575,0.0019908424362764391,0.1349399337979538,0.50169229394166259,0.034724781406371433,0.15050768818249877,0.25951801986061385,0.44475048944948403,0.087308274398253352,-0.00049632088232477722,0.045750213518774535,0.44485970115517631,0.05683259278648628,0.42064508731702427,0.1351328008386907,-0.00019286704073689931,-0.0043752892935606524,0.42784137985424697,0.01690910959523706,0.14580619839068526,S4_full34_volatility_20d_rank_pct_2021,full34,volatility_20d_rank_pct,2021,single
202112,0.06516628270398829,0.00042150935959376035,0.11787933391169378,0.1062203586176276,0.026066513081595317,0.031866107585288281,0.26463619982649184,0.32256882049337543,0.065913253996340349,-0.00074697129235205828,0.048098030627494098,0.106942732076547,-0.00072237345891940086,0.30990428499456629,0.10304813465651336,0.014831199255180422,0.012130753440205339,0.3275336808245462,-0.0049648603311707729,0.10857127171730591,S4_full34_volatility_20d_rank_pct_2021,full34,volatility_20d_rank_pct,2021,single
202201,0.12399014267356173,0.0033020298294467029,0.045996668399770228,0.83211151702056918,0.049596057069424694,0.24963345510617074,0.28620099948006894,0.5854305116556644,0.12470227903505464,-0.00071213636149290716,0.063173587303440332,0.88005607374028738,-0.047944556719718201,0.59326813653362342,0.047613466832023582,-0.0016167984322533538,0.00071470962250774761,0.59961369368650097,-0.014183182030836572,0.20303546299471087,S4_full34_volatility_20d_rank_pct_2022,full34,volatility_20d_rank_pct,2022,single
202202,0.07876269631003556,0.001473109503304167,0.042224378339425564,0.37122359483265011,0.031505078524014227,0.11136707844979503,0.28733268649817229,0.43020484347198151,0.080346543742632712,-0.0015838474325971519,0.040876262084771513,0.44018709360237573,-0.068963498769725629,0.12607514511301984,0.042480685355200817,-0.00025630701577525339,-0.0025977337077665169,0.45145053997120554,-0.021245696499224032,0.054952368480144509,S4_full34_volatility_20d_rank_pct_2022,full34,volatility_20d_rank_pct,2022,single
202203,0.071066685778494079,0.0010972183493422427,0.12512026518448913,0.27649902403424514,0.028426674311397632,0.082949707210273546,0.26246392044465322,0.3738403019663244,0.070561146933528954,0.00050553884496512547,0.035185406249819529,0.31231761171730871,-0.035818587683063563,0.46121768918485617,0.15208483308019252,-0.026964567895703395,0.017924981746317903,0.37629429236454642,-0.0024539903982220279,0.14706197473148927,S4_full34_volatility_20d_rank_pct_2022,full34,volatility_20d_rank_pct,2022,single
202204,0.093566564712954534,0.0016273833296525583,0.25914315200770532,0.41010059907244467,0.037426625885181815,0.1230301797217334,0.22225705439768839,0.38271386000460361,0.090954385040434543,0.0026121796725199903,0.033831810668697941,0.34693073750529191,0.063169861567152763,0.26429624914729466,0.29476783605626994,-0.035624684048564614,0.096354971227752939,0.3520306244508804,0.030683235553723209,0.063915107643341684,S4_full34_volatility_20d_rank_pct_2022,full34,volatility_20d_rank_pct,2022,single
202205,0.14146508633186353,0.002417418623334625,0.16734203095895206,0.60918949308032544,0.056586034532745411,0.18275684792409763,0.24979739071231438,0.48914027316915742,0.14210188088570128,-0.00063679455383774952,0.042629128046298134,0.65083302866438431,-0.041643535584058866,0.17996871404874981,0.17124247141791082,-0.0039004404589587649,-0.0075676933564957083,0.50071791952822253,-0.011577646359065108,0.073312573440092954,S4_full34_volatility_20d_rank_pct_2022,full34,volatility_20d_rank_pct,2022,single
202206,0.09278304283686814,0.00070364915220890183,0.23317797927556608,0.17731958635664327,0.037113217134747259,0.053195875906992977,0.23004660621733017,0.32035569925907037,0.093643305732629328,-0.00086026289576118797,0.027654078070383906,0.17718134396437954,0.00013824239226373214,-0.086087753015897855,0.23366802961960617,-0.00049005034404009384,0.0050889474297113046,0.32051131659648369,-0.00015561733741331629,-0.016291378905529175,S4_full34_volatility_20d_rank_pct_2022,full34,volatility_20d_rank_pct,2022,single
202207,0.073033586630512654,0.001161478727814117,0.29838092667238264,0.29269263940915746,0.029213434652205064,0.087807791822747241,0.21048572199828519,0.32750694847323747,0.073637610709909984,-0.0006040240793973306,0.034613727528747709,0.32861729225292452,-0.035924652843767058,0.0073109592688015423,0.29867038060012518,-0.00028945392774254453,0.0073033152291184233,0.33843911777980379,-0.010932169306566319,0.013847784223403992,S4_full34_volatility_20d_rank_pct_2022,full34,volatility_20d_rank_pct,2022,single
202208,0.070489165954605304,0.00071912049715348013,0.29214778830509708,0.18121836528267699,0.028195666381842122,0.054365509584803094,0.21235566350847085,0.29491683947511604,0.069935421099203129,0.00055374485540217455,0.056554120895605006,0.14102819921826384,0.040190166064413141,0.72543908436367888,0.29276697929158674,-0.00061919098648965942,-0.011193434685336623,0.28245253441768436,0.012464305057431679,0.24361140407294662,S4_full34_volatility_20d_rank_pct_2022,full34,volatility_20d_rank_pct,2022,single
202209,0.06850376165787031,0.002777874916893905,0.29134795594077639,0.70002447905726406,0.027401504663148127,0.21000734371717922,0.2125956132177671,0.45000446159809443,0.06743375745372901,0.0010700042041413005,0.054805723458155861,0.59086339126323972,0.10916108779402434,0.5438318623657763,0.29447472179819228,-0.0031267658574158919,-0.017814221091310201,0.41589010382100589,0.034114357777088544,0.1904161144203883,S4_full34_volatility_20d_rank_pct_2022,full34,volatility_20d_rank_pct,2022,single
202210,0.11753202098866813,0.0026457602088227126,0.2960770974096098,0.66673157262332361,0.047012808395467259,0.20001947178699708,0.21117687077711703,0.45820915095958137,0.11617378711890365,0.001358233869764483,0.045608397468452563,0.65355400542913966,0.013177567194183948,0.41393218244672109,0.29920448816062167,-0.0031273907510118715,0.0053011615006124946,0.45277437002811682,0.0054347809314645446,0.14083266527121358,S4_full34_volatility_20d_rank_pct_2022,full34,volatility_20d_rank_pct,2022,single
202211,0.092932926080780201,0.0014484811923739988,0.30153898077697966,0.36501726047824773,0.03717317043231208,0.10950517814347431,0.20953830576690607,0.35621665434269245,0.092360716259726541,0.0005722098210536597,0.066016485156361021,0.39573200873866443,-0.030714748260416702,0.26000779495882509,0.30281798062010196,-0.0012789998431222971,0.0015287371523801108,0.36481849493945939,-0.0086018405967669409,0.10395031140447786,S4_full34_volatility_20d_rank_pct_2022,full34,volatility_20d_rank_pct,2022,single
202212,0.072226849547080182,0.0028316570053690216,0.29279106667500038,0.71357756535299344,0.028890739818832074,0.21407326960589804,0.21216267999749985,0.45512668942223,0.072901424888444727,-0.00067457534136454445,0.062613780492564247,0.69701066878517448,0.016566896567818956,0.67195339632506723,0.29622949420039807,-0.0034384275253976915,-0.0073187302207041727,0.4493949223308108,0.0057317670914192043,0.22882715016075711,S4_full34_volatility_20d_rank_pct_2022,full34,volatility_20d_rank_pct,2022,single
202101,0.059929070742240485,0.0020056609325163157,0.41610869701015263,0.5054265549941116,0.023971628296896197,0.15162796649823349,0.17516739089695421,0.35076698569208387,0.058765447804673743,0.0011636229375667426,0.020111151203397105,0.43864074747199783,0.066785807522113771,0.5209611940264961,0.49399280421472913,-0.077884107204576503,-0.12910195845512462,0.30690056209905009,0.043866423593033776,0.20306340622584504,S4_full34_log_mean_amount_20d_rank_pct_2021,full34,log_mean_amount_20d_rank_pct,2021,single
202102,0.095857245443322636,0.0022286046392581073,0.48636175015656991,0.56160836909304301,0.038342898177329054,0.1684825107279129,0.15409147495302902,0.36091688385827098,0.095366796455667535,0.00049044898765510103,0.064023566210759664,0.59683556810584515,-0.035227199012802135,0.57762639870212273,0.47393656436534026,0.012425185791229643,0.10912329998213283,0.37501641970441846,-0.014099535846147482,0.1661603561003008,S4_full34_log_mean_amount_20d_rank_pct_2021,full34,log_mean_amount_20d_rank_pct,2021,single
202103,0.10202407884127658,0.0029020983560586419,0.38614014734687868,0.73132878572677773,0.040809631536510634,0.21939863571803331,0.18415795579593641,0.44436622305048035,0.10289822410824899,-0.00087414526697240924,0.040257069096258098,0.72183865168678774,0.0094901340399899947,0.61916485153167022,0.44701805308512554,-0.060877905738246862,-0.058120551282920707,0.42360546922379827,0.020760753826682077,0.21928844848288054,S4_full34_log_mean_amount_20d_rank_pct_2021,full34,log_mean_amount_20d_rank_pct,2021,single
202104,0.065061476854669245,0.0024550901856620882,0.44180420221689232,0.61868272678684622,0.026024590741867699,0.18560481803605386,0.1674587393349323,0.37908814811285385,0.064976959431469306,8.4517423199939601e-05,0.04247041941583285,0.61318248434047418,0.005500242446372039,0.75344308338177779,0.43344382559331474,0.0083603766235775812,0.078030015643654915,0.37991238139673555,-0.00082423328388170347,0.21961208808777,S4_full34_log_mean_amount_20d_rank_pct_2021,full34,log_mean_amount_20d_rank_pct,2021,single
202105,0.051599728146678819,0.0016604231561999025,0.39457856539645708,0.4184266353623754,0.020639891258671529,0.12552799060871261,0.18162643038106288,0.32779431224844702,0.052241511779904583,-0.00064178363322576343,0.036543381745469332,0.48505182450607293,-0.066625189143697527,0.24171132877671742,0.3342262871249112,0.060352278271545878,-0.0089620873811018797,0.36614426592631033,-0.038349953677863313,0.089819377545533485,S4_full34_log_mean_amount_20d_rank_pct_2021,full34,log_mean_amount_20d_rank_pct,2021,single
202106,0.078997609470383381,0.0025213584840709439,0.39777118730667288,0.63538233798587784,0.031599043788153355,0.19061470139576334,0.1806686438079981,0.40288238899191475,0.077854284456356074,0.0011433250140273077,0.050241017077258254,0.64500174557823853,-0.0096194075923606848,0.66254539291065373,0.41979747426550401,-0.022026286958831132,-0.011433591637788176,0.39870299517636282,0.004179393815551935,0.22229010219543577,S4_full34_log_mean_amount_20d_rank_pct_2021,full34,log_mean_amount_20d_rank_pct,2021,single
202107,0.060941299587894411,0.0026771676482784407,0.32381611412940831,0.67464624736616707,0.024376519835157765,0.20239387420985011,0.20285516576117751,0.42962555980618539,0.061881075413042663,-0.00093977582514825214,0.021098890746473142,0.6656542870952904,0.0089919602708766755,0.23297106086997682,0.32417932796494148,-0.00036321383553317155,0.016553916937195767,0.42719491790432174,0.0024306419018636505,0.073364699478423556,S4_full34_log_mean_amount_20d_rank_pct_2021,full34,log_mean_amount_20d_rank_pct,2021,single
202108,0.092106766247696328,0.0018621715364935119,0.27761106563037852,0.46926722719636499,0.036842706499078531,0.14078016815890948,0.21671668031088645,0.39433955496887446,0.092561340577702197,-0.00045457433000586911,0.043511940342219738,0.46032093664766721,0.0089462905486977773,0.39848403405084798,0.26687196382300571,0.010739101807372808,0.030422126627530355,0.39505922807847932,-0.00071967310960485698,0.12782334836388315,S4_full34_log_mean_amount_20d_rank_pct_2021,full34,log_mean_amount_20d_rank_pct,2021,single
202109,0.087813431541586731,0.0023115942274453045,0.25812652349210446,0.5825217453162167,0.035125372616634697,0.17475652359486502,0.22256204295236867,0.43244393916386836,0.091010616952011028,-0.0031971854104242969,0.062780661847396085,0.6156783491683161,-0.033156603852099398,0.64570105147869095,0.24776292454690929,0.010363598945195174,0.019714904566109193,0.44677887416722645,-0.014334935003358085,0.21290810881273298,S4_full34_log_mean_amount_20d_rank_pct_2021,full34,log_mean_amount_20d_rank_pct,2021,single
202110,0.050001334637749757,0.0010933755116461388,0.17712978900969475,0.27553062893482699,0.020000533855099905,0.082659188680448095,0.24686106329709157,0.34952078583263957,0.04820508873861469,0.0017962458991350669,0.0034414048544131118,0.27941044490790651,-0.0038798159730795145,-0.031254768711911463,0.19196266497556608,-0.014832875965871323,-0.026998716143207896,0.34551636947514797,0.0040044163574916025,9.9746171154213581e-05,S4_full34_log_mean_amount_20d_rank_pct_2021,full34,log_mean_amount_20d_rank_pct,2021,single
202111,0.08579260900171104,0.0017191470441446156,0.14027027762962671,0.43322505512444315,0.034317043600684417,0.12996751653733293,0.25791891671111195,0.42220347684912929,0.087308274398253352,-0.0015156653965423122,0.044730869004557,0.44485970115517631,-0.011634646030733165,0.35217784849980482,0.1351328008386907,0.0051374767909360131,0.00095505453811225993,0.42784137985424697,-0.0056379030051176837,0.12325918579033052,S4_full34_log_mean_amount_20d_rank_pct_2021,full34,log_mean_amount_20d_rank_pct,2021,single
202112,0.064139877758214947,0.00037574980918290767,0.1118433825325304,0.094688951914092739,0.02565595110328598,0.028406685574227819,0.26644698524024085,0.32050962191775467,0.065913253996340349,-0.0017733762381254015,0.047071625681720755,0.106942732076547,-0.012253780162454264,0.29837287829103143,0.10304813465651336,0.0087952478760170427,0.0060948020610419595,0.3275336808245462,-0.0070240589067915304,0.10651207314168515,S4_full34_log_mean_amount_20d_rank_pct_2021,full34,log_mean_amount_20d_rank_pct,2021,single
202201,0.12629469417421432,0.0033876686497527971,0.050410303664380027,0.85369249973770489,0.050517877669685733,0.25610774992131147,0.28487690890068595,0.59150253649168316,0.12470227903505464,0.0015924151391596836,0.065478138804092922,0.88005607374028738,-0.026363574002582491,0.61484911925075914,0.047613466832023582,0.0027968368323564446,0.005128344887117546,0.59961369368650097,-0.0081111571948178085,0.20910748783072963,S4_full34_log_mean_amount_20d_rank_pct_2022,full34,log_mean_amount_20d_rank_pct,2022,single
202202,0.077775837679687224,0.0013736410322100422,0.041423516372966138,0.34615754011693062,0.031110335071874891,0.10384726203507919,0.28757294508811015,0.42253054219506425,0.080346543742632712,-0.0025707060629454881,0.039889403454423177,0.44018709360237573,-0.094029553485445116,0.10100909039730036,0.042480685355200817,-0.0010571689822346797,-0.0033985956742259432,0.45145053997120554,-0.028919997776141293,0.047278067203227248,S4_full34_log_mean_amount_20d_rank_pct_2022,full34,log_mean_amount_20d_rank_pct,2022,single
202203,0.071563324897274502,0.0010290432226726098,0.15566048468417878,0.25931889211349768,0.028625329958909804,0.077795667634049298,0.25330185459474636,0.35972285218770544,0.070561146933528954,0.0010021779637455486,0.035682045368599952,0.31231761171730871,-0.052998719603811029,0.44403755726410876,0.15208483308019252,0.0035756516039862629,0.048465201246007561,0.37629429236454642,-0.016571440176840979,0.13294452495287032,S4_full34_log_mean_amount_20d_rank_pct_2022,full34,log_mean_amount_20d_rank_pct,2022,single
202204,0.089922721312705178,0.0014575181851468194,0.30692824326654994,0.36729458265699849,0.035969088525082071,0.11018837479709954,0.20792152702003502,0.35407899034221663,0.090954385040434543,-0.001031663727729365,0.030187967268448586,0.34693073750529191,0.020363845151706583,0.22149023273184851,0.29476783605626994,0.01216040721028,0.14414006248659755,0.3520306244508804,0.0020483658913362235,0.035280237980954698,S4_full34_log_mean_amount_20d_rank_pct_2022,full34,log_mean_amount_20d_rank_pct,2022,single
202205,0.14161843519620401,0.0024506409708894162,0.16991658743768709,0.61756152466413283,0.05664737407848161,0.18526845739923983,0.24902502376869384,0.49094085524641529,0.14210188088570128,-0.00048344568949726385,0.04278247691063862,0.65083302866438431,-0.033271504000251473,0.1883407456325572,0.17124247141791082,-0.0013258839802237354,-0.0049931368777606788,0.50071791952822253,-0.0097770642818072462,0.075113155517350816,S4_full34_log_mean_amount_20d_rank_pct_2022,full34,log_mean_amount_20d_rank_pct,2022,single
202206,0.093388264492337461,0.00077914277569797528,0.23464164791797731,0.19634397947588977,0.037355305796934989,0.058903193842766932,0.22960750562460677,0.3258660052643087,0.093643305732629328,-0.00025504124029186725,0.028259299725853226,0.17718134396437954,0.019162635511510234,-0.067063359896651353,0.23366802961960617,0.00097361829837114278,0.0065526160721225413,0.32051131659648369,0.0053546886678250138,-0.010781072900290845,S4_full34_log_mean_amount_20d_rank_pct_2022,full34,log_mean_amount_20d_rank_pct,2022,single
202207,0.073444588351597923,0.0012803069629858874,0.29865497732880841,0.32263735467244359,0.029377835340639171,0.096791206401733068,0.21040350680135747,0.3365725485437297,0.073637610709909984,-0.0001930223583120616,0.035024729249832978,0.32861729225292452,-0.0059799375804809318,0.037255674532087668,0.29867038060012518,-1.5403271316771772e-05,0.0075773658855441961,0.33843911777980379,-0.0018665692360740893,0.022913384293896222,S4_full34_log_mean_amount_20d_rank_pct_2022,full34,log_mean_amount_20d_rank_pct,2022,single
202208,0.070148829283600445,0.00047265347256901757,0.29409827031596253,0.11910867508739242,0.028059531713440181,0.035732602526217724,0.21177051890521126,0.27556265314486916,0.069935421099203129,0.00021340818439731513,0.056213784224600147,0.14102819921826384,-0.021919524130871421,0.66332939416839432,0.29276697929158674,0.0013312910243757914,-0.0092429526744711721,0.28245253441768436,-0.0068898812728152015,0.22425721774269974,S4_full34_log_mean_amount_20d_rank_pct_2022,full34,log_mean_amount_20d_rank_pct,2022,single
202209,0.067248788867180512,0.0023705973276793822,0.29137544009122102,0.59739052657520431,0.026899515546872206,0.1792171579725613,0.2125873679726337,0.41870404149206719,0.06743375745372901,-0.0001849685865484979,0.053550750667466063,0.59086339126323972,0.0065271353119645825,0.4411979098837166,0.29447472179819228,-0.0030992817069712686,-0.017786736940865577,0.41589010382100589,0.0028139376710613062,0.15911569431436107,S4_full34_log_mean_amount_20d_rank_pct_2022,full34,log_mean_amount_20d_rank_pct,2022,single
202210,0.1162071689619847,0.0023613177951651446,0.29865936473584781,0.59505208438161639,0.046482867584793884,0.17851562531448492,0.21040219057924567,0.43540068347852445,0.11617378711890365,3.3381843081048412e-05,0.044283545441769129,0.65355400542913966,-0.058501921047523275,0.34225269420501386,0.29920448816062167,-0.00054512342477386344,0.0078834288268505026,0.45277437002811682,-0.017373686549592371,0.11802419779015666,S4_full34_log_mean_amount_20d_rank_pct_2022,full34,log_mean_amount_20d_rank_pct,2022,single
202211,0.093955928899774749,0.0016680316322279459,0.30336709277673241,0.42034397132144236,0.0375823715599099,0.1261031913964327,0.20898987216698026,0.37267543512332285,0.092360716259726541,0.0015952126400482075,0.067039487975355583,0.39573200873866443,0.024611962582777924,0.31533450580201972,0.30281798062010196,0.0005491121566304491,0.003356849152132857,0.36481849493945939,0.0078569401838634589,0.12040909218510826,S4_full34_log_mean_amount_20d_rank_pct_2022,full34,log_mean_amount_20d_rank_pct,2022,single
202212,0.073201526983156448,0.0028015021254568675,0.29546243814527334,0.70597853561513058,0.029280610793262579,0.21179356068453917,0.21136126855641801,0.45243544003421976,0.072901424888444727,0.00030010209471172111,0.063588457928640513,0.69701066878517448,0.0089678668299560949,0.66435436658720437,0.29622949420039807,-0.0007670560551247263,-0.0046473587504312075,0.4493949223308108,0.0030405177034089625,0.22613590077274687,S4_full34_log_mean_amount_20d_rank_pct_2022,full34,log_mean_amount_20d_rank_pct,2022,single
202101,0.056385603834882628,0.00090264230291507513,0.51313690244744414,0.22746586033459892,0.022554241533953051,0.068239758100379674,0.14605892926576675,0.23685292890009946,0.056045103076887967,0.00034050075799466062,0.016567684296039248,0.19265966871453724,0.034806191620061683,0.24300049936698345,0.53284924008448953,-0.019712337637045385,-0.032073753017833107,0.2203611698197695,0.01649175908032996,0.089149349433860631,S4_lean31_close_location_2021,lean31,close_location,2021,single
202102,0.090861329071061273,0.0021906819688537181,0.42259501994500653,0.55205185615113694,0.036344531628424513,0.16561555684534107,0.17322149401649803,0.37518158249026362,0.094972926606371466,-0.0041115975353101936,0.0590276498384983,0.63516949778726672,-0.08311764163612978,0.56806988576021666,0.56221053587622316,-0.13961551593121663,0.045356569770569455,0.35987685921586166,0.015304723274401966,0.18042505473229345,S4_lean31_close_location_2021,lean31,close_location,2021,single
202103,0.10239058837332601,0.0026348860723097974,0.4344408789651571,0.66399129022206893,0.040956235349330405,0.19919738706662068,0.16966773631045287,0.40982135872640396,0.10760280341530748,-0.0052122150419814661,0.040623578628307531,0.80539828311141182,-0.14140699288934289,0.55182735602696142,0.45591765478868257,-0.021476775823525474,-0.0098198196646422931,0.44788530986294178,-0.038063951136537821,0.18474358415880415,S4_lean31_close_location_2021,lean31,close_location,2021,single
202104,0.07111098928081426,0.0024348743340378521,0.4812851332570775,0.61358833217753872,0.028444395712325706,0.18407649965326162,0.15561446002287674,0.36813535538846409,0.071427833570909247,-0.00031684429009498638,0.048519931841977865,0.59595944168309811,0.017628890494440608,0.74834868877247029,0.46599107543933133,0.015294057817746176,0.1175109466838401,0.36756164330149377,0.00057371208697032383,0.20865929536338024,S4_lean31_close_location_2021,lean31,close_location,2021,single
202105,0.043792231581206785,0.0012398639427041642,0.37885070667061871,0.3124457135614494,0.017516892632482715,0.093733714068434823,0.18634478799881438,0.2975953946997319,0.046648280664908615,-0.0028560490837018296,0.028735885179997298,0.37303013481103536,-0.060584421249585962,0.13573040697579142,0.36088010823244926,0.017970598438169449,-0.024689946106940253,0.32230432023953925,-0.024708925539807358,0.059620459996818365,S4_lean31_close_location_2021,lean31,close_location,2021,single
202106,0.075384766637366624,0.0023074217823013713,0.39348553329467328,0.58147028913994558,0.03015390665494665,0.17444108674198366,0.18195434001159802,0.38654933340852837,0.078286044890033796,-0.0029012782526671721,0.046628174244241496,0.5908939627879759,-0.0094236736480303174,0.60863334406472147,0.34468466941628173,0.048800863878391554,-0.015719245649787772,0.40517720596752177,-0.018627872558993397,0.20595704661204939,S4_lean31_close_location_2021,lean31,close_location,2021,single
202107,0.063118553937716051,0.0023124130706459016,0.28924706344708612,0.58272809380276724,0.025247421575086422,0.17481842814083018,0.21322588096587416,0.41329173068179076,0.063484100002914587,-0.00036554606519853539,0.023276145096294783,0.69921624148133388,-0.11648814767856663,0.14105290730657699,0.33659663915845223,-0.04734957571136611,-0.018015133745126422,0.43417952069803029,-0.020887790016239527,0.057030870354028929,S4_lean31_close_location_2021,lean31,close_location,2021,single
202108,0.089740560443109962,0.0022654837717527511,0.32447738196319215,0.57090191048169325,0.035896224177243988,0.17127057314450797,0.20265678541104237,0.40982358273279434,0.094358199089499634,-0.0046176386463896713,0.041145734537633372,0.57438016073110865,-0.0034782502494153933,0.5001187173361763,0.30596744338520954,0.01850993857798261,0.077288442960343984,0.41826709483956959,-0.0084435121067752417,0.14330737612780303,S4_lean31_close_location_2021,lean31,close_location,2021,single
202109,0.086511086930131778,0.0025650960081141701,0.26366200855844213,0.6464041940447709,0.03460443477205271,0.19392125821343126,0.22090139743246737,0.44942709041795137,0.091088217632016716,-0.0045771307018849378,0.061478317235941132,0.60678410919021752,0.039620084854553372,0.70958350020724514,0.28446982995997361,-0.020807821401531479,0.025250389632446857,0.43312957082187986,0.016297519596071508,0.22989126006681598,S4_lean31_close_location_2021,lean31,close_location,2021,single
202110,0.055431646535332516,0.0013737615478616025,0.19484338384416183,0.34618791006112382,0.022172658614133006,0.10385637301833714,0.24154698484675141,0.36757601647922156,0.052551529375521717,0.002880117159810798,0.0088717167519958701,0.31829699928937955,0.027890910771744271,0.03940251241438536,0.17226687247908831,0.022576511365073521,-0.009285121308740818,0.36482964979329602,0.0027463666859255387,0.018154976817736201,S4_lean31_close_location_2021,lean31,close_location,2021,single
202111,0.088209955671309057,0.0022717527313522437,0.14244533619226085,0.5724816883007654,0.035283982268523625,0.17174450649022963,0.25726639914232174,0.46429488790107498,0.088819275823758537,-0.00060932015244948012,0.047148215674155017,0.55255957812264755,0.019922110178117847,0.49143448167612708,0.13353333830754119,0.0089119978847196635,0.0031301131007464011,0.46123558227403527,0.0030593056270397101,0.16535059684227621,S4_lean31_close_location_2021,lean31,close_location,2021,single
202112,0.064176985014755494,0.00046194415644730291,0.11495170824453267,0.11640992742472034,0.025670794005902199,0.0349229782274161,0.2655144875266402,0.3261082597599585,0.064650245353031793,-0.00047326033827629899,0.047108732938261302,0.11568047156695647,0.00072945585776386379,0.320093853801659,0.11328682735892812,0.0016648808856045555,0.0092031277730442312,0.32657819140362121,-0.00046993164366271323,0.11211071098388897,S4_lean31_close_location_2021,lean31,close_location,2021,single
202201,0.11856472022684125,0.0036854622934354175,0.053144492101484017,0.92873649794572521,0.047425888090736501,0.27862094938371756,0.2840566523695548,0.61010348984400886,0.1186921992918047,-0.00012747906496345107,0.057748164856719846,0.92377952745018677,0.0049569704955384486,0.68989311745877946,0.064195888334832391,-0.011051396233348373,0.0078625333242215364,0.60535197145132824,0.0047515183926806204,0.22770844118305533,S4_lean31_close_location_2022,lean31,close_location,2022,single
202202,0.083655016232584548,0.0016285931362203508,0.042746659683786374,0.41040547032752839,0.033462006493033818,0.12312164109825852,0.2871760020948641,0.44375964968615644,0.083361754720232648,0.00029326151235190001,0.0457685820073205,0.45997653359356594,-0.049571063266037552,0.16525702060789813,0.042485899352875153,0.00026076033091122081,-0.0020754523634057068,0.45859189216030027,-0.014832242474143831,0.068507174694319439,S4_lean31_close_location_2022,lean31,close_location,2022,single
202203,0.067846350034022271,0.001112257181038918,0.16511137382630375,0.28028880962180736,0.027138540013608908,0.084086642886542204,0.2504665878521089,0.36169177075226,0.069631834405069315,-0.0017854843710470442,0.03196507050534772,0.31939979818897851,-0.039110988567171157,0.46500747477241844,0.17520924513267616,-0.010097871306372408,0.05791609038813253,0.37110989967891844,-0.0094181289266584423,0.13491344351742487,S4_lean31_close_location_2022,lean31,close_location,2022,single
202204,0.088817993740590545,0.0013020458389363023,0.32635721450607552,0.3281155514119482,0.035527197496236222,0.098434665423584464,0.20209283564817732,0.33605469856799797,0.088999858603013404,-0.00018186486242285915,0.029083239696333953,0.38252574799564837,-0.054410196583700166,0.18231120148679822,0.35688806588213351,-0.030530851376057988,0.16356903372612314,0.34329124807525979,-0.0072365495072618247,0.017255946206736039,S4_lean31_close_location_2022,lean31,close_location,2022,single
202205,0.14324452832958581,0.002837706573381392,0.17562253374950867,0.71510205649211078,0.057297811331834328,0.21453061694763323,0.24731323987514739,0.51914166815461493,0.1434878553451556,-0.00024332701556978309,0.044408570044020421,0.7215066192198728,-0.0064045627277620198,0.28588127746053515,0.1803523841029131,-0.0047298503534044245,0.00071280943406090702,0.5197414126731501,-0.00059974451853517241,0.10331396842555046,S4_lean31_close_location_2022,lean31,close_location,2022,single
202206,0.092317091379509345,0.0010486119984279662,0.23514613290338315,0.26425022360384748,0.036926836551803739,0.079275067081154241,0.22945616012898504,0.34565806376194302,0.093722166724016509,-0.0014050753445071645,0.02718812661302511,0.24027230475712014,0.023977918846727342,0.00084288423130635115,0.23271575467332312,0.0024303782300600374,0.007057101057528381,0.33975583171474566,0.0059022320471973644,0.0090109855973434794,S4_lean31_close_location_2022,lean31,close_location,2022,single
202207,0.078185230243681098,0.0010004855066018381,0.29643238963283924,0.2521223476636632,0.031274092097472443,0.075636704299098953,0.21107028311014822,0.31798107950671961,0.074870355738565514,0.0033148745051155837,0.039765371141916153,0.24238659508172014,0.0097357525819430635,-0.033259332476692716,0.2944024163212583,0.002029973311580946,0.0053547781895750268,0.31434339592356475,0.0036376835831548604,0.004321915256886133,S4_lean31_close_location_2022,lean31,close_location,2022,single
202208,0.073825944802845087,0.00049325324129162842,0.29921893496022917,0.12429981680549036,0.029530377921138037,0.037289945041647107,0.21023431951193122,0.27705464247471634,0.073969082582671611,-0.00014313777982652431,0.059890899743844789,0.17984178091740699,-0.055541964111916628,0.6685205358864923,0.29506921172814948,0.0041497232320796829,-0.004122288030204535,0.29501940378984592,-0.017964761315129585,0.22574920707254692,S4_lean31_close_location_2022,lean31,close_location,2022,single
202209,0.05686275167969506,0.0020879154972335179,0.29491140207076355,0.52615470530284647,0.022745100671878026,0.15784641159085394,0.21152657937877095,0.39211809164150291,0.056848213747941169,1.4537931753891287e-05,0.043164713479980611,0.58699600851301537,-0.060841303210168896,0.36996208861135876,0.2946933905453471,0.00021801152541645052,-0.014250774961323043,0.41043007088947697,-0.018311979247974064,0.13252974446379678,S4_lean31_close_location_2022,lean31,close_location,2022,single
202210,0.11961068227936802,0.0027821097324843146,0.30369523269915211,0.70109165258604722,0.047844272911747213,0.21032749577581417,0.20889143019025436,0.46706319887781572,0.12118277966584166,-0.0015720973864736393,0.047687058759152454,0.64477920737960004,0.056312445206447181,0.4482922624094447,0.30505048910197563,-0.0013552564028235237,0.012919296790154799,0.45039172734962396,0.016671471528191761,0.14968671318944793,S4_lean31_close_location_2022,lean31,close_location,2022,single
202211,0.092884903715400841,0.0014001689482335238,0.30537784820729691,0.352842574954848,0.03715396148616034,0.1058527724864544,0.20838664553781094,0.35139337951042571,0.090439398724764919,0.0024455049906359216,0.065968462790981675,0.36923419228189347,-0.016391617327045471,0.24783310943542533,0.30395823607578415,0.0014196121315127597,0.0053676045826973606,0.35575854635173876,-0.0043651668413130507,0.099127036572211114,S4_lean31_close_location_2022,lean31,close_location,2022,single
202212,0.079706429435501602,0.0028598419665636695,0.29955596512409638,0.72068017557404473,0.03188257177420064,0.2162040526722134,0.21013321046277106,0.45821983490918511,0.083203600396689781,-0.0034971709611881785,0.070093360380985667,0.727757842626646,-0.0070776670526012664,0.67905600654611853,0.29827397485256318,0.0012819902715331954,-0.00055383177160817088,0.46212660049090076,-0.0039067655817156544,0.23192029564771222,S4_lean31_close_location_2022,lean31,close_location,2022,single
202101,0.0590643284579737,0.0009442187720493855,0.45179766286180351,0.23794313055644514,0.023625731383189481,0.071382939166933543,0.16446070114145897,0.25946937169158202,0.056045103076887967,0.0030192253810857328,0.01924640891913032,0.19265966871453724,0.045283461841907902,0.25347776958882967,0.53284924008448953,-0.081051577222686022,-0.093412992603473743,0.2203611698197695,0.03910820187181252,0.11176579222534319,S4_lean31_upper_shadow_2021,lean31,upper_shadow,2021,single
202102,0.096367653148369287,0.0024761440298731313,0.5050959594483998,0.62398829552802915,0.038547061259347717,0.18719648865840874,0.14847121216548007,0.37421476208323656,0.094972926606371466,0.0013947265419978205,0.064533973915806314,0.63516949778726672,-0.011181202259237577,0.64000632513710887,0.56221053587622316,-0.05711457642782336,0.12785750927396272,0.35987685921586166,0.014337902867374908,0.17945823432526639,S4_lean31_upper_shadow_2021,lean31,upper_shadow,2021,single
202103,0.10729992511133135,0.0031674958153624891,0.50932256783696184,0.79820894547134724,0.042919970044532546,0.23946268364140416,0.14720322964891144,0.42958588333484815,0.10760280341530748,-0.00030287830397612847,0.045532915366312869,0.80539828311141182,-0.0071893376400645748,0.68604501127623974,0.45591765478868257,0.053404913048279268,0.065061869207162448,0.44788530986294178,-0.018299426528093632,0.20450810876724834,S4_lean31_upper_shadow_2021,lean31,upper_shadow,2021,single
202104,0.071019859928907025,0.0025833770451420511,0.46912182186904683,0.65101101537579686,0.028407943971562811,0.19530330461273906,0.15926345343928594,0.38297470202358785,0.071427833570909247,-0.00040797364200222119,0.04842880249007063,0.59595944168309811,0.055051573692698752,0.78577137197072844,0.46599107543933133,0.003130746429715503,0.10534763529580943,0.36756164330149377,0.015413058722094086,0.223498641998504,S4_lean31_upper_shadow_2021,lean31,upper_shadow,2021,single
202105,0.044795421266648032,0.0013765814298018709,0.36072166107168635,0.34689852031007146,0.017918168506659213,0.10406955609302143,0.19178350167849409,0.31377122627817472,0.046648280664908615,-0.0018528593982605826,0.029739074865438545,0.37303013481103536,-0.026131614500963907,0.17018321372441347,0.36088010823244926,-0.00015844716076290899,-0.042818991705872611,0.32230432023953925,-0.0085330939613645351,0.075796291575261188,S4_lean31_upper_shadow_2021,lean31,upper_shadow,2021,single
202106,0.076793224298732365,0.0020921595875396989,0.37801542958572448,0.52722421606000414,0.030717289719492946,0.15816726481800122,0.18659537112428262,0.37547992566177679,0.078286044890033796,-0.0014928205913014303,0.048036631905607238,0.5908939627879759,-0.063669746727971765,0.55438727098478002,0.34468466941628173,0.033330760169442752,-0.031189349358736573,0.40517720596752177,-0.029697280305744977,0.19488763886529781,S4_lean31_upper_shadow_2021,lean31,upper_shadow,2021,single
202107,0.063048656657495539,0.0027877261919193748,0.33246230504103463,0.70250700036368241,0.025219462662998217,0.21075210010910472,0.20026130848768958,0.43623287125979249,0.063484100002914587,-0.00043544334541904817,0.02320624781607427,0.69921624148133388,0.0032907588823485323,0.26083181386749216,0.33659663915845223,-0.0041343341174175929,0.025200107848822095,0.43417952069803029,0.0020533505617622017,0.079972010932030657,S4_lean31_upper_shadow_2021,lean31,upper_shadow,2021,single
202108,0.093089809817912941,0.002222972921409252,0.32024151159522513,0.56018917619513153,0.037235923927165175,0.16805675285853947,0.20392754652143247,0.40922022330713714,0.094358199089499634,-0.0012683892715866923,0.044494983912436351,0.57438016073110865,-0.014190984535977114,0.48940598304961452,0.30596744338520954,0.014274068210015589,0.073052572592376963,0.41826709483956959,-0.0090468715324324434,0.14270401670214583,S4_lean31_upper_shadow_2021,lean31,upper_shadow,2021,single
202109,0.088392043675051837,0.0024353613688061779,0.25718953112176551,0.61371106493915684,0.035356817470020736,0.18411331948174706,0.22284314066347033,0.44231327761523809,0.091088217632016716,-0.0026961739569648785,0.063359273980861192,0.60678410919021752,0.0069269557489393119,0.67689037110163108,0.28446982995997361,-0.027280298838208095,0.018777912195770241,0.43312957082187986,0.0091837067933582262,0.2227774472641027,S4_lean31_upper_shadow_2021,lean31,upper_shadow,2021,single
202110,0.049029871521220021,0.00093374038002252621,0.18622158847095469,0.23530257576567659,0.019611948608488011,0.070590772729702975,0.24413352345871359,0.3343362447969046,0.052551529375521717,-0.0035216578543016963,0.0024699417378833757,0.31829699928937955,-0.082994423523702954,-0.071482821881061864,0.17226687247908831,0.013954715991866373,-0.017906916681947965,0.36482964979329602,-0.030493404996391416,-0.015084794864580753,S4_lean31_upper_shadow_2021,lean31,upper_shadow,2021,single
202111,0.087057723684712818,0.0023086483481610616,0.14438403180775328,0.58177938373658755,0.034823089473885127,0.17453381512097627,0.25668479045767401,0.4660416950525354,0.088819275823758537,-0.0017615521390457189,0.045995983687558778,0.55255957812264755,0.029219805613939998,0.50073217711194928,0.13353333830754119,0.010850693500212089,0.0050688087162388262,0.46123558227403527,0.0048061127785001267,0.16709740399373663,S4_lean31_upper_shadow_2021,lean31,upper_shadow,2021,single
202112,0.067551017841842101,0.00077090434363551684,0.11134297552419616,0.19426789459615024,0.02702040713673684,0.058280368378845065,0.26659710734274117,0.35189788285832307,0.064650245353031793,0.0029007724888103076,0.050482765765347909,0.11568047156695647,0.078587423029193762,0.3979518209730889,0.11328682735892812,-0.0019438518347319605,0.0055943950527077152,0.32657819140362121,0.025319691454701865,0.13790033408225355,S4_lean31_upper_shadow_2021,lean31,upper_shadow,2021,single
202201,0.12303829480438981,0.0037182002691398832,0.050870800117713999,0.93698646782325057,0.04921531792175593,0.28109594034697516,0.28473875996468578,0.61505001823341687,0.1186921992918047,0.0043460955125851075,0.062221739434268404,0.92377952745018677,0.013206940373063802,0.69814308733630481,0.064195888334832391,-0.013325088217118392,0.0055888413404515183,0.60535197145132824,0.0096980467820886318,0.23265496957246334,S4_lean31_upper_shadow_2022,lean31,upper_shadow,2022,single
202202,0.082784078755388471,0.0017560580101489902,0.04119747526980342,0.44252661855754555,0.033113631502155391,0.13275798556726365,0.28764075741905898,0.45351237448847803,0.083361754720232648,-0.00057767596484417649,0.044897644530124424,0.45997653359356594,-0.017449915036020391,0.19737816883791529,0.042485899352875153,-0.0012884240830717333,-0.0036246367773886609,0.45859189216030027,-0.0050795176718222423,0.078259899496641028,S4_lean31_upper_shadow_2022,lean31,upper_shadow,2022,single
202203,0.067535303895678286,0.0012775782249670516,0.13666598285536419,0.32194971269169703,0.027014121558271317,0.09658491380750911,0.25900020514339073,0.38259924050917116,0.069631834405069315,-0.0020965305093910286,0.031654024367003736,0.31939979818897851,0.0025499145027185199,0.50666837784230812,0.17520924513267616,-0.038543262277311974,0.029470699417192964,0.37110989967891844,0.011489340830252714,0.15582091327433603,S4_lean31_upper_shadow_2022,lean31,upper_shadow,2022,single
202204,0.086950858197495498,0.0011619850328541282,0.32962370123630802,0.29282022827924031,0.034780343278998198,0.087846068483772091,0.20111288962910759,0.3237393013918779,0.088999858603013404,-0.0020490004055179062,0.027216104153238906,0.38252574799564837,-0.089705519716408055,0.14701587835409033,0.35688806588213351,-0.02726436464582549,0.16683552045635563,0.34329124807525979,-0.019551946683381893,0.0049405490306159705,S4_lean31_upper_shadow_2022,lean31,upper_shadow,2022,single
202205,0.14252656688303728,0.0027137801645060956,0.16895560786662397,0.68387260145553608,0.057010626753214916,0.20516178043666081,0.2493133176400128,0.51148572482988852,0.1434878553451556,-0.00096128846211832042,0.043690608597471883,0.7215066192198728,-0.037634017764336725,0.25465182242396045,0.1803523841029131,-0.011396776236289125,-0.005954116448823793,0.5197414126731501,-0.0082556878432615832,0.095658025100824051,S4_lean31_upper_shadow_2022,lean31,upper_shadow,2022,single
202206,0.091615249954350844,0.00079190698757647957,0.23184133651005975,0.19956056086927285,0.036646099981740336,0.059868168260781854,0.23044759904698206,0.32696186728950427,0.093722166724016509,-0.0021069167696656649,0.026486285187866609,0.24027230475712014,-0.04071174388784729,-0.063846778503268281,0.23271575467332312,-0.00087441816326336297,0.0037523046642049807,0.33975583171474566,-0.012793964425241389,-0.0096852108750952737,S4_lean31_upper_shadow_2022,lean31,upper_shadow,2022,single
202207,0.075810139406874089,0.0011595101213739388,0.29285408983014027,0.29219655058623256,0.030324055762749637,0.087658965175869769,0.21214377305095791,0.33012679398957734,0.074870355738565514,0.00093978366830857474,0.037390280305109144,0.24238659508172014,0.049809955504512421,0.0068148704458766418,0.2944024163212583,-0.0015483264911180239,0.001776478386876057,0.31434339592356475,0.015783398066012588,0.016467629739743861,S4_lean31_upper_shadow_2022,lean31,upper_shadow,2022,single
202208,0.073492434383982938,0.00050105725868059415,0.29457265765374391,0.12626642918750972,0.029396973753593177,0.037879928756252915,0.21162820270387681,0.27890510521372291,0.073969082582671611,-0.00047664819868867281,0.05955738932498264,0.17984178091740699,-0.053575351729897275,0.67048714826851163,0.29506921172814948,-0.0004965540744055752,-0.0087685653366897931,0.29501940378984592,-0.01611429857612301,0.2275996698115535,S4_lean31_upper_shadow_2022,lean31,upper_shadow,2022,single
202209,0.059475003734233166,0.0023958910919233936,0.29468914927352541,0.60376455516469518,0.023790001493693268,0.18112936654940856,0.21159325521794237,0.41651262326104421,0.056848213747941169,0.0026267899862919969,0.045776965534518717,0.58699600851301537,0.016768546651679817,0.44757193847320748,0.2946933905453471,-4.2412718216922052e-06,-0.014473027758561186,0.41043007088947697,0.0060825523715672403,0.15692427608333809,S4_lean31_upper_shadow_2022,lean31,upper_shadow,2022,single
202210,0.12076754766583846,0.0026067266651662903,0.3050507194635651,0.65689511962190517,0.048307019066335388,0.19706853588657156,0.20848478416093047,0.45386033911383739,0.12118277966584166,-0.00041523200000320726,0.048843924145622886,0.64477920737960004,0.012115912242305127,0.40409572944530264,0.30505048910197563,2.303615894705402e-07,0.014274783554567794,0.45039172734962396,0.0034686117642134251,0.13648385342546959,S4_lean31_upper_shadow_2022,lean31,upper_shadow,2022,single
202211,0.090696794525387578,0.001156700829271376,0.30604666829316091,0.29148860897638679,0.036278717810155035,0.087446582692916039,0.20818599951205174,0.33191130001512281,0.090439398724764919,0.00025739580062265899,0.063780353600968398,0.36923419228189347,-0.077745583305506683,0.18647914345696412,0.30395823607578415,0.0020884322173767567,0.0060364246685613576,0.35575854635173876,-0.023847246336615946,0.079644957076908218,S4_lean31_upper_shadow_2022,lean31,upper_shadow,2022,single
202212,0.083766319490241506,0.0029508272598457843,0.30156890417501253,0.74360846948113768,0.033506527796096607,0.22308254084434129,0.20952932874749625,0.46611839738793415,0.083203600396689781,0.00056271909355172511,0.074153250435725571,0.727757842626646,0.015850626854491678,0.70198430045321147,0.29827397485256318,0.003294929322449347,0.0014591072793079807,0.46212660049090076,0.0039917968970333839,0.23981885812646125,S4_lean31_upper_shadow_2022,lean31,upper_shadow,2022,single
202101,0.052624490303175453,0.00080420998464795189,0.50091913887116901,0.20266091613128387,0.021049796121270184,0.060798274839385158,0.1497242583386493,0.23157232929930466,0.056045103076887967,-0.0034206127737125142,0.012806570764332073,0.19265966871453724,0.010001247416746628,0.2181955551636684,0.53284924008448953,-0.031930101213320516,-0.044291516594108238,0.2203611698197695,0.01121115947953516,0.083868749833065831,S4_lean31_lower_shadow_2021,lean31,lower_shadow,2021,single
202102,0.10182547207192418,0.0030889233890325331,0.5604531748466538,0.77840869403619839,0.040730188828769671,0.23352260821085952,0.13186404754600387,0.40611684458563302,0.094972926606371466,0.006852545465552709,0.069991792839361203,0.63516949778726672,0.14323919624893167,0.79442672364527811,0.56221053587622316,-0.0017573610295693598,0.18321472467221672,0.35987685921586166,0.046239985369771364,0.21136031682766285,S4_lean31_lower_shadow_2021,lean31,lower_shadow,2021,single
202103,0.10953546549612138,0.0031025230911225143,0.44501091210424648,0.78183581896287357,0.043814186198448554,0.23455074568886206,0.16649672636872606,0.44486165825603663,0.10760280341530748,0.0019326620808138989,0.047768455751102896,0.80539828311141182,-0.023562464148538242,0.66967188476776607,0.45591765478868257,-0.010906742684436088,0.0007502134744470923,0.44788530986294178,-0.0030236516069051533,0.21978388368843682,S4_lean31_lower_shadow_2021,lean31,lower_shadow,2021,single
202104,0.071428161334364706,0.0025446158084935868,0.42914938564848581,0.64124318374038392,0.028571264533745883,0.19237295512211516,0.17125518430545425,0.39219940396131531,0.071427833570909247,3.2776345545992847e-07,0.048837103895528311,0.59595944168309811,0.045283742057285803,0.77600354033531549,0.46599107543933133,-0.036841689790845511,0.065375199075248414,0.36756164330149377,0.024637760659821539,0.23272334393623145,S4_lean31_lower_shadow_2021,lean31,lower_shadow,2021,single
202105,0.049346007407115769,0.0016658726533948995,0.36217451882063656,0.41979990865551464,0.019738402962846308,0.12593997259665438,0.19134764435380902,0.33702601991330972,0.046648280664908615,0.0026977267422071544,0.034289661005906281,0.37303013481103536,0.046769773844479279,0.24308460206985666,0.36088010823244926,0.0012944105881873003,-0.041366133956922402,0.32230432023953925,0.014721699673770461,0.099051085210396184,S4_lean31_lower_shadow_2021,lean31,lower_shadow,2021,single
202106,0.07669848182127588,0.002473984907242001,0.33153140244326923,0.62344419662498429,0.030679392728510353,0.18703325898749529,0.20054057926701924,0.41825323098302492,0.078286044890033796,-0.0015875630687579162,0.047941889428150752,0.5908939627879759,0.032550233837008391,0.65060725154976018,0.34468466941628173,-0.013153266973012501,-0.077673376501191826,0.40517720596752177,0.013076025015503145,0.23766094418654593,S4_lean31_lower_shadow_2021,lean31,lower_shadow,2021,single
202107,0.058366821282077527,0.002646033110539694,0.30017589192035249,0.66680034385600295,0.023346728512831011,0.20004010315680087,0.20994723242389424,0.43333406409352615,0.063484100002914587,-0.0051172787208370596,0.018524412440656259,0.69921624148133388,-0.032415897625330925,0.2251251573598127,0.33659663915845223,-0.036420747238099738,-0.0070863052718600494,0.43417952069803029,-0.00084545660450413562,0.07707320376576432,S4_lean31_lower_shadow_2021,lean31,lower_shadow,2021,single
202108,0.093953317486712706,0.0023461528865251205,0.27778178631081879,0.59123052740433035,0.037581326994685083,0.17736915822129909,0.21666546410675439,0.43161594932273856,0.094358199089499634,-0.00040488160278692731,0.045358491581236116,0.57438016073110865,0.016850366673221706,0.5204473342588134,0.30596744338520954,-0.028185657074390746,0.030592847307970628,0.41826709483956959,0.01334885448316897,0.16509974271774724,S4_lean31_lower_shadow_2021,lean31,lower_shadow,2021,single
202109,0.088228722915232649,0.0026652715673286548,0.26092216032580684,0.67164843496682103,0.035291489166093058,0.20149453049004631,0.22172335190225795,0.45850937155839733,0.091088217632016716,-0.0028594947167840667,0.063195953221042003,0.60678410919021752,0.064864325776603504,0.73482774112929528,0.28446982995997361,-0.023547669634166768,0.022510541399811568,0.43312957082187986,0.025379800736517466,0.23897354120726194,S4_lean31_lower_shadow_2021,lean31,lower_shadow,2021,single
202110,0.048074568692861426,0.00097073377063125184,0.17731395665647873,0.24462491019907545,0.019229827477144572,0.073387473059722638,0.24680581300305637,0.3394231135399236,0.052551529375521717,-0.0044769606826602915,0.0015146389095247806,0.31829699928937955,-0.073672089090304094,-0.062160487447663004,0.17226687247908831,0.0050470841773904151,-0.026814548496423923,0.36482964979329602,-0.025406536253372414,-0.009997926121561751,S4_lean31_lower_shadow_2021,lean31,lower_shadow,2021,single
202111,0.089647817390698728,0.0020519352829257709,0.12429827602255106,0.51708769129729426,0.035859126956279491,0.15512630738918828,0.26271051719323468,0.45369595153870246,0.088819275823758537,0.00082854156694019132,0.048586077393544688,0.55255957812264755,-0.035471886825353294,0.43604048467265594,0.13353333830754119,-0.0092350622849901309,-0.015016947068963393,0.46123558227403527,-0.007539630735332814,0.15475166047990369,S4_lean31_lower_shadow_2021,lean31,lower_shadow,2021,single
202112,0.064505019359425833,0.00045218419123423559,0.10332186425829833,0.11395041619102737,0.025802007743770335,0.034185124857308208,0.26900344072251048,0.32899057332358905,0.064650245353031793,-0.00014522599360596022,0.047436767282931641,0.11568047156695647,-0.0017300553759291015,0.31763434256796608,0.11328682735892812,-0.0099649631006297895,-0.0024267162131901138,0.32657819140362121,0.0024123819199678431,0.11499302454751953,S4_lean31_lower_shadow_2021,lean31,lower_shadow,2021,single
202201,0.11933031833353087,0.0037193708363111484,0.041616615397025297,0.93728145075040936,0.047732127333412352,0.28118443522512282,0.28751501538089241,0.6164315779394276,0.1186921992918047,0.00063811904172617062,0.058513762963409467,0.92377952745018677,0.013501923300222596,0.69843807026346361,0.064195888334832391,-0.022579272937807093,-0.0036653433802371835,0.60535197145132824,0.011079606488099358,0.23403652927847407,S4_lean31_lower_shadow_2022,lean31,lower_shadow,2022,single
202202,0.085679608362952284,0.0017494255749276441,0.038574451658889286,0.44085524488176631,0.034271843345180915,0.13225657346452988,0.2884276645023332,0.45495608131204401,0.083361754720232648,0.0023178536427196361,0.047793174137688237,0.45997653359356594,-0.019121288711799633,0.19570679516213604,0.042485899352875153,-0.0039114476939858672,-0.0062476603883027948,0.45859189216030027,-0.0036358108482562601,0.07970360632020701,S4_lean31_lower_shadow_2022,lean31,lower_shadow,2022,single
202203,0.067493182936011323,0.0011882565379511807,0.12729644889674852,0.29944064756369754,0.026997273174404531,0.089832194269109253,0.26181106533097542,0.37864053277448922,0.069631834405069315,-0.0021386514690579922,0.031611903407336772,0.31939979818897851,-0.019959150625280975,0.48415931271430857,0.17520924513267616,-0.047912796235927646,0.020101165458577291,0.37110989967891844,0.0075306330955707823,0.1518622055396541,S4_lean31_lower_shadow_2022,lean31,lower_shadow,2022,single
202204,0.087531008326661899,0.00091570704978167973,0.31672000196555822,0.23075817654498329,0.035012403330664764,0.069227452963494987,0.20498399941033252,0.30922385570449229,0.088999858603013404,-0.0014688502763515049,0.027796254282405307,0.38252574799564837,-0.15176757145066508,0.084953826619833306,0.35688806588213351,-0.040168063916575292,0.15393182118560583,0.34329124807525979,-0.034067392370767502,-0.0095748966567696381,S4_lean31_lower_shadow_2022,lean31,lower_shadow,2022,single
202205,0.14615487017942264,0.0029031597752043727,0.16009609564719765,0.73159626335150196,0.058461948071769056,0.21947887900545057,0.25197117130584068,0.52991199838306025,0.1434878553451556,0.0026670148342670397,0.047318911893857243,0.7215066192198728,0.010089644131629161,0.30237548431992634,0.1803523841029131,-0.020256288455715449,-0.014813628668250117,0.5197414126731501,0.01017058570991014,0.11408429865399577,S4_lean31_lower_shadow_2022,lean31,lower_shadow,2022,single
202206,0.097041727267799124,0.0011569679825387767,0.23102568382421301,0.29155593159977172,0.038816690907119651,0.08746677947993152,0.23069229485273607,0.35697576523978725,0.093722166724016509,0.0033195605437826153,0.03191276250131489,0.24027230475712014,0.051283626842651586,0.028148592227230596,0.23271575467332312,-0.0016900708491101035,0.0029366519783582401,0.33975583171474566,0.017219933525041586,0.020328687075187701,S4_lean31_lower_shadow_2022,lean31,lower_shadow,2022,single
202207,0.078747055615600359,0.0014080808156892864,0.29483998509551074,0.35483636555370018,0.031498822246240142,0.10645090966611005,0.21154800447134675,0.34949773638369697,0.074870355738565514,0.0038766998770348449,0.040327196513835414,0.24238659508172014,0.11244977047198004,0.069454685413344264,0.2944024163212583,0.00043756877425243923,0.0037623736522465201,0.31434339592356475,0.035154340460132216,0.035838572133863489,S4_lean31_lower_shadow_2022,lean31,lower_shadow,2022,single
202208,0.080016275796068306,0.00088333896043888522,0.29544140049173234,0.22260141803059907,0.032006510318427321,0.066780425409179722,0.21136757985248031,0.31015451558008733,0.073969082582671611,0.0060471932133966955,0.066081230737068009,0.17984178091740699,0.042759637113192084,0.76682213711160097,0.29506921172814948,0.00037218876358285913,-0.0078998224987013588,0.29501940378984592,0.015135111790241407,0.25884908017791791,S4_lean31_lower_shadow_2022,lean31,lower_shadow,2022,single
202209,0.057345193086978954,0.0025076266807707711,0.28952773518353014,0.63192192355423438,0.022938077234791583,0.18957657706627032,0.21314167944494095,0.42565633374600287,0.056848213747941169,0.00049697933903778552,0.043647154887264505,0.58699600851301537,0.044925915041219011,0.47572930686274667,0.2946933905453471,-0.0051656553618169565,-0.01963444184855645,0.41043007088947697,0.015226262856525896,0.16606798656829674,S4_lean31_lower_shadow_2022,lean31,lower_shadow,2022,single
202210,0.12092165010517178,0.0027697679822615904,0.29975753965439755,0.69798153152992082,0.048368660042068717,0.20939445945897625,0.21007273810368074,0.46783585760472568,0.12118277966584166,-0.00026112956066988435,0.048998026584956209,0.64477920737960004,0.053202324150320779,0.44518214135331829,0.30505048910197563,-0.0052929494475780769,0.0089816037454002462,0.45039172734962396,0.01744413025510172,0.15045937191635789,S4_lean31_lower_shadow_2022,lean31,lower_shadow,2022,single
202211,0.097330674730362929,0.0018459513414059055,0.30703936285542438,0.46517973803428819,0.038932269892145176,0.13955392141028644,0.20788819114337267,0.3863743824458043,0.090439398724764919,0.0068912760055980099,0.070414233805943749,0.36923419228189347,0.095945545752394723,0.36017027251486555,0.30395823607578415,0.0030811267796402309,0.0070291192308248318,0.35575854635173876,0.030615836094065541,0.1341080395075897,S4_lean31_lower_shadow_2022,lean31,lower_shadow,2022,single
202212,0.09115549804594357,0.0030783714712530152,0.29638970182523622,0.77574961075575988,0.036462199218377428,0.23272488322672796,0.21108308945242915,0.48027017189753451,0.083203600396689781,0.0079518976492537891,0.081542428991427635,0.727757842626646,0.047991768129113876,0.73412544172783367,0.29827397485256318,-0.0018842730273269659,-0.0037200950704683322,0.46212660049090076,0.018143571406633752,0.25397063263606162,S4_lean31_lower_shadow_2022,lean31,lower_shadow,2022,single
202101,0.057349991619890496,0.00084518939371115676,0.46775386850952766,0.2129877272152115,0.0229399966479562,0.063896318164563454,0.15967383944714167,0.24651015425966133,0.056045103076887967,0.0013048885430025289,0.017532072081047116,0.19265966871453724,0.020328058500674262,0.22852236624759603,0.53284924008448953,-0.065095371574961869,-0.07745678695574959,0.2203611698197695,0.026148984439891831,0.098806574793422502,S4_lean31_body_ratio_2021,lean31,body_ratio,2021,single
202102,0.094417139621783344,0.0022020973303034266,0.52626740873950029,0.55492852723646346,0.037766855848713338,0.16647855817093904,0.1421197773781499,0.34636519139780231,0.094972926606371466,-0.00055578698458812192,0.062583460389220372,0.63516949778726672,-0.080240970550803259,0.57094655684554318,0.56221053587622316,-0.035943127136722874,0.14902895856506321,0.35987685921586166,-0.013511667818059347,0.15160866363983214,S4_lean31_body_ratio_2021,lean31,body_ratio,2021,single
202103,0.10785940476439344,0.0030294671055752357,0.45104718002048683,0.76342571060495945,0.043143761905757382,0.22902771318148782,0.16468584599385394,0.43685732108109915,0.10760280341530748,0.00025660134908596366,0.046092395019374961,0.80539828311141182,-0.041972572506452366,0.65126177640985194,0.45591765478868257,-0.0048704747681957428,0.0067864813906874377,0.44788530986294178,-0.011027988781842635,0.21177954651349934,S4_lean31_body_ratio_2021,lean31,body_ratio,2021,single
202104,0.073806743118537771,0.0024136421923418921,0.40562424524510921,0.60823783247015684,0.02952269724741511,0.18247134974104703,0.17831272642646723,0.39030677341492936,0.071427833570909247,0.0023789095476285244,0.051215685679701375,0.59595944168309811,0.012278390787058724,0.74299818906508841,0.46599107543933133,-0.060366830194222121,0.041850058671871804,0.36756164330149377,0.022745130113435597,0.23083071338984551,S4_lean31_body_ratio_2021,lean31,body_ratio,2021,single
202105,0.046354668646912719,0.0014454948385492173,0.41124560610827965,0.36426469931440275,0.018541867458765088,0.10927940979432083,0.17662631816751609,0.30444759542060201,0.046648280664908615,-0.00029361201799589509,0.031298322245703232,0.37303013481103536,-0.008765435496632612,0.18754939272874477,0.36088010823244926,0.05036549787583039,0.0077049533307206874,0.32230432023953925,-0.017856724818937242,0.066472660717688481,S4_lean31_body_ratio_2021,lean31,body_ratio,2021,single
202106,0.078403668751421587,0.0023065783469512816,0.38581745134877998,0.58125774343172298,0.031361467500568639,0.17437732302951689,0.18425476459536599,0.38999355512545153,0.078286044890033796,0.00011762386138779168,0.04964707635829646,0.5908939627879759,-0.0096362193562529175,0.60842079835649887,0.34468466941628173,0.041132781932498252,-0.023387327595681073,0.40517720596752177,-0.01518365084207024,0.20940126832897255,S4_lean31_body_ratio_2021,lean31,body_ratio,2021,single
202107,0.061955824341207763,0.0027205353422547524,0.30389145017145691,0.68557490624819761,0.024782329736483106,0.20567247187445928,0.20883256494856292,0.43928736655950529,0.063484100002914587,-0.0015282756617068238,0.022113415499786494,0.69921624148133388,-0.013641335233136265,0.24389971975200736,0.33659663915845223,-0.032705188986995315,-0.0033707470207556267,0.43417952069803029,0.0051078458614750022,0.083026506231743458,S4_lean31_body_ratio_2021,lean31,body_ratio,2021,single
202108,0.092660713170219677,0.0023802559083661219,0.30329507407506912,0.59982448890826268,0.037064285268087874,0.1799473466724788,0.20901147777747928,0.42602310971804591,0.094358199089499634,-0.0016974859192799563,0.044065887264743087,0.57438016073110865,0.02544432817715403,0.52904129576274572,0.30596744338520954,-0.0026723693101404211,0.056106135072220953,0.41826709483956959,0.007756014878476325,0.1595069031130546,S4_lean31_body_ratio_2021,lean31,body_ratio,2021,single
202109,0.090446558795052784,0.0026959072014008196,0.26682065215293838,0.67936861475300658,0.036178623518021112,0.20381058442590197,0.21995380435411849,0.45994301229804158,0.091088217632016716,-0.000641658836963932,0.065413789100862138,0.60678410919021752,0.072584505562789059,0.74254792091548083,0.28446982995997361,-0.017649177807035232,0.028409033226943103,0.43312957082187986,0.026813441476161715,0.24040718194690619,S4_lean31_body_ratio_2021,lean31,body_ratio,2021,single
202110,0.051670533768412574,0.0011305684312023297,0.19058052589069829,0.28490324466298705,0.02066821350736503,0.085470973398896116,0.2428258422327905,0.34896502913905164,0.052551529375521717,-0.00088099560710914321,0.0051106039850759288,0.31829699928937955,-0.033393754626392491,-0.021882152983751402,0.17226687247908831,0.018313653411609981,-0.013547979262204357,0.36482964979329602,-0.015864620654244377,-0.00045601052243371409,S4_lean31_body_ratio_2021,lean31,body_ratio,2021,single
202111,0.089279165508138178,0.0023340340623105014,0.14345248725334178,0.58817658370224635,0.03571166620325527,0.1764529751106739,0.25696425382399746,0.46912889513792666,0.088819275823758537,0.00045988968437964128,0.048217425510984138,0.55255957812264755,0.035617005579598793,0.50712937707760808,0.13353333830754119,0.0099191489458005933,0.0041372641618273309,0.46123558227403527,0.0078933128638913885,0.17018460407912789,S4_lean31_body_ratio_2021,lean31,body_ratio,2021,single
202112,0.066118249569311199,0.00069259340488232973,0.10585372244459344,0.1745335380303471,0.02644729982772448,0.052360061409104132,0.26824388326662196,0.3470512445034506,0.064650245353031793,0.001468004216279406,0.049049997492817007,0.11568047156695647,0.058853066463390627,0.37821746440728576,0.11328682735892812,-0.0074331049143346734,0.0001051419731050024,0.32657819140362121,0.020473053099829386,0.13305369572738107,S4_lean31_body_ratio_2021,lean31,body_ratio,2021,single
202201,0.11847646075063249,0.0034668958594887811,0.077431619314032363,0.87365775659117284,0.047390584300253003,0.26209732697735183,0.2767705142057903,0.58625842548339513,0.1186921992918047,-0.00021573854117221125,0.057659905380511085,0.92377952745018677,-0.050121770859013925,0.63481437610422708,0.064195888334832391,0.013235730979199972,0.032149660536769882,0.60535197145132824,-0.019093545967933112,0.2038633768224416,S4_lean31_body_ratio_2022,lean31,body_ratio,2022,single
202202,0.082160278792048305,0.0016816242864686401,0.041712344903784643,0.42376932019009728,0.032864111516819325,0.12713079605702918,0.28748629652886459,0.44748120410271308,0.083361754720232648,-0.0012014759281843423,0.044273844566784258,0.45997653359356594,-0.036207213403468663,0.17862087047046701,0.042485899352875153,-0.00077355444909051052,-0.0031097671434074381,0.45859189216030027,-0.011110688057587192,0.072228729110876078,S4_lean31_body_ratio_2022,lean31,body_ratio,2022,single
202203,0.068739232363055944,0.0012733279998373081,0.1741368529737862,0.32087865595900161,0.027495692945222378,0.096263596787700481,0.24775894410786412,0.37151823384078697,0.069631834405069315,-0.00089260204201337123,0.032857952834381393,0.31939979818897851,0.0014788577700231009,0.50559732110961264,0.17520924513267616,-0.0010723921588899621,0.066941569535614975,0.37110989967891844,0.00040833416186852878,0.14473990660595185,S4_lean31_body_ratio_2022,lean31,body_ratio,2022,single
202204,0.089316046904687613,0.0011481855640246696,0.37753586149781432,0.28934276213421672,0.035726418761875045,0.08680282864026502,0.18673924155065569,0.30926848895279574,0.088999858603013404,0.00031618830167420842,0.02958129286043102,0.38252574799564837,-0.093182985861431644,0.14353841220906674,0.35688806588213351,0.020647795615680808,0.21474768071786193,0.34329124807525979,-0.034022759122464052,-0.0095302634084661886,S4_lean31_body_ratio_2022,lean31,body_ratio,2022,single
202205,0.14355774106121569,0.0028093655668701145,0.21575690634597849,0.70796012285126886,0.057423096424486279,0.21238803685538066,0.23527292809620642,0.50508406137607342,0.1434878553451556,6.9885716060091863e-05,0.044721782775650296,0.7215066192198728,-0.013546496368603944,0.27873934381969323,0.1803523841029131,0.035404522243065395,0.040847182030530726,0.5197414126731501,-0.014657351297076682,0.089256361647008953,S4_lean31_body_ratio_2022,lean31,body_ratio,2022,single
202206,0.09283690771488573,0.00083495539905750825,0.23174315541644766,0.21040876056249208,0.037134763085954293,0.063122628168747627,0.23047705337506569,0.33073444462976764,0.093722166724016509,-0.00088525900913077882,0.027707942948401496,0.24027230475712014,-0.029863544194628056,-0.052998578810049046,0.23271575467332312,-0.00097259925687545601,0.0036541235705928876,0.33975583171474566,-0.0090213870849780164,-0.0059126335348319015,S4_lean31_body_ratio_2022,lean31,body_ratio,2022,single
202207,0.076553297979976898,0.0010934012303821486,0.29516524137219824,0.27553711005630144,0.030621319191990761,0.082661133016890431,0.21145042758834051,0.32473287979722171,0.074870355738565514,0.0016829422414113837,0.038133438878211953,0.24238659508172014,0.033150514974581297,-0.0098445700840544825,0.2944024163212583,0.00076282505093994146,0.0040876299289340223,0.31434339592356475,0.010389483873656957,0.01107371554738823,S4_lean31_body_ratio_2022,lean31,body_ratio,2022,single
202208,0.072997766978797493,0.00072337560985394778,0.29687109180208604,0.18229065368319483,0.029199106791518999,0.054687196104958445,0.21093867245937417,0.29482497535585162,0.073969082582671611,-0.00097131560387411775,0.059062721919797195,0.17984178091740699,0.0024488727657878406,0.72651137276419675,0.29506921172814948,0.001801880073936557,-0.0064701311883476609,0.29501940378984592,-0.0001944284339943092,0.2435195399536822,S4_lean31_body_ratio_2022,lean31,body_ratio,2022,single
202209,0.057402244326559541,0.0023433435150587317,0.29131627078642031,0.59052256579480034,0.022960897730623819,0.17715676973844011,0.2126051187640739,0.41272278623313785,0.056848213747941169,0.00055403057861837246,0.043704206126845092,0.58699600851301537,0.00352655728178497,0.43432994910331263,0.2946933905453471,-0.0033771197589267943,-0.017845906245666288,0.41043007088947697,0.0022927153436608783,0.15313443905543173,S4_lean31_body_ratio_2022,lean31,body_ratio,2022,single
202210,0.11943907775316433,0.00276348890752577,0.30266202815807652,0.69639920469649408,0.047775631101265731,0.20891976140894822,0.20920139155257703,0.465896784062791,0.12118277966584166,-0.0017437019126773368,0.047515454232948756,0.64477920737960004,0.05161999731689404,0.44359981451989156,0.30505048910197563,-0.0023884609438991067,0.011886092249079216,0.45039172734962396,0.015505056713167042,0.14852029837442321,S4_lean31_body_ratio_2022,lean31,body_ratio,2022,single
202211,0.090617401586819607,0.001413456470594703,0.3067713108665282,0.35619103058986512,0.036246960634727841,0.10685730917695953,0.20796860674004153,0.35107287655172892,0.090439398724764919,0.00017800286205468807,0.063700960662400441,0.36923419228189347,-0.013043161692028349,0.25118156507044243,0.30395823607578415,0.0028130747907440523,0.0067610672419286533,0.35575854635173876,-0.0046856698000098396,0.098806533613514325,S4_lean31_body_ratio_2022,lean31,body_ratio,2022,single
202212,0.085217254202061152,0.0028176323612714746,0.29914655669538576,0.71004335504041161,0.034086901680824462,0.21301300651212349,0.21025603299138429,0.4573559411843322,0.083203600396689781,0.002013653805371371,0.075604185147545216,0.727757842626646,-0.017714487586234395,0.6684191860124854,0.29827397485256318,0.0008725818428225729,-0.00096324020031879343,0.46212660049090076,-0.0047706593065685587,0.23105640192285931,S4_lean31_body_ratio_2022,lean31,body_ratio,2022,single
202101,0.053962848048843937,0.00038102471029928281,0.50242443761226185,0.096018226995419273,0.021585139219537575,0.028805468098625782,0.14927266871632144,0.1996632760344848,0.056045103076887967,-0.0020822550280440305,0.014144928510000557,0.19265966871453724,-0.096641441719117968,0.11155286602780382,0.53284924008448953,-0.030424802472227674,-0.042786217853015396,0.2203611698197695,-0.020697893785284693,0.051959696568245978,S4_lean31_bias_20d_2021,lean31,bias_20d,2021,single
202102,0.09536892403681764,0.0024897809125914326,0.48482108665869267,0.62742478997304096,0.03814756961472706,0.18822743699191227,0.1545536740023922,0.38092868060903151,0.094972926606371466,0.00039599743044617386,0.063535244804254667,0.63516949778726672,-0.0077447078142257597,0.64344281958212068,0.56221053587622316,-0.077389449217530493,0.10758263648425559,0.35987685921586166,0.021051821393169856,0.18617215285106134,S4_lean31_bias_20d_2021,lean31,bias_20d,2021,single
202103,0.10722052466792242,0.0030670615523483778,0.46933805381419252,0.77289951119179123,0.042888209867168972,0.23186985335753735,0.15919858385574226,0.43395664708044857,0.10760280341530748,-0.00038227874738505641,0.045453514922903941,0.80539828311141182,-0.032498771919620584,0.66073557699668373,0.45591765478868257,0.013420399025509955,0.025077355184393135,0.44788530986294178,-0.013928662782493217,0.20887887251284876,S4_lean31_bias_20d_2021,lean31,bias_20d,2021,single
202104,0.071496313170745548,0.0025527929314640508,0.40649423975204713,0.64330381872894082,0.02859852526829822,0.19299114561868225,0.17805172807438585,0.3996413989613663,0.071427833570909247,6.8479599836301919e-05,0.048905255731909153,0.59595944168309811,0.047344377045842712,0.7780641753238724,0.46599107543933133,-0.0594968356872842,0.042720053178809725,0.36756164330149377,0.032079755659872533,0.24016533893628245,S4_lean31_bias_20d_2021,lean31,bias_20d,2021,single
202105,0.047558380399587798,0.0015342348284061022,0.37647401855386409,0.38662717675833774,0.019023352159835121,0.11598815302750132,0.18705779443384077,0.3220692996211772,0.046648280664908615,0.00091009973467918309,0.03250203399837831,0.37303013481103536,0.01359704194730238,0.20991187017267976,0.36088010823244926,0.015593910321414828,-0.027066634223694874,0.32230432023953925,-0.00023502061836205845,0.084094364918263664,S4_lean31_bias_20d_2021,lean31,bias_20d,2021,single
202106,0.077053058992249096,0.0022434065522744079,0.38864589275692363,0.56533845117315085,0.030821223596899639,0.16960153535194525,0.1834062321729229,0.38382899112176783,0.078286044890033796,-0.0012329858977846997,0.048296466599123969,0.5908939627879759,-0.025555511614825055,0.59250150609792673,0.34468466941628173,0.043961223340641897,-0.020558886187537428,0.40517720596752177,-0.021348214845753943,0.20323670432528884,S4_lean31_bias_20d_2021,lean31,bias_20d,2021,single
202107,0.063033357505154083,0.0028565661483193681,0.33112310477394397,0.71985466937648079,0.025213343002061635,0.21595640081294423,0.20066306856781679,0.44183281238282268,0.063484100002914587,-0.00045074249776050346,0.023190948663732815,0.69921624148133388,0.020638427895146916,0.27817948288029054,0.33659663915845223,-0.0054735343845082607,0.023860907581731428,0.43417952069803029,0.007653291684792396,0.085571952055060851,S4_lean31_bias_20d_2021,lean31,bias_20d,2021,single
202108,0.091093895512537451,0.0022382986762573154,0.30444472941407219,0.56405126641684344,0.036437558205014979,0.16921537992505303,0.20866658117577833,0.41431951930584632,0.094358199089499634,-0.0032643035769621825,0.04249906960706086,0.57438016073110865,-0.010328894314265202,0.49326807327132643,0.30596744338520954,-0.0015227139711373461,0.057255790411224028,0.41826709483956959,-0.0039475755337232687,0.14780331270085501,S4_lean31_bias_20d_2021,lean31,bias_20d,2021,single
202109,0.090707637430239393,0.0026894530502699189,0.23403531293011759,0.67774216866801962,0.03628305497209576,0.20332265060040589,0.22978940612096471,0.46939511169346637,0.091088217632016716,-0.00038058020177732244,0.065674867736048748,0.60678410919021752,0.070958059477802093,0.74092147483049386,0.28446982995997361,-0.050434517029856019,-0.0043763059958776829,0.43312957082187986,0.03626554087158651,0.24985928134233099,S4_lean31_bias_20d_2021,lean31,bias_20d,2021,single
202110,0.053898149803732413,0.00090363065981666777,0.16784779930733168,0.22771492627380027,0.021559259921492966,0.068314477882140082,0.24964566020780046,0.33951939801143349,0.052551529375521717,0.0013466204282106958,0.0073382200203957679,0.31829699928937955,-0.090582073015579273,-0.079070471372938184,0.17226687247908831,-0.0044190731717566323,-0.036280705845570971,0.36482964979329602,-0.025310251781862525,-0.0099016416500518623,S4_lean31_bias_20d_2021,lean31,bias_20d,2021,single
202111,0.091158079237328049,0.0025406847761398114,0.13532175402672431,0.64025256358723248,0.036463231694931222,0.19207576907616974,0.2594034737919827,0.48794247456308365,0.088819275823758537,0.0023388034135695124,0.050096339240174009,0.55255957812264755,0.087692985464584927,0.55920535696259421,0.13353333830754119,0.0017884157191831174,-0.003993469064790145,0.46123558227403527,0.026706892289048378,0.18899818350428488,S4_lean31_bias_20d_2021,lean31,bias_20d,2021,single
202112,0.063875297044822879,0.00046886994071587619,0.11406383225295466,0.1181552250604008,0.025550118817929152,0.035446567518120239,0.26578085032411358,0.32677753666016296,0.064650245353031793,-0.00077494830820891425,0.046807044968328687,0.11568047156695647,0.0024747534934443233,0.32183915143733949,0.11328682735892812,0.00077700489402654505,0.0083152517814662208,0.32657819140362121,0.00019934525654174973,0.11277998788409344,S4_lean31_bias_20d_2021,lean31,bias_20d,2021,single
202201,0.11833214117265241,0.0037025719531119938,0.046469016512032335,0.93304813218422245,0.047332856469060963,0.27991443965526674,0.28605929504639033,0.61330659117071806,0.1186921992918047,-0.00036005811915229557,0.057515585802531001,0.92377952745018677,0.0092686047340356792,0.69420475169727669,0.064195888334832391,-0.017726871822800055,0.0011870577347698544,0.60535197145132824,0.0079546197193898216,0.23091154250976453,S4_lean31_bias_20d_2022,lean31,bias_20d,2022,single
202202,0.084053441261285042,0.0017993613453088956,0.041436668411127926,0.45343905901784171,0.033621376504514015,0.1360317177053525,0.28756899947666159,0.45722209368652811,0.083361754720232648,0.00069168654105239424,0.046167007036020995,0.45997653359356594,-0.0065374745757242336,0.20829060929821144,0.042485899352875153,-0.001049230941747227,-0.0033854436360641546,0.45859189216030027,-0.0013697984737721658,0.081969618694691104,S4_lean31_bias_20d_2022,lean31,bias_20d,2022,single
202203,0.059842980487928452,0.00066253829965041305,0.13264606373030771,0.16695965151190409,0.023937192195171382,0.050087895453571223,0.26020618088090769,0.33423126852965029,0.069631834405069315,-0.0097888539171408634,0.023961700959253901,0.31939979818897851,-0.15244014667707442,0.35167831666251514,0.17520924513267616,-0.04256318140236845,0.025450780292136488,0.37110989967891844,-0.036878631149268148,0.10745294129481517,S4_lean31_bias_20d_2022,lean31,bias_20d,2022,single
202204,0.085808460366010766,0.0013712272636356791,0.28905956161487506,0.3455492704361911,0.034323384146404311,0.10366478113085732,0.21328213151553749,0.35127029679279909,0.088999858603013404,-0.0031913982370026378,0.026073706321754174,0.38252574799564837,-0.036976477559457266,0.19974492051104112,0.35688806588213351,-0.067828504267258449,0.12627138083492268,0.34329124807525979,0.0079790487175392943,0.032471544431537158,S4_lean31_bias_20d_2022,lean31,bias_20d,2022,single
202205,0.14667358307887554,0.0026628101128448852,0.17028555414125912,0.67102814843691105,0.058669433231550217,0.2013084445310733,0.24891433375762226,0.50889221152024577,0.1434878553451556,0.0031857277337199452,0.047837624793310149,0.7215066192198728,-0.050478470782961748,0.24180736940533543,0.1803523841029131,-0.010066829961653978,-0.0046241701741886465,0.5197414126731501,-0.010849201152904331,0.093064511791181304,S4_lean31_bias_20d_2022,lean31,bias_20d,2022,single
202206,0.094595541541051237,0.0011687525264156046,0.23648196772032309,0.29452563665673237,0.037838216616420499,0.088357690997019706,0.22905540968390303,0.35525131729734327,0.093722166724016509,0.00087337481703472775,0.029466576774567002,0.24027230475712014,0.054253331899612234,0.031118297284191243,0.23271575467332312,0.0037662130469999777,0.0083929358744683213,0.33975583171474566,0.015495485582597612,0.018604239132743727,S4_lean31_bias_20d_2022,lean31,bias_20d,2022,single
202207,0.080166014034114136,0.0012772492240322672,0.29759823891979387,0.32186680445613131,0.032066405613645654,0.096560041336839389,0.21072052832406182,0.33934697527454682,0.074870355738565514,0.005295658295548622,0.041746154932349192,0.24238659508172014,0.079480209374411165,0.036485124315775386,0.2944024163212583,0.0031958225985355693,0.0065206274765296501,0.31434339592356475,0.025003579350982075,0.025687811024713347,S4_lean31_bias_20d_2022,lean31,bias_20d,2022,single
202208,0.073921140822069617,0.00057524478449967544,0.29970422213221498,0.14496168569391821,0.029568456328827847,0.043488505708175459,0.21008873336033548,0.2831456953973388,0.073969082582671611,-4.7941760601993844e-05,0.059986095763069319,0.17984178091740699,-0.034880095223488783,0.6891824047749201,0.29506921172814948,0.0046350104040654982,-0.0036370008582187197,0.29501940378984592,-0.011873708392507121,0.23184025999516938,S4_lean31_bias_20d_2022,lean31,bias_20d,2022,single
202209,0.051007604891310544,0.0018754092149054584,0.30748777652861292,0.4726031221561755,0.020403041956524218,0.14178093664685265,0.20775366704141612,0.36993764564479298,0.056848213747941169,-0.0058406088566306247,0.037309566691596095,0.58699600851301537,-0.11439288635683986,0.3164105054646878,0.2946933905453471,0.012794385983265821,-0.001674400503473672,0.41043007088947697,-0.040492425244683994,0.11034929846708685,S4_lean31_bias_20d_2022,lean31,bias_20d,2022,single
202210,0.11732264630069,0.0028312763221327465,0.31038018778465015,0.71348163317745206,0.046929058520276005,0.21404448995323561,0.20688594366460494,0.46785949213811656,0.12118277966584166,-0.0038601333651516606,0.045399022780474432,0.64477920737960004,0.068702425797852018,0.46068224300084953,0.30505048910197563,0.0053296986826745218,0.019604251875652845,0.45039172734962396,0.017467764788492601,0.15048300644974877,S4_lean31_bias_20d_2022,lean31,bias_20d,2022,single
202211,0.094388987049634082,0.0014342854663962875,0.30880228167759105,0.36143993753186443,0.037755594819853633,0.10843198125955933,0.20735931549672268,0.35354689157613561,0.090439398724764919,0.0039495883248691632,0.067472546125214916,0.36923419228189347,-0.0077942547500290393,0.25643047201244173,0.30395823607578415,0.0048440456018069011,0.0087920380529915021,0.35575854635173876,-0.0022116547756031446,0.10128054863792102,S4_lean31_bias_20d_2022,lean31,bias_20d,2022,single
202212,0.086881649150732793,0.0026229827961218133,0.30745327953301471,0.66099166462269698,0.034752659660293117,0.1982974993868091,0.20776401614009557,0.44081417518719779,0.083203600396689781,0.0036780487540430118,0.077268580096216857,0.727757842626646,-0.066766178003949017,0.61936749559477078,0.29827397485256318,0.0091793046804515277,0.0073434826373101614,0.46212660049090076,-0.021312425303702975,0.21451463592572489,S4_lean31_bias_20d_2022,lean31,bias_20d,2022,single
202101,0.058953238369477058,0.00073257348020943128,0.5172995273737655,0.1846085170127767,0.023581295347790826,0.055382555103833005,0.14481014178787036,0.22377399223949418,0.056045103076887967,0.002908135292589091,0.019135318830633678,0.19265966871453724,-0.008051151701760545,0.20014315604516122,0.53284924008448953,-0.015549712710724028,-0.02791112809151175,0.2203611698197695,0.0034128224197246815,0.076070412773255353,S4_lean31_bias_60d_2021,lean31,bias_60d,2021,single
202102,0.097143738542284044,0.0026233149739114318,0.54073914796425826,0.66107537342568079,0.038857495416913621,0.19832261202770424,0.13777825561072252,0.37495836305534036,0.094972926606371466,0.0021708119359125783,0.065310059309721072,0.63516949778726672,0.025905875638414066,0.67709340303476051,0.56221053587622316,-0.021471387911964901,0.16350069778982118,0.35987685921586166,0.015081503839478705,0.18020183529737019,S4_lean31_bias_60d_2021,lean31,bias_60d,2021,single
202103,0.10665345637702113,0.0028820747156765364,0.37158207870564863,0.72628282835048719,0.042661382550808452,0.21788484850514614,0.18852537638830541,0.44907160744426,0.10760280341530748,-0.00094934703828634948,0.044886446632002648,0.80539828311141182,-0.079115454760924631,0.61411889415537968,0.45591765478868257,-0.084335576083033936,-0.072678619924150756,0.44788530986294178,0.0011862975813182186,0.22399383287666019,S4_lean31_bias_60d_2021,lean31,bias_60d,2021,single
202104,0.072313427063139313,0.002447548854987837,0.50447020206139381,0.61678231145693496,0.028925370825255727,0.18503469343708048,0.14865893938158184,0.36261900364391808,0.071427833570909247,0.00088559349223006623,0.049722369624302917,0.59595944168309811,0.02082286977383685,0.75154266805186654,0.46599107543933133,0.038479126622062487,0.14069601548815641,0.36756164330149377,-0.004942639657575687,0.20314294361883423,S4_lean31_bias_60d_2021,lean31,bias_60d,2021,single
202105,0.046740274508865871,0.0011698803880374744,0.41800443271738413,0.29480985778544355,0.01869610980354635,0.088442957335633066,0.17459867018478473,0.28173773732396412,0.046648280664908615,9.1993843957256793e-05,0.031683928107656384,0.37303013481103536,-0.078220277025591811,0.11809455119978557,0.36088010823244926,0.057124324484934874,0.014463779939825172,0.32230432023953925,-0.040566582915575133,0.043762802621050589,S4_lean31_bias_60d_2021,lean31,bias_60d,2021,single
202106,0.078507559935874147,0.0022087555160040778,0.40047280478151076,0.55660639003302759,0.031403023974349659,0.16698191700990828,0.17985815856554679,0.37824309954980473,0.078286044890033796,0.00022151504584035087,0.049750967542749019,0.5908939627879759,-0.034287572754948314,0.58376944495780347,0.34468466941628173,0.05578813536522903,-0.0087319741629502956,0.40517720596752177,-0.026934106417717041,0.19765081275332574,S4_lean31_bias_60d_2021,lean31,bias_60d,2021,single
202107,0.062691504381108251,0.0028521939254216385,0.34220103812928426,0.71875286920625292,0.025076601752443303,0.21562586076187587,0.19733968856121473,0.4380421510755339,0.063484100002914587,-0.00079259562180633569,0.022849095539686982,0.69921624148133388,0.019536627724919042,0.27707768271006267,0.33659663915845223,0.0056043989708320363,0.034938840937071725,0.43417952069803029,0.0038626303775036175,0.081781290747772073,S4_lean31_bias_60d_2021,lean31,bias_60d,2021,single
202108,0.095679098944582208,0.0025114383542597079,0.29703135070049885,0.63288246527344638,0.038271639577832889,0.1898647395820339,0.21089059478985031,0.43902697394971713,0.094358199089499634,0.0013208998550825746,0.047084273039105617,0.57438016073110865,0.058502304542337735,0.56209927212792943,0.30596744338520954,-0.0089360926847106836,0.04984241169765069,0.41826709483956959,0.020759879110147539,0.17251076734472581,S4_lean31_bias_60d_2021,lean31,bias_60d,2021,single
202109,0.090398930960938165,0.0024416988127086954,0.24507964415808789,0.61530810080259124,0.036159572384375269,0.18459243024077737,0.22647610675257362,0.44722810937772628,0.091088217632016716,-0.00068928667107855113,0.065366161266747519,0.60678410919021752,0.0085239916123737158,0.67848740696506549,0.28446982995997361,-0.039390185801885719,0.006668025232092617,0.43312957082187986,0.014098538555846418,0.22769227902659089,S4_lean31_bias_60d_2021,lean31,bias_60d,2021,single
202110,0.053145718993342736,0.0012751609772997093,0.16645574418099018,0.32134056627952673,0.021258287597337097,0.09640216988385801,0.25006327674570294,0.36772373422689808,0.052551529375521717,0.00059418961782101848,0.0065857892100060905,0.31829699928937955,0.003043566990147184,0.014555168632788273,0.17226687247908831,-0.0058111282980981283,-0.037672760971912467,0.36482964979329602,0.0028940844336020621,0.018302694565412725,S4_lean31_bias_60d_2021,lean31,bias_60d,2021,single
202111,0.088669781764211072,0.0021260515353392624,0.14806460969663057,0.53576498690549412,0.035467912705684432,0.16072949607164824,0.25558061709101082,0.45177802586834348,0.088819275823758537,-0.0001494940595474642,0.047608041767057033,0.55255957812264755,-0.016794591217153432,0.4547177802808558,0.13353333830754119,0.014531271389089384,0.0087493866051161218,0.46123558227403527,-0.0094575564056917916,0.15283373480954471,S4_lean31_bias_60d_2021,lean31,bias_60d,2021,single
202112,0.064534488140085444,0.00048452929426640192,0.11444100306395698,0.12210138215513329,0.02581379525603418,0.036630414646539988,0.26566769908081289,0.32811190898338705,0.064650245353031793,-0.00011575721294634911,0.047466236063591252,0.11568047156695647,0.0064209105881768147,0.32578530853207199,0.11328682735892812,0.001154175705028862,0.0086924225924685378,0.32657819140362121,0.0015337175797658364,0.11411436020731752,S4_lean31_bias_60d_2021,lean31,bias_60d,2021,single
202201,0.1183398751683188,0.0035372754831833331,0.043211407155363854,0.89139342176219993,0.04733595006732752,0.26741802652865998,0.28703657785339082,0.60179055444937823,0.1186921992918047,-0.00035232412348590314,0.057523319798197393,0.92377952745018677,-0.032386105687986833,0.65255004127525418,0.064195888334832391,-0.020984481179468537,-0.0020705516218986267,0.60535197145132824,-0.0035614170019500069,0.21939550578842471,S4_lean31_bias_60d_2022,lean31,bias_60d,2022,single
202202,0.076915240356779602,0.0010869308793592328,0.041436996548972864,0.27390658159852665,0.030766096142711842,0.082171974479557999,0.28756890103530813,0.40050697165757798,0.083361754720232648,-0.0064465143634530458,0.039028806131515555,0.45997653359356594,-0.18606995199503928,0.028758131878896392,0.042485899352875153,-0.0010489028039022893,-0.0033851154982192169,0.45859189216030027,-0.058084920502722293,0.025254496665740978,S4_lean31_bias_60d_2022,lean31,bias_60d,2022,single
202203,0.069201040946517578,0.0012909528758065316,0.11925395894831571,0.32532012470324595,0.027680416378607034,0.097596037410973779,0.26422381231550529,0.38950026610508609,0.069631834405069315,-0.00043079345855173701,0.033319761417843027,0.31939979818897851,0.0059203265142674377,0.51003878985385698,0.17520924513267616,-0.05595528618436045,0.012058675510144487,0.37110989967891844,0.018390366426167648,0.16272193887025097,S4_lean31_bias_60d_2022,lean31,bias_60d,2022,single
202204,0.088382684066544204,0.0015504633901885772,0.27011000848686945,0.39071677432752144,0.03535307362661768,0.11721503229825643,0.21896699745393913,0.37153510337881324,0.088999858603013404,-0.00061717453646920051,0.028647930022287611,0.38252574799564837,0.0081910263318730747,0.24491242440237146,0.35688806588213351,-0.086778057395264063,0.10732182770691706,0.34329124807525979,0.028243855303553445,0.052736351017551308,S4_lean31_bias_60d_2022,lean31,bias_60d,2022,single
202205,0.13994913250650018,0.0027738339489380478,0.16499655749907252,0.69900615513238806,0.055979653002600077,0.20970184653971641,0.25050103275027824,0.5161825322925947,0.1434878553451556,-0.003538722838655417,0.041113174220934787,0.7215066192198728,-0.022500464087484739,0.26978537610081244,0.1803523841029131,-0.015355826603840578,-0.0099131668163752462,0.5197414126731501,-0.003558880380555407,0.10035483256353023,S4_lean31_bias_60d_2022,lean31,bias_60d,2022,single
202206,0.092104137487188237,0.00084912384750916443,0.23546881389462201,0.21397920957230943,0.036841654994875295,0.06419376287169283,0.22935935583161338,0.33039477369818149,0.093722166724016509,-0.0016180292368282723,0.026975172720704002,0.24027230475712014,-0.026293095184810711,-0.049428129800231702,0.23271575467332312,0.002753059221298898,0.0073797820487672416,0.33975583171474566,-0.0093610580165641721,-0.0062523044664180571,S4_lean31_bias_60d_2022,lean31,bias_60d,2022,single
202207,0.075828241150439651,0.0012173193764373075,0.29791193865288756,0.30676448286220148,0.030331296460175863,0.092029344858660447,0.21062641840413374,0.33298705972297005,0.074870355738565514,0.00095788541187413756,0.037408382048674707,0.24238659508172014,0.064377887780481341,0.021382802721845562,0.2944024163212583,0.0035095223316292667,0.0068343272096233476,0.31434339592356475,0.018643663799405297,0.019327895473136569,S4_lean31_bias_60d_2022,lean31,bias_60d,2022,single
202208,0.073549696071824586,0.00073035781225731637,0.29645196516434835,0.18405016868884372,0.029419878428729836,0.055215050606653111,0.21106441045069549,0.29569933948607841,0.073969082582671611,-0.00041938651084702516,0.059614651012824288,0.17984178091740699,0.0042083877714367279,0.72827088776984561,0.29506921172814948,0.0013827534361988691,-0.0068892578260853488,0.29501940378984592,0.00067993569623248096,0.24439390408390899,S4_lean31_bias_60d_2022,lean31,bias_60d,2022,single
202209,0.056699365970354965,0.0021729212464949763,0.29393736272893106,0.54757615411673399,0.022679746388141988,0.1642728462350202,0.21181879118132069,0.39877138380448285,0.056848213747941169,-0.00014884777758620432,0.043001327770640516,0.58699600851301537,-0.039419854396281373,0.39138353742524629,0.2946933905453471,-0.00075602781641603833,-0.015224814303155532,0.41043007088947697,-0.011658687084994124,0.13918303662677672,S4_lean31_bias_60d_2022,lean31,bias_60d,2022,single
202210,0.11213370695859251,0.0026209025261153488,0.29982918017246041,0.66046743658106788,0.04485348278343701,0.19814023097432035,0.21005124594826188,0.45304495970601921,0.12118277966584166,-0.0090490727072491534,0.04021008343837694,0.64477920737960004,0.01568822920146784,0.40766804640446536,0.30505048910197563,-0.0052213089295152226,0.0090532442634631005,0.45039172734962396,0.002653232356395252,0.13566847401765142,S4_lean31_bias_60d_2022,lean31,bias_60d,2022,single
202211,0.089787399495854459,0.0014491449409452829,0.30707822305983939,0.36518452511821131,0.035914959798341785,0.10955535753546339,0.20787653308204815,0.35334685041585334,0.090439398724764919,-0.00065199922891046036,0.062870958571435293,0.36923419228189347,-0.004049667163682158,0.26017505959878862,0.30395823607578415,0.0031199869840552452,0.0070679794352398462,0.35575854635173876,-0.0024116959358854162,0.10108050747763875,S4_lean31_bias_60d_2022,lean31,bias_60d,2022,single
202212,0.083388821862936224,0.0027229135703518582,0.29575597512293111,0.68617421972866821,0.033355528745174494,0.20585226591860045,0.21127320746312067,0.45048100212689562,0.083203600396689781,0.00018522146624644353,0.073775752808420289,0.727757842626646,-0.04158362289797779,0.64455005070074201,0.29827397485256318,-0.00251799972963207,-0.0043538217727734363,0.46212660049090076,-0.011645598364005139,0.22418146286542273,S4_lean31_bias_60d_2022,lean31,bias_60d,2022,single
202101,0.053405776504710775,0.00086056910947007455,0.4806240924408261,0.21686341558645877,0.021362310601884312,0.065059024675937632,0.15581277226775217,0.24223410754557412,0.056045103076887967,-0.0026393265721771919,0.013587856965867395,0.19265966871453724,0.024203746871921533,0.2323980546188433,0.53284924008448953,-0.052225147643663428,-0.064586563024451149,0.2203611698197695,0.02187293772580462,0.094530528079335291,S4_lean31_price_position_20d_2021,lean31,price_position_20d,2021,single
202102,0.095794354175321492,0.0024829708817377702,0.49088042090012612,0.6257086621979181,0.038317741670128601,0.18771259865937542,0.15273587372996217,0.3787662140594662,0.094972926606371466,0.00082142756895002556,0.063960674942758519,0.63516949778726672,-0.0094608355893486262,0.64172669180699782,0.56221053587622316,-0.071330114976097037,0.11364197072568905,0.35987685921586166,0.018889354843604544,0.18400968630149603,S4_lean31_price_position_20d_2021,lean31,price_position_20d,2021,single
202103,0.10286486487308184,0.0028803489854730855,0.40139308059594131,0.72584794433921751,0.041145945949232737,0.21775438330176525,0.17958207582121757,0.43848240507221559,0.10760280341530748,-0.0047379385422256365,0.041097855128063361,0.80539828311141182,-0.079550338772194307,0.61368401014411,0.45591765478868257,-0.05452457419274126,-0.042867618033858079,0.44788530986294178,-0.0094029047907261964,0.21340463050461578,S4_lean31_price_position_20d_2021,lean31,price_position_20d,2021,single
202104,0.07533271256113272,0.0026280117786980656,0.47421833789999129,0.66225896823191255,0.030133085024453089,0.19867769046957376,0.15773449863000258,0.38654527412402939,0.071427833570909247,0.0039048789902234732,0.052741655122296324,0.59595944168309811,0.066299526548814436,0.79701932482684412,0.46599107543933133,0.0082272624606599676,0.11044415132675389,0.36756164330149377,0.018983630822535624,0.22706921409894554,S4_lean31_price_position_20d_2021,lean31,price_position_20d,2021,single
202105,0.047331607133741307,0.0013868543260880603,0.31603160698378141,0.34948729017419117,0.018932642853496523,0.10484618705225734,0.20519051790486556,0.32896934781061943,0.046648280664908615,0.00068332646883269288,0.03227526073253182,0.37303013481103536,-0.023542844636844196,0.17277198358853318,0.36088010823244926,-0.044848501248667849,-0.087509045793777551,0.32230432023953925,0.0066650275710801732,0.090994413107705896,S4_lean31_price_position_20d_2021,lean31,price_position_20d,2021,single
202106,0.082257628448749703,0.0021964521920795877,0.40241185486832592,0.55350595240405609,0.032903051379499886,0.16605178572121682,0.1792764435395022,0.37823128064021894,0.078286044890033796,0.0039715835587159076,0.053501036055624576,0.5908939627879759,-0.037388010383919812,0.58066900732883198,0.34468466941628173,0.057727185452044194,-0.0067929240761351317,0.40517720596752177,-0.026945925327302833,0.19763899384373995,S4_lean31_price_position_20d_2021,lean31,price_position_20d,2021,single
202107,0.062288309961126248,0.0027584825829755936,0.34880445965364953,0.6951376109098496,0.0249153239844505,0.20854128327295487,0.19535866210390515,0.42881526936131054,0.063484100002914587,-0.0011957900417883388,0.022445901119704979,0.69921624148133388,-0.0040786305714842763,0.25346242441365935,0.33659663915845223,0.012207820495197308,0.041542262461436996,0.43417952069803029,-0.0053642513367197497,0.072554409033548706,S4_lean31_price_position_20d_2021,lean31,price_position_20d,2021,single
202108,0.091175169052362559,0.002274784873753499,0.31410285636053936,0.57324578818588179,0.036470067620945026,0.17197373645576453,0.20576914309183819,0.41421294716854773,0.094358199089499634,-0.0031830300371370746,0.042580343146885968,0.57438016073110865,-0.0011343725452268583,0.50246259504036472,0.30596744338520954,0.0081354129753298254,0.066913917357691199,0.41826709483956959,-0.0040541476710218571,0.14769674056355642,S4_lean31_price_position_20d_2021,lean31,price_position_20d,2021,single
202109,0.089108160570748912,0.002494191474946983,0.23685745046283385,0.62853625168663974,0.035643264228299568,0.1885608755059919,0.22894276486114984,0.45314690459544132,0.091088217632016716,-0.0019800570612678037,0.064075390876558266,0.60678410919021752,0.021752142496422211,0.69171555784911398,0.28446982995997361,-0.047612379497139756,-0.0015541684631614205,0.43312957082187986,0.020017333773561463,0.23361107424430594,S4_lean31_price_position_20d_2021,lean31,price_position_20d,2021,single
202110,0.050220383183065993,0.0011223896782943581,0.159561695439906,0.28284219893017826,0.020088153273226397,0.084852659679053477,0.2521314913680282,0.35707230432030806,0.052551529375521717,-0.0023311461924557242,0.0036604533997293479,0.31829699928937955,-0.035454800359201288,-0.023943198716560199,0.17226687247908831,-0.012705177039182308,-0.044566809712996647,0.36482964979329602,-0.0077573454729879532,0.0076512646588227096,S4_lean31_price_position_20d_2021,lean31,price_position_20d,2021,single
202111,0.086121618157439558,0.00244798443170386,0.12865396761381553,0.61689207678937275,0.034448647262975828,0.18506762303681182,0.26140380971585531,0.48092008001564296,0.088819275823758537,-0.0026976576663189783,0.045059878160285519,0.55255957812264755,0.064332498666725191,0.53584487016473448,0.13353333830754119,-0.0048793706937256542,-0.010661255477698917,0.46123558227403527,0.019684497741607687,0.18197578895684419,S4_lean31_price_position_20d_2021,lean31,price_position_20d,2021,single
202112,0.068469605825455221,0.00077900217452771074,0.10479094885571304,0.1963085479809831,0.027387842330182089,0.058892564394294925,0.26856271534328607,0.35484312206776308,0.064650245353031793,0.0038193604724234276,0.051401353748961029,0.11568047156695647,0.080628076414026625,0.39999247435792179,0.11328682735892812,-0.0084958785032150791,-0.00095763161577540334,0.32657819140362121,0.028264930664141874,0.14084557329169356,S4_lean31_price_position_20d_2021,lean31,price_position_20d,2021,single
202201,0.11891138245396632,0.003386565908849204,0.075604233343588553,0.85341460902999944,0.04756455298158653,0.2560243827089998,0.27731872999692342,0.58090766568750973,0.1186921992918047,0.00021918316216161526,0.058094827083844912,0.92377952745018677,-0.070364918420187328,0.61457122854305368,0.064195888334832391,0.011408345008756163,0.030322274566326073,0.60535197145132824,-0.024444305763818508,0.1985126170265562,S4_lean31_price_position_20d_2022,lean31,price_position_20d,2022,single
202202,0.082368410399404762,0.0017736755074223207,0.04274088445330728,0.44696622787042484,0.032947364159761905,0.13408986836112743,0.28717773466400781,0.45421496718489718,0.083361754720232648,-0.00099334432082788526,0.044481976174140715,0.45997653359356594,-0.013010305723141102,0.20181777815079457,0.042485899352875153,0.00025498510043212713,-0.0020812275938848004,0.45859189216030027,-0.0043769249754030959,0.078962492193060174,S4_lean31_price_position_20d_2022,lean31,price_position_20d,2022,single
202203,0.066661664441115778,0.0014925095970342722,0.1749159580241634,0.3761124184526366,0.026664665776446314,0.11283372553579098,0.24752521259275098,0.38702360390498824,0.069631834405069315,-0.0029701699639535367,0.030780384912441228,0.31939979818897851,0.056712620263658087,0.56083108360324763,0.17520924513267616,-0.00029328710851275752,0.06772067458599218,0.37110989967891844,0.015913704226069803,0.16024527667015312,S4_lean31_price_position_20d_2022,lean31,price_position_20d,2022,single
202204,0.084831157773535518,0.00090753803518842319,0.37805420569100273,0.22869958486748265,0.03393246310941421,0.068609875460244787,0.18658373829269917,0.28912607686235814,0.088999858603013404,-0.0041687008294778866,0.025096403729278925,0.38252574799564837,-0.15382616312816572,0.082895234942332668,0.35688806588213351,0.021166139808869222,0.21526602491105035,0.34329124807525979,-0.054165171212901653,-0.029672675498903789,S4_lean31_price_position_20d_2022,lean31,price_position_20d,2022,single
202205,0.14859184983670412,0.002880242202801358,0.20078481602082543,0.7258210351059422,0.059436739934681654,0.21774631053178264,0.23976455519375237,0.51694760566021669,0.1434878553451556,0.0051039944915485247,0.049755891551138728,0.7215066192198728,0.0043144158860694004,0.29660025607436658,0.1803523841029131,0.02043243191791233,0.025875091705377662,0.5197414126731501,-0.0027938070129334136,0.10111990593115222,S4_lean31_price_position_20d_2022,lean31,price_position_20d,2022,single
202206,0.095060902670286537,0.00096660727261307228,0.2331784672372455,0.24358503269849421,0.038024361068114618,0.073075509809548259,0.23004645982882635,0.34114633070648925,0.093722166724016509,0.0013387359462700282,0.029931937903802303,0.24027230475712014,0.0033127279413740773,-0.019822306674046913,0.23271575467332312,0.00046271256392238502,0.0050894353913907286,0.33975583171474566,0.0013904989917435939,0.0044992525418897089,S4_lean31_price_position_20d_2022,lean31,price_position_20d,2022,single
202207,0.082336819479309598,0.0015067929989697059,0.29303351002242045,0.37971183574036588,0.032934727791723843,0.11391355072210976,0.21208994699327388,0.35893822550710752,0.074870355738565514,0.0074664637407440837,0.043916960377544653,0.24238659508172014,0.13732524065864574,0.094330155600009957,0.2944024163212583,-0.0013689062988378464,0.0019558985791562344,0.31434339592356475,0.044594829583542772,0.045279061257274045,S4_lean31_price_position_20d_2022,lean31,price_position_20d,2022,single
202208,0.074878243266109784,0.00069868579964056567,0.29307378399468431,0.17606882150942255,0.029951297306443914,0.052820646452826761,0.21207786480159471,0.2948498085608654,0.073969082582671611,0.00090916068343817324,0.060943198207109486,0.17984178091740699,-0.0037729594079844442,0.72028954059042438,0.29506921172814948,-0.0019954277334651715,-0.010267438995749389,0.29501940378984592,-0.00016959522898052359,0.24354437315869598,S4_lean31_price_position_20d_2022,lean31,price_position_20d,2022,single
202209,0.055422034685394458,0.0022378169803380695,0.29044665208371179,0.56392987904519354,0.022168813874157783,0.16917896371355806,0.21286600437488645,0.40421378196260227,0.056848213747941169,-0.0014261790625467105,0.041723996485680009,0.58699600851301537,-0.023066129467821828,0.40773726235370583,0.2946933905453471,-0.0042467384616353132,-0.018715524948374807,0.41043007088947697,-0.0062162889268747024,0.14462543478489615,S4_lean31_price_position_20d_2022,lean31,price_position_20d,2022,single
202210,0.11722947854563709,0.0022947250600235565,0.30211263802249477,0.5782707151259362,0.046891791418254836,0.17348121453778084,0.20936620859325156,0.42973921454928721,0.12118277966584166,-0.0039533011202045748,0.045305855025421518,0.64477920737960004,-0.066508492253663842,0.32547132494933367,0.30505048910197563,-0.0029378510794808577,0.011336702113497465,0.45039172734962396,-0.020652512800336753,0.11236272886091941,S4_lean31_price_position_20d_2022,lean31,price_position_20d,2022,single
202211,0.091622988513565484,0.0014971240743825354,0.30680375880500299,0.37727526674439893,0.036649195405426195,0.11318258002331967,0.20795887235849911,0.35779064778724501,0.090439398724764919,0.0011835897888005653,0.064706547589146318,0.36923419228189347,0.0080410744625054598,0.27226580122497623,0.30395823607578415,0.0028455227292188412,0.0067935151804034422,0.35575854635173876,0.0020321014355062506,0.10552430484903041,S4_lean31_price_position_20d_2022,lean31,price_position_20d,2022,single
202212,0.10162469668511881,0.0030830855587429674,0.29286442138400459,0.77693756080322784,0.040649878674047527,0.23308126824096834,0.21214067358479863,0.48587182049981448,0.083203600396689781,0.018421096288429029,0.092011627630602874,0.727757842626646,0.049179718176581844,0.73531339177530164,0.29827397485256318,-0.0054095534685585922,-0.0072453755116999585,0.46212660049090076,0.023745220008913714,0.25957228123834158,S4_lean31_price_position_20d_2022,lean31,price_position_20d,2022,single
202101,0.056596083666383877,0.00077231808430193124,0.49764380370689149,0.19462415724408666,0.022638433466553552,0.058387247173225992,0.15070685888793253,0.23173253952771208,0.056045103076887967,0.00055098058949590994,0.016778164127540497,0.19265966871453724,0.0019644885295494185,0.21015879627647119,0.53284924008448953,-0.035205436377598043,-0.047566851758385764,0.2203611698197695,0.011371369707942586,0.084028960061473257,S4_lean31_price_position_60d_2021,lean31,price_position_60d,2021,single
202102,0.095808262263058844,0.0027608641968306378,0.45264443096502149,0.69573777760132072,0.038323304905223537,0.20872133328039622,0.16420667071049355,0.41125130889611328,0.094972926606371466,0.00083533565668737764,0.063974583030495871,0.63516949778726672,0.060568279814053994,0.71175580721040044,0.56221053587622316,-0.10956610491120167,0.075405980790584415,0.35987685921586166,0.051374449680251622,0.21649478113814311,S4_lean31_price_position_60d_2021,lean31,price_position_60d,2021,single
202103,0.10863314110414388,0.0030277612148906512,0.4543807396155321,0.7629958261524441,0.043453256441657553,0.22889874784573322,0.16368577811534035,0.43603778240273111,0.10760280341530748,0.0010303376888363969,0.046866131359125394,0.80539828311141182,-0.042402456958967716,0.65083189195733659,0.45591765478868257,-0.001536915173150466,0.010120040985732714,0.44788530986294178,-0.011847527460210672,0.2109600078351313,S4_lean31_price_position_60d_2021,lean31,price_position_60d,2021,single
202104,0.071019554904095589,0.0024833827321299067,0.44620210023819051,0.62581244849673645,0.028407821961638238,0.18774373454902094,0.16613936992854283,0.38229092643920204,0.071427833570909247,-0.00040827866681365788,0.048428497465259193,0.59595944168309811,0.029853006813638339,0.76057280509166802,0.46599107543933133,-0.019788975201140813,0.082427913664953112,0.36756164330149377,0.014729283137708271,0.22281486641411818,S4_lean31_price_position_60d_2021,lean31,price_position_60d,2021,single
202105,0.044328435133305512,0.0016590849253035774,0.40623003890155673,0.41808940117650151,0.017731374053322205,0.12542682035295044,0.17813098832953297,0.32128918273580565,0.046648280664908615,-0.0023198455316031028,0.029272088732096024,0.37303013481103536,0.045059266365466144,0.24137409459084352,0.36088010823244926,0.045349930669107474,0.0026893861239977723,0.32230432023953925,-0.0010151375037336097,0.083314248032892113,S4_lean31_price_position_60d_2021,lean31,price_position_60d,2021,single
202106,0.076345972972657231,0.0022637542177338203,0.42154868641011961,0.57046606286892276,0.030538389189062893,0.17113981886067683,0.17353539407696408,0.37521360212670385,0.078286044890033796,-0.0019400719173765651,0.047589380579532103,0.5908939627879759,-0.020427899919053139,0.59762911779369865,0.34468466941628173,0.07686401699383788,0.012343907465658555,0.40517720596752177,-0.029963603840817921,0.19462131533022486,S4_lean31_price_position_60d_2021,lean31,price_position_60d,2021,single
202107,0.062678170370717809,0.0027968288776153301,0.25625946643180642,0.70480087715906314,0.025071268148287126,0.21144026314771894,0.22312216007045807,0.45963369136646415,0.063484100002914587,-0.00080592963219677793,0.02283576152929654,0.69921624148133388,0.0055846356777292661,0.26312569066287289,0.33659663915845223,-0.080337172726645811,-0.051002730760406123,0.43417952069803029,0.025454170668433862,0.10337283103870232,S4_lean31_price_position_60d_2021,lean31,price_position_60d,2021,single
202108,0.094479257061507976,0.0023603968524649266,0.29347421663996437,0.59482000682116154,0.037791702824603195,0.17844600204634845,0.21195773500801066,0.4281954398789623,0.094358199089499634,0.00012105797200834267,0.045884431156031386,0.57438016073110865,0.020439846090052893,0.52403681367564459,0.30596744338520954,-0.012493226745245167,0.046285277637116207,0.41826709483956959,0.0099283450393927164,0.16167923327397099,S4_lean31_price_position_60d_2021,lean31,price_position_60d,2021,single
202109,0.087774252773396191,0.0023549180704320362,0.25036399920667346,0.59343935374887313,0.035109701109358481,0.17803180612466193,0.22489080023799793,0.43803230747201838,0.091088217632016716,-0.0033139648586205245,0.062741483079205546,0.60678410919021752,-0.013344755441344391,0.65661865991134738,0.28446982995997361,-0.034105830753300148,0.011952380280678188,0.43312957082187986,0.0049027366501385172,0.21849647712088299,S4_lean31_price_position_60d_2021,lean31,price_position_60d,2021,single
202110,0.051784920995621042,0.0012217219544862986,0.17550313424610647,0.30787393253054723,0.02071396839824842,0.092362179759164165,0.24734905972616805,0.36042520788358062,0.052551529375521717,-0.00076660837990067537,0.0052249912122843967,0.31829699928937955,-0.010423066758832311,0.0010885348838087783,0.17226687247908831,0.0032362617670181615,-0.028625370906796177,0.36482964979329602,-0.0044044419097153953,0.011004168222095267,S4_lean31_price_position_60d_2021,lean31,price_position_60d,2021,single
202111,0.089627983563464686,0.0024233460065125876,0.13686473193454177,0.61068319364117207,0.035851193425385876,0.18320495809235163,0.25894058041963747,0.47799673193737496,0.088819275823758537,0.00080870773970614929,0.048566243566310646,0.55255957812264755,0.058123615518524518,0.5296359870165338,0.13353333830754119,0.0033313936270005784,-0.0024504911569726839,0.46123558227403527,0.016761149663339692,0.17905244087857619,S4_lean31_price_position_60d_2021,lean31,price_position_60d,2021,single
202112,0.063355127516736151,0.00054601756746018148,0.099231743885926357,0.13759642699996574,0.025342051006694462,0.041278928099989724,0.27023047683422208,0.33685145594090626,0.064650245353031793,-0.0012951178362956423,0.046286875440241959,0.11568047156695647,0.021915955433009268,0.34128035337690443,0.11328682735892812,-0.014055083473001759,-0.006516836585562083,0.32657819140362121,0.010273264537285054,0.12285390716483674,S4_lean31_price_position_60d_2021,lean31,price_position_60d,2021,single
202201,0.11795343423866889,0.0037030268842760637,0.048554544712321027,0.93316277483756804,0.047181373695467557,0.27994883245127039,0.28543363658630366,0.61256384273304154,0.1186921992918047,-0.00073876505313581753,0.057136878868547479,0.92377952745018677,0.0093832473873812772,0.69431939435062229,0.064195888334832391,-0.015641343622511364,0.0032725859350585459,0.60535197145132824,0.0072118712817133002,0.23016879407208801,S4_lean31_price_position_60d_2022,lean31,price_position_60d,2022,single
202202,0.078971235728155884,0.0014156073215357615,0.042212903113708809,0.35673304502701192,0.031588494291262356,0.10701991350810357,0.28733612906588735,0.42594453686525324,0.083361754720232648,-0.004390518992076764,0.041084801502891836,0.45997653359356594,-0.10324348856655402,0.11158459530738166,0.042485899352875153,-0.00027299623916634402,-0.0026092089334832716,0.45859189216030027,-0.032647355295047031,0.050692061873416239,S4_lean31_price_position_60d_2022,lean31,price_position_60d,2022,single
202203,0.068841678295451431,0.0014027343434292953,0.16205194409494103,0.35348905454418239,0.027536671318180574,0.10604671636325472,0.25138441677151768,0.38496780445295298,0.069631834405069315,-0.00079015610961788441,0.03296039876677688,0.31939979818897851,0.034089256355203879,0.53820771969479342,0.17520924513267616,-0.013157301037735131,0.054856660656769807,0.37110989967891844,0.013857904774034535,0.15818947721811785,S4_lean31_price_position_60d_2022,lean31,price_position_60d,2022,single
202204,0.086109491460687013,0.00093453097453237563,0.33842469204665582,0.23550180558215866,0.034443796584274808,0.070650541674647599,0.19847259238600326,0.30356693064492568,0.088999858603013404,-0.0028903671423263916,0.02637473741643042,0.38252574799564837,-0.14702394241348971,0.089697455657008679,0.35688806588213351,-0.018463373835477692,0.17563651126670343,0.34329124807525979,-0.039724317430334111,-0.015231821716336247,S4_lean31_price_position_60d_2022,lean31,price_position_60d,2022,single
202205,0.14422144090543912,0.0030528001497115041,0.17848018837443189,0.76930563772729899,0.057688576362175649,0.23079169131818969,0.24645594348767041,0.5349362111680358,0.1434878553451556,0.00073358556028352284,0.045385482619873727,0.7215066192198728,0.047799018507426183,0.34008485869572336,0.1803523841029131,-0.001872195728481213,0.0035704640589841186,0.5197414126731501,0.015194798494885697,0.11910851143897133,S4_lean31_price_position_60d_2022,lean31,price_position_60d,2022,single
202206,0.094509381916999938,0.0010188631606740509,0.23612101624703585,0.25675351648986083,0.037803752766799981,0.077026054946958245,0.22916369512588924,0.34399350283964747,0.093722166724016509,0.00078721519298342868,0.029380417150515703,0.24027230475712014,0.016481211732740697,-0.0066538228826802936,0.23271575467332312,0.0034052615737127367,0.0080319844011810804,0.33975583171474566,0.0042376711249018095,0.0073464246750479245,S4_lean31_price_position_60d_2022,lean31,price_position_60d,2022,single
202207,0.076139508171750164,0.0012708019644487134,0.30171446088473119,0.32024209504107576,0.030455803268700066,0.096072628512322719,0.20948566173458064,0.33601409351560341,0.074870355738565514,0.0012691524331846504,0.03771964906998522,0.24238659508172014,0.077855499959355617,0.034860414900719838,0.2944024163212583,0.007312044563472897,0.010636849441466978,0.31434339592356475,0.021670697592038657,0.022354929265769929,S4_lean31_price_position_60d_2022,lean31,price_position_60d,2022,single
202208,0.07121081005670242,0.00060632778453869674,0.30037798661576476,0.15279460170375159,0.02848432402268097,0.045838380511125473,0.20988660401527057,0.284209308549077,0.073969082582671611,-0.0027582725259691909,0.057275764997702122,0.17984178091740699,-0.027047179213655403,0.69701532078475348,0.29506921172814948,0.0053087748876152752,-0.0029632363746689427,0.29501940378984592,-0.010810095240768924,0.23290387314690758,S4_lean31_price_position_60d_2022,lean31,price_position_60d,2022,single
202209,0.059736144748182424,0.0025731203402775678,0.29982899169552024,0.64842632574994707,0.023894457899272969,0.19452789772498411,0.21005130249134393,0.42847365811560101,0.056848213747941169,0.0028879310002412548,0.046038106548467975,0.58699600851301537,0.061430317236931709,0.49223370905845937,0.2946933905453471,0.0051356011501731413,-0.009333185336566352,0.41043007088947697,0.018043587226124036,0.16888531093789488,S4_lean31_price_position_60d_2022,lean31,price_position_60d,2022,single
202210,0.12007213020878184,0.0026404549050230001,0.3049722379160883,0.66539463606579607,0.048028852083512735,0.19961839081973881,0.20850832862517352,0.45615557152842506,0.12118277966584166,-0.0011106494570598258,0.048148506688566267,0.64477920737960004,0.020615428686196036,0.41259524588919355,0.30505048910197563,-7.8251185887334707e-05,0.014196302007090988,0.45039172734962396,0.005763844178801103,0.13877908584005727,S4_lean31_price_position_60d_2022,lean31,price_position_60d,2022,single
202211,0.089877875899493476,0.0012209622318940351,0.30719152340683642,0.30768248243729684,0.035951150359797394,0.092304744731189048,0.20784254297794907,0.33609843806893552,0.090439398724764919,-0.00056152282527144326,0.06296143497507431,0.36923419228189347,-0.061551709844596625,0.20267301691787418,0.30395823607578415,0.0032332873310522703,0.0071812797822368712,0.35575854635173876,-0.019660108282803235,0.083832095130720929,S4_lean31_price_position_60d_2022,lean31,price_position_60d,2022,single
202212,0.07782531562899371,0.0029602180493876894,0.30475675765556381,0.74597494844569767,0.031130126251597487,0.22379248453370928,0.20857297270333083,0.46349558348863762,0.083203600396689781,-0.0053782847676960704,0.068212246574477775,0.727757842626646,0.018217105819051671,0.70435077941777147,0.29827397485256318,0.0064827828030006307,0.0046469607598592644,0.46212660049090076,0.0013689829977368562,0.23719604422716473,S4_lean31_price_position_60d_2022,lean31,price_position_60d,2022,single
202101,0.05331981993398599,0.00063657173124423807,0.56413648635519675,0.16041607627354798,0.021327927973594396,0.048124822882064391,0.13075905409344096,0.20021180494909974,0.056045103076887967,-0.0027252831429019769,0.01350190039514261,0.19265966871453724,-0.03224359244098926,0.17595071530593251,0.53284924008448953,0.031287246270707225,0.018925830889919504,0.2203611698197695,-0.020149364870669761,0.05250822548286091,S4_lean31_amount_ratio_20d_2021,lean31,amount_ratio_20d,2021,single
202102,0.098659129951894978,0.0029053942522802773,0.54517289086901155,0.73215935157462986,0.039463651980757991,0.21964780547238896,0.13644813273929654,0.39555959019244347,0.094972926606371466,0.0036862033455235116,0.066825450719332005,0.63516949778726672,0.096989853787363134,0.74817738118370958,0.56221053587622316,-0.01703764500721161,0.16793444069457447,0.35987685921586166,0.035682730976581811,0.2008030624344733,S4_lean31_amount_ratio_20d_2021,lean31,amount_ratio_20d,2021,single
202103,0.10639914810624929,0.0027981373531449126,0.49404540683850551,0.705130612992518,0.042559659242499714,0.21153918389775539,0.15178637794844835,0.40588522108870345,0.10760280341530748,-0.0012036553090581936,0.044632138361230804,0.80539828311141182,-0.10026767011889381,0.5929666787974105,0.45591765478868257,0.038127752049822938,0.049784708208706119,0.44788530986294178,-0.042000088774238331,0.18080744652110364,S4_lean31_amount_ratio_20d_2021,lean31,amount_ratio_20d,2021,single
202104,0.072334183840957092,0.0026713702561605101,0.45019034266643387,0.67318530455244852,0.028933673536382837,0.20195559136573454,0.16494289720006983,0.39583216210218719,0.071427833570909247,0.00090635027004784541,0.049743126402120696,0.59595944168309811,0.077225862869350403,0.80794566114738009,0.46599107543933133,-0.015800732772897452,0.086416156093196472,0.36756164330149377,0.028270518800693423,0.23635610207710334,S4_lean31_amount_ratio_20d_2021,lean31,amount_ratio_20d,2021,single
202105,0.047759154476050655,0.0015049912083383841,0.3938633469084819,0.37925778450127279,0.019103661790420265,0.11377733535038183,0.18184099592745542,0.31472199306825754,0.046648280664908615,0.0011108738111420408,0.032702808074841168,0.37303013481103536,0.0062276496902374245,0.2025424779156148,0.36088010823244926,0.032983238676032645,-0.0096773058690770575,0.32230432023953925,-0.0075823271712817109,0.076747058365344012,S4_lean31_amount_ratio_20d_2021,lean31,amount_ratio_20d,2021,single
202106,0.07858545780266854,0.0021784187566289471,0.4034153444782711,0.54896152667049469,0.031434183121067417,0.1646884580011484,0.17897539665651865,0.37509803777873446,0.078286044890033796,0.00029941291263474445,0.049828865409543413,0.5908939627879759,-0.041932436117481209,0.57612458159527058,0.34468466941628173,0.058730675061989368,-0.0057894344661899577,0.40517720596752177,-0.030079168188787309,0.19450575098225548,S4_lean31_amount_ratio_20d_2021,lean31,amount_ratio_20d,2021,single
202107,0.061972375466905885,0.0027840925073254704,0.31784921198649019,0.70159131184601853,0.024788950186762356,0.21047739355380554,0.20464523640405294,0.43991158014462084,0.063484100002914587,-0.0015117245360087017,0.022129966625484616,0.69921624148133388,0.0023750703646846505,0.25991612534982828,0.33659663915845223,-0.018747427171962039,0.010587014794277649,0.43417952069803029,0.0057320594465905539,0.083650719816859009,S4_lean31_amount_ratio_20d_2021,lean31,amount_ratio_20d,2021,single
202108,0.092655875582763503,0.0021211029876930308,0.25949831760405773,0.53451795289864379,0.037062350233105404,0.16035538586959314,0.22215050471878267,0.4195682408214812,0.094358199089499634,-0.0017023235067361309,0.044061049677286912,0.57438016073110865,-0.039862207832464858,0.46373475975312678,0.30596744338520954,-0.04646912578115181,0.012309378601209564,0.41826709483956959,0.0013011459819116111,0.15305203421648989,S4_lean31_amount_ratio_20d_2021,lean31,amount_ratio_20d,2021,single
202109,0.087332667079929885,0.0026251959361475812,0.23413384587078365,0.6615493759091905,0.034933066831971955,0.19846481277275715,0.22975984623876489,0.46315772584349402,0.091088217632016716,-0.003755550552086831,0.062299897385739239,0.60678410919021752,0.054765266718972971,0.72472868207166474,0.28446982995997361,-0.050335984089189961,-0.0042777730552116255,0.43312957082187986,0.030028155021614156,0.24362189549235863,S4_lean31_amount_ratio_20d_2021,lean31,amount_ratio_20d,2021,single
202110,0.05434421567030906,0.0012254091936521917,0.19569788145009109,0.30880311680035233,0.021737686268123627,0.09264093504010569,0.24129063556497266,0.35566925687320194,0.052551529375521717,0.001792686294787342,0.0077842858869724141,0.31829699928937955,-0.0094938824890272167,0.0020177191536138728,0.17226687247908831,0.023431008971002781,-0.0084306237028115572,0.36482964979329602,-0.0091603929200940737,0.0062482172117165891,S4_lean31_amount_ratio_20d_2021,lean31,amount_ratio_20d,2021,single
202111,0.088348439073742027,0.001957544539992796,0.10726394629186525,0.49330122407818461,0.035339375629496815,0.14799036722345538,0.26782081611244041,0.45115055896539258,0.088819275823758537,-0.00047083675001650949,0.047286699076587987,0.55255957812264755,-0.059258354044462946,0.41225401745354628,0.13353333830754119,-0.026269392015675935,-0.032051276799649198,0.46123558227403527,-0.010085023308642693,0.15220626790659381,S4_lean31_amount_ratio_20d_2021,lean31,amount_ratio_20d,2021,single
202112,0.060452838809911653,1.892615984272487e-05,0.084939265172883083,0.0047693922803666673,0.024181135523964663,0.0014308176841100002,0.27451822044813506,0.30013017365620975,0.064650245353031793,-0.0041974065431201399,0.043384586733417455,0.11568047156695647,-0.1109110792865898,0.20845331865730535,0.11328682735892812,-0.028347562186045033,-0.020809315298605358,0.32657819140362121,-0.026448017747411456,0.086132624880140229,S4_lean31_amount_ratio_20d_2021,lean31,amount_ratio_20d,2021,single
202201,0.11969978827397455,0.0033769649192879007,0.052457905464342265,0.85099515966055095,0.047879915309589821,0.25529854789816525,0.28426262836069732,0.58744109156845248,0.1186921992918047,0.0010075889821698492,0.058883232903853146,0.92377952745018677,-0.072784367789635818,0.61215177917360519,0.064195888334832391,-0.011737982870490125,0.0071759466870797844,0.60535197145132824,-0.017910879882875763,0.20504604290749895,S4_lean31_amount_ratio_20d_2022,lean31,amount_ratio_20d,2022,single
202202,0.083271678263155152,0.0014640749420253979,0.043526757902558326,0.36894688539040027,0.033308671305262064,0.11068406561712008,0.28694197262923249,0.43093470955161461,0.083361754720232648,-9.0076457077495342e-05,0.045385244037891105,0.45997653359356594,-0.09102964820316567,0.12379843567077001,0.042485899352875153,0.0010408585496831727,-0.0012953541446337549,0.45859189216030027,-0.02765718260868566,0.05568223455977761,S4_lean31_amount_ratio_20d_2022,lean31,amount_ratio_20d,2022,single
202203,0.077157720960270418,0.0012420935978083077,0.16055743418265314,0.31300758664769357,0.030863088384108169,0.093902275994308074,0.25183276974520408,0.37659813412362031,0.069631834405069315,0.0075258865552011028,0.041276441431595867,0.31939979818897851,-0.0063922115412849423,0.49772625179830465,0.17520924513267616,-0.01465181095002302,0.053362150744481918,0.37110989967891844,0.0054882344447018672,0.14981980688878518,S4_lean31_amount_ratio_20d_2022,lean31,amount_ratio_20d,2022,single
202204,0.086956391359375565,0.0012261114532724474,0.3211539961071867,0.30898008622465672,0.034782556543750225,0.092694025867397015,0.20365380116784396,0.33113038357899116,0.088999858603013404,-0.0020434672436378393,0.027221637315118972,0.38252574799564837,-0.073545661770991644,0.16317573629950674,0.35688806588213351,-0.035734069774946808,0.15836581532723432,0.34329124807525979,-0.012160864496268631,0.012331631217729233,S4_lean31_amount_ratio_20d_2022,lean31,amount_ratio_20d,2022,single
202205,0.14535343968363335,0.0030269293709885999,0.17094495478949692,0.76278620148912712,0.05814137587345334,0.22883586044673812,0.24871651356315091,0.5356937498833424,0.1434878553451556,0.0018655843384777493,0.046517481398067953,0.7215066192198728,0.041279582269254322,0.3335654224575515,0.1803523841029131,-0.0094074293134161768,-0.0039647695259508453,0.5197414126731501,0.015952337210192291,0.11986605015427793,S4_lean31_amount_ratio_20d_2022,lean31,amount_ratio_20d,2022,single
202206,0.092893794031798052,0.00083028419744805057,0.23378969571056465,0.20923161775690874,0.037157517612719224,0.062769485327072619,0.22986309128683061,0.32979009422662242,0.093722166724016509,-0.000828372692218457,0.027764829265313817,0.24027230475712014,-0.031040687000211398,-0.054175721615632388,0.23271575467332312,0.0010739410372415381,0.0057006638647098817,0.33975583171474566,-0.0099657374881232386,-0.0068569839379771236,S4_lean31_amount_ratio_20d_2022,lean31,amount_ratio_20d,2022,single
202207,0.07810404083593156,0.0012757604806101239,0.29531364108450348,0.32149164111375123,0.031241616334372627,0.096447492334125362,0.21140590767464898,0.33909501634314698,0.074870355738565514,0.0032336850973660458,0.039684181734166615,0.24238659508172014,0.079105046032031084,0.036109960973395305,0.2944024163212583,0.00091122476324517754,0.0042360296412392584,0.31434339592356475,0.024751620419582232,0.025435852093313505,S4_lean31_amount_ratio_20d_2022,lean31,amount_ratio_20d,2022,single
202208,0.078725309605527705,0.00072463490758554311,0.29769579909056565,0.18260799671155686,0.03149012384221108,0.054782399013467056,0.21069126027283031,0.29696378312850846,0.073969082582671611,0.0047562270228560938,0.064790264546527407,0.17984178091740699,0.0027662157941498733,0.72682871579255881,0.29506921172814948,0.0026265873624161662,-0.0056454238998680517,0.29501940378984592,0.0019443793386625385,0.24565834772633904,S4_lean31_amount_ratio_20d_2022,lean31,amount_ratio_20d,2022,single
202209,0.058623557092088448,0.0022552314362965105,0.28967396207944546,0.56831832194672061,0.02344942283683538,0.17049549658401617,0.21309781137616635,0.40704273079701792,0.056848213747941169,0.0017753433441472788,0.044925518892373999,0.58699600851301537,-0.01867768656629476,0.4121257052552329,0.2946933905453471,-0.005019428465901643,-0.019488214952641136,0.41043007088947697,-0.0033873400924590569,0.14745438361931179,S4_lean31_amount_ratio_20d_2022,lean31,amount_ratio_20d,2022,single
202210,0.12155577774382866,0.0029592773599331997,0.30443495646005064,0.74573789470316632,0.048622311097531463,0.22372136841094989,0.20866951306198481,0.48101319257046615,0.12118277966584166,0.00037299807798699125,0.049632154223613084,0.64477920737960004,0.10095868732356628,0.49293850452656379,0.30505048910197563,-0.00061553264192498736,0.013659020551053336,0.45039172734962396,0.030621465220842192,0.16363670688209836,S4_lean31_amount_ratio_20d_2022,lean31,amount_ratio_20d,2022,single
202211,0.097620375294939596,0.0014113397157323839,0.30703826459309724,0.35565760836456073,0.039048150117975841,0.10669728250936822,0.20788852062207083,0.35363395324941493,0.090439398724764919,0.0071809765701746769,0.070703934370520416,0.36923419228189347,-0.013576583917332741,0.25064814284513803,0.30395823607578415,0.0030800285173130937,0.0070280209684976946,0.35575854635173876,-0.002124593102323824,0.10136761031120034,S4_lean31_amount_ratio_20d_2022,lean31,amount_ratio_20d,2022,single
202212,0.083832417212839835,0.0030301261166020155,0.29585268158811284,0.76359178138370787,0.033532966885135934,0.22907753441511236,0.21124419552356613,0.47385469682381443,0.083203600396689781,0.00062881681615005458,0.0742193481583239,0.727757842626646,0.035833938757061867,0.72196761235578166,0.29827397485256318,-0.0024212932644503415,-0.0042571153075917079,0.46212660049090076,0.011728096332913662,0.24755515756234153,S4_lean31_amount_ratio_20d_2022,lean31,amount_ratio_20d,2022,single
202101,0.056842850535347156,0.00079280067805016818,0.48899544445858673,0.19978577086864238,0.022737140214138862,0.059935731260592713,0.153301366662424,0.23597423813715557,0.056045103076887967,0.00079774745845918871,0.017024930996503776,0.19265966871453724,0.0071261021541051406,0.21532040990102691,0.53284924008448953,-0.043853795625902803,-0.056215211006690524,0.2203611698197695,0.01561306831738607,0.088270658670916741,S4_lean31_log_mean_amount_20d_2021,lean31,log_mean_amount_20d,2021,single
202102,0.091629252345123161,0.0027403637874210468,0.53861175303793218,0.69057167443010381,0.036651700938049266,0.20717150232903114,0.13841647408862034,0.38223967735570075,0.094972926606371466,-0.0033436742612483056,0.059795573112560188,0.63516949778726672,0.055402176642837087,0.70658970403918353,0.56221053587622316,-0.023598782838290977,0.1613733028634951,0.35987685921586166,0.022362818139839091,0.18748314959773058,S4_lean31_log_mean_amount_20d_2021,lean31,log_mean_amount_20d,2021,single
202103,0.10597225861885583,0.0030112732904649091,0.46297758747877366,0.7588408691971571,0.042388903447542335,0.22765226075914713,0.16110672375636792,0.43114788796305736,0.10760280341530748,-0.0016305447964516523,0.044205248873837345,0.80539828311141182,-0.046557413914254719,0.64667693500204959,0.45591765478868257,0.0070599326900910864,0.018716888848974267,0.44788530986294178,-0.016737421899884419,0.20607011339545755,S4_lean31_log_mean_amount_20d_2021,lean31,log_mean_amount_20d,2021,single
202104,0.07094313474622628,0.0024974775108046569,0.41457250615280811,0.62936433272277359,0.028377253898490513,0.18880929981683206,0.17562824815415759,0.39281480186948015,0.071427833570909247,-0.00048469882468296643,0.048352077307389885,0.59595944168309811,0.033404891039675477,0.76412468931770516,0.46599107543933133,-0.051418569286523219,0.050798319579570705,0.36756164330149377,0.025253158567986378,0.23333874184439629,S4_lean31_log_mean_amount_20d_2021,lean31,log_mean_amount_20d,2021,single
202105,0.046290920711191785,0.0013210319457055439,0.35975699734193245,0.33290005031779707,0.018516368284476715,0.099870015095339118,0.19207290079742026,0.31045928417723612,0.046648280664908615,-0.00035735995371682927,0.031234574309982298,0.37303013481103536,-0.040130084493238294,0.15618474373213909,0.36088010823244926,-0.0011231108905168097,-0.043783655435626512,0.32230432023953925,-0.011845036062303138,0.072484349474322585,S4_lean31_log_mean_amount_20d_2021,lean31,log_mean_amount_20d,2021,single
202106,0.076143682555265838,0.0022008530041180757,0.40043610909788446,0.5546149570377551,0.030457473022106336,0.16638448711132653,0.17986916727063465,0.37671112740406754,0.078286044890033796,-0.0021423623347679582,0.04738709016214071,0.5908939627879759,-0.036279005750220805,0.58177801196253098,0.34468466941628173,0.055751439681602732,-0.0087686698465765933,0.40517720596752177,-0.028466078563454233,0.19611884060758855,S4_lean31_log_mean_amount_20d_2021,lean31,log_mean_amount_20d,2021,single
202107,0.062546199216561307,0.0026675217791905666,0.33543908441708215,0.67221548835602274,0.025018479686624524,0.20166464650680682,0.19936827467487536,0.42605140086830673,0.063484100002914587,-0.00093790078635327956,0.022703790375140039,0.69921624148133388,-0.027000753125311139,0.23054030185983249,0.33659663915845223,-0.0011575547413700815,0.028176887224869607,0.43417952069803029,-0.0081281198297235568,0.069790540540544899,S4_lean31_log_mean_amount_20d_2021,lean31,log_mean_amount_20d,2021,single
202108,0.093340756591826626,0.0021298891535045587,0.27145209767526296,0.53673206668314877,0.037336302636730649,0.16101962000494463,0.2185643706974211,0.41692029333909641,0.094358199089499634,-0.0010174424976730073,0.044745930686350036,0.57438016073110865,-0.037648094047959879,0.46594887353763176,0.30596744338520954,-0.034515345709946577,0.024263158672414797,0.41826709483956959,-0.0013468015004731715,0.1504040867341051,S4_lean31_log_mean_amount_20d_2021,lean31,log_mean_amount_20d,2021,single
202109,0.090571048846272206,0.002447514646831741,0.26625080115671335,0.61677369100159873,0.036228419538508881,0.18503210730047961,0.220124759652986,0.4413852864919745,0.091088217632016716,-0.00051716878574450953,0.065538279152081561,0.60678410919021752,0.0099895818113812096,0.67995299716407298,0.28446982995997361,-0.018219028803260262,0.027839182230718074,0.43312957082187986,0.0082557156700946432,0.22184945614083912,S4_lean31_log_mean_amount_20d_2021,lean31,log_mean_amount_20d,2021,single
202110,0.050771160714424557,0.001045854713955414,0.18874884025440783,0.26355538791676436,0.020308464285769823,0.079066616375029306,0.24337534792367763,0.34275042858447674,0.052551529375521717,-0.0017803686610971606,0.0042112309310879115,0.31829699928937955,-0.054741611372615184,-0.043230009729974095,0.17226687247908831,0.016481967775319517,-0.015379664898494821,0.36482964979329602,-0.022079221208819277,-0.0066706110770086147,S4_lean31_log_mean_amount_20d_2021,lean31,log_mean_amount_20d,2021,single
202111,0.087490712433248949,0.0021979500076998947,0.1228933531313742,0.55388340194037344,0.034996284973299582,0.16616502058211202,0.26313199406058774,0.46429329961599936,0.088819275823758537,-0.0013285633905095878,0.046428972436094909,0.55255957812264755,0.0013238238177258888,0.47283619531573512,0.13353333830754119,-0.010639985176166988,-0.016421869960140251,0.46123558227403527,0.0030577173419640835,0.16534900855720058,S4_lean31_log_mean_amount_20d_2021,lean31,log_mean_amount_20d,2021,single
202112,0.066586119427689952,0.00060939591730490834,0.09562418808610007,0.15356777116083689,0.026634447771075983,0.046070331348251066,0.27131274357416996,0.344017522693497,0.064650245353031793,0.0019358740746581587,0.04951786735119576,0.11568047156695647,0.037887299593880416,0.35725169753777558,0.11328682735892812,-0.017662639272828046,-0.01012439238538837,0.32657819140362121,0.017439331289875792,0.13001997391742748,S4_lean31_log_mean_amount_20d_2021,lean31,log_mean_amount_20d,2021,single
202201,0.11987556712703859,0.0036798738492883299,0.054442076184501302,0.92732821002065913,0.047950226850815438,0.27819846300619772,0.28366737714464962,0.6098160670016628,0.1186921992918047,0.0011833678352338867,0.059059011756917183,0.92377952745018677,0.0035486825704723612,0.68848482953371337,0.064195888334832391,-0.0097538121503310884,0.0091601174072388214,0.60535197145132824,0.004464095550334557,0.22742101834070927,S4_lean31_log_mean_amount_20d_2022,lean31,log_mean_amount_20d,2022,single
202202,0.084260499287535998,0.0017019134104147534,0.041708823484627351,0.42888217942451784,0.033704199715014399,0.12866465382735534,0.28748735295461181,0.44985620649698155,0.083361754720232648,0.00089874456730335006,0.046374065062271951,0.45997653359356594,-0.0310943541690481,0.18373372970488758,0.042485899352875153,-0.00077707586824780212,-0.0031132885625647297,0.45859189216030027,-0.0087356856633187263,0.074603731505144544,S4_lean31_log_mean_amount_20d_2022,lean31,log_mean_amount_20d,2022,single
202203,0.066031950283205104,0.0010680599136016814,0.1611545314258396,0.26915109822762373,0.026412780113282044,0.080745329468287122,0.25165364057224809,0.35881175015381728,0.069631834405069315,-0.0035998841218642108,0.030150670754530554,0.31939979818897851,-0.050248699961354781,0.45386976337823481,0.17520924513267616,-0.014054713706836558,0.053959247987668379,0.37110989967891844,-0.012298149525101165,0.13203342291898215,S4_lean31_log_mean_amount_20d_2022,lean31,log_mean_amount_20d,2022,single
202204,0.085542671773796569,0.0013418982734517098,0.33596085008829002,0.33815836490983087,0.034217068709518628,0.10144750947294925,0.19921174497351299,0.33487632315598087,0.088999858603013404,-0.0034571868292168351,0.025807917729539977,0.38252574799564837,-0.044367383085817502,0.19235401498468088,0.35688806588213351,-0.02092721579384349,0.17317266930833763,0.34329124807525979,-0.0084149249192789211,0.016077570794718943,S4_lean31_log_mean_amount_20d_2022,lean31,log_mean_amount_20d,2022,single
202205,0.14550213921772903,0.0028236398143565828,0.17023190267740815,0.71155723321785891,0.058200855687091615,0.21346716996535767,0.24893042919677755,0.52059845484922684,0.1434878553451556,0.0020142838725734358,0.046666180932163639,0.7215066192198728,-0.0099493860020138936,0.28233645418628328,0.1803523841029131,-0.010120481425504951,-0.0046778216380396198,0.5197414126731501,0.00085704217607673883,0.10477075512016237,S4_lean31_log_mean_amount_20d_2022,lean31,log_mean_amount_20d,2022,single
202206,0.092861520240213921,0.0011140285516073251,0.23367916999582342,0.28073519500504596,0.037144608096085573,0.08422055850151379,0.22989624900125297,0.35126141559885232,0.093722166724016509,-0.0008606464838025879,0.027732555473729686,0.24027230475712014,0.04046289024792582,0.017327855632504829,0.23271575467332312,0.00096341532250029949,0.0055901381499686431,0.33975583171474566,0.011505583884106663,0.014614337434252778,S4_lean31_log_mean_amount_20d_2022,lean31,log_mean_amount_20d,2022,single
202207,0.074242372240663421,0.00097758029825103804,0.29458299381521852,0.24635023515926158,0.029696948896265368,0.073905070547778465,0.21162510185543446,0.31522712129947827,0.074870355738565514,-0.00062798349790209318,0.035822513138898476,0.24238659508172014,0.003963640077541436,-0.039031444981094343,0.2944024163212583,0.00018057749396022116,0.003505382371954302,0.31434339592356475,0.0008837253759135244,0.001567957049644797,S4_lean31_log_mean_amount_20d_2022,lean31,log_mean_amount_20d,2022,single
202208,0.071849505762750315,0.00077534705084789297,0.29672660541351464,0.19538745681366904,0.028739802305100128,0.058616237044100711,0.21098201837594557,0.29833805772514643,0.073969082582671611,-0.0021195768199212955,0.057914460703750018,0.17984178091740699,0.015545675896262046,0.73960817589467087,0.29506921172814948,0.0016573936853651605,-0.0066146175769190574,0.29501940378984592,0.0033186539353005085,0.24703262232297701,S4_lean31_log_mean_amount_20d_2022,lean31,log_mean_amount_20d,2022,single
202209,0.057772471548077388,0.0023785866333981272,0.29266728151592247,0.59940383161632804,0.023108988619230955,0.17982114948489841,0.21219981554522324,0.41512995364935257,0.056848213747941169,0.00092425780013621894,0.044074433348362939,0.58699600851301537,0.012407823103312676,0.44321121492484034,0.2946933905453471,-0.0020261090294246276,-0.016494895516164121,0.41043007088947697,0.0046998827598755955,0.15554160647164644,S4_lean31_log_mean_amount_20d_2022,lean31,log_mean_amount_20d,2022,single
202210,0.11603580437572866,0.0023719350912858234,0.30065140736742862,0.59772764300402748,0.046414321750291469,0.17931829290120824,0.20980457778977138,0.43553719244127109,0.12118277966584166,-0.0051469752901130011,0.044112180855513092,0.64477920737960004,-0.047051564375572563,0.34492825282742495,0.30505048910197563,-0.0043990817345470057,0.0098754714584313175,0.45039172734962396,-0.014854534908352868,0.1181607067529033,S4_lean31_log_mean_amount_20d_2022,lean31,log_mean_amount_20d,2022,single
202211,0.09227281257296277,0.001549054927499143,0.30505249717827909,0.39036184172978405,0.036909125029185107,0.11710855251893521,0.20848425084651626,0.36250192839463657,0.090439398724764919,0.0018334138481978512,0.065356371648543604,0.36923419228189347,0.021127649447890584,0.28535237621036136,0.30395823607578415,0.0010942611024949422,0.0050422535536795432,0.35575854635173876,0.0067433820428978164,0.11023558545642198,S4_lean31_log_mean_amount_20d_2022,lean31,log_mean_amount_20d,2022,single
202212,0.08473132141249709,0.0030238959569938275,0.29719587828633326,0.76202178116244457,0.033892528564998838,0.22860653434873335,0.2108412365141,0.47334029942783218,0.083203600396689781,0.0015277210158073096,0.075118252357981155,0.727757842626646,0.034263938535798566,0.72039761213451836,0.29827397485256318,-0.0010780965662299247,-0.002913918609371291,0.46212660049090076,0.011213698936931416,0.24704076016635929,S4_lean31_log_mean_amount_20d_2022,lean31,log_mean_amount_20d,2022,single
202101,0.060279795511437063,0.00081809153332057061,0.51343542473788906,0.2061590663967838,0.024111918204574825,0.061847719919035135,0.14596937257863327,0.23192901070224323,0.056045103076887967,0.0042346924345490963,0.020461875972593684,0.19265966871453724,0.013499397682246561,0.22169370542916833,0.53284924008448953,-0.019413815346600471,-0.031775230727388193,0.2203611698197695,0.011567840882473729,0.0842254312360044,S4_lean31_volatility_60d_2021,lean31,volatility_60d,2021,single
202102,0.098987485425294786,0.002330675136385896,0.47849723828432278,0.58733013436924575,0.039594994170117914,0.17619904031077371,0.15645082851470316,0.37224486299559478,0.094972926606371466,0.0040145588189233194,0.067153806192731813,0.63516949778726672,-0.047839363418020975,0.60334816397832547,0.56221053587622316,-0.083713297591900382,0.1012587881098857,0.35987685921586166,0.012368003779733128,0.17748833523762461,S4_lean31_volatility_60d_2021,lean31,volatility_60d,2021,single
202103,0.10218951235078702,0.0028301734030685608,0.41014678662131288,0.71320369757327728,0.040875804940314814,0.21396110927198317,0.17695596401360614,0.43179287822590412,0.10760280341530748,-0.0054132910645204591,0.040422502605768539,0.80539828311141182,-0.092194585538134532,0.60103976337816978,0.45591765478868257,-0.045770868167369694,-0.034113912008486513,0.44788530986294178,-0.016092431637037663,0.20671510365830431,S4_lean31_volatility_60d_2021,lean31,volatility_60d,2021,single
202104,0.075320396332196865,0.0026515406081933724,0.44470563593506118,0.66818823326472987,0.030128158532878747,0.20045646997941896,0.16658830921948165,0.39717293773177936,0.071427833570909247,0.0038925627612876185,0.05272933889336047,0.59595944168309811,0.072228791581631757,0.80294858985966144,0.46599107543933133,-0.021285439504270143,0.080931449361823782,0.36756164330149377,0.029611294430285595,0.23769687770669551,S4_lean31_volatility_60d_2021,lean31,volatility_60d,2021,single
202105,0.047154030989013204,0.0014121515033688632,0.41927876353586235,0.35586217884895355,0.018861612395605284,0.10675865365468606,0.17421637093924128,0.29983663698953267,0.046648280664908615,0.00050575032410458964,0.032097684587803717,0.37303013481103536,-0.017167955962081816,0.17914687226329556,0.36088010823244926,0.058398655303413094,0.015738110758303392,0.32230432023953925,-0.022467683250006587,0.061861702286619136,S4_lean31_volatility_60d_2021,lean31,volatility_60d,2021,single
202106,0.079625545071130566,0.0024672837718913237,0.40162497228779126,0.6217555105166136,0.031850218028452226,0.18652665315498407,0.17951250831366261,0.39788937949709891,0.078286044890033796,0.0013395001810967699,0.050868952678005439,0.5908939627879759,0.030861547728637695,0.64891856544138948,0.34468466941628173,0.056940302871509529,-0.0075798066566697964,0.40517720596752177,-0.0072878264704228646,0.21729709270061992,S4_lean31_volatility_60d_2021,lean31,volatility_60d,2021,single
202107,0.062378723178168526,0.0025192627639117624,0.29952866505676096,0.63485421650576412,0.024951489271267412,0.19045626495172924,0.2101414004829717,0.42554915470596832,0.063484100002914587,-0.0011053768247460613,0.022536314336747257,0.69921624148133388,-0.064362024975569754,0.19317903000957387,0.33659663915845223,-0.03706797410169127,-0.0077335321354515818,0.43417952069803029,-0.0086303659920619613,0.069288294378206494,S4_lean31_volatility_60d_2021,lean31,volatility_60d,2021,single
202108,0.090814265337206518,0.0022214203622336918,0.3007286860312039,0.55979793128289035,0.036325706134882611,0.16793937938486711,0.20978139419063882,0.41404647971038855,0.094358199089499634,-0.0035439337522931158,0.042219439431729927,0.57438016073110865,-0.014582229448218298,0.48901473813737334,0.30596744338520954,-0.0052387573540056409,0.053539747028355733,0.41826709483956959,-0.0042206151291810379,0.14753027310539724,S4_lean31_volatility_60d_2021,lean31,volatility_60d,2021,single
202109,0.083533296509291935,0.0021676043166811592,0.26479099261977873,0.54623628780365208,0.033413318603716775,0.16387088634109562,0.2205627022140664,0.41784690715887879,0.091088217632016716,-0.0075549211227247809,0.058500526815101289,0.60678410919021752,-0.060547821386565448,0.60941559396612632,0.28446982995997361,-0.019678837340194877,0.026379373693783459,0.43312957082187986,-0.015282663663001073,0.1983110768077434,S4_lean31_volatility_60d_2021,lean31,volatility_60d,2021,single
202110,0.064720751123024292,0.0019381692819571031,0.19227838733063679,0.48841865905318999,0.025888300449209718,0.146525597715957,0.24231648380080895,0.41473038196597567,0.052551529375521717,0.012169221747502575,0.018160821339687647,0.31829699928937955,0.17012165976381044,0.18163326140645153,0.17226687247908831,0.020011514851548479,-0.01185011782226586,0.36482964979329602,0.049900732172679652,0.065309342304490314,S4_lean31_volatility_60d_2021,lean31,volatility_60d,2021,single
202111,0.096835639653758493,0.0023185392040495508,0.12923190210388655,0.58427187942048675,0.038734255861503399,0.17528156382614601,0.26123042936883401,0.47524624905648338,0.088819275823758537,0.0080163638299999562,0.055773899656604453,0.55255957812264755,0.031712301297839196,0.50322467279584848,0.13353333830754119,-0.0043014362036546405,-0.010083320987627903,0.46123558227403527,0.014010666782448111,0.17630195799768461,S4_lean31_volatility_60d_2021,lean31,volatility_60d,2021,single
202112,0.052477049604473178,0.0001727953911609592,0.090192271418898948,0.043544438572561718,0.020990819841789271,0.013063331571768515,0.27294231857433032,0.3069964699878881,0.064650245353031793,-0.012173195748558616,0.035408797527978986,0.11568047156695647,-0.07213603299439475,0.2472283649495004,0.11328682735892812,-0.023094555940029168,-0.015556309052589493,0.32657819140362121,-0.019581721415733111,0.092998921211818575,S4_lean31_volatility_60d_2021,lean31,volatility_60d,2021,single
202201,0.11983661087012963,0.0038493225433684358,0.047884104445028074,0.97002928092884577,0.047934644348051857,0.29100878427865373,0.28563476866649157,0.62457819729319719,0.1186921992918047,0.0011444115783249276,0.059020055500008224,0.92377952745018677,0.046249753478659006,0.73118590044190002,0.064195888334832391,-0.016311783889804317,0.002602145667765593,0.60535197145132824,0.019226225841868949,0.24218314863224366,S4_lean31_volatility_60d_2022,lean31,volatility_60d,2022,single
202202,0.084084674405930732,0.001745960445197838,0.042476770932521286,0.43998203218985515,0.033633869762372294,0.13199460965695653,0.28725696872024359,0.45288544813957243,0.083361754720232648,0.00072291968569808407,0.046198240180666685,0.45997653359356594,-0.019994501403710785,0.19483358247022489,0.042485899352875153,-9.1284203538669062e-06,-0.0023453411146707945,0.45859189216030027,-0.0057064440207278411,0.077632973147735429,S4_lean31_volatility_60d_2022,lean31,volatility_60d,2022,single
202203,0.073258807971844489,0.0014598400572972089,0.14716537041128755,0.36787969443889662,0.029303523188737798,0.11036390833166898,0.25585038887661371,0.39551782039702049,0.069631834405069315,0.003626973566775174,0.037377528443169938,0.31939979818897851,0.048479896249918109,0.55259835958950765,0.17520924513267616,-0.028043874721388612,0.039970086973116326,0.37110989967891844,0.02440792071810205,0.16873949316218537,S4_lean31_volatility_60d_2022,lean31,volatility_60d,2022,single
202204,0.080923530262620641,0.0010239447555412645,0.29940097275930599,0.25803407839639864,0.032369412105048255,0.077410223518919588,0.21017970817220819,0.31995934379617602,0.088999858603013404,-0.0080763283403927633,0.021188776218364049,0.38252574799564837,-0.12449166959924973,0.11222972847124865,0.35688806588213351,-0.057487093122827515,0.13661279197935361,0.34329124807525979,-0.023331904279083771,0.0011605914349140933,S4_lean31_volatility_60d_2022,lean31,volatility_60d,2022,single
202205,0.14042584026537303,0.0026029287613405032,0.16697260750597578,0.65593804785780685,0.056170336106149216,0.19678141435734206,0.24990821774820726,0.50285996821169854,0.1434878553451556,-0.0030620150797825707,0.041589881979807633,0.7215066192198728,-0.065568571362065953,0.22671726882623122,0.1803523841029131,-0.013379776596937315,-0.0079371168094719835,0.5197414126731501,-0.016881444461451567,0.087032268482634068,S4_lean31_volatility_60d_2022,lean31,volatility_60d,2022,single
202206,0.091980302122855503,0.0011729939526456147,0.2367566794100642,0.29559447606669492,0.036792120849142206,0.088678342820008471,0.22897299617698075,0.35444345984613146,0.093722166724016509,-0.0017418646011610056,0.026851337356371269,0.24027230475712014,0.055322171309574786,0.032187136694153795,0.23271575467332312,0.0040409247367410861,0.0086676475642094297,0.33975583171474566,0.014687628131385799,0.017796381681531914,S4_lean31_volatility_60d_2022,lean31,volatility_60d,2022,single
202207,0.074221885337982005,0.0014553281168234252,0.29537041792264201,0.36674268543950311,0.029688754135192803,0.11002280563185093,0.21138887462320741,0.35110043439025118,0.074870355738565514,-0.00064847040058350902,0.03580202623621706,0.24238659508172014,0.12435609035778297,0.081361005299147193,0.2944024163212583,0.00096800160138371671,0.0042928064793777976,0.31434339592356475,0.036757038466686431,0.037441270140417704,S4_lean31_volatility_60d_2022,lean31,volatility_60d,2022,single
202208,0.070509885271122466,0.00059881282318278745,0.30634920912362668,0.15090083144206243,0.028203954108448989,0.045270249432618724,0.20809523726291201,0.28156944080397972,0.073969082582671611,-0.0034591973115491448,0.056574840212122168,0.17984178091740699,-0.028940949475344563,0.69512155052306435,0.29506921172814948,0.011279997395477193,0.0030079861331929747,0.29501940378984592,-0.013449962985866204,0.2302640054018103,S4_lean31_volatility_60d_2022,lean31,volatility_60d,2022,single
202209,0.056344082408254191,0.0021493579245710553,0.29149828930054528,0.54163819699190596,0.022537632963301676,0.16249145909757179,0.21255051320983639,0.3975796052707099,0.056848213747941169,-0.00050413133968697788,0.042646044208539742,0.58699600851301537,-0.045357811521109404,0.38544558030041826,0.2946933905453471,-0.0031951012448018234,-0.017663887731541317,0.41043007088947697,-0.012850465618767071,0.13799125809300378,S4_lean31_volatility_60d_2022,lean31,volatility_60d,2022,single
202210,0.12434110138950827,0.0028180544436982912,0.30326247197305733,0.71014971981196939,0.049736440555803313,0.21304491594359082,0.20902125840808281,0.47180261490747699,0.12118277966584166,0.0031583217236666045,0.052417477869292697,0.64477920737960004,0.065370512432369354,0.45735032963536687,0.30505048910197563,-0.0017880171289182956,0.012486536064060028,0.45039172734962396,0.021410887557853031,0.1544261292191092,S4_lean31_volatility_60d_2022,lean31,volatility_60d,2022,single
202211,0.088140805786863258,0.0013948277939382328,0.31067938433176567,0.35149660407243466,0.035256322314745306,0.1054489812217304,0.20679618470047029,0.34750148823694599,0.090439398724764919,-0.0022985929379016612,0.061224364862444085,0.36923419228189347,-0.01773758820945881,0.24648713855301199,0.30395823607578415,0.0067211482559815239,0.010669140707166125,0.35575854635173876,-0.0082570581147927702,0.095235145298731394,S4_lean31_volatility_60d_2022,lean31,volatility_60d,2022,single
202212,0.084918169292940479,0.0033886982051251121,0.30239391409789634,0.85395194769152827,0.033967267717176196,0.25618558430745847,0.20928182577063106,0.49943467779526574,0.083203600396689781,0.0017145688962506983,0.075305100238424544,0.727757842626646,0.12619410506488227,0.81232777866360206,0.29827397485256318,0.0041199392453331596,0.0022841172021917933,0.46212660049090076,0.037308077304364973,0.27313513853379284,S4_lean31_volatility_60d_2022,lean31,volatility_60d,2022,single
202101,0.056240339405451291,0.00084539144564728819,0.56272564295409455,0.21303864430311661,0.022496135762180517,0.063911593290934987,0.13118230711377163,0.21759003616688713,0.056045103076887967,0.00019523632856332379,0.016422419866607911,0.19265966871453724,0.020378975588579373,0.22857328333550114,0.53284924008448953,0.029876402869605023,0.017514987488817302,0.2203611698197695,-0.0027711336528823682,0.069886456700648303,S4_lean31_flag_limit_up_2021,lean31,flag_limit_up,2021,single
202102,0.092996609548956999,0.0021168614737764732,0.53992657941929167,0.53344909139167129,0.037198643819582801,0.16003472741750138,0.1380220261742125,0.33525539741129667,0.094972926606371466,-0.0019763170574144673,0.061162930316394026,0.63516949778726672,-0.10172040639559543,0.54946712100075101,0.56221053587622316,-0.022283956456931486,0.1626881292448546,0.35987685921586166,-0.024621461804564981,0.1404988696533265,S4_lean31_flag_limit_up_2021,lean31,flag_limit_up,2021,single
202103,0.10555343856744637,0.0029536723103291214,0.41176843499816795,0.74432542220293862,0.042221375426978548,0.22329762666088157,0.17646946950054962,0.4419884715884097,0.10760280341530748,-0.0020493648478611126,0.043786428822427885,0.80539828311141182,-0.061072860908473192,0.63216148800783112,0.45591765478868257,-0.044149219790514616,-0.032492263631631435,0.44788530986294178,-0.0058968382745320791,0.2169106970208099,S4_lean31_flag_limit_up_2021,lean31,flag_limit_up,2021,single
202104,0.069464194383951891,0.0023679021861697661,0.42072892350416485,0.596711350914781,0.027785677753580759,0.1790134052744343,0.17378132294875051,0.38058040597676557,0.071427833570909247,-0.0019636391869573555,0.046873136945115496,0.59595944168309811,0.00075190923168289014,0.73147170750971258,0.46599107543933133,-0.045262151935166473,0.056954736930927452,0.36756164330149377,0.0130187626752718,0.22110434595168171,S4_lean31_flag_limit_up_2021,lean31,flag_limit_up,2021,single
202105,0.042700321456221782,0.0014640843002959999,0.40694297426081155,0.36894924367459198,0.017080128582488713,0.11068477310237759,0.17791710772175653,0.30568200940662282,0.046648280664908615,-0.0039479592086868326,0.027643975055012295,0.37303013481103536,-0.0040808911364433875,0.19223393708893399,0.36088010823244926,0.046062866028362293,0.0034023214832525905,0.32230432023953925,-0.016622310832916432,0.067707074703709291,S4_lean31_flag_limit_up_2021,lean31,flag_limit_up,2021,single
202106,0.075670474258941342,0.0022938862963780586,0.38931953997133351,0.57805934668727077,0.030268189703576538,0.17341780400618123,0.18320413800859994,0.38689013171835773,0.078286044890033796,-0.0026155706310924537,0.046913881865816215,0.5908939627879759,-0.012834616100705132,0.60522240161204666,0.34468466941628173,0.044634870555051775,-0.01988523897312755,0.40517720596752177,-0.018287074249164037,0.20629784492187875,S4_lean31_flag_limit_up_2021,lean31,flag_limit_up,2021,single
202107,0.063203301729943831,0.0026873576789852604,0.30724347706729715,0.67721413510428563,0.025281320691977534,0.20316424053128568,0.20782695687981084,0.43627251810307405,0.063484100002914587,-0.00028079827297075588,0.023360892888522562,0.69921624148133388,-0.022002106377048247,0.23553894860809538,0.33659663915845223,-0.029353162091155072,-1.872012491538344e-05,0.43417952069803029,0.0020929974050437616,0.080011657775312217,S4_lean31_flag_limit_up_2021,lean31,flag_limit_up,2021,single
202108,0.091039720431207186,0.0020631440336808127,0.29871564637955383,0.51991229648756476,0.036415888172482876,0.15597368894626942,0.21038530608613384,0.40277488320488614,0.094358199089499634,-0.003318478658292448,0.042444894525730595,0.57438016073110865,-0.054467864243543884,0.44912910334204775,0.30596744338520954,-0.0072517970056557024,0.051526707376705672,0.41826709483956959,-0.01549221163468345,0.13625867659989482,S4_lean31_flag_limit_up_2021,lean31,flag_limit_up,2021,single
202109,0.085285184212885293,0.0024044320066713186,0.26247483220239776,0.60591686568117231,0.034114073685154116,0.18177505970435168,0.22125755033928066,0.43714668372878646,0.091088217632016716,-0.0058030334191314231,0.060252414518694647,0.60678410919021752,-0.00086724350904521241,0.66909617184364656,0.28446982995997361,-0.021994997757575852,0.024063213276402484,0.43312957082187986,0.0040171129069065947,0.21761085337765107,S4_lean31_flag_limit_up_2021,lean31,flag_limit_up,2021,single
202110,0.050777313281752452,0.00089605402030386349,0.17557015163479572,0.2258056131165736,0.020310925312700984,0.067741683934972083,0.24732895450956127,0.33538156375723432,0.052551529375521717,-0.0017742160937692653,0.0042173834984158068,0.31829699928937955,-0.092491386172805945,-0.080979784530164856,0.17226687247908831,0.0033032791557074115,-0.028558353518106927,0.36482964979329602,-0.029448086036061694,-0.014039475904251031,S4_lean31_flag_limit_up_2021,lean31,flag_limit_up,2021,single
202111,0.089916225552571491,0.002369711578702896,0.15299585173465527,0.59716731783312982,0.035966490221028595,0.17915019534993895,0.25410124447960342,0.469217930050571,0.088819275823758537,0.0010969497288129543,0.048854485555417451,0.55255957812264755,0.044607739710482264,0.51612011120849155,0.13353333830754119,0.019462513427114081,0.013680628643140819,0.46123558227403527,0.0079823477765357254,0.17027363899177222,S4_lean31_flag_limit_up_2021,lean31,flag_limit_up,2021,single
202112,0.06357816085004081,0.00046694812196551203,0.11330311776749402,0.11767092673530903,0.025431264340016326,0.035301278020592707,0.26600906466975177,0.32674160703036081,0.064650245353031793,-0.0010720845029909831,0.046509908773546618,0.11568047156695647,0.0019904551683525562,0.32135485311224771,0.11328682735892812,1.6290408565905468e-05,0.0075545372960055812,0.32657819140362121,0.00016341562673960475,0.11274405825429129,S4_lean31_flag_limit_up_2021,lean31,flag_limit_up,2021,single
202201,0.11910844463982534,0.0035403575878394976,0.042459984788097913,0.89217011213555342,0.04764337785593014,0.267651033640666,0.28726200456357065,0.60255641606016686,0.1186921992918047,0.00041624534802063573,0.058291889269703932,0.92377952745018677,-0.031609415314633349,0.65332673164860766,0.064195888334832391,-0.021735903546734478,-0.0028219739891645682,0.60535197145132824,-0.0027955553911613862,0.22016136739921333,S4_lean31_flag_limit_up_2022,lean31,flag_limit_up,2022,single
202202,0.082713694945895838,0.0013339769036388625,0.040159700121833383,0.33616217971699336,0.033085477978358334,0.10084865391509801,0.28795208996345001,0.42188622185690638,0.083361754720232648,-0.00064805977433680939,0.044827260720631791,0.45997653359356594,-0.12381435387657258,0.091013729997363096,0.042485899352875153,-0.0023261992310417701,-0.0046624119253586976,0.45859189216030027,-0.036705670303393889,0.046633746865069381,S4_lean31_flag_limit_up_2022,lean31,flag_limit_up,2022,single
202203,0.068866611303488354,0.0014450703495536557,0.099227784713433589,0.36415772808752123,0.027546644521395342,0.10924731842625636,0.27023166458596992,0.40702562753362159,0.069631834405069315,-0.0007652231015809613,0.032985331774813803,0.31939979818897851,0.044757929898542714,0.54887639323813231,0.17520924513267616,-0.075981460419242572,-0.0079674987247376344,0.37110989967891844,0.03591572785470315,0.18024730029878647,S4_lean31_flag_limit_up_2022,lean31,flag_limit_up,2022,single
202204,0.088770140390488764,0.00094926962621825377,0.15648725327250754,0.23921594580699995,0.035508056156195504,0.071764783742099977,0.25305382401824772,0.36032666391654322,0.088999858603013404,-0.00022971821252464053,0.029035386346232171,0.38252574799564837,-0.14330980218864842,0.093411595881849968,0.35688806588213351,-0.20040081260962597,-0.0063009275074448479,0.34329124807525979,0.01703541584128343,0.041527911555281294,S4_lean31_flag_limit_up_2022,lean31,flag_limit_up,2022,single
202205,0.14377024894294491,0.0029515588664456756,0.16461626025559711,0.74379283434431021,0.057508099577177965,0.22313785030329306,0.25061512192332086,0.5312610718037919,0.1434878553451556,0.00028239359778930995,0.044934290657379514,0.7215066192198728,0.022286215124437403,0.31457205531273458,0.1803523841029131,-0.015736123847315986,-0.010293464059850654,0.5197414126731501,0.011519659130641791,0.11543337207472743,S4_lean31_flag_limit_up_2022,lean31,flag_limit_up,2022,single
202206,0.093430120415128604,0.0010327581216038675,0.23200801335643348,0.26025504664417465,0.037372048166051441,0.078076513993252397,0.23039759599306994,0.34584615815237379,0.093722166724016509,-0.0002920463088879055,0.028301155648644369,0.24027230475712014,0.019982741887054511,-0.0031522927283664792,0.23271575467332312,-0.00070774131688963737,0.0039189815105787063,0.33975583171474566,0.0060903264376281352,0.0091990799877742502,S4_lean31_flag_limit_up_2022,lean31,flag_limit_up,2022,single
202207,0.078007065260657982,0.001197719981733519,0.29580699392428544,0.30182543539684681,0.031202826104263195,0.090547630619054034,0.21125790182271437,0.33300835854603161,0.074870355738565514,0.0031367095220924679,0.039587206158893037,0.24238659508172014,0.059438840315126668,0.016443755256490888,0.2944024163212583,0.0014045776030271462,0.004729382481021227,0.31434339592356475,0.018664962622466863,0.019349194296198136,S4_lean31_flag_limit_up_2022,lean31,flag_limit_up,2022,single
202208,0.077532877348743576,0.00088205801324364155,0.29536699327564231,0.22227861933739768,0.031013150939497431,0.066683585801219303,0.21138990201730731,0.30908663875802406,0.073969082582671611,0.0035637947660719649,0.063597832289743278,0.17984178091740699,0.042436838419990686,0.76649933841839957,0.29506921172814948,0.00029778154749282582,-0.0079742297147913921,0.29501940378984592,0.014067234968178133,0.25778120335585464,S4_lean31_flag_limit_up_2022,lean31,flag_limit_up,2022,single
202209,0.055861523128933284,0.0022489149338512171,0.28904289128402094,0.56672656333050675,0.022344609251573316,0.17001796899915203,0.21328713261479371,0.40564971086551904,0.056848213747941169,-0.00098669061900788502,0.042163484929218835,0.58699600851301537,-0.020269445182508616,0.41053394663901904,0.2946933905453471,-0.0056504992613261584,-0.020119285748065652,0.41043007088947697,-0.0047803600239579302,0.14606136368781292,S4_lean31_flag_limit_up_2022,lean31,flag_limit_up,2022,single
202210,0.11826887329907879,0.0026070435472096555,0.30132690863214162,0.65697497389683324,0.04730754931963152,0.19709249216904998,0.20960192741035752,0.45400196889903899,0.12118277966584166,-0.0029139063667628778,0.046345249778863215,0.64477920737960004,0.012195766517233197,0.40417558372023071,0.30505048910197563,-0.0037235804698340091,0.010550972723144314,0.45039172734962396,0.0036102415494150275,0.13662548321067119,S4_lean31_flag_limit_up_2022,lean31,flag_limit_up,2022,single
202211,0.09030163947572839,0.0013011899968195658,0.30316360068249221,0.32789987919853059,0.036120655790291355,0.09836996375955917,0.20905091979525231,0.34354153934510284,0.090439398724764919,-0.0001377592490365287,0.063385198551309224,0.36923419228189347,-0.041334313083362884,0.22289041367910792,0.30395823607578415,-0.00079463539329194255,0.0031533570578926584,0.35575854635173876,-0.012217007006635916,0.091275196406888248,S4_lean31_flag_limit_up_2022,lean31,flag_limit_up,2022,single
202212,0.084121199863009796,0.0029621001421699243,0.29711225072763958,0.74644923582682088,0.033648479945203917,0.22393477074804627,0.21086632478170811,0.46844957547495825,0.083203600396689781,0.00091759946632001543,0.074508130808493861,0.727757842626646,0.018691393200174877,0.70482506679889467,0.29827397485256318,-0.0011617241249236021,-0.0029975461680649684,0.46212660049090076,0.0063229749840574834,0.24215003621348535,S4_lean31_flag_limit_up_2022,lean31,flag_limit_up,2022,single
202101,0.057577287369286433,0.00060554698792492285,0.81106059846401002,0.15259784095708057,0.023030914947714573,0.045779352287124167,0.056681820460796992,0.12549208769563575,0.056045103076887967,0.0015321842923984655,0.017759367830443053,0.19265966871453724,-0.040061827757456675,0.16813247998946509,0.53284924008448953,0.27821135837952049,0.26584994299873277,0.2203611698197695,-0.094869082124133752,-0.022211491770603081,S4_lean31_flag_limit_down_2021,lean31,flag_limit_down,2021,single
202102,0.09767944947221073,0.0025646322715880041,0.83938177056017993,0.646287332440177,0.039071779788884292,0.19388619973205309,0.048185468831946021,0.28114344835288341,0.094972926606371466,0.0027065228658392643,0.065845770239647758,0.63516949778726672,0.011117834652910275,0.66230536204925672,0.56221053587622316,0.27717123468395677,0.46214332038574285,0.35987685921586166,-0.078733410862978248,0.086386920594913236,S4_lean31_flag_limit_down_2021,lean31,flag_limit_down,2021,single
202103,0.10721550622636394,0.0026587228813668732,0.87733817627820687,0.66999816610445206,0.042886202490545582,0.20099944983133561,0.03679854711653794,0.28068419943841916,0.10760280341530748,-0.00038729718894353615,0.045448496481345461,0.80539828311141182,-0.13540011700695975,0.55783423190934456,0.45591765478868257,0.4214205214895243,0.43307747764840748,0.44788530986294178,-0.16720111042452263,0.055606424870819349,S4_lean31_flag_limit_down_2021,lean31,flag_limit_down,2021,single
202104,0.070413210463187395,0.0023738452355615159,0.86697962579952714,0.59820899936150196,0.028165284185274961,0.17946269980845059,0.039906112260141853,0.24753409625386741,0.071427833570909247,-0.0010146231077218515,0.047822153024351,0.59595944168309811,0.0022495576784038462,0.73296935595643353,0.46599107543933133,0.40098855036019582,0.50320543922628969,0.36756164330149377,-0.12002754704762636,0.088058036228783554,S4_lean31_flag_limit_down_2021,lean31,flag_limit_down,2021,single
202105,0.044192935631474216,0.0014077113546872592,0.86528140493651784,0.35474326138118933,0.017677174252589686,0.1064229784143568,0.040415578519044648,0.16451573118599114,0.046648280664908615,-0.0024553450334343987,0.029136589230264728,0.37303013481103536,-0.018286873429846029,0.17802795479553135,0.36088010823244926,0.50440129670406852,0.46174075215895888,0.32230432023953925,-0.15778858905354812,-0.073459203516922394,S4_lean31_flag_limit_down_2021,lean31,flag_limit_down,2021,single
202106,0.076625505539660327,0.0023090375624976326,0.86699653249779829,0.58187746574940336,0.030650202215864134,0.17456323972482099,0.039901040250660512,0.24511448219134566,0.078286044890033796,-0.0016605393503734689,0.0478689131465352,0.5908939627879759,-0.0090164970385725463,0.60904052067417924,0.34468466941628173,0.52231186308151656,0.45779175355333723,0.40517720596752177,-0.16006272377617611,0.064522195394866672,S4_lean31_flag_limit_down_2021,lean31,flag_limit_down,2021,single
202107,0.064167432664359453,0.003025169734267369,0.86910523066875733,0.76234277303537701,0.025666973065743781,0.22870283191061308,0.039268430799372797,0.29363823577572967,0.063484100002914587,0.00068333266144486593,0.024325023822938184,0.69921624148133388,0.06312653155404313,0.32066758653918676,0.33659663915845223,0.53250859151030516,0.56184303347654474,0.43417952069803029,-0.14054128492230061,-0.062622624552032158,S4_lean31_flag_limit_down_2021,lean31,flag_limit_down,2021,single
202108,0.095883051895330501,0.0023487597519637579,0.87902260192702752,0.59188745749486704,0.038353220758132203,0.1775662372484601,0.036293219421891738,0.25221267742848402,0.094358199089499634,0.0015248528058308675,0.04728822598985391,0.57438016073110865,0.017507296763758395,0.52110426434934998,0.30596744338520954,0.57305515854181799,0.63183366292417942,0.41826709483956959,-0.16605441741108556,-0.01430352917650729,S4_lean31_flag_limit_down_2021,lean31,flag_limit_down,2021,single
202109,0.090972502334159211,0.0027429027598807831,0.87538695242436548,0.69121149548995731,0.036389000933663686,0.20736344864698719,0.037383914272690354,0.28113636385334123,0.091088217632016716,-0.0001157152978575049,0.065939732639968565,0.60678410919021752,0.084427386299739782,0.75439080165243155,0.28446982995997361,0.59091712246439188,0.63697533349837021,0.43312957082187986,-0.15199320696853863,0.061600533502205845,S4_lean31_flag_limit_down_2021,lean31,flag_limit_down,2021,single
202110,0.05235752672671716,0.0010632045658342235,0.85125082986554534,0.26792755059022433,0.020943010690686867,0.080378265177067296,0.044624751040336398,0.14594602690809055,0.052551529375521717,-0.00019400264880455736,0.0057975969433805147,0.31829699928937955,-0.050369448699155217,-0.038857847056514128,0.17226687247908831,0.678983957386457,0.64712232471264275,0.36482964979329602,-0.21888362288520546,-0.2034750127533948,S4_lean31_flag_limit_down_2021,lean31,flag_limit_down,2021,single
202111,0.088367047436676463,0.0020478443937368262,0.87365520398487784,0.51605678722168025,0.035346818974670589,0.15481703616650408,0.03790343880453665,0.22806729394571132,0.088819275823758537,-0.00045222838708207369,0.047305307439522423,0.55255957812264755,-0.036502790900967308,0.43500958059704192,0.13353333830754119,0.74012186567733662,0.73433998089336339,0.46123558227403527,-0.23316828832832395,-0.070876997113087453,S4_lean31_flag_limit_down_2021,lean31,flag_limit_down,2021,single
202112,0.065860575997409965,0.00043394385097558411,0.87150695908125686,0.10935385044584719,0.026344230398963987,0.032806155133754157,0.038547912275622938,0.097698297808341078,0.064650245353031793,0.0012103306443781714,0.048792323920915773,0.11568047156695647,-0.0063266211211092799,0.31303777682278588,0.11328682735892812,0.75822013172232872,0.76575837860976836,0.32657819140362121,-0.22887989359528013,-0.11629925096772845,S4_lean31_flag_limit_down_2021,lean31,flag_limit_down,2021,single
202201,0.11615479488943263,0.00348903425761546,0.8558940500959592,0.87923663291909593,0.046461917955773056,0.26377098987572878,0.043231784971212238,0.35346469280271403,0.1186921992918047,-0.0025374044023720732,0.055338239519311223,0.92377952745018677,-0.044542894531090838,0.64039325243215017,0.064195888334832391,0.79169816176112684,0.81061209131869671,0.60535197145132824,-0.25188727864861421,-0.028930355858239498,S4_lean31_flag_limit_down_2022,lean31,flag_limit_down,2022,single
202202,0.082490487490886791,0.0015666734943472664,0.85664721187662751,0.39480172057551116,0.03299619499635472,0.11844051617265335,0.043005836437011745,0.19444254760601981,0.083361754720232648,-0.00087126722934585676,0.044604053265622744,0.45997653359356594,-0.065174813018054778,0.1496532708558809,0.042485899352875153,0.81416131252375235,0.8118250998294354,0.45859189216030027,-0.26414934455428046,-0.18080992738581719,S4_lean31_flag_limit_down_2022,lean31,flag_limit_down,2022,single
202203,0.067317350889537039,0.0011784979120648108,0.86733493501574799,0.2969814738403323,0.026926940355814818,0.08909444215209969,0.039799519495275604,0.1558209020031901,0.069631834405069315,-0.0023144835155322757,0.031436071360862489,0.31939979818897851,-0.022418324348646212,0.48170013899094333,0.17520924513267616,0.69212568988307188,0.76013965157757679,0.37110989967891844,-0.21528899767572834,-0.070957425231645027,S4_lean31_flag_limit_down_2022,lean31,flag_limit_down,2022,single
202204,0.0835257822197428,0.0011916706376138841,0.84161666529943424,0.3003010006786988,0.033410312887897121,0.090090300203609641,0.047515000410169726,0.17101561350167649,0.088999858603013404,-0.0054740763832706041,0.023791028175486208,0.38252574799564837,-0.082224747316949565,0.15449665075354882,0.35688806588213351,0.48472859941730073,0.67882848451948186,0.34329124807525979,-0.1722756345735833,-0.14778313885958544,S4_lean31_flag_limit_down_2022,lean31,flag_limit_down,2022,single
202205,0.14261668351597337,0.0028327079708553699,0.8556044161695725,0.71384240865555326,0.057046673406389352,0.21415272259666598,0.043318675149128245,0.31451807115218355,0.1434878553451556,-0.0008711718291822268,0.043780725230407977,0.7215066192198728,-0.0076642105643195402,0.28462162962397763,0.1803523841029131,0.6752520320666594,0.68069469185412479,0.5197414126731501,-0.20522334152096655,-0.10130962857688092,S4_lean31_flag_limit_down_2022,lean31,flag_limit_down,2022,single
202206,0.093849522689979675,0.000769491102643384,0.88157528485785397,0.19391175786613277,0.037539809075991873,0.058173527359839827,0.035527414542643805,0.13124075097847551,0.093722166724016509,0.00012735596596316623,0.028720557923495441,0.24027230475712014,-0.04636054689098737,-0.06949558150640836,0.23271575467332312,0.6488595301845308,0.65348625301199914,0.33975583171474566,-0.20851508073627015,-0.20540632718612403,S4_lean31_flag_limit_down_2022,lean31,flag_limit_down,2022,single
202207,0.076177626003689228,0.0011687174317110377,0.87461703000138613,0.29451679279118148,0.030471050401475692,0.088355037837354447,0.037614890999584157,0.1564409792384143,0.074870355738565514,0.0013072702651237139,0.037757766901924283,0.24238659508172014,0.05213019770946134,0.0091351126508255609,0.2944024163212583,0.58021461368012783,0.58353941855812197,0.31434339592356475,-0.15790241668515045,-0.15721818501141918,S4_lean31_flag_limit_down_2022,lean31,flag_limit_down,2022,single
202208,0.072706845889471919,0.00072499622347264956,0.88289469538574961,0.18269904831510769,0.02908273835578877,0.054809714494532306,0.035131591384275115,0.11902404423459619,0.073969082582671611,-0.001262236693199692,0.058771800830471621,0.17984178091740699,0.0028572673977007024,0.72691976739610964,0.29506921172814948,0.58782548365760012,0.57955347239531596,0.29501940378984592,-0.17599535955524975,0.067718608832426766,S4_lean31_flag_limit_down_2022,lean31,flag_limit_down,2022,single
202209,0.058469825256943317,0.0026249113738830748,0.83642418390402351,0.66147766621853488,0.02338793010277733,0.19844329986556045,0.049072744828792945,0.27090397479713069,0.056848213747941169,0.001621611509002148,0.044771787057228868,0.58699600851301537,0.074481657705519511,0.50528504952704711,0.2946933905453471,0.54173079335867635,0.52726200687193692,0.41043007088947697,-0.13952609609234629,0.011315627619424562,S4_lean31_flag_limit_down_2022,lean31,flag_limit_down,2022,single
202210,0.11922305488762132,0.0025344194005261344,0.86977375077134533,0.63867368893258591,0.04768922195504853,0.19160210667977576,0.039067874768596397,0.27835920340342069,0.12118277966584166,-0.0019597247782203453,0.047299431367405748,0.64477920737960004,-0.0061055184470141244,0.38587429875598339,0.30505048910197563,0.5647232616693697,0.57899781486234803,0.45039172734962396,-0.17203252394620328,-0.039017282284947108,S4_lean31_flag_limit_down_2022,lean31,flag_limit_down,2022,single
202211,0.090630096550578562,0.0016724262319782501,0.89654791068842776,0.42145141045851903,0.036252038620231429,0.12643542313755571,0.03103562679347167,0.1937230885512588,0.090439398724764919,0.00019069782581364325,0.063713655626159382,0.36923419228189347,0.052217218176625557,0.31644194493909639,0.30395823607578415,0.59258967461264356,0.59653766706382827,0.35575854635173876,-0.16203545780047995,-0.05854325438695579,S4_lean31_flag_limit_down_2022,lean31,flag_limit_down,2022,single
202212,0.079875468752101234,0.0028710020743549667,0.86058486398861267,0.72349252273745157,0.031950187500840492,0.21704775682123548,0.041824540803416195,0.29082248512549219,0.083203600396689781,-0.0033281316445885473,0.070262399697585298,0.727757842626646,-0.0042653198891944299,0.68186835370952537,0.29827397485256318,0.56231088913604954,0.56047506709290817,0.46212660049090076,-0.17130411536540857,0.064522945864019299,S4_lean31_flag_limit_down_2022,lean31,flag_limit_down,2022,single
202101,0.057850155786599189,0.0010139954617183328,0.49297811616442372,0.25552685635301986,0.023140062314639678,0.07665805690590595,0.15210656515067286,0.25190468437121849,0.056045103076887967,0.0018050527097112218,0.018032236247755809,0.19265966871453724,0.062867187638482619,0.27106149538540442,0.53284924008448953,-0.03987112392006581,-0.052232539300853531,0.2203611698197695,0.031543514551448992,0.10420110490497966,S4_lean31_limit_up_count_5d_2021,lean31,limit_up_count_5d,2021,single
202102,0.096827393728155145,0.0027629993738840417,0.49177746290689162,0.69627584221877847,0.038730957491262062,0.20888275266563353,0.1524667611279325,0.4000804712848281,0.094972926606371466,0.0018544671217836789,0.064993714495592173,0.63516949778726672,0.06110634443151175,0.71229387182785819,0.56221053587622316,-0.070433072969331545,0.11453901273245454,0.35987685921586166,0.040203612068966443,0.20532394352685793,S4_lean31_limit_up_count_5d_2021,lean31,limit_up_count_5d,2021,single
202103,0.10544204133772758,0.0026934861895726247,0.41605430526365361,0.67875851977230139,0.042176816535091033,0.20362755593169041,0.17518370842090392,0.42098808088768536,0.10760280341530748,-0.0021607620775798975,0.0436750315927091,0.80539828311141182,-0.12663976333911042,0.56659458557719389,0.45591765478868257,-0.039863349525028957,-0.028206393366145777,0.44788530986294178,-0.026897228975256426,0.19591030632008555,S4_lean31_limit_up_count_5d_2021,lean31,limit_up_count_5d,2021,single
202104,0.072401061119155646,0.0025633668114838004,0.42731712921554482,0.64596843649391766,0.02896042444766226,0.1937905309481753,0.17180486123533653,0.39455581663117412,0.071427833570909247,0.00097322754824639979,0.049810003680319251,0.59595944168309811,0.050008994810819551,0.78072879308884924,0.46599107543933133,-0.038673946223786504,0.063542942642307421,0.36756164330149377,0.026994173329680349,0.23507975660609026,S4_lean31_limit_up_count_5d_2021,lean31,limit_up_count_5d,2021,single
202105,0.04449438963557293,0.0016304495488520022,0.34460002058845102,0.41087328631070458,0.017797755854229172,0.12326198589321137,0.19661999382346471,0.33767973557090525,0.046648280664908615,-0.0021538910293356847,0.029438043234363442,0.37303013481103536,0.037843151499669214,0.23415797972504659,0.36088010823244926,-0.016280087643998242,-0.058940632189107944,0.32230432023953925,0.015375415331365994,0.099704800867991716,S4_lean31_limit_up_count_5d_2021,lean31,limit_up_count_5d,2021,single
202106,0.078689459541399234,0.0024005291269896876,0.4118596671724481,0.60493334000140131,0.031475783816559695,0.18148000200042039,0.17644209984826556,0.38939788566524564,0.078286044890033796,0.00040341465136543853,0.049932867148274107,0.5908939627879759,0.014039377213425408,0.6320963949261772,0.34468466941628173,0.067174997756166366,0.0026548882279870401,0.40517720596752177,-0.015779320302276134,0.20880559886876665,S4_lean31_limit_up_count_5d_2021,lean31,limit_up_count_5d,2021,single
202107,0.064806629642665717,0.00281624704405674,0.29773245044924584,0.70969425510229844,0.025922651857066287,0.21290827653068953,0.21068026486522626,0.44951119325298206,0.063484100002914587,0.0013225296397511299,0.024964220801244448,0.69921624148133388,0.010478013620964566,0.26801906860610819,0.33659663915845223,-0.038864188709206382,-0.0095297467429666938,0.43417952069803029,0.01533167255495177,0.093250332925220225,S4_lean31_limit_up_count_5d_2021,lean31,limit_up_count_5d,2021,single
202108,0.0939621407979081,0.0022762016677015644,0.30229388638658339,0.57360282026079423,0.037584856319163244,0.17208084607823826,0.20931183408402498,0.41897753648142649,0.094358199089499634,-0.00039605829159153338,0.045367314892431509,0.57438016073110865,-0.00077734047031441378,0.50281962711527717,0.30596744338520954,-0.0036735569986261485,0.055104947383735225,0.41826709483956959,0.00071044164185690706,0.15246132987643518,S4_lean31_limit_up_count_5d_2021,lean31,limit_up_count_5d,2021,single
202109,0.088274417033321603,0.0025232449857083969,0.24210030574798394,0.63585773639851606,0.03530976681332864,0.1907573209195548,0.22736990827560483,0.4534369960084883,0.091088217632016716,-0.0028138005986951126,0.063241647339130957,0.60678410919021752,0.029073627208298536,0.69903704256099031,0.28446982995997361,-0.042369524211989668,0.0036886868219886682,0.43312957082187986,0.020307425186608441,0.23390116565735292,S4_lean31_limit_up_count_5d_2021,lean31,limit_up_count_5d,2021,single
202110,0.051340010152541721,0.0010538091871953098,0.17725527587903195,0.26555991517321809,0.020536004061016688,0.07966797455196542,0.24682341723629039,0.3470273958492725,0.052551529375521717,-0.0012115192229799968,0.0047800803692050753,0.31829699928937955,-0.052737084116161459,-0.04122548247352037,0.17226687247908831,0.0049884033999436361,-0.026873229273870702,0.36482964979329602,-0.017802253944023516,-0.0023936438122128534,S4_lean31_limit_up_count_5d_2021,lean31,limit_up_count_5d,2021,single
202111,0.087819894743787985,0.0021994278928456016,0.11964256963310865,0.55425582899709158,0.035127957897515195,0.16627674869912748,0.2641072291100674,0.46551193570671007,0.088819275823758537,-0.00099938107997055159,0.046758154746633945,0.55255957812264755,0.0016962508744440274,0.47320862237245326,0.13353333830754119,-0.013890768674432535,-0.019672653458405798,0.46123558227403527,0.0042763534326747954,0.16656764464791129,S4_lean31_limit_up_count_5d_2021,lean31,limit_up_count_5d,2021,single
202112,0.065331752144066238,0.00048078422650754725,0.10043256456204903,0.12115762507990191,0.026132700857626496,0.036347287523970574,0.26987023063138527,0.33235021901298234,0.064650245353031793,0.00068150679103444467,0.048263500067572046,0.11568047156695647,0.0054771535129454346,0.32484155145684057,0.11328682735892812,-0.012854262796879082,-0.0053160159094394061,0.32657819140362121,0.00577202760936113,0.11835267023691282,S4_lean31_limit_up_count_5d_2021,lean31,limit_up_count_5d,2021,single
202201,0.11979223995806997,0.0035914668124430922,0.058863317978015278,0.90504963673565919,0.047916895983227986,0.27151489102069776,0.28234100460659539,0.60177279161052111,0.1186921992918047,0.0011000406662652618,0.058975684587948558,0.92377952745018677,-0.018729890714527575,0.66620625624871344,0.064195888334832391,-0.0053325703568171123,0.013581359200752798,0.60535197145132824,-0.003579179840807134,0.21937774294956758,S4_lean31_limit_up_count_5d_2022,lean31,limit_up_count_5d,2022,single
202202,0.084931306268754003,0.0015505885550256076,0.043004767509796073,0.39074831586645309,0.033972522507501601,0.11722449475993592,0.28709856974706116,0.43829558701449867,0.083361754720232648,0.0015695515485213557,0.047044872043489956,0.45997653359356594,-0.069228217727112851,0.14559986614682283,0.042485899352875153,0.00051886815692091942,-0.0018173445373960082,0.45859189216030027,-0.020296305145801607,0.063043112022661663,S4_lean31_limit_up_count_5d_2022,lean31,limit_up_count_5d,2022,single
202203,0.069161683522871553,0.001296419563698028,0.1760631849445691,0.32669773005190306,0.027664673409148622,0.098009319015570917,0.24718104451662926,0.37285503694134881,0.069631834405069315,-0.0004701508821977618,0.033280403994197003,0.31939979818897851,0.0072979318629245449,0.51141639520251414,0.17520924513267616,0.00085393981189293977,0.068867901506397877,0.37110989967891844,0.0017451372624303629,0.14607670970651368,S4_lean31_limit_up_count_5d_2022,lean31,limit_up_count_5d,2022,single
202204,0.088607093708812854,0.0013538375816505256,0.36155725761050378,0.34116707057593243,0.035442837483525141,0.10235012117277972,0.19153282271684888,0.32932578137315371,0.088999858603013404,-0.00039276489420055072,0.028872339664556261,0.38252574799564837,-0.041358677419715939,0.19536272065078245,0.35688806588213351,0.00466919172837027,0.19876907683055139,0.34329124807525979,-0.013965466702106077,0.010527029011891786,S4_lean31_limit_up_count_5d_2022,lean31,limit_up_count_5d,2022,single
202205,0.14452718226760122,0.0027407967765585473,0.18532696015189218,0.69068078769275387,0.057810872907040491,0.20720423630782617,0.24440191195443234,0.50941702116929899,0.1434878553451556,0.001039326922445627,0.045691223982035831,0.7215066192198728,-0.03082583152711893,0.26146000866117824,0.1803523841029131,0.0049745760489790791,0.010417235836444411,0.5197414126731501,-0.010324391503851116,0.093589321440234519,S4_lean31_limit_up_count_5d_2022,lean31,limit_up_count_5d,2022,single
202206,0.094037458844921137,0.00095312285946834159,0.23235675818630999,0.24018696058602207,0.037614983537968459,0.072056088175806624,0.23029297254410699,0.33996404425788207,0.093722166724016509,0.00031529212090462833,0.028908494078436903,0.24027230475712014,-8.5344171098067356e-05,-0.023220378786519058,0.23271575467332312,-0.00035899648701312459,0.004267726340455219,0.33975583171474566,0.00020821254313641013,0.0033169660932825251,S4_lean31_limit_up_count_5d_2022,lean31,limit_up_count_5d,2022,single
202207,0.077524065837704353,0.00088914161259600732,0.29365032603818753,0.22406368637419385,0.031009626335081742,0.067219105912258159,0.21190490218854374,0.31013363443588365,0.074870355738565514,0.0026537100991388396,0.039104206735939409,0.24238659508172014,-0.018322908707526286,-0.061317993766162066,0.2944024163212583,-0.00075209028307077208,0.0025727145949233088,0.31434339592356475,-0.0042097614876810963,-0.0035255298139498237,S4_lean31_limit_up_count_5d_2022,lean31,limit_up_count_5d,2022,single
202208,0.075127735976072016,0.00082890617674343328,0.29675103509030093,0.20888435653934517,0.030051094390428808,0.062665306961803544,0.21097468947290973,0.30369109082514212,0.073969082582671611,0.0011586533934004051,0.061192690917071718,0.17984178091740699,0.029042575621938183,0.75310507562034701,0.29506921172814948,0.0016818233621514467,-0.0065901879001327712,0.29501940378984592,0.0086716870352961939,0.2523856554229727,S4_lean31_limit_up_count_5d_2022,lean31,limit_up_count_5d,2022,single
202209,0.056491495907419677,0.0023389067474122354,0.29093645528513123,0.58940450034788328,0.022596598362967873,0.17682135010436498,0.21271906341446062,0.41213701188179347,0.056848213747941169,-0.00035671784052149214,0.042793457707705228,0.58699600851301537,0.0024084918348679096,0.43321188365639557,0.2946933905453471,-0.0037569352602158657,-0.018225721746955359,0.41043007088947697,0.0017069409923164969,0.15254866470408734,S4_lean31_limit_up_count_5d_2022,lean31,limit_up_count_5d,2022,single
202210,0.1187897078414067,0.0025065292477503384,0.30502474276459024,0.63164537043308533,0.047515883136562687,0.1894936111299256,0.20849257717062292,0.44550207143711118,0.12118277966584166,-0.0023930718244349614,0.046866084321191132,0.64477920737960004,-0.01313383694651471,0.37884598025648281,0.30505048910197563,-2.5746337385390561e-05,0.014248806855592933,0.45039172734962396,-0.0048896559125127803,0.12812558574874339,S4_lean31_limit_up_count_5d_2022,lean31,limit_up_count_5d,2022,single
202211,0.090716146472619996,0.0012851435082938047,0.30587039194033877,0.32385616409003881,0.036286458589047998,0.097156849227011635,0.20823888241789837,0.34168219023395796,0.090439398724764919,0.00027674774785507728,0.06379970554820083,0.36923419228189347,-0.045378028191854658,0.21884669857061614,0.30395823607578415,0.0019121558645546211,0.005860148315739222,0.35575854635173876,-0.014076356117780797,0.089415847295743367,S4_lean31_limit_up_count_5d_2022,lean31,limit_up_count_5d,2022,single
202212,0.085358665574241238,0.0029042627074189835,0.29940551196289245,0.73187420226958388,0.034143466229696495,0.21956226068087517,0.21017834641113226,0.46388407332170395,0.083203600396689781,0.0021550651775514573,0.075745596519725303,0.727757842626646,0.0041163596429378835,0.69025003324165768,0.29827397485256318,0.0011315371103292615,-0.0007042849328121048,0.46212660049090076,0.0017574728308031862,0.23758453406023106,S4_lean31_limit_up_count_5d_2022,lean31,limit_up_count_5d,2022,single
202101,0.057157841292724013,0.0010334458380957358,0.54852771626099439,0.26042835120012542,0.022863136517089606,0.078128505360037626,0.13544168512170168,0.23643332699882891,0.056045103076887967,0.0011127382158360455,0.017339921753880633,0.19265966871453724,0.067768682485588178,0.27596299023250997,0.53284924008448953,0.015678476176504863,0.0033170607957171416,0.2203611698197695,0.01607215717905941,0.088729747532590081,S4_lean31_limit_down_count_5d_2021,lean31,limit_down_count_5d,2021,single
202102,0.096366149032488607,0.0025481667905375583,0.4914129172856444,0.64213803121546464,0.038546459612995444,0.19264140936463939,0.15257612481430669,0.38376399379194148,0.094972926606371466,0.0013932224261171411,0.064532469799925635,0.63516949778726672,0.0069685334281979205,0.65815606082454436,0.56221053587622316,-0.070797618590578759,0.11417446711120732,0.35987685921586166,0.023887134576079827,0.18900746603397131,S4_lean31_limit_down_count_5d_2021,lean31,limit_down_count_5d,2021,single
202103,0.10578976974084978,0.0027820483171471099,0.42682556074104283,0.70107617592107163,0.042315907896339912,0.21032285277632148,0.17195233177768715,0.42459109245034854,0.10760280341530748,-0.0018130336744577036,0.044022759995831294,0.80539828311141182,-0.10432210719034019,0.58891224172596413,0.45591765478868257,-0.029092094047639738,-0.017435137888756558,0.44788530986294178,-0.023294217412593243,0.19951331788274873,S4_lean31_limit_down_count_5d_2021,lean31,limit_down_count_5d,2021,single
202104,0.071808453860065624,0.0024569840112674255,0.47880397213489612,0.61915997083939123,0.02872338154402625,0.18574799125181737,0.15635880835953117,0.37083018115537481,0.071427833570909247,0.00038062028915637758,0.049217396421229229,0.59595944168309811,0.023200529156293115,0.7539203274343228,0.46599107543933133,0.01281289669556479,0.11502978556165872,0.36756164330149377,0.0032685378538810372,0.21135412113029095,S4_lean31_limit_down_count_5d_2021,lean31,limit_down_count_5d,2021,single
202105,0.043268341792581384,0.001289576908854084,0.35749532650730109,0.32497338103122914,0.017307336717032554,0.097492014309368741,0.19275140204780966,0.30755075307421098,0.046648280664908615,-0.0033799388723272303,0.028211995391371897,0.37303013481103536,-0.048056753779806227,0.14825807444557115,0.36088010823244926,-0.0033847817251481671,-0.046045326270257869,0.32230432023953925,-0.014753567165328274,0.069575818371297449,S4_lean31_limit_down_count_5d_2021,lean31,limit_down_count_5d,2021,single
202106,0.079105175354930043,0.0022949972170328479,0.37619382134135693,0.57833929869227763,0.031642070141972019,0.17350178960768328,0.18714185359759292,0.39228571334724821,0.078286044890033796,0.00081913046489624775,0.050348582961804916,0.5908939627879759,-0.012554664095698276,0.60550235361705351,0.34468466941628173,0.031509151925075196,-0.03301095760310413,0.40517720596752177,-0.012891492620273559,0.21169342655076923,S4_lean31_limit_down_count_5d_2021,lean31,limit_down_count_5d,2021,single
202107,0.065293635828641131,0.0027695193885570115,0.32699084107570947,0.69791888591636686,0.026117454331456454,0.20937566577491004,0.20190274767728716,0.43739586778365369,0.063484100002914587,0.0018095358257265437,0.025451226987219862,0.69921624148133388,-0.0012973555649670176,0.25624369942017661,0.33659663915845223,-0.0096057980827427558,0.019728643883496932,0.43417952069803029,0.0032163470856234055,0.081135007455891861,S4_lean31_limit_down_count_5d_2021,lean31,limit_down_count_5d,2021,single
202108,0.093530253904671387,0.0023324905909830546,0.29439680522503886,0.58778762892772973,0.037412101561868555,0.17633628867831891,0.21168095843248833,0.42542934867267579,0.094358199089499634,-0.00082794518482824653,0.044935427999194796,0.57438016073110865,0.013407468196621086,0.51700443578221278,0.30596744338520954,-0.011570638160170676,0.047207866222190698,0.41826709483956959,0.0071622538331062024,0.15891314206768448,S4_lean31_limit_down_count_5d_2021,lean31,limit_down_count_5d,2021,single
202109,0.088522081989681187,0.0023962896170066717,0.25897412894706823,0.60386498348568129,0.035408832795872473,0.18115949504570439,0.22230776131587954,0.43887608915745641,0.091088217632016716,-0.0025661356423355292,0.063489312295490541,0.60678410919021752,-0.0029191257045362295,0.66704428964815554,0.28446982995997361,-0.025495701012905381,0.020562510021072955,0.43312957082187986,0.0057465183355765448,0.21934025880632102,S4_lean31_limit_down_count_5d_2021,lean31,limit_down_count_5d,2021,single
202110,0.051236410802770201,0.0011735901745502312,0.18644667477205781,0.29574472398665824,0.020494564321108081,0.088723417195997467,0.24406599756838265,0.3532839790854882,0.052551529375521717,-0.0013151185727515169,0.0046764810194335552,0.31829699928937955,-0.022552275302721303,-0.011040673660080214,0.17226687247908831,0.014179802292969501,-0.017681830380844837,0.36482964979329602,-0.01154567070780782,0.0038629394240028425,S4_lean31_limit_down_count_5d_2021,lean31,limit_down_count_5d,2021,single
202111,0.088314107685073362,0.0025335126287841046,0.13657586631181307,0.63844518245359438,0.035325643074029349,0.1915335547360783,0.25902724010645606,0.48588643791656372,0.088819275823758537,-0.00050516813868517474,0.047252367687919322,0.55255957812264755,0.08588560433094683,0.55739797582895612,0.13353333830754119,0.0030425280042718772,-0.0027393567797013851,0.46123558227403527,0.024650855642528446,0.18694214685776495,S4_lean31_limit_down_count_5d_2021,lean31,limit_down_count_5d,2021,single
202112,0.065112385560615535,0.00068175349048955501,0.11685344868544995,0.17180187960336787,0.026044954224246214,0.051540563881010359,0.26494396539436499,0.34252948349962153,0.064650245353031793,0.00046214020758374164,0.048044133484121343,0.11568047156695647,0.056121408036411399,0.37548580598030656,0.11328682735892812,0.0035666213265218294,0.011104868213961505,0.32657819140362121,0.015951292096000325,0.12853193472355201,S4_lean31_limit_down_count_5d_2021,lean31,limit_down_count_5d,2021,single
202201,0.1181513294852591,0.0036536482704072229,0.051333192626111641,0.92071936414262012,0.047260531794103638,0.27621580924278605,0.2846000422121665,0.60807638324905622,0.1186921992918047,-0.00054086980654560746,0.057334774115137689,0.92377952745018677,-0.0030601633075666435,0.68187598365567437,0.064195888334832391,-0.012862695708720749,0.0060512338488491607,0.60535197145132824,0.0027244117977279769,0.22568133458810269,S4_lean31_limit_down_count_5d_2022,lean31,limit_down_count_5d,2022,single
202202,0.081369384763840591,0.0016099647097235559,0.043773105413509338,0.40571110685033612,0.032547753905536235,0.12171333205510083,0.28686806837594719,0.44112915433658428,0.083361754720232648,-0.0019923699563920566,0.043482950538576544,0.45997653359356594,-0.054265426743229817,0.16056265713070586,0.042485899352875153,0.0012872060606341842,-0.0010490066336827433,0.45859189216030027,-0.01746273782371599,0.06587667934474728,S4_lean31_limit_down_count_5d_2022,lean31,limit_down_count_5d,2022,single
202203,0.069115866524529682,0.0013062307304646957,0.15015984039134408,0.32917014407710332,0.027646346609811873,0.098751043223130996,0.25495204788259673,0.38134943771553964,0.069631834405069315,-0.00051596788053963338,0.033234586995855131,0.31939979818897851,0.0097703458881248095,0.5138888092277144,0.17520924513267616,-0.025049404741332076,0.042964556953172861,0.37110989967891844,0.010239538036621199,0.15457111048070452,S4_lean31_limit_down_count_5d_2022,lean31,limit_down_count_5d,2022,single
202204,0.090424290375355362,0.0014764846563706598,0.32880024226109766,0.37207413340540624,0.036169716150142146,0.11162224002162187,0.20135992732167071,0.34915188349343473,0.088999858603013404,0.0014244317723419581,0.03068953633109877,0.38252574799564837,-0.010451614590242131,0.22626978348025625,0.35688806588213351,-0.028087823621035846,0.16601206148114528,0.34329124807525979,0.005860635418174942,0.030353131132172806,S4_lean31_limit_down_count_5d_2022,lean31,limit_down_count_5d,2022,single
202205,0.14269696063092888,0.0028947387540041994,0.1784009981577459,0.72947416600905823,0.057078784252371555,0.21884224980271746,0.24647970055267621,0.52240073460776526,0.1434878553451556,-0.00079089471422671975,0.043861002345363484,0.7215066192198728,0.0079675467891854312,0.30025338697748261,0.1803523841029131,-0.0019513859451671944,0.0034912738422981371,0.5197414126731501,0.0026593219346151553,0.10657303487870079,S4_lean31_limit_down_count_5d_2022,lean31,limit_down_count_5d,2022,single
202206,0.092675803844736684,0.00094856788448439446,0.23548254166608673,0.23903910689006741,0.037070321537894677,0.071711732067020223,0.22935523750017398,0.33813729110508889,0.093722166724016509,-0.0010463628792798246,0.02754683907825245,0.24027230475712014,-0.0012331978670527266,-0.024368232482473717,0.23271575467332312,0.0027667869927636146,0.0073935098202319582,0.33975583171474566,-0.0016185406096567712,0.0014902129404893438,S4_lean31_limit_down_count_5d_2022,lean31,limit_down_count_5d,2022,single
202207,0.076700973800886196,0.0013361143469646866,0.30061476482168914,0.336700815435101,0.030680389520354481,0.10101024463053029,0.20981557055349326,0.34150620470437804,0.074870355738565514,0.0018306180623206825,0.038281114699121252,0.24238659508172014,0.094314220353380857,0.051319135294745077,0.2944024163212583,0.0062123485004308421,0.0095371533784249229,0.31434339592356475,0.027162808780813286,0.027847040454544558,S4_lean31_limit_down_count_5d_2022,lean31,limit_down_count_5d,2022,single
202208,0.07293157343663044,0.0005451450538367078,0.30938255589201524,0.13737655356685036,0.029172629374652176,0.041212966070055104,0.20718523323239543,0.2775708286771027,0.073969082582671611,-0.0010375091460411712,0.058996528377630142,0.17984178091740699,-0.042465227350556634,0.6815972726478523,0.29506921172814948,0.01431334416386576,0.006041332901581542,0.29501940378984592,-0.017448575112743225,0.22626539327493328,S4_lean31_limit_down_count_5d_2022,lean31,limit_down_count_5d,2022,single
202209,0.057959846484879826,0.0022878206865957458,0.29595377140273726,0.57653081302212794,0.02318393859395193,0.17295924390663839,0.21121386857917882,0.40735705107976916,0.056848213747941169,0.0011116327369386572,0.044261808285165377,0.58699600851301537,-0.010465195490887425,0.42033819633064023,0.2946933905453471,0.0012603808573901643,-0.013208405629349329,0.41043007088947697,-0.003073019809707811,0.14776870390206304,S4_lean31_limit_down_count_5d_2022,lean31,limit_down_count_5d,2022,single
202210,0.12040604586427084,0.0030254622214215816,0.30564944691384571,0.76241647979823857,0.048162418345708335,0.22872494393947157,0.20830516592584628,0.48519252821102621,0.12118277966584166,-0.00077673380157082528,0.048482422344055268,0.64477920737960004,0.11763727241863853,0.5096170896216361,0.30505048910197563,0.00059895781187008224,0.014873511004848405,0.45039172734962396,0.034800800861402248,0.16781604252265842,S4_lean31_limit_down_count_5d_2022,lean31,limit_down_count_5d,2022,single
202211,0.091862043751937433,0.0015402202498656194,0.31419981381849205,0.38813550296613608,0.036744817500774976,0.11644065088984082,0.20574005585445237,0.35892552424506818,0.090439398724764919,0.0014226450271725144,0.064945602827518267,0.36923419228189347,0.018901310684242612,0.28312603744671339,0.30395823607578415,0.010241577742707897,0.014189570193892498,0.35575854635173876,0.0031669778933294257,0.10665918130685359,S4_lean31_limit_down_count_5d_2022,lean31,limit_down_count_5d,2022,single
202212,0.084949959381716442,0.0029925283764003826,0.30283597093736914,0.75411715085289643,0.033979983752686578,0.22623514525586891,0.20914920871878925,0.46936433772734476,0.083203600396689781,0.0017463589850266609,0.075336890327200506,0.727757842626646,0.026359308226250433,0.71249298182497023,0.29827397485256318,0.0045619960848059526,0.0027261740416645863,0.46212660049090076,0.0072377372364439974,0.24306479846587187,S4_lean31_limit_down_count_5d_2022,lean31,limit_down_count_5d,2022,single
202101,0.06007987852150324,0.00095428733039491906,0.4991651928665844,0.24048040725951961,0.024031951408601298,0.072144122177855874,0.1502504421400247,0.24642651572648189,0.056045103076887967,0.0040347754446152725,0.02026195898265986,0.19265966871453724,0.047820738544982366,0.25601504629190414,0.53284924008448953,-0.033684047217905133,-0.046045462598692855,0.2203611698197695,0.026065345906712389,0.09872293626024306,S4_lean31_ret_1d_rank_pct_2021,lean31,ret_1d_rank_pct,2021,single
202102,0.088903531462967492,0.0021702436849853775,0.54650974532231655,0.54690140861631509,0.035561412585186997,0.16407042258489452,0.13604707640330502,0.33567891157338653,0.094972926606371466,-0.0060693951434039745,0.057069852230404519,0.63516949778726672,-0.088268089170951636,0.56291943822539481,0.56221053587622316,-0.015700790553906607,0.16927129514787947,0.35987685921586166,-0.024197947642475126,0.14092238381541636,S4_lean31_ret_1d_rank_pct_2021,lean31,ret_1d_rank_pct,2021,single
202103,0.10068265445926036,0.0024151290687188598,0.48877366056096977,0.60861252531715271,0.040273061783704149,0.18258375759514581,0.15336790183170904,0.376224721210559,0.10760280341530748,-0.0069201489560471174,0.03891564471424188,0.80539828311141182,-0.19678575779425911,0.4964485911220452,0.45591765478868257,0.0328560057722872,0.044512961931170381,0.44788530986294178,-0.071660588652382784,0.15114694664295919,S4_lean31_ret_1d_rank_pct_2021,lean31,ret_1d_rank_pct,2021,single
202104,0.060070997565967212,0.0021599608864543368,0.40615695040948407,0.54431014338649286,0.024028399026386885,0.16329304301594785,0.17815291487715476,0.36547435691948948,0.071427833570909247,-0.011356836004942035,0.037479940127130809,0.59595944168309811,-0.051649298296605251,0.67907049998142444,0.46599107543933133,-0.059834125029847252,0.042382763836246673,0.36756164330149377,-0.0020872863820042831,0.20599829689440563,S4_lean31_ret_1d_rank_pct_2021,lean31,ret_1d_rank_pct,2021,single
202105,0.037593049878852959,0.0014730997989002615,0.34246388569533226,0.37122114932286593,0.015037219951541184,0.11136634479685978,0.19726083429140032,0.32366439903980126,0.046648280664908615,-0.0090552307860556555,0.022536703477643472,0.37303013481103536,-0.0018089854881694345,0.19450584273720795,0.36088010823244926,-0.018416222537117,-0.061076767082226702,0.32230432023953925,0.0013600788002620101,0.085689464336887733,S4_lean31_ret_1d_rank_pct_2021,lean31,ret_1d_rank_pct,2021,single
202106,0.063773840249311736,0.001623401256391976,0.4049067872467676,0.40909711661077797,0.025509536099724697,0.12272913498323339,0.17852796382596972,0.32676663490892777,0.078286044890033796,-0.01451220464072206,0.035017247856186609,0.5908939627879759,-0.18179684617719793,0.43626017153555385,0.34468466941628173,0.060222117830485866,-0.0042979916976934596,0.40517720596752177,-0.078410571058594003,0.14617434811244878,S4_lean31_ret_1d_rank_pct_2021,lean31,ret_1d_rank_pct,2021,single
202107,0.062804104927050228,0.0028201259072132157,0.31086243546920045,0.71067172861773031,0.025121641970820091,0.21320151858531908,0.20674126935923987,0.44506442991537903,0.063484100002914587,-0.00067999507586435914,0.022961696085628959,0.69921624148133388,0.011455487136396436,0.26899654212154006,0.33659663915845223,-0.025734203689251778,0.0036002382769879104,0.43417952069803029,0.010884909217348748,0.088803569587617204,S4_lean31_ret_1d_rank_pct_2021,lean31,ret_1d_rank_pct,2021,single
202108,0.086517359807265728,0.0019428906652903923,0.29084503693204095,0.48960844765317885,0.034606943922906294,0.14688253429595366,0.21274648892038769,0.39423596713924769,0.094358199089499634,-0.0078408392822339051,0.037922533901789138,0.57438016073110865,-0.0847717130779298,0.41882525450766184,0.30596744338520954,-0.015122406453168591,0.043656097929192783,0.41826709483956959,-0.024031127700321897,0.12771976053425638,S4_lean31_ret_1d_rank_pct_2021,lean31,ret_1d_rank_pct,2021,single
202109,0.087946258049512185,0.0024349278781572847,0.25312360739799933,0.61360182529563578,0.035178503219804876,0.18408054758869072,0.2240629177806002,0.44332196858909578,0.091088217632016716,-0.0031419595825045304,0.06291348835532154,0.60678410919021752,0.0068177161054182589,0.67678113145811003,0.28446982995997361,-0.03134622256197428,0.014711988472004056,0.43312957082187986,0.010192397767215922,0.2237861382379604,S4_lean31_ret_1d_rank_pct_2021,lean31,ret_1d_rank_pct,2021,single
202110,0.042747429993419642,0.0011026843856951198,0.16662385381798422,0.27787646519517017,0.017098971997367856,0.08336293955855105,0.2500128438546047,0.35047475541052364,0.052551529375521717,-0.0098040993821020758,-0.0038124997899170038,0.31829699928937955,-0.04042053409420937,-0.028908932451568281,0.17226687247908831,-0.0056430186611040878,-0.037504651334918426,0.36482964979329602,-0.014354894382772376,0.0010537157490382865,S4_lean31_ret_1d_rank_pct_2021,lean31,ret_1d_rank_pct,2021,single
202111,0.070521005004410109,0.0015931954324380688,0.13925160508820236,0.40148524897439336,0.028208402001764044,0.12044557469231801,0.25822451847353928,0.40687849516762131,0.088819275823758537,-0.018298270819348428,0.029459265007256069,0.55255957812264755,-0.15107432914825419,0.32043804234975504,0.13353333830754119,0.0057182667806611742,-6.3618003312088112e-05,0.46123558227403527,-0.054357087106413959,0.10793420410882254,S4_lean31_ret_1d_rank_pct_2021,lean31,ret_1d_rank_pct,2021,single
202112,0.057169871522140772,9.2093374122749599e-05,0.093014773062744041,0.023207530278932898,0.022867948608856312,0.0069622590836798696,0.27209556808117674,0.30192577577371293,0.064650245353031793,-0.0074803738308910211,0.04010161944564658,0.11568047156695647,-0.09247294128802358,0.2268914566558716,0.11328682735892812,-0.020272054296184075,-0.012733807408744399,0.32657819140362121,-0.024652415629908275,0.087928226997643411,S4_lean31_ret_1d_rank_pct_2021,lean31,ret_1d_rank_pct,2021,single
202201,0.10052474684103015,0.0024682371160506008,0.071743854712865138,0.62199575324475143,0.040209898736412064,0.18659872597342542,0.27847684358614044,0.50528546829597798,0.1186921992918047,-0.018167452450774557,0.039708191470908739,0.92377952745018677,-0.30178377420543534,0.38315237275780567,0.064195888334832391,0.0075479663780327472,0.026461895935602657,0.60535197145132824,-0.10006650315535026,0.12289041963502445,S4_lean31_ret_1d_rank_pct_2022,lean31,ret_1d_rank_pct,2022,single
202202,0.074547550233185184,0.0010333034086820576,0.0443292745070736,0.26039245898787849,0.029819020093274074,0.078117737696363543,0.28670121764787793,0.39463797543751555,0.083361754720232648,-0.008814204487047464,0.036661116007921137,0.45997653359356594,-0.19958407460568744,0.015244009268248232,0.042485899352875153,0.0018433751541984469,-0.00049283754011848063,0.45859189216030027,-0.063953916722784721,0.01938550044567855,S4_lean31_ret_1d_rank_pct_2022,lean31,ret_1d_rank_pct,2022,single
202203,0.066992217367133705,0.0013093255663904479,0.13612126211419276,0.32995004273039286,0.026796886946853483,0.098985012819117854,0.25916362136574217,0.38494552113171354,0.069631834405069315,-0.0026396170379356099,0.031110937838459155,0.31939979818897851,0.010550244541414344,0.51466870788100394,0.17520924513267616,-0.039087983018483402,0.028925978676021535,0.37110989967891844,0.013835621452795099,0.15816719389687842,S4_lean31_ret_1d_rank_pct_2022,lean31,ret_1d_rank_pct,2022,single
202204,0.086112062464410832,0.0013518295531526044,0.38695111136163296,0.3406610473944563,0.034444824985764337,0.10219831421833689,0.1839146665915101,0.32055780579561133,0.088999858603013404,-0.0028877961386025719,0.02637730842015424,0.38252574799564837,-0.041864700601192073,0.19485669746930631,0.35688806588213351,0.030063045479499451,0.22416293058168058,0.34329124807525979,-0.022733442279648464,0.0017590534343494002,S4_lean31_ret_1d_rank_pct_2022,lean31,ret_1d_rank_pct,2022,single
202205,0.13493502312706457,0.0025303679363595762,0.22711495053775496,0.63765271996261319,0.053974009250825829,0.19129581598878395,0.23186551483867349,0.47713534007828329,0.1434878553451556,-0.0085528322180910277,0.036099064841499176,0.7215066192198728,-0.083853899257259612,0.20843194093103756,0.1803523841029131,0.046762566434841862,0.052205226222307194,0.5197414126731501,-0.042606072594866817,0.061307640349218817,S4_lean31_ret_1d_rank_pct_2022,lean31,ret_1d_rank_pct,2022,single
202206,0.088319872902656485,0.0013702779685878671,0.23262659855548784,0.34531004808414251,0.035327949161062598,0.10359301442524275,0.23021202043335365,0.36913298401965899,0.093722166724016509,-0.0054022938213600241,0.02319090813617225,0.24027230475712014,0.10503774332702237,0.08190270871160138,0.23271575467332312,-8.9156117835276216e-05,0.0045375667096330674,0.33975583171474566,0.029377152304913334,0.032485905855059449,S4_lean31_ret_1d_rank_pct_2022,lean31,ret_1d_rank_pct,2022,single
202207,0.072255342494317407,0.0013230545149632931,0.29779580762093621,0.33340973777074984,0.028902136997726965,0.10002292133122495,0.21066125771371916,0.33958631604267109,0.074870355738565514,-0.0026150132442481072,0.033835483392552462,0.24238659508172014,0.091023142689029696,0.048028057630393917,0.2944024163212583,0.003393391299677917,0.0067181961776719978,0.31434339592356475,0.025242920119106338,0.025927151792837611,S4_lean31_ret_1d_rank_pct_2022,lean31,ret_1d_rank_pct,2022,single
202208,0.064794823239485044,-0.00014605690971112982,0.30130529568482517,-0.036806341247204714,0.02591792929579402,-0.011041902374161415,0.20960841129455243,0.22448443821618505,0.073969082582671611,-0.0091742593431865666,0.050859778180484747,0.17984178091740699,-0.21664812216461171,0.50741437783379717,0.29506921172814948,0.0062360839566756865,-0.0020359273056085314,0.29501940378984592,-0.070534965573660874,0.17317900281401563,S4_lean31_ret_1d_rank_pct_2022,lean31,ret_1d_rank_pct,2022,single
202209,0.058082109204474486,0.0021936401031581879,0.29626044383999378,0.5527973059958633,0.023232843681789794,0.16583919179875897,0.21112186684800185,0.40019390232855062,0.056848213747941169,0.0012338954565333168,0.044384071004760037,0.58699600851301537,-0.034198702517152069,0.39660468930437559,0.2946933905453471,0.0015670532946466809,-0.012901733192092812,0.41043007088947697,-0.010236168560926351,0.1406055551508445,S4_lean31_ret_1d_rank_pct_2022,lean31,ret_1d_rank_pct,2022,single
202210,0.12351743662464702,0.0031297355442028115,0.29659443209903552,0.78869335713910849,0.049406974649858812,0.23660800714173252,0.21102167037028935,0.4970366521618807,0.12118277966584166,0.002334656958805359,0.051593813104431452,0.64477920737960004,0.14391414975950845,0.53589396696250602,0.30505048910197563,-0.0084560570029401094,0.0058184961900382137,0.45039172734962396,0.046644924812256738,0.17966016647351291,S4_lean31_ret_1d_rank_pct_2022,lean31,ret_1d_rank_pct,2022,single
202211,0.074736275391395796,0.00080371790428150581,0.30551577580557404,0.20253691187893946,0.029894510156558321,0.060761073563681836,0.2083452672583278,0.29900085097856799,0.090439398724764919,-0.015703123333369123,0.047819834466976623,0.36923419228189347,-0.16669728040295401,0.097527446359516795,0.30395823607578415,0.0015575397297898919,0.0055055321809744928,0.35575854635173876,-0.056757695373170769,0.046734508040353395,S4_lean31_ret_1d_rank_pct_2022,lean31,ret_1d_rank_pct,2022,single
202212,0.057860909753021647,0.0019396882448745247,0.30191448014839184,0.48880143770838025,0.023144363901208661,0.14664043131251406,0.20942565595548243,0.37921045116920515,0.083203600396689781,-0.025342690643668134,0.048247840698505712,0.727757842626646,-0.23895640491826575,0.44717726868045404,0.29827397485256318,0.0036405052958286555,0.0018046832526872891,0.46212660049090076,-0.082916149321695609,0.15291091190773226,S4_lean31_ret_1d_rank_pct_2022,lean31,ret_1d_rank_pct,2022,single
202101,0.059902764323258473,0.00060949820112208663,0.50241404121882316,0.15359354668276584,0.023961105729303392,0.04607806400482975,0.14927578763435304,0.21931495736848616,0.056045103076887967,0.0038576612463705057,0.020084844784415093,0.19265966871453724,-0.0390661220317714,0.16912818571515037,0.53284924008448953,-0.030435198865666369,-0.04279661424645409,0.2203611698197695,-0.0010462124512833348,0.071611377902247336,S4_lean31_ret_5d_rank_pct_2021,lean31,ret_5d_rank_pct,2021,single
202102,0.094623999116702384,0.0025151831400852262,0.48093271619084027,0.63382615130147701,0.037849599646680956,0.1901478453904431,0.15572018514274791,0.38371763017987193,0.094972926606371466,-0.00034892748966908194,0.062790319884139412,0.63516949778726672,-0.0013433464857897093,0.64984418091055673,0.56221053587622316,-0.08127781968538289,0.10369426601640319,0.35987685921586166,0.023840770964010272,0.18896110242190176,S4_lean31_ret_5d_rank_pct_2021,lean31,ret_5d_rank_pct,2021,single
202103,0.10649037899135952,0.0027634853706495518,0.40418913575491627,0.69639831340368707,0.042596151596543813,0.20891949402110613,0.17874325927352511,0.43025890489117502,0.10760280341530748,-0.0011124244239479608,0.044723369246341037,0.80539828311141182,-0.10899996970772474,0.58423437920857957,0.45591765478868257,-0.051728519033766296,-0.040071562874883115,0.44788530986294178,-0.017626404971766763,0.20518113032357521,S4_lean31_ret_5d_rank_pct_2021,lean31,ret_5d_rank_pct,2021,single
202104,0.071897549986126852,0.0025076763627915112,0.45969695038838959,0.63193444342346083,0.028759019994450741,0.18958033302703825,0.16209091488348309,0.38043026790497209,0.071427833570909247,0.00046971641521760532,0.049306492547290456,0.59595944168309811,0.035975001740362722,0.76669480001839241,0.46599107543933133,-0.0062941250509417346,0.09592276381515219,0.36756164330149377,0.012868624603478318,0.22095420787988823,S4_lean31_ret_5d_rank_pct_2021,lean31,ret_5d_rank_pct,2021,single
202105,0.047358260333694051,0.0013629998366425492,0.37827412514151892,0.3434759588339224,0.018943304133477622,0.10304278765017671,0.18651776245754431,0.30850385424119864,0.046648280664908615,0.00070997966878543622,0.032301913932484563,0.37303013481103536,-0.029554175977112962,0.16676065224826442,0.36088010823244926,0.017394016909069665,-0.025266527636040037,0.32230432023953925,-0.013800465998340616,0.070528919538285106,S4_lean31_ret_5d_rank_pct_2021,lean31,ret_5d_rank_pct,2021,single
202106,0.078348301105910442,0.0022363777171770451,0.36559630142458438,0.56356718472861533,0.031339320442364177,0.16907015541858458,0.19032110957262466,0.39073058543357342,0.078286044890033796,6.2256215876646537e-05,0.049591708712785315,0.5908939627879759,-0.027326778059360568,0.59073023965339122,0.34468466941628173,0.02091163200830265,-0.043608477519876676,0.40517720596752177,-0.014446620533948351,0.21013829863709443,S4_lean31_ret_5d_rank_pct_2021,lean31,ret_5d_rank_pct,2021,single
202107,0.063871968741890495,0.0027088599368184866,0.34124131634960037,0.6826327040782586,0.025548787496756199,0.20478981122347759,0.19762760509511987,0.42796620381535366,0.063484100002914587,0.00038786873897590779,0.024029559900469226,0.69921624148133388,-0.016583537403075277,0.24095751758206835,0.33659663915845223,0.0046446771911481388,0.033979119157387827,0.43417952069803029,-0.0062133168826766227,0.071705343487591833,S4_lean31_ret_5d_rank_pct_2021,lean31,ret_5d_rank_pct,2021,single
202108,0.095463131642625709,0.0024098442933646611,0.30142866965594645,0.6072807619278946,0.038185252657050285,0.18218422857836838,0.20957139910321604,0.4299408803386347,0.094358199089499634,0.0011049325531260756,0.046868305737149119,0.57438016073110865,0.03290060119678595,0.53649756878237764,0.30596744338520954,-0.0045387737292630903,0.054239730653098284,0.41826709483956959,0.011673785499065115,0.16342467373364339,S4_lean31_ret_5d_rank_pct_2021,lean31,ret_5d_rank_pct,2021,single
202109,0.09255434644827587,0.0025348736179942131,0.24348386982455023,0.63878815173454173,0.037021738579310348,0.19163644552036252,0.22695483905263492,0.45561302315230778,0.091088217632016716,0.0014661288162591546,0.067521576754085225,0.60678410919021752,0.032004042544324207,0.70196745789701598,0.28446982995997361,-0.040985960135423383,0.005072250898554953,0.43312957082187986,0.022483452330427922,0.2360771928011724,S4_lean31_ret_5d_rank_pct_2021,lean31,ret_5d_rank_pct,2021,single
202110,0.051845648044779181,0.00098701160786011715,0.19722643238661242,0.24872692518074951,0.020738259217911673,0.074618077554224851,0.24083207028401626,0.33618840705615277,0.052551529375521717,-0.00070588133074253601,0.005285718261442536,0.31829699928937955,-0.069570074108630031,-0.058058472465988942,0.17226687247908831,0.024959559907524104,-0.0069020727662902348,0.36482964979329602,-0.028641242737143247,-0.013232632605332584,S4_lean31_ret_5d_rank_pct_2021,lean31,ret_5d_rank_pct,2021,single
202111,0.089106082701903844,0.0024501384794198737,0.12968822961269444,0.61743489681380814,0.035642433080761537,0.18523046904414245,0.26109353111619166,0.48196643324109567,0.088819275823758537,0.00028680687814530703,0.048044342704749804,0.55255957812264755,0.064875318691160588,0.53638769018916987,0.13353333830754119,-0.0038451086948467494,-0.0096269934788200118,0.46123558227403527,0.020730850967060399,0.1830221421822969,S4_lean31_ret_5d_rank_pct_2021,lean31,ret_5d_rank_pct,2021,single
202112,0.064843679645126343,0.00061974098514815904,0.11379586895367522,0.15617472825733608,0.025937471858050537,0.04685241847720082,0.26586123931389744,0.33865112964914879,0.064650245353031793,0.00019343429209454921,0.047775427568632151,0.11568047156695647,0.040494256690379607,0.3598586546342748,0.11328682735892812,0.00050904159474710053,0.0080472884821867763,0.32657819140362121,0.012072938245527576,0.12465358087307926,S4_lean31_ret_5d_rank_pct_2021,lean31,ret_5d_rank_pct,2021,single
202201,0.1207905534146347,0.0037881324078918054,0.078019817199891414,0.95460936678873498,0.048316221365853881,0.28638281003662047,0.27659405484003258,0.611293086242507,0.1186921992918047,0.0020983541228299929,0.059973998044513289,0.92377952745018677,0.030829839338548215,0.71576598630178923,0.064195888334832391,0.013823928865059024,0.032737858422628933,0.60535197145132824,0.0059411147911787587,0.22889803758155347,S4_lean31_ret_5d_rank_pct_2022,lean31,ret_5d_rank_pct,2022,single
202202,0.085158488622165379,0.0018226552618908303,0.040948838471208941,0.45930912599648921,0.034063395448866156,0.13779273779894677,0.28771534845863733,0.45957148170645024,0.083361754720232648,0.0017967339019327316,0.047272054396901332,0.45997653359356594,-0.00066740759707673014,0.21416067627685895,0.042485899352875153,-0.0015370608816662121,-0.0038732735759831396,0.45859189216030027,0.00097958954614996152,0.084319006714613232,S4_lean31_ret_5d_rank_pct_2022,lean31,ret_5d_rank_pct,2022,single
202203,0.071479926215717332,0.0010573860544145907,0.17462066714945851,0.26646128571247685,0.028591970486286936,0.079938385713743051,0.24761379985516241,0.3561441560551924,0.069631834405069315,0.0018480918106480171,0.035598646687042781,0.31939979818897851,-0.052938512476501665,0.45117995086308793,0.17520924513267616,-0.00058857798321765298,0.067425383711287284,0.37110989967891844,-0.014965743623726047,0.12936582882035727,S4_lean31_ret_5d_rank_pct_2022,lean31,ret_5d_rank_pct,2022,single
202204,0.091688227373198664,0.001533620979295744,0.38808059572079112,0.38647248678252749,0.036675290949279467,0.11594174603475824,0.18357582128376265,0.33619285826780032,0.088999858603013404,0.0026883687701852593,0.031953473328942071,0.38252574799564837,0.0039467387868791226,0.24066813685737751,0.35688806588213351,0.031192529838657612,0.22529241494083874,0.34329124807525979,-0.0070983898074594709,0.017394105906538393,S4_lean31_ret_5d_rank_pct_2022,lean31,ret_5d_rank_pct,2022,single
202205,0.1462472493804684,0.002774798017813876,0.25152482848211771,0.69924910048909672,0.058498899752187361,0.20977473014672901,0.2245425514553647,0.49281618135428107,0.1434878553451556,0.0027593940353128066,0.04741129109490301,0.7215066192198728,-0.022257518730776082,0.27002832145752109,0.1803523841029131,0.071172444379204614,0.076615104166669945,0.5197414126731501,-0.026925231318869036,0.076988481625216598,S4_lean31_ret_5d_rank_pct_2022,lean31,ret_5d_rank_pct,2022,single
202206,0.092652159772527914,0.0010300664809739675,0.23199395786561741,0.25957675320543983,0.037060863909011164,0.077873025961631939,0.23040181264031478,0.34533570251095791,0.093722166724016509,-0.0010700069514885946,0.02752319500604368,0.24027230475712014,0.019304448448319689,-0.003830586167101302,0.23271575467332312,-0.00072179680770570465,0.003904926019762639,0.33975583171474566,0.0055798707962122496,0.0086886243463583646,S4_lean31_ret_5d_rank_pct_2022,lean31,ret_5d_rank_pct,2022,single
202207,0.074887576966956221,0.0011683451902600565,0.29465491099986707,0.29442298794553423,0.02995503078678249,0.088326896383660272,0.21160352670003987,0.32988545387048263,0.074870355738565514,1.7221228390706944e-05,0.036467717865191276,0.24238659508172014,0.05203639286381409,0.0090413078051783113,0.2944024163212583,0.00025249467860877228,0.0035772995566028531,0.31434339592356475,0.015542057946917875,0.016226289620649148,S4_lean31_ret_5d_rank_pct_2022,lean31,ret_5d_rank_pct,2022,single
202208,0.075847726927902745,0.00099845404765947854,0.29389117154828115,0.25161042001018857,0.030339090771161099,0.075483126003056566,0.21183264853551564,0.3176548653097333,0.073969082582671611,0.0018786443452311341,0.061912681868902447,0.17984178091740699,0.071768639092781583,0.79583113909119052,0.29506921172814948,-0.0011780401798683338,-0.0094500514421525517,0.29501940378984592,0.022635461519887379,0.26634942990756388,S4_lean31_ret_5d_rank_pct_2022,lean31,ret_5d_rank_pct,2022,single
202209,0.055625158888739548,0.0023085441710408361,0.28861229544399208,0.58175313110229065,0.02225006355549582,0.17452593933068719,0.21341631136680239,0.41019231425298541,0.056848213747941169,-0.0012230548592016208,0.041927120689025099,0.58699600851301537,-0.0052428774107247111,0.42556051441080295,0.2946933905453471,-0.0060810951013550163,-0.02054988158809451,0.41043007088947697,-0.00023775663649155954,0.15060396707527929,S4_lean31_ret_5d_rank_pct_2022,lean31,ret_5d_rank_pct,2022,single
202210,0.12107905545720245,0.002724754843807168,0.29986599740560521,0.68663822063940638,0.048431622182880982,0.2059914661918219,0.21004020077831842,0.46446328915302132,0.12118277966584166,-0.0001037242086392165,0.049155431936986876,0.64477920737960004,0.041859013259806344,0.43383883046280386,0.30505048910197563,-0.0051844916963704191,0.0090900614966079041,0.45039172734962396,0.014071561803397359,0.14708680346465353,S4_lean31_ret_5d_rank_pct_2022,lean31,ret_5d_rank_pct,2022,single
202211,0.093016749679345742,0.0014941268792047345,0.30269162677650957,0.3765199735595931,0.037206699871738295,0.11295599206787793,0.20919251196704711,0.35935520390666331,0.090439398724764919,0.0025773509545808232,0.066100308754926562,0.36923419228189347,0.0072857812776996322,0.27151050804017041,0.30395823607578415,-0.0012666092992745792,0.0026813831519100217,0.35575854635173876,0.0035966575549245539,0.10708886096844872,S4_lean31_ret_5d_rank_pct_2022,lean31,ret_5d_rank_pct,2022,single
202212,0.081086433371827804,0.0029117294330182437,0.29514777335138542,0.73375581712059745,0.032434573348731122,0.22012674513617922,0.21145566799458437,0.46401698647949474,0.083203600396689781,-0.0021171670248619767,0.071473364317311869,0.727757842626646,0.0059979744939514523,0.69213164809267125,0.29827397485256318,-0.0031262015011777611,-0.0049620235443191274,0.46212660049090076,0.0018903859885939789,0.23771744721802185,S4_lean31_ret_5d_rank_pct_2022,lean31,ret_5d_rank_pct,2022,single
202101,0.056003808451413208,0.00055500404548781382,0.48204260703391494,0.13986101946292909,0.022401523380565284,0.041958305838878725,0.15538721788982549,0.21974704710926951,0.056045103076887967,-4.1294625474759539e-05,0.016185888912569828,0.19265966871453724,-0.052798649251608154,0.15539565849531362,0.53284924008448953,-0.05080663305057459,-0.063168048431362311,0.2203611698197695,-0.0006141227104999869,0.072043467643030684,S4_lean31_ret_20d_rank_pct_2021,lean31,ret_20d_rank_pct,2021,single
202102,0.096606742572223431,0.0027010535772997789,0.50613162238920828,0.6806655014795443,0.038642697028889374,0.20419965044386329,0.14816051328323751,0.39100286075599017,0.094972926606371466,0.0016338159658519646,0.064773063339660458,0.63516949778726672,0.045496003692277576,0.69668353108862402,0.56221053587622316,-0.056078913487014881,0.1288931722147712,0.35987685921586166,0.031126001540128512,0.19624633299802,S4_lean31_ret_20d_rank_pct_2021,lean31,ret_20d_rank_pct,2021,single
202103,0.10536547293391489,0.0027829205364751012,0.42631340497932119,0.70129597519172548,0.042146189173565961,0.21038879255751763,0.17210597850620366,0.42464096023728726,0.10760280341530748,-0.0022373304813925882,0.043598463188896409,0.80539828311141182,-0.10410230791968633,0.58913204099661798,0.45591765478868257,-0.029604249809361383,-0.017947293650478202,0.44788530986294178,-0.023244349625654526,0.19956318566968745,S4_lean31_ret_20d_rank_pct_2021,lean31,ret_20d_rank_pct,2021,single
202104,0.072996755570814753,0.0022619589270765246,0.43813355595358755,0.57001364962328416,0.029198702228325903,0.17100409488698523,0.16855993321392373,0.3687627303292349,0.071427833570909247,0.0015689219999055065,0.050405698131978358,0.59595944168309811,-0.025945792059813955,0.70477400621821573,0.46599107543933133,-0.027857519485743776,0.074359369380350149,0.36756164330149377,0.0012010870277411323,0.20928667030415105,S4_lean31_ret_20d_rank_pct_2021,lean31,ret_20d_rank_pct,2021,single
202105,0.049523681415587897,0.0015833259293844483,0.40189808124888066,0.39899813420488095,0.019809472566235161,0.11969944026146428,0.17943057562533582,0.31893948845303527,0.046648280664908615,0.0028754007506792828,0.03446733501437841,0.37303013481103536,0.025967999393845587,0.22228282761922297,0.36088010823244926,0.041017973016431397,-0.0016425715286783049,0.32230432023953925,-0.0033648317865039856,0.080964553750121737,S4_lean31_ret_20d_rank_pct_2021,lean31,ret_20d_rank_pct,2021,single
202106,0.079350033964269845,0.0024184837325332055,0.39110806150908417,0.6094579005983678,0.031740013585707938,0.18283737017951032,0.18266758154727475,0.39724496531249298,0.078286044890033796,0.0010639890742360492,0.050593441571144718,0.5908939627879759,0.018563937810391895,0.63662095552314368,0.34468466941628173,0.04642339209280244,-0.018096717435376886,0.40517720596752177,-0.0079322406550287883,0.216652678516014,S4_lean31_ret_20d_rank_pct_2021,lean31,ret_20d_rank_pct,2021,single
202107,0.061781087920343918,0.0025946906551736386,0.36046768288132697,0.65386204510375689,0.024712435168137568,0.19615861353112707,0.19185969513560192,0.41273074383486652,0.063484100002914587,-0.0017030120825706693,0.021938679078922649,0.69921624148133388,-0.045354196377576983,0.21218685860756664,0.33659663915845223,0.023871043722874741,0.053205485689114429,0.43417952069803029,-0.021448776863163765,0.05646988350710469,S4_lean31_ret_20d_rank_pct_2021,lean31,ret_20d_rank_pct,2021,single
202108,0.09041585177614557,0.0018594138471408233,0.29097456759768892,0.46857228947948748,0.036166340710458232,0.14057168684384624,0.21270762972069332,0.3894456572749978,0.094358199089499634,-0.0039423473133540637,0.041821025870668979,0.57438016073110865,-0.10580787125162117,0.39778909633397047,0.30596744338520954,-0.014992875787520621,0.043785628594840753,0.41826709483956959,-0.028821437564571784,0.12292945067000649,S4_lean31_ret_20d_rank_pct_2021,lean31,ret_20d_rank_pct,2021,single
202109,0.095457633880759216,0.0032658065899657611,0.26483142080608968,0.82298326067137184,0.03818305355230369,0.24689497820141154,0.22055057375817308,0.50562860551188826,0.091088217632016716,0.0043694162487424998,0.07042486418656857,0.60678410919021752,0.21619915148115432,0.88616256683384609,0.28446982995997361,-0.019638409153883929,0.026419801880094407,0.43312957082187986,0.072499034690008402,0.28609277516075288,S4_lean31_ret_20d_rank_pct_2021,lean31,ret_20d_rank_pct,2021,single
202110,0.050923754965088885,0.0010221786445239564,0.18461413443374586,0.25758901842003701,0.020369501986035557,0.077276705526011097,0.24461575966987623,0.34226196718192287,0.052551529375521717,-0.0016277744104328321,0.00436382518175224,0.31829699928937955,-0.060707980869342537,-0.049196379226701448,0.17226687247908831,0.012347261954657546,-0.019514370719156793,0.36482964979329602,-0.022567682611373152,-0.0071590724795624894,S4_lean31_ret_20d_rank_pct_2021,lean31,ret_20d_rank_pct,2021,single
202111,0.088309385203564045,0.0021163647321428181,0.15451707173559329,0.53332391249999012,0.035323754081425622,0.15999717374999703,0.25364487847932199,0.44896580631074468,0.088819275823758537,-0.00050989062019449194,0.047247645206410005,0.55255957812264755,-0.019235665622657439,0.45227670587535179,0.13353333830754119,0.020983733428052098,0.015201848644078836,0.46123558227403527,-0.012269775963290597,0.1500215152519459,S4_lean31_ret_20d_rank_pct_2021,lean31,ret_20d_rank_pct,2021,single
202112,0.063735146752232102,0.00042795888692877005,0.11365466911116259,0.10784563950605006,0.025494058700892844,0.032353691851815018,0.26590359926665119,0.32375134981935905,0.064650245353031793,-0.00091509860079969085,0.046666894675737911,0.11568047156695647,-0.0078348320609064187,0.31152956588298875,0.11328682735892812,0.00036784175223447679,0.0079060886396741525,0.32657819140362121,-0.002826841584262163,0.10975380104328952,S4_lean31_ret_20d_rank_pct_2021,lean31,ret_20d_rank_pct,2021,single
202201,0.12124195635035777,0.0035041326189179092,0.050624007009591673,0.88304141996731311,0.048496782540143113,0.26491242599019393,0.28481279789712249,0.59822200642745949,0.1186921992918047,0.0025497570585530649,0.060425400980236361,0.92377952745018677,-0.040738107482873653,0.64419803948036736,0.064195888334832391,-0.013571881325240717,0.0053420482323291926,0.60535197145132824,-0.0071299650238687562,0.21582695776650596,S4_lean31_ret_20d_rank_pct_2022,lean31,ret_20d_rank_pct,2022,single
202202,0.083112755061513888,0.0016003597500867065,0.041713190712248972,0.40329065702185002,0.033245102024605559,0.12098719710655501,0.28748604278632528,0.44171834191748582,0.083361754720232648,-0.00024899965871875984,0.045226320836249841,0.45997653359356594,-0.056685876571715921,0.15814220730221976,0.042485899352875153,-0.000772708640626181,-0.0031089213349431086,0.45859189216030027,-0.01687355024281445,0.06646586692564882,S4_lean31_ret_20d_rank_pct_2022,lean31,ret_20d_rank_pct,2022,single
202203,0.067119163435036419,0.00089618189534740246,0.13946068107647022,0.22583783762754542,0.026847665374014569,0.067751351288263623,0.25816179567705894,0.35276081233933709,0.069631834405069315,-0.0025126709700328959,0.031237883906361869,0.31939979818897851,-0.093561960561433094,0.41055650277815647,0.17520924513267616,-0.035748564056205939,0.032265397638298998,0.37110989967891844,-0.018349087339581349,0.12598248510450197,S4_lean31_ret_20d_rank_pct_2022,lean31,ret_20d_rank_pct,2022,single
202204,0.085079356581149332,0.0010841197242895308,0.27675795082514593,0.27319817052096179,0.034031742632459734,0.08195945115628854,0.21697261475245624,0.33296380854120455,0.088999858603013404,-0.0039205020218640724,0.025344602536892739,0.38252574799564837,-0.10932757747468658,0.12739382059581181,0.35688806588213351,-0.080130115056987583,0.11396977004519354,0.34329124807525979,-0.010327439534055238,0.014165056179942626,S4_lean31_ret_20d_rank_pct_2022,lean31,ret_20d_rank_pct,2022,single
202205,0.14486314122483238,0.0029035693122020085,0.16479840343844426,0.73169946667490615,0.057945256489932956,0.21950984000247184,0.25056047896846673,0.52801557546087152,0.1434878553451556,0.0013752858796767797,0.046027182939266983,0.7215066192198728,0.010192847455033349,0.30247868764333052,0.1803523841029131,-0.015553980664468836,-0.010111320877003505,0.5197414126731501,0.0082741627877214174,0.11218787573180705,S4_lean31_ret_20d_rank_pct_2022,lean31,ret_20d_rank_pct,2022,single
202206,0.091104682519576194,0.00098224390027547336,0.22799506578013723,0.24752546286941929,0.036441873007830479,0.074257638860825786,0.23160148026595881,0.34230099213461507,0.093722166724016509,-0.0026174842044403152,0.025975717753091959,0.24027230475712014,0.0072531581122991517,-0.015881876503121839,0.23271575467332312,-0.004720688893185887,-9.3966065717543401e-05,0.33975583171474566,0.0025451604198694078,0.0056539139700155228,S4_lean31_ret_20d_rank_pct_2022,lean31,ret_20d_rank_pct,2022,single
202207,0.07689279273716651,0.0011542495766391696,0.28677599533715509,0.29087089331307076,0.030757117094866605,0.087261267993921227,0.21396720139885345,0.33198558648764126,0.074870355738565514,0.002022436998600996,0.038472933635401566,0.24238659508172014,0.048484298231350614,0.0054892131727148352,0.2944024163212583,-0.0076264209841032105,-0.0043016161061091296,0.31434339592356475,0.01764219056407651,0.018326422237807782,S4_lean31_ret_20d_rank_pct_2022,lean31,ret_20d_rank_pct,2022,single
202208,0.073507598610781516,0.00071283150119296195,0.290638436123349,0.17963353830062642,0.029403039444312606,0.053890061490187928,0.21280846916299531,0.29610157009749583,0.073969082582671611,-0.00046148397189009482,0.059572553551781218,0.17984178091740699,-0.00020824261678056843,0.72385425738162834,0.29506921172814948,-0.0044307756048004854,-0.012702786867084703,0.29501940378984592,0.0010821663076499011,0.24479613469532641,S4_lean31_ret_20d_rank_pct_2022,lean31,ret_20d_rank_pct,2022,single
202209,0.055921615373998278,0.002245404566252376,0.27833662105219475,0.56584195069559873,0.022368646149599311,0.16975258520867961,0.21649901368434157,0.40862024504262051,0.056848213747941169,-0.00092659837394289124,0.042223577174283829,0.58699600851301537,-0.021154057817416638,0.40964933400411102,0.2946933905453471,-0.016356769493152346,-0.030825555979891839,0.41043007088947697,-0.001809825846856461,0.14903189786491439,S4_lean31_ret_20d_rank_pct_2022,lean31,ret_20d_rank_pct,2022,single
202210,0.11631758423397635,0.002428687604131514,0.29206259870492463,0.61202927624114156,0.046527033693590542,0.18360878287234247,0.21238122038852261,0.44251703695445566,0.12118277966584166,-0.0048651954318653101,0.044393960713760783,0.64477920737960004,-0.032749931138458477,0.35922988606453904,0.30505048910197563,-0.012987890397051005,0.001286662795927318,0.45039172734962396,-0.0078746903951683045,0.12514055126608786,S4_lean31_ret_20d_rank_pct_2022,lean31,ret_20d_rank_pct,2022,single
202211,0.092839200927069279,0.0014781947295407273,0.30272739108269331,0.37250507184426329,0.037135680370827713,0.11175152155327898,0.209181782675192,0.3580689845992987,0.090439398724764919,0.0023998022023043603,0.065922760002650099,0.36923419228189347,0.0032708795623698217,0.2674956063248406,0.30395823607578415,-0.0012308449930908405,0.0027171474580937605,0.35575854635173876,0.0023104382475599428,0.10580264166108411,S4_lean31_ret_20d_rank_pct_2022,lean31,ret_20d_rank_pct,2022,single
202212,0.088531544675713572,0.0031128088962687514,0.29236736541546871,0.78442784185972536,0.035412617870285427,0.23532835255791759,0.21228979037535939,0.48303076080356239,0.083203600396689781,0.0053279442790237913,0.078918475621197637,0.727757842626646,0.05666999923307936,0.74280367283179916,0.29827397485256318,-0.0059066094370944788,-0.0077424314802358452,0.46212660049090076,0.020904160312661624,0.25673122154208949,S4_lean31_ret_20d_rank_pct_2022,lean31,ret_20d_rank_pct,2022,single
202101,0.055562241121140332,0.00097559668300787954,0.51830757279732398,0.24585036411798564,0.022224896448456134,0.073755109235395688,0.14450772816080279,0.24048773384465461,0.056045103076887967,-0.00048286195574763491,0.015744321582296952,0.19265966871453724,0.053190695403448396,0.26138500315037017,0.53284924008448953,-0.014541667287165549,-0.026903082667953271,0.2203611698197695,0.020126564024885107,0.092784154378415779,S4_lean31_amount_ratio_5d_rank_pct_2021,lean31,amount_ratio_5d_rank_pct,2021,single
202102,0.094703965999705805,0.0022676782985130988,0.47182006414578914,0.57145493122530089,0.037881586399882324,0.17143647936759027,0.15845398075626324,0.36777204652373585,0.094972926606371466,-0.0002689606066656608,0.062870286767142833,0.63516949778726672,-0.063714566561965835,0.58747296083438061,0.56221053587622316,-0.090390471730434019,0.094581613971352063,0.35987685921586166,0.0078951873078741963,0.17301551876576568,S4_lean31_amount_ratio_5d_rank_pct_2021,lean31,amount_ratio_5d_rank_pct,2021,single
202103,0.10797937408173253,0.0030332957928570063,0.44473289310294523,0.76439053979996563,0.043191749632693011,0.22931716193998969,0.1665801320691164,0.43908904364179913,0.10760280341530748,0.00037657066642504677,0.046212364336714044,0.80539828311141182,-0.041007743311446188,0.65222660560485812,0.45591765478868257,-0.011184761685737343,0.00047219447314583718,0.44788530986294178,-0.0087962662211426568,0.21401126907419932,S4_lean31_amount_ratio_5d_rank_pct_2021,lean31,amount_ratio_5d_rank_pct,2021,single
202104,0.073970839395269578,0.0026113118530665482,0.41504524375632745,0.65805058697277019,0.029588335758107834,0.19741517609183104,0.17548642687310176,0.40248993872304062,0.071427833570909247,0.002543005824360331,0.051379781956433182,0.59595944168309811,0.062091145289672078,0.79281094356770176,0.46599107543933133,-0.050945831683003873,0.051271057183090052,0.36756164330149377,0.034928295421546851,0.24301387869795676,S4_lean31_amount_ratio_5d_rank_pct_2021,lean31,amount_ratio_5d_rank_pct,2021,single
202105,0.043878859405248827,0.0011779589658311733,0.36491810103996219,0.29684565938945567,0.017551543762099532,0.089053697816836697,0.19052456968801132,0.29712981126694754,0.046648280664908615,-0.0027694212596597878,0.028822513004039339,0.37303013481103536,-0.076184475421579689,0.12013035280379769,0.36088010823244926,0.0040379928075129357,-0.038622551737596766,0.32230432023953925,-0.025174508972591714,0.059154876564034009,S4_lean31_amount_ratio_5d_rank_pct_2021,lean31,amount_ratio_5d_rank_pct,2021,single
202106,0.077036561061367179,0.0023140994292429446,0.40398746676918196,0.58315305616922208,0.030814624424546872,0.17494591685076663,0.17880375996924541,0.38456430124455893,0.078286044890033796,-0.0012494838286666171,0.048279968668242051,0.5908939627879759,-0.0077409066187538178,0.61031611109399797,0.34468466941628173,0.059302797352900227,-0.0052173121752790985,0.40517720596752177,-0.020612904722962844,0.20397201444807994,S4_lean31_amount_ratio_5d_rank_pct_2021,lean31,amount_ratio_5d_rank_pct,2021,single
202107,0.063414193048161371,0.0029524056566025678,0.28810558842517398,0.74400622546384709,0.025365677219264551,0.22320186763915412,0.21356832347244781,0.46213586833086651,0.063484100002914587,-6.9906954753215511e-05,0.023571784206740103,0.69921624148133388,0.044789983982513215,0.30233103896765684,0.33659663915845223,-0.048491050733278251,-0.019156608767038563,0.43417952069803029,0.02795634763283622,0.10587500800310468,S4_lean31_amount_ratio_5d_rank_pct_2021,lean31,amount_ratio_5d_rank_pct,2021,single
202108,0.092810789575395208,0.0025280444996559409,0.30536236489943341,0.63706721391329713,0.037124315830158086,0.19112016417398914,0.20839129053016994,0.43663577053431712,0.094358199089499634,-0.0015474095141044253,0.044215963669918618,0.57438016073110865,0.062687053182188479,0.56628402076778017,0.30596744338520954,-0.00060507848577612267,0.058173425896585251,0.41826709483956959,0.018368675694747538,0.17011956392932581,S4_lean31_amount_ratio_5d_rank_pct_2021,lean31,amount_ratio_5d_rank_pct,2021,single
202109,0.087599217767978577,0.002089972523088999,0.26243807289010174,0.52667307581842771,0.035039687107191429,0.15800192274552829,0.22126857813296949,0.41431018798568919,0.091088217632016716,-0.0034889998640381392,0.062566448073787931,0.60678410919021752,-0.080111033371789819,0.58985238198090195,0.28446982995997361,-0.022031757069871871,0.024026453964106465,0.43312957082187986,-0.018819382836190668,0.19477435763455381,S4_lean31_amount_ratio_5d_rank_pct_2021,lean31,amount_ratio_5d_rank_pct,2021,single
202110,0.053645015414153327,0.001177658497157543,0.1977937293301873,0.29676994128370082,0.021458006165661334,0.089030982385110244,0.24066188120094381,0.35115086975171539,0.052551529375521717,0.0010934860386316095,0.0070850856308166815,0.31829699928937955,-0.021527058005678723,-0.010015456363037634,0.17226687247908831,0.025526856851098984,-0.006334775822715355,0.36482964979329602,-0.013678780041580629,0.0017298300902300334,S4_lean31_amount_ratio_5d_rank_pct_2021,lean31,amount_ratio_5d_rank_pct,2021,single
202111,0.089006882849576557,0.0021937415890138242,0.11962772789569848,0.55282288043148364,0.035602753139830627,0.16584686412944508,0.26411168163129045,0.46556129890056619,0.088819275823758537,0.00018760702581802069,0.047945142852422518,0.55255957812264755,0.00026330230883608863,0.47177567380684532,0.13353333830754119,-0.013905610411842712,-0.019687495195815974,0.46123558227403527,0.0043257166265309177,0.16661700784176742,S4_lean31_amount_ratio_5d_rank_pct_2021,lean31,amount_ratio_5d_rank_pct,2021,single
202112,0.065501489654227613,0.00042953800323946049,0.10627767418894121,0.10824357681634404,0.026200595861691045,0.032473073044903211,0.26811669774331764,0.3267903666499119,0.064650245353031793,0.00085124430119581929,0.048433237577733421,0.11568047156695647,-0.0074368947506124328,0.31192750319328272,0.11328682735892812,-0.0070091531699869036,0.00052909371745277212,0.32657819140362121,0.00021217524629069118,0.11279281787384238,S4_lean31_amount_ratio_5d_rank_pct_2021,lean31,amount_ratio_5d_rank_pct,2021,single
202201,0.12038551855902876,0.0038123259911713265,0.073658334087985555,0.96070614977517432,0.048154207423611511,0.28821184493255231,0.27790249977360432,0.61426855212976816,0.1186921992918047,0.001693319267224061,0.059568963188907358,0.92377952745018677,0.036926622324987557,0.72186276928822857,0.064195888334832391,0.0094624457531531647,0.028376375310723075,0.60535197145132824,0.0089165806784399226,0.23187350346881463,S4_lean31_amount_ratio_5d_rank_pct_2022,lean31,amount_ratio_5d_rank_pct,2022,single
202202,0.082116112570647631,0.0017403444596466272,0.041715708891635714,0.43856680383095004,0.032846445028259057,0.131570041149285,0.28748528733250928,0.45190177351005334,0.083361754720232648,-0.0012456421495850162,0.044229678345383584,0.45997653359356594,-0.021409729762615903,0.19341835411131977,0.042485899352875153,-0.00077019046123943946,-0.003106403155556367,0.45859189216030027,-0.0066901186502469345,0.076649298518216336,S4_lean31_amount_ratio_5d_rank_pct_2022,lean31,amount_ratio_5d_rank_pct,2022,single
202203,0.071034693437773036,0.0015266358861231726,0.17631739198655338,0.38471224330303949,0.028413877375109215,0.11541367299091185,0.24710478240403397,0.39093233277005501,0.069631834405069315,0.001402859032703721,0.035153413909098485,0.31939979818897851,0.06531244511406098,0.56943090845365052,0.17520924513267616,0.0011081468538772232,0.069122108548382161,0.37110989967891844,0.019822433091136571,0.16415400553521989,S4_lean31_amount_ratio_5d_rank_pct_2022,lean31,amount_ratio_5d_rank_pct,2022,single
202204,0.087090503662336588,0.0011310559443663841,0.3824433684925892,0.2850260979803288,0.034836201464934637,0.085507829394098636,0.18526698945222322,0.30561102031125653,0.088999858603013404,-0.0019093549406768162,0.027355749618079996,0.38252574799564837,-0.097499650015319572,0.13922174805517881,0.35688806588213351,0.025555302610455688,0.21965518771263681,0.34329124807525979,-0.03768022776400326,-0.013187732050005396,S4_lean31_amount_ratio_5d_rank_pct_2022,lean31,amount_ratio_5d_rank_pct,2022,single
202205,0.14444535869582514,0.0026403110135046017,0.22477424879720748,0.66535837540315967,0.05777814347833006,0.19960751262094789,0.23256772536083772,0.48995338146011569,0.1434878553451556,0.00095750335066954739,0.045609400410259751,0.7215066192198728,-0.056148243816713128,0.23613759637158405,0.1803523841029131,0.044421864694294377,0.049864524481759709,0.5197414126731501,-0.029788031213034416,0.074125681731051218,S4_lean31_amount_ratio_5d_rank_pct_2022,lean31,amount_ratio_5d_rank_pct,2022,single
202206,0.093673639929191088,0.00097420519635013766,0.23428346515076179,0.2454997094802347,0.037469455971676439,0.073649912844070409,0.22971496045477144,0.34083432927051827,0.093722166724016509,-4.8526794825420883e-05,0.028544675162706853,0.24027230475712014,0.0052274047231145593,-0.017907629892306431,0.23271575467332312,0.0015677104774386719,0.0061944333049070155,0.33975583171474566,0.0010784975557726062,0.0041872511059187212,S4_lean31_amount_ratio_5d_rank_pct_2022,lean31,amount_ratio_5d_rank_pct,2022,single
202207,0.076523156487325938,0.00089263008233190382,0.29702598609986564,0.22494278074763976,0.030609262594930377,0.067482834224291924,0.21089220417004031,0.30898430098926261,0.074870355738565514,0.0016528007487604246,0.038103297385560994,0.24238659508172014,-0.017443814334080376,-0.060438899392716156,0.2944024163212583,0.0026235697786073375,0.0059483746566014184,0.31434339592356475,-0.0053590949343021443,-0.0046748632605708718,S4_lean31_amount_ratio_5d_rank_pct_2022,lean31,amount_ratio_5d_rank_pct,2022,single
202208,0.073832063751466337,0.0005951039447064663,0.29707747501939075,0.14996619406602951,0.029532825500586536,0.044989858219808852,0.21087675749418278,0.28539944121457816,0.073969082582671611,-0.00013701883120527392,0.059897018692466039,0.17984178091740699,-0.029875586851377478,0.6941869131470314,0.29506921172814948,0.0020082632912412635,-0.0062637479710429544,0.29501940378984592,-0.0096199625752677598,0.23409400581240875,S4_lean31_amount_ratio_5d_rank_pct_2022,lean31,amount_ratio_5d_rank_pct,2022,single
202209,0.055223811790280831,0.0023106868350480669,0.29745720587480662,0.58229308243211286,0.022089524716112335,0.17468792472963385,0.21076283823755801,0.40754028768330419,0.056848213747941169,-0.0016244019576603375,0.041525773590566382,0.58699600851301537,-0.0047029260809025031,0.42610046574062516,0.2946933905453471,0.002763815329459518,-0.011704971157279975,0.41043007088947697,-0.0028897832061727802,0.14795194050559807,S4_lean31_amount_ratio_5d_rank_pct_2022,lean31,amount_ratio_5d_rank_pct,2022,single
202210,0.11932570155733872,0.0026882827903573518,0.30343745540916323,0.67744726317005266,0.047730280622935495,0.20323417895101578,0.20896876337725104,0.45993322295120231,0.12118277966584166,-0.0018570781085029409,0.047402078037123152,0.64477920737960004,0.032668055790452621,0.42464787299345014,0.30505048910197563,-0.0016130336928124045,0.012661519500165919,0.45039172734962396,0.0095414956015783536,0.14255673726283452,S4_lean31_amount_ratio_5d_rank_pct_2022,lean31,amount_ratio_5d_rank_pct,2022,single
202211,0.090208266998303005,0.0013874214190776808,0.30505705085598733,0.34963019760757558,0.036083306799321202,0.10488905928227267,0.20848288474320378,0.34945525082479767,0.090439398724764919,-0.00023113172646191393,0.063291826073883839,0.36923419228189347,-0.019603994674317893,0.24462073208815291,0.30395823607578415,0.0010988147802031833,0.0050468072313877843,0.35575854635173876,-0.0063032955269410884,0.097188907886583076,S4_lean31_amount_ratio_5d_rank_pct_2022,lean31,amount_ratio_5d_rank_pct,2022,single
202212,0.085260105983192475,0.002920957520748846,0.29920044148612673,0.73608129522870924,0.034104042393276988,0.22082438856861278,0.21023986755416199,0.46516829851605179,0.083203600396689781,0.0020565055865026938,0.075647036928676539,0.727757842626646,0.0083234526020632416,0.69445712620078304,0.29827397485256318,0.00092646663356354964,-0.00090935540957781669,0.46212660049090076,0.0030416980251510295,0.2388687592545789,S4_lean31_amount_ratio_5d_rank_pct_2022,lean31,amount_ratio_5d_rank_pct,2022,single
202101,0.056310390936806273,0.00071416129680616043,0.52739546515727886,0.17996864679515243,0.02252415637472251,0.053990594038545725,0.14178136045281634,0.21829611086608458,0.056045103076887967,0.00026528785991830617,0.016492471397962893,0.19265966871453724,-0.012691021919384815,0.19550328582753695,0.53284924008448953,-0.0054537749272106639,-0.017815190307998385,0.2203611698197695,-0.0020650589536849173,0.070592531399845754,S4_lean31_volatility_20d_rank_pct_2021,lean31,volatility_20d_rank_pct,2021,single
202102,0.0958200514472448,0.0023937907306387498,0.46596875493257939,0.60323526412096495,0.03832802057889792,0.18097057923628948,0.16020937352022618,0.37950797333541358,0.094972926606371466,0.00084712484087333395,0.063986372214681828,0.63516949778726672,-0.03193423366630177,0.61925329373004467,0.56221053587622316,-0.096241780943643773,0.088730304758142309,0.35987685921586166,0.019631114119551929,0.18475144557744341,S4_lean31_volatility_20d_rank_pct_2021,lean31,volatility_20d_rank_pct,2021,single
202103,0.10485835998861548,0.0030286721218783226,0.40471214625781921,0.76322537471333729,0.041943343995446192,0.22896761241400118,0.17858635612265425,0.44949731253210168,0.10760280341530748,-0.0027444434266920004,0.043091350243596997,0.80539828311141182,-0.042172908398074527,0.65106144051822978,0.45591765478868257,-0.051205508530863364,-0.039548552371980183,0.44788530986294178,0.0016120026691598954,0.22441953796450187,S4_lean31_volatility_20d_rank_pct_2021,lean31,volatility_20d_rank_pct,2021,single
202104,0.071325553358732863,0.0024643747949896619,0.4704977362877546,0.62102244833739484,0.028530221343493145,0.18630673450121846,0.15885067911367362,0.3736876349583852,0.071427833570909247,-0.00010228021217638383,0.048734495919896467,0.59595944168309811,0.025063006654296727,0.75578280493232641,0.46599107543933133,0.0045066608484232717,0.1067235497145172,0.36756164330149377,0.0061259916568914274,0.21421157493330134,S4_lean31_volatility_20d_rank_pct_2021,lean31,volatility_20d_rank_pct,2021,single
202105,0.044406668119216536,0.001462842915396007,0.35247895329674089,0.3686364146797938,0.017762667247686614,0.11059092440393814,0.1942563140109777,0.32260990566260245,0.046648280664908615,-0.0022416125456920788,0.029350321718007048,0.37303013481103536,-0.004393720131241563,0.19192110809413582,0.36088010823244926,-0.0084011549357083659,-0.051061699480818068,0.32230432023953925,0.0003055854230631927,0.084634970959688915,S4_lean31_volatility_20d_rank_pct_2021,lean31,volatility_20d_rank_pct,2021,single
202106,0.079690662169089654,0.0023877300173873262,0.4106363294246822,0.60170796438160623,0.03187626486763586,0.18051238931448185,0.17680910117259532,0.38919775535471302,0.078286044890033796,0.0014046172790558586,0.050934069775964527,0.5908939627879759,0.010814001593630329,0.62887101930638212,0.34468466941628173,0.06595166000840047,0.0014315504802211443,0.40517720596752177,-0.015979450612808754,0.20860546855823403,S4_lean31_volatility_20d_rank_pct_2021,lean31,volatility_20d_rank_pct,2021,single
202107,0.065464197673617733,0.0028399361851744582,0.34557583391857594,0.71566391866396351,0.026185679069447094,0.21469917559918905,0.1963272498244272,0.43721210449306336,0.063484100002914587,0.0019800976707031459,0.025621788832196464,0.69921624148133388,0.016447677182629628,0.27398873216777325,0.33659663915845223,0.0089791947601237099,0.038313636726363398,0.43417952069803029,0.0030325837950330725,0.080951244165301528,S4_lean31_volatility_20d_rank_pct_2021,lean31,volatility_20d_rank_pct,2021,single
202108,0.094028614435345034,0.0021091302535731753,0.29922442718624953,0.53150082390044018,0.037611445774138018,0.15945024717013204,0.21023267184412514,0.4072943647883952,0.094358199089499634,-0.00032958465415459937,0.045433788529868444,0.57438016073110865,-0.042879336830668469,0.46071763075492317,0.30596744338520954,-0.0067430161989600057,0.052035488183401368,0.41826709483956959,-0.010972730051174384,0.14077815818340389,S4_lean31_volatility_20d_rank_pct_2021,lean31,volatility_20d_rank_pct,2021,single
202109,0.089588045393548948,0.0025491675912402137,0.25252129533843548,0.64239023299253384,0.035835218157419579,0.19271706989776013,0.22424361139846935,0.45279589945364906,0.091088217632016716,-0.0015001722384677674,0.064555275699358303,0.60678410919021752,0.035606123802316314,0.70556953915500809,0.28446982995997361,-0.031948534621538127,0.014109676412440209,0.43312957082187986,0.019666328631769203,0.23326006910251368,S4_lean31_volatility_20d_rank_pct_2021,lean31,volatility_20d_rank_pct,2021,single
202110,0.053143676328625294,0.0012217991696444421,0.1844767274363627,0.3078933907503994,0.021257470531450121,0.092368017225119822,0.24465698176909118,0.35828246952566112,0.052551529375521717,0.00059214695310357696,0.006583746545288649,0.31829699928937955,-0.010403608538980147,0.0011079931036609425,0.17226687247908831,0.012209854957274391,-0.019651777716539948,0.36482964979329602,-0.0065471802676349,0.0088614298641757627,S4_lean31_volatility_20d_rank_pct_2021,lean31,volatility_20d_rank_pct,2021,single
202111,0.088141412877379144,0.0021844829165493301,0.14334601811500078,0.55048969497043121,0.035256565150951658,0.16514690849112937,0.25699619456549977,0.45739966820758082,0.088819275823758537,-0.00067786294637939282,0.047079672880225104,0.55255957812264755,-0.0020698831522163452,0.46944248834579289,0.13353333830754119,0.00981267980745959,0.0040307950234863277,0.46123558227403527,-0.0038359140664544489,0.15845537714878205,S4_lean31_volatility_20d_rank_pct_2021,lean31,volatility_20d_rank_pct,2021,single
202112,0.065202153537246052,0.00063572582637024932,0.10930277414592694,0.16020290824530284,0.026080861414898421,0.048060872473590852,0.26720916775622189,0.34135090164471116,0.064650245353031793,0.00055190818421425869,0.04813390146075186,0.11568047156695647,0.044522436678346364,0.36388683462224153,0.11328682735892812,-0.0039840532130011735,0.0035541936744385022,0.32657819140362121,0.014772710241089948,0.12735335286864163,S4_lean31_volatility_20d_rank_pct_2021,lean31,volatility_20d_rank_pct,2021,single
202201,0.12108170342908955,0.0035247599092594721,0.060489609838427057,0.88823949713338701,0.048432681371635825,0.26647184914001609,0.28185311704847188,0.59675764756012373,0.1186921992918047,0.0023895041372848508,0.060265148058968147,0.92377952745018677,-0.035540030316799753,0.64939611664644126,0.064195888334832391,-0.0037062784964053339,0.015207651061164576,0.60535197145132824,-0.0085943238912045139,0.2143625988991702,S4_lean31_volatility_20d_rank_pct_2022,lean31,volatility_20d_rank_pct,2022,single
202202,0.081738111066140345,0.001763679753687325,0.041708613599254617,0.4444472979292059,0.03269524442645614,0.13333418937876176,0.28748741592022359,0.45351684972544148,0.083361754720232648,-0.0016236436540923022,0.043851676840876298,0.45997653359356594,-0.015529235664360042,0.19929884820957564,0.042485899352875153,-0.00077728575362053659,-0.0031134984479374642,0.45859189216030027,-0.0050750424348587897,0.07826437473360448,S4_lean31_volatility_20d_rank_pct_2022,lean31,volatility_20d_rank_pct,2022,single
202203,0.069404825140612442,0.0011875719673712462,0.17659220090081512,0.29926813577755401,0.027761930056244978,0.089780440733266201,0.24702233972975543,0.36456471051926664,0.069631834405069315,-0.00022700926445687331,0.033523545611937891,0.31939979818897851,-0.0201316624114245,0.48398680092816504,0.17520924513267616,0.0013829557681389604,0.069396917462643898,0.37110989967891844,-0.0065451891596517986,0.13778638328443152,S4_lean31_volatility_20d_rank_pct_2022,lean31,volatility_20d_rank_pct,2022,single
202204,0.089484196463537627,0.0014136017083637438,0.36474189906964155,0.35622763050766343,0.035793678585415052,0.10686828915229903,0.19057743027910751,0.33323939801682156,0.088999858603013404,0.00048433786052422267,0.029749442419281034,0.38252574799564837,-0.02629811748798494,0.21042328058251344,0.35688806588213351,0.0078538331875080414,0.20195371828968917,0.34329124807525979,-0.010051850058438228,0.014440645655559636,S4_lean31_volatility_20d_rank_pct_2022,lean31,volatility_20d_rank_pct,2022,single
202205,0.14433544027671041,0.0029079364064979437,0.18021726534417451,0.73279997443748179,0.057734176110684168,0.21983999233124454,0.24593482039674763,0.52350898883867636,0.1434878553451556,0.00084758493155481784,0.045499481991145022,0.7215066192198728,0.011293355217608991,0.30357919540590617,0.1803523841029131,-0.00013511875873858936,0.0053075410287267422,0.5197414126731501,0.0037675761655262541,0.10768128910961189,S4_lean31_volatility_20d_rank_pct_2022,lean31,volatility_20d_rank_pct,2022,single
202206,0.09211886637295072,0.00088419475551136119,0.23400106712916086,0.22281707838886303,0.036847546549180286,0.066845123516658903,0.22979967986125174,0.33349234992709093,0.093722166724016509,-0.0016033003510657895,0.026989901606466485,0.24027230475712014,-0.01745522636825711,-0.0405902609836781,0.23271575467332312,0.0012853124558377393,0.005912035283306083,0.33975583171474566,-0.0062634817876547344,-0.0031547282375086194,S4_lean31_volatility_20d_rank_pct_2022,lean31,volatility_20d_rank_pct,2022,single
202207,0.077262588853358072,0.0011949477410935377,0.29394558919546693,0.30112683075557151,0.030905035541343231,0.090338049226671449,0.21181632324135991,0.33305940800937461,0.074870355738565514,0.002392233114792558,0.038842729751593127,0.24238659508172014,0.058740235673851365,0.015745150615215586,0.2944024163212583,-0.0004568271257913703,0.0028679777522027106,0.31434339592356475,0.018716012085809863,0.019400243759541136,S4_lean31_volatility_20d_rank_pct_2022,lean31,volatility_20d_rank_pct,2022,single
202208,0.074314467698126843,0.00053514122371263776,0.29570086122066913,0.13485558837558473,0.029725787079250738,0.04045667651267542,0.21128974163379927,0.28147220522572541,0.073969082582671611,0.00034538511545523232,0.060379422639126545,0.17984178091740699,-0.044986192541822262,0.67907630745658665,0.29506921172814948,0.00063164949251964808,-0.0076403617697645698,0.29501940378984592,-0.013547198564120511,0.23016676982355599,S4_lean31_volatility_20d_rank_pct_2022,lean31,volatility_20d_rank_pct,2022,single
202209,0.059152353133647959,0.0024013076052321982,0.29474194855486208,0.60512951651851399,0.023660941253459186,0.18153885495555419,0.21157741543354136,0.41677721164255477,0.056848213747941169,0.0023041393857067896,0.04545431493393351,0.58699600851301537,0.018133508005498622,0.44893689982702628,0.2946933905453471,4.8558009514976241e-05,-0.014420228477224517,0.41043007088947697,0.0063471407530777957,0.15718886446484864,S4_lean31_volatility_20d_rank_pct_2022,lean31,volatility_20d_rank_pct,2022,single
202210,0.11964787206947183,0.0028674233714119949,0.30206198106009696,0.72259068959582273,0.047859148827788738,0.21677720687874683,0.20938140568197092,0.47401776138850649,0.12118277966584166,-0.0015349075963698305,0.047724248549256262,0.64477920737960004,0.077811482216222694,0.46979129941922021,0.30505048910197563,-0.002988508041878668,0.011286045151099655,0.45039172734962396,0.023626034038882526,0.15664127570013869,S4_lean31_volatility_20d_rank_pct_2022,lean31,volatility_20d_rank_pct,2022,single
202211,0.092024773971931192,0.0014413881726108044,0.30500746662363798,0.36322981949792271,0.036809909588772477,0.10896894584937682,0.2084977600129086,0.35427661545105787,0.090439398724764919,0.0015853752471662735,0.065108333047512013,0.36923419228189347,-0.0060043727839707572,0.25822035397850007,0.30395823607578415,0.00104923054785383,0.0049972229990384309,0.35575854635173876,-0.0014819309006808834,0.10201027251284328,S4_lean31_volatility_20d_rank_pct_2022,lean31,volatility_20d_rank_pct,2022,single
202212,0.084369576016478612,0.0029531855817042933,0.30034616904575601,0.74420276658948192,0.033747830406591448,0.22326082997684457,0.20989614928627318,0.46690480966970915,0.083203600396689781,0.001165975619788831,0.074756506961962677,0.727757842626646,0.016444923962835922,0.70257859756155572,0.29827397485256318,0.0020721941931928223,0.00023637215005145595,0.46212660049090076,0.0047782091788083902,0.24060527040823626,S4_lean31_volatility_20d_rank_pct_2022,lean31,volatility_20d_rank_pct,2022,single
202101,0.056310943231899294,0.00084077088276521847,0.53058025631634254,0.21187426245683505,0.022524377292759717,0.063562278737050518,0.14082592310509723,0.22691257913490748,0.056045103076887967,0.00026584015501132652,0.016493023693055914,0.19265966871453724,0.019214593742297809,0.22740890148921958,0.53284924008448953,-0.0022689837681469927,-0.014630399148934714,0.2203611698197695,0.0065514093151379793,0.07920899966866865,S4_lean31_log_mean_amount_20d_rank_pct_2021,lean31,log_mean_amount_20d_rank_pct,2021,single
202102,0.095549730886480402,0.0025799624002718897,0.55992942412198543,0.65015052486851621,0.038219892354592166,0.19504515746055487,0.13202117276340436,0.36528622257855137,0.094972926606371466,0.00057680428010893625,0.06371605165391743,0.63516949778726672,0.014981027081249487,0.66616855447759593,0.56221053587622316,-0.0022811117542377302,0.18269097394754835,0.35987685921586166,0.005409363362689712,0.1705296948205812,S4_lean31_log_mean_amount_20d_rank_pct_2021,lean31,log_mean_amount_20d_rank_pct,2021,single
202103,0.10625269359622551,0.0030314684897610215,0.45045917730458818,0.76393005941977743,0.042501077438490208,0.22917901782593322,0.16486224680862355,0.43654234207304699,0.10760280341530748,-0.001350109819081971,0.044485683851207027,0.80539828311141182,-0.041468223691634387,0.65176612522466992,0.45591765478868257,-0.0054584774840943928,0.0061984786747887877,0.44788530986294178,-0.011342967789894798,0.21146456750544718,S4_lean31_log_mean_amount_20d_rank_pct_2021,lean31,log_mean_amount_20d_rank_pct,2021,single
202104,0.07272443022182673,0.0024387728401361057,0.48436586212124344,0.61457075571429864,0.029089772088730693,0.1843712267142896,0.15469024136362697,0.36815124016664724,0.071427833570909247,0.0012965966509174837,0.050133372782990335,0.59595944168309811,0.018611314031200532,0.74933111230923022,0.46599107543933133,0.018374786681912114,0.12059167554800604,0.36756164330149377,0.00058959686515347443,0.20867518014156339,S4_lean31_log_mean_amount_20d_rank_pct_2021,lean31,log_mean_amount_20d_rank_pct,2021,single
202105,0.046353027331074062,0.0014477793980459547,0.42096888813443711,0.36484040830758058,0.018541210932429626,0.10945212249227416,0.17370933355966886,0.30170266698437265,0.046648280664908615,-0.00029525333383455254,0.031296680929864575,0.37303013481103536,-0.0081897265034547861,0.18812510172192259,0.36088010823244926,0.060088779901987854,0.017428235356878152,0.32230432023953925,-0.020601653255166608,0.063727732281459115,S4_lean31_log_mean_amount_20d_rank_pct_2021,lean31,log_mean_amount_20d_rank_pct,2021,single
202106,0.078552965049068058,0.0022292592681061782,0.41821120182572746,0.56177333556275688,0.031421186019627227,0.16853200066882706,0.17453663945228176,0.37448982614073606,0.078286044890033796,0.00026692015903426181,0.04979637265594293,0.5908939627879759,-0.02912062722521902,0.58893639048753277,0.34468466941628173,0.073526532409445733,0.0090064228812664071,0.40517720596752177,-0.03068737982678571,0.19389753934425707,S4_lean31_log_mean_amount_20d_rank_pct_2021,lean31,log_mean_amount_20d_rank_pct,2021,single
202107,0.063219932574824722,0.0027758113462989604,0.32884582464354034,0.69950445926733806,0.02528797302992989,0.2098513377802014,0.20134625260693786,0.43648556341706912,0.063484100002914587,-0.00026416742808986482,0.023377523733403453,0.69921624148133388,0.00028821778600418568,0.25782927277114781,0.33659663915845223,-0.0077508145149118857,0.021583627451327803,0.43417952069803029,0.0023060427190388366,0.080224703089307292,S4_lean31_log_mean_amount_20d_rank_pct_2021,lean31,log_mean_amount_20d_rank_pct,2021,single
202108,0.09304365130140746,0.0024430214954637938,0.29038619024853451,0.61564141685687601,0.037217460520562982,0.18469242505706279,0.21288414292543964,0.43479402850306542,0.094358199089499634,-0.0013145477880921741,0.044448825395930869,0.57438016073110865,0.041261256125767365,0.54485822371135906,0.30596744338520954,-0.015581253136675022,0.043197251245686352,0.41826709483956959,0.016526933663495835,0.16827782189807411,S4_lean31_log_mean_amount_20d_rank_pct_2021,lean31,log_mean_amount_20d_rank_pct,2021,single
202109,0.090225250093235537,0.0025854613940182172,0.25453371849822698,0.65153627129259073,0.036090100037294216,0.1954608813877772,0.22363988445053187,0.45519086587560331,0.091088217632016716,-0.0008629675387811786,0.065192480399044891,0.60678410919021752,0.044752162102373205,0.71471557745506498,0.28446982995997361,-0.029936111461746628,0.016122099572231707,0.43312957082187986,0.022061295053723451,0.23565503552446793,S4_lean31_log_mean_amount_20d_rank_pct_2021,lean31,log_mean_amount_20d_rank_pct,2021,single
202110,0.053437830726520974,0.0012231573287463026,0.17190495080993831,0.30823564684406829,0.02137513229060839,0.09247069405322049,0.24842851475701849,0.36227434110084739,0.052551529375521717,0.0008863013509992565,0.0068779009431843285,0.31829699928937955,-0.010061352445311256,0.0014502491973298337,0.17226687247908831,-0.00036192166915000046,-0.032223554342964339,0.36482964979329602,-0.0025553086924486323,0.01285330143936203,S4_lean31_log_mean_amount_20d_rank_pct_2021,lean31,log_mean_amount_20d_rank_pct,2021,single
202111,0.088449935793612475,0.0022181659559143969,0.12792383941287458,0.55897782089042802,0.035379974317444988,0.1676933462671284,0.26162284817613762,0.46469616876071101,0.088819275823758537,-0.00036934003014606198,0.047388195796458435,0.55255957812264755,0.0064182427677804688,0.4779306142657897,0.13353333830754119,-0.0056094988946666091,-0.011391383678639871,0.46123558227403527,0.003460586486675743,0.16575187770191224,S4_lean31_log_mean_amount_20d_rank_pct_2021,lean31,log_mean_amount_20d_rank_pct,2021,single
202112,0.063813358414752122,0.00040181544427943651,0.10752850633484147,0.101257491958418,0.02552534336590085,0.030377247587525399,0.26774144809954753,0.32364403905297379,0.064650245353031793,-0.0008368869382796712,0.04674510633825793,0.11568047156695647,-0.014422979608538472,0.30494141833535671,0.11328682735892812,-0.0057583210240866461,0.0017799258633530296,0.32657819140362121,-0.0029341523506474232,0.10964649027690426,S4_lean31_log_mean_amount_20d_rank_pct_2021,lean31,log_mean_amount_20d_rank_pct,2021,single
202201,0.11930033373076228,0.0035307924161156637,0.065343959798819046,0.8897596888611472,0.047720133492304917,0.26692790665834415,0.28039681206035427,0.59504485221100334,0.1186921992918047,0.00060813443895757491,0.058483778360640871,0.92377952745018677,-0.034019838589039564,0.65091630837420145,0.064195888334832391,0.0011480714639866552,0.020062001021556565,0.60535197145132824,-0.010307119240324902,0.21264980355004981,S4_lean31_log_mean_amount_20d_rank_pct_2022,lean31,log_mean_amount_20d_rank_pct,2022,single
202202,0.084273655355051186,0.0020679000370521414,0.041193251941804565,0.5211108093371396,0.033709462142020474,0.15633324280114189,0.28764202441745862,0.47768472936062101,0.083361754720232648,0.00091190063481853822,0.046387221129787139,0.45997653359356594,0.061134275743573663,0.27596235961750937,0.042485899352875153,-0.0012926474110705882,-0.0036288601053875158,0.45859189216030027,0.019092837200320734,0.102432254368784,S4_lean31_log_mean_amount_20d_rank_pct_2022,lean31,log_mean_amount_20d_rank_pct,2022,single
202203,0.068715141170293551,0.0012321853525127115,0.17373364547952838,0.31051070883320331,0.027486056468117422,0.093153212649960987,0.24787990635614146,0.36851917547421986,0.069631834405069315,-0.00091669323477576448,0.032833861641619,0.31939979818897851,-0.0088890893557752038,0.49522937398381439,0.17520924513267616,-0.00147559965314778,0.066538362041357157,0.37110989967891844,-0.0025907242046985801,0.14174084823938474,S4_lean31_log_mean_amount_20d_rank_pct_2022,lean31,log_mean_amount_20d_rank_pct,2022,single
202204,0.088868263632733646,0.0012715714717114409,0.36650795345709564,0.32043601087128309,0.03554730545309346,0.096130803261384928,0.19004761396287131,0.32172572267734967,0.088999858603013404,-0.00013159497027975808,0.029133509588477054,0.38252574799564837,-0.062089737124365274,0.17463166094613311,0.35688806588213351,0.0096198875749621271,0.20371977267714325,0.34329124807525979,-0.021565525397910124,0.0029269703160877403,S4_lean31_log_mean_amount_20d_rank_pct_2022,lean31,log_mean_amount_20d_rank_pct,2022,single
202205,0.14416826659871021,0.002627806401310607,0.18819645498627335,0.66220721313027298,0.057667306639484085,0.1986621639390819,0.24354106350411797,0.49987053408268395,0.1434878553451556,0.00068041125355461363,0.045332308313144817,0.7215066192198728,-0.059299406089599827,0.23298643409869735,0.1803523841029131,0.0078440708833602546,0.013286730670825586,0.5197414126731501,-0.019870878590466157,0.084042834353619478,S4_lean31_log_mean_amount_20d_rank_pct_2022,lean31,log_mean_amount_20d_rank_pct,2022,single
202206,0.093118753629803777,0.00074278903751786674,0.2297151171493256,0.18718283745450243,0.037247501451921509,0.056154851236350729,0.23108546485520232,0.32448781754347455,0.093722166724016509,-0.00060341309421273193,0.027989788863319542,0.24027230475712014,-0.05308946730261771,-0.076224501918038701,0.23271575467332312,-0.0030006375239975125,0.0016260853034708311,0.33975583171474566,-0.015268014171271105,-0.01215926062112499,S4_lean31_log_mean_amount_20d_rank_pct_2022,lean31,log_mean_amount_20d_rank_pct,2022,single
202207,0.075151506497683401,0.0010943560306712508,0.29178314683626611,0.27577771972915521,0.030060602599073363,0.082733315918746567,0.21246505594912016,0.32525897446694008,0.074870355738565514,0.00028115075911788745,0.036731647395918457,0.24238659508172014,0.033391124647435072,-0.0096039604112007071,0.2944024163212583,-0.0026192694849921927,0.00070553539300188817,0.31434339592356475,0.010915578543375326,0.011599810217106599,S4_lean31_log_mean_amount_20d_rank_pct_2022,lean31,log_mean_amount_20d_rank_pct,2022,single
202208,0.073595559336170985,0.00073394169639526307,0.29374237493306898,0.18495330749160629,0.029438223734468395,0.055485992247481887,0.21187728752007931,0.29680150350202961,0.073969082582671611,-0.00037352324650062607,0.059660514277170687,0.17984178091740699,0.0051115265741993043,0.72917402657260821,0.29506921172814948,-0.0013268367950804993,-0.0095988480573647172,0.29501940378984592,0.0017820997121836823,0.24549606809986019,S4_lean31_log_mean_amount_20d_rank_pct_2022,lean31,log_mean_amount_20d_rank_pct,2022,single
202209,0.056702830919545547,0.0023348750412441098,0.29208255715513171,0.5883885103935157,0.02268113236781822,0.1765165531180547,0.21237523285346047,0.4115729183393334,0.056848213747941169,-0.00014538282839562239,0.043004792719831098,0.58699600851301537,0.0013925018805003297,0.43219589370202799,0.2946933905453471,-0.0026108333902153946,-0.017079619876954888,0.41043007088947697,0.0011428474498564323,0.15198457116162728,S4_lean31_log_mean_amount_20d_rank_pct_2022,lean31,log_mean_amount_20d_rank_pct,2022,single
202210,0.1198674793207348,0.0028061652104618851,0.30462197954120468,0.707153633036395,0.04794699172829392,0.21214608991091849,0.2086134061376386,0.46870648777685098,0.12118277966584166,-0.0013153003451068651,0.047943855800519228,0.64477920737960004,0.062374425656794963,0.45435424285979248,0.30505048910197563,-0.00042850956077095104,0.013846043632207372,0.45039172734962396,0.018314760427227017,0.15133000208848318,S4_lean31_log_mean_amount_20d_rank_pct_2022,lean31,log_mean_amount_20d_rank_pct,2022,single
202211,0.09082673647903397,0.0014426116916716749,0.30082013393233703,0.36353814630126208,0.036330694591613588,0.10906144389037863,0.20975395982029887,0.3551460983022911,0.090439398724764919,0.00038733775426905148,0.063910295554614804,0.36923419228189347,-0.0056960459806313923,0.25852868078183944,0.30395823607578415,-0.003138102143447119,0.00080989030773748194,0.35575854635173876,-0.00061244804944765585,0.10287975536407651,S4_lean31_log_mean_amount_20d_rank_pct_2022,lean31,log_mean_amount_20d_rank_pct,2022,single
202212,0.084526200080725214,0.002828164669623922,0.30069948831802962,0.71269749674522831,0.033810480032290084,0.21380924902356849,0.2097901535045911,0.45740988256044968,0.083203600396689781,0.0013225996840354332,0.074913131026209279,0.727757842626646,-0.015060345881417692,0.6710733277173021,0.29827397485256318,0.0024255134654664334,0.0005896914223250671,0.46212660049090076,-0.0047167179304510864,0.23111034329897678,S4_lean31_log_mean_amount_20d_rank_pct_2022,lean31,log_mean_amount_20d_rank_pct,2022,single
