tree
version=v4
num_class=1
num_tree_per_iteration=1
label_index=0
max_feature_idx=9
objective=regression
feature_names=ret_1d ret_5d ret_20d gap_1d intraday_ret high_low_range volatility_5d volatility_20d volume_ratio_5d amount_ratio_5d
feature_infos=[-0.21789515018463135:0.20397591590881348] [-0.53956198692321777:0.90922415256500244] [-0.66686856746673584:5.7298359870910645] [-0.20010137557983398:0.20060789585113525] [-0.19710046052932739:0.29156255722045898] [0:0.63684213161468506] [0:0.19143937528133392] [0:0.13166655600070953] [0:560.635498046875] [0:504.90960693359375]
tree_sizes=3245 3283 3250 3264 3317 3304 3281 3275 3334 3292 3305 3329 3288 3317 3338 3284 3309 3341 3324 3340 3341 3362 3270 3325 3324 3304 3356 3334 3253 3345 3339 3315 3336 3343 3280 3334 3341 3332 3277 3268 3301 3377 3334 3278 3262 3271 3358 3369 3332 3349 3370 3289 3335 3349 3266 3320 3316 3343 3346 3326 3403 3278 3368 3302 3350 3274 3213 3288 3364 3283 3379 3244 3268 3343 3280 3320 3338 3363 3257 3280 3346 3371 3166 3242 3242 3218 3283 3365 3123 3223 3302 3317 3211 3347 3206 3276 3319 3305 3200 3381

Tree=0
num_leaves=31
num_cat=0
split_feature=0 5 0 5 5 2 1 2 8 9 5 1 9 1 0 3 5 7 0 3 5 5 8 0 4 8 2 0 9 0
split_gain=28.5775 20.5271 10.0393 4.53375 2.84047 2.24935 1.28156 1.24411 1.22128 1.17006 1.03196 0.896836 0.866995 0.820851 0.728298 0.665364 2.21481 0.628962 0.551926 0.847562 0.584016 0.50712 0.511311 0.49608 1.72043 0.485824 0.458042 0.428612 0.40035 0.394259
threshold=0.09951645135879518 1.0000000180025095e-35 -0.092244744300842271 1.0000000180025095e-35 0.099639832973480238 0.49909496307373052 0.072072088718414321 -0.13959667086601255 0.96937969326972973 3.562729120254517 1.0000000180025095e-35 -0.044607758522033684 5.2858159542083749 0.12618672847747806 -0.04619097709655761 0.0081301331520080584 1.0000000180025095e-35 0.027074083685874942 -0.057142764329910271 -0.042735069990158074 0.016736328601837162 0.13562166690826419 2.6850341558456425 0.09951645135879518 0.10893654823303224 0.4956080317497254 0.28774785995483404 0.052722215652465827 1.249049246311188 -0.029360204935073849
decision_type=8 2 8 2 2 8 8 8 8 10 2 8 10 8 10 8 2 10 10 8 2 2 8 10 2 10 8 10 10 10
left_child=2 5 3 -1 7 11 25 10 -3 13 14 -2 15 -6 -4 18 27 -12 -9 20 -20 22 -10 24 -23 -5 -21 -17 -27 -19
right_child=1 8 4 6 9 -7 -8 12 21 -11 17 -13 -14 -15 -16 16 -18 29 19 26 -22 23 -24 -25 -26 28 -28 -29 -30 -31
leaf_value=-0.002144640354790226 -0.0014588310704248683 0.0016205847844396417 -0.0015872384053565692 -0.0014854650481406376 0.000212858998978949 0.0044722515649162483 -0.0011210717211143637 0.00047030056983254529 0.0011296889416599408 -0.00036738334862937563 0.00032263306958703352 0.0029380681643277917 -0.00025443972391381791 -9.4300807452045671e-05 0.00072152869241489152 0.0016377106779401653 0.00036388713719174681 0.00057129856399706729 -0.0013180326222697457 0.00030931431891284057 2.0747483523228397e-06 -0.00099327541831055856 0.00079935607849243584 0.00050250951032722465 0.0035530570411396842 9.5320288356406653e-06 0.00021387577149657212 0.0033580126372311607 -0.00038417419816649643 0.00042240396635512625
leaf_weight=3884 119 7206 1094 718 83076 4218 4431 50667 29361 13068 140633 3762 6721 29465 496 1312 451139 55798 893 3290628 13353 344 19501 9284 524 14338 130711 501 11751 218789
leaf_count=3884 119 7206 1094 718 83076 4218 4431 50667 29361 13068 140633 3762 6721 29465 496 1312 451139 55798 893 3290628 13353 344 19501 9284 524 14338 130711 501 11751 218789
internal_value=0.000324238 0.00129674 0.00030826 -0.000533781 0.000314849 0.00367268 -0.000333421 0.000321598 0.00100611 8.04318e-05 0.000403752 0.00280282 0.00031292 0.000132437 -0.000867222 0.000313889 0.000370898 0.000408621 0.000306482 0.000304066 -8.07847e-05 0.000931054 0.000997864 0.000609458 0.00175184 -0.000203179 0.000305668 0.00211451 -0.000167821 0.000452661
internal_weight=4.59778e+06 74319 4.52347e+06 35122 4.48834e+06 8099 31238 4.36274e+06 66220 125609 416810 3881 3.94592e+06 112541 1590 3.9392e+06 452952 415220 3.48625e+06 3.43558e+06 14246 59014 48862 10152 868 26807 3.42134e+06 1813 26089 274587
internal_count=4597785 74319 4523466 35122 4488344 8099 31238 4362735 66220 125609 416810 3881 3945925 112541 1590 3939204 452952 415220 3486252 3435585 14246 59014 48862 10152 868 26807 3421339 1813 26089 274587
is_linear=0
shrinkage=1


Tree=1
num_leaves=31
num_cat=0
split_feature=0 5 0 5 5 2 1 2 8 9 5 1 9 1 3 5 0 7 0 3 5 5 8 0 4 0 2 3 1 4
split_gain=25.7916 18.5261 9.06068 4.09183 2.56354 2.03943 1.1583 1.12281 1.10979 1.05599 0.931418 0.836867 0.784125 0.740822 0.668735 1.93663 0.657366 0.567638 0.502216 0.762485 0.526324 0.476793 0.485366 0.44666 1.55304 0.438071 0.420902 0.388369 0.384205 0.666752
threshold=0.09951645135879518 1.0000000180025095e-35 -0.092244744300842271 1.0000000180025095e-35 0.099639832973480238 0.63825666904449474 0.044390738010406501 -0.13959667086601255 0.92400819063186657 3.562729120254517 1.0000000180025095e-35 -0.044607758522033684 4.0981450080871591 0.12618672847747806 0.010126531124114992 1.0000000180025095e-35 -0.04619097709655761 0.027074083685874942 -0.057142764329910271 -0.042735069990158074 0.016736328601837162 0.13562166690826419 2.6850341558456425 0.09951645135879518 0.10893654823303224 -0.099913775920867906 0.28774785995483404 -0.017680644989013668 -0.17448747158050534 -0.025872975587844845
decision_type=8 2 8 2 2 8 8 8 8 10 2 8 10 8 8 2 10 10 10 8 2 2 8 10 2 10 8 10 10 2
left_child=2 5 3 -1 7 11 25 10 -3 13 16 -2 14 -6 18 -16 -4 -12 -9 20 -20 22 -10 24 -23 -5 -21 -15 29 -19
right_child=1 8 4 6 9 -7 -8 12 21 -11 17 -13 -14 27 15 -17 -18 28 19 26 -22 23 -24 -25 -26 -27 -28 -29 -30 -31
leaf_value=-0.0023454660361099996 -0.0016946584657610707 0.0012823711098719007 -0.0018159896889843683 -0.00070464066747170538 -0.00010580994798402898 0.0040186234993134073 -0.0012987453807483014 0.00014036374230490587 0.00077141548400375928 -0.00065704280174072518 -1.5244956514157367e-06 0.0025467465852732612 -0.00035846888797076373 -0.00067873400426757399 0.0016927222891247391 4.9971015008293653e-05 0.00037746629287123147 0.00080415705737912717 -0.0015594356914867889 -1.2885530945091132e-05 -0.00030472758803384229 -0.0012518285609384413 0.00045136349254017659 0.00017154827343132952 0.003067685697410655 -0.00029303584333547624 -0.00010300018466783039 -0.00028037819613920749 0.00010843029749180986 9.378562586593114e-05
leaf_weight=3884 119 6240 1094 12238 83076 3832 5294 50918 30200 13068 140633 4148 16146 8670 1803 326431 496 5528 891 3401737 13291 344 19501 9411 524 13706 134708 20795 260853 8206
leaf_count=3884 119 6240 1094 12238 83076 3832 5294 50918 30200 13068 140633 4148 16146 8670 1803 326431 496 5528 891 3401737 13291 344 19501 9411 524 13706 134708 20795 260853 8206
internal_value=2.78115e-11 0.000923884 -1.51793e-05 -0.000815128 -8.91936e-06 0.00318105 -0.000624783 -2.50757e-06 0.000647779 -0.000231616 7.5538e-05 0.00242809 -1.07516e-05 -0.000182211 -9.32284e-06 5.89998e-05 -0.00113193 8.01645e-05 -1.55496e-05 -1.77855e-05 -0.00038366 0.000581739 0.000645849 0.000271719 0.00135633 -0.000487213 -1.63181e-05 -0.000397612 0.000122002 0.000379751
internal_weight=4.59778e+06 74319 4.52347e+06 35122 4.48834e+06 8099 31238 4.36274e+06 66220 125609 416810 4267 3.94592e+06 112541 3.92978e+06 328234 1590 415220 3.60154e+06 3.55063e+06 14182 59980 49701 10279 868 25944 3.53644e+06 29465 274587 13734
internal_count=4597785 74319 4523466 35122 4488344 8099 31238 4362735 66220 125609 416810 4267 3945925 112541 3929779 328234 1590 415220 3601545 3550627 14182 59980 49701 10279 868 25944 3536445 29465 274587 13734
is_linear=0
shrinkage=0.05


Tree=2
num_leaves=31
num_cat=0
split_feature=0 5 0 5 5 2 8 2 1 8 9 5 1 3 5 1 4 1 1 0 0 3 5 4 8 5 0 4 8 7
split_gain=23.2772 16.7202 8.17741 3.693 2.3345 1.85999 1.12043 1.08935 1.05484 1.00161 0.832163 0.793167 0.717049 0.570068 1.81844 0.557461 0.677967 0.547251 0.529288 0.526149 0.481478 0.539177 0.537834 0.449467 0.439278 0.40329 0.762109 0.757524 0.406176 0.385796
threshold=0.09951645135879518 1.0000000180025095e-35 -0.092244744300842271 1.0000000180025095e-35 0.1104947328567505 0.32530534267425543 3.861013770103455 -0.15692561864852902 0.072072088718414321 0.92400819063186657 3.562729120254517 1.0000000180025095e-35 -0.044607758522033684 0.0081301331520080584 1.0000000180025095e-35 -0.17448747158050534 -0.02755901217460632 0.097222149372100844 0.091488301753997817 -0.04619097709655761 -0.057142764329910271 -0.042735069990158074 0.016736328601837162 -0.01827144622802734 0.52176252007484447 0.11890023946762086 0.09951645135879518 0.10893654823303224 2.6850341558456425 0.031738610938191421
decision_type=8 2 10 2 2 8 10 8 8 8 10 2 8 8 2 8 2 10 8 10 8 10 2 2 10 2 10 2 8 10
left_child=2 5 3 -1 6 12 7 11 24 -3 18 19 -2 17 -15 16 -13 20 -6 -4 -9 22 -22 -11 -5 28 27 -27 -25 -7
right_child=1 9 4 8 10 29 -8 13 -10 23 -12 15 -14 14 -16 -17 -18 -19 -20 -21 21 -23 -24 25 -26 26 -28 -29 -30 -31
leaf_value=-0.0022282229473381816 -0.0018160316671630176 0.0012182628115455785 -0.0017568846368562802 -0.0016113474864502099 -0.00010996935515701018 0.0039163567038580987 -0.00036822610208837051 0.00013476705156933113 -0.0013081378558044662 -0.00071258919830165593 -0.0007732474982658482 0.00080470286458201961 0.0021967862412696684 0.0016149328868677909 3.6581617135198156e-05 7.8227712940350197e-05 0.00010540679196290404 -0.00010663075471715815 -0.0003996877906687107 0.00029880880400156624 -0.0014679084237425486 -1.2701081884562306e-05 -0.00023942220221416087 0.00077521552403689797 -0.000439301237486775 -0.00092958502565606443 0.00028377541038324345 0.002914593505451367 0.00046225773467819793 0.0029793027071184672
leaf_weight=3884 115 6240 960 824 37987 3400 20995 55283 4431 693 7914 5965 2930 1831 468955 299832 8272 158461 26948 460 955 3380421 13105 25476 25983 169 15625 524 17493 1654
leaf_count=3884 115 6240 960 824 37987 3400 20995 55283 4431 693 7914 5965 2930 1831 468955 299832 8272 158461 26948 460 955 3380421 13105 25476 25983 169 15625 524 17493 1654
internal_value=4.78232e-11 0.000877696 -1.44204e-05 -0.000774378 -8.47342e-06 0.00302202 -3.84163e-06 -2.10067e-06 -0.000593548 0.000615393 -0.00028921 8.74117e-05 0.00204469 -9.02398e-06 4.27236e-05 9.27441e-05 0.000398433 -1.57758e-05 -0.000230207 -0.00109121 -1.16025e-05 -1.39863e-05 -0.000322963 0.000552655 -0.000475387 0.000567456 0.000355807 0.00197714 0.000647822 0.00361034
internal_weight=4.59778e+06 74319 4.52347e+06 35122 4.48834e+06 8099 4.4155e+06 4.3945e+06 31238 66220 72849 315489 3045 4.07901e+06 470786 314069 14237 3.60822e+06 64935 1420 3.44976e+06 3.39448e+06 14060 59980 26807 59287 16318 693 42969 5054
internal_count=4597785 74319 4523466 35122 4488344 8099 4415495 4394500 31238 66220 72849 315489 3045 4079011 470786 314069 14237 3608225 64935 1420 3449764 3394481 14060 59980 26807 59287 16318 693 42969 5054
is_linear=0
shrinkage=0.05


Tree=3
num_leaves=31
num_cat=0
split_feature=0 5 0 5 5 2 6 2 8 1 5 9 1 0 3 5 7 8 3 5 0 8 4 4 9 0 2 5 0 4
split_gain=21.0081 15.0905 7.38027 3.33303 2.13329 1.67878 0.993172 0.925536 0.907895 0.883832 0.762072 0.683447 0.647416 0.537311 0.50242 1.63143 0.501285 0.48645 0.419214 0.513275 0.416099 0.412476 0.402318 0.399114 0.42514 0.388225 0.379425 0.358718 0.693251 0.683872
threshold=0.09951645135879518 1.0000000180025095e-35 -0.092244744300842271 1.0000000180025095e-35 0.099639832973480238 0.32530534267425543 0.070700157433748259 -0.13959667086601255 0.96937969326972973 0.14000004529953006 1.0000000180025095e-35 5.2858159542083749 -0.044607758522033684 -0.04619097709655761 0.0079365372657775896 1.0000000180025095e-35 0.027074083685874942 3.861013770103455 -0.042735069990158074 0.018779456615448002 -0.057142764329910271 3.3820896148681645 -0.01827144622802734 -0.019030839204788205 1.249049246311188 0.083180189132690444 0.23897504806518557 0.11890023946762086 0.09951645135879518 0.10893654823303224
decision_type=8 2 10 2 2 8 8 8 8 8 2 10 8 10 10 2 10 10 10 2 8 8 2 2 8 10 8 2 10 2
left_child=2 5 3 -1 7 12 -5 10 -3 17 13 14 -2 -4 18 25 -12 -6 19 -9 -20 -11 -10 24 -8 -16 -22 -24 29 -29
right_child=1 8 4 6 9 -7 23 11 22 21 16 -13 -14 -15 15 -17 -18 -19 20 -21 26 -23 27 -25 -26 -27 -28 28 -30 -31
leaf_value=-0.0021168404862180841 -0.0017260127415848446 0.0011144315901751333 -0.0016419888461894011 -0.00036091529863651006 -0.00010735816891754039 0.0034298925104102305 -0.00053951035301292118 -0.0013894184685955407 -0.00067701110232734488 -0.00036398334600436125 -3.9235667002247355e-06 -0.00051342164472216879 0.0020869843350411967 0.0003410826393607367 0.0010946923703759883 3.4034666169931555e-05 0.00011215918501066905 -0.00057202854247621025 0.00013643137558036879 -0.00018883495408303651 -1.2210747254042305e-05 -0.00085846928044132516 0.0006104940895571249 -0.0017201771879468732 -0.0012272718168173176 0.0027514223650957829 -8.82319460127868e-05 -0.00088337909527848855 0.00026272670938184972 0.0027691414499200796
leaf_weight=3884 115 7206 1094 20577 89428 5054 5270 934 693 25102 140633 6721 2930 496 1331 465055 274587 6010 45324 18612 3234560 5069 42292 1471 3920 482 172906 169 15336 524
leaf_count=3884 115 7206 1094 20577 89428 5054 5270 934 693 25102 140633 6721 2930 496 1331 465055 274587 6010 45324 18612 3234560 5069 42292 1471 3920 482 172906 169 15336 524
internal_value=8.17159e-11 0.000833819 -1.36995e-05 -0.000735667 -8.04978e-06 0.00287097 -0.000563876 -2.20075e-06 0.000584627 -0.000211201 6.86578e-05 -9.68558e-06 0.00194246 -0.00102354 -8.82599e-06 3.98722e-05 7.28426e-05 -0.000136625 -1.53736e-05 -0.000246273 -1.40665e-05 -0.000447087 0.000519916 -0.000955542 -0.000832977 0.00153642 -1.60683e-05 0.00053415 0.000332693 0.00187842
internal_weight=4.59778e+06 74319 4.52347e+06 35122 4.48834e+06 8099 31238 4.36274e+06 66220 125609 416810 3.94592e+06 3045 1590 3.9392e+06 466868 415220 95438 3.47234e+06 19546 3.45279e+06 30171 59014 10661 9190 1813 3.40747e+06 58321 16029 693
internal_count=4597785 74319 4523466 35122 4488344 8099 31238 4362735 66220 125609 416810 3945925 3045 1590 3939204 466868 415220 95438 3472336 19546 3452790 30171 59014 10661 9190 1813 3407466 58321 16029 693
is_linear=0
shrinkage=0.05


Tree=4
num_leaves=31
num_cat=0
split_feature=0 5 0 5 8 6 2 5 1 5 8 3 5 5 9 1 0 3 1 4 0 1 0 5 2 4 0 9 6 3
split_gain=18.9633 13.9489 6.67026 3.00815 2.0019 1.28992 0.948918 1.10251 0.906695 0.819639 0.787508 0.782496 1.32306 0.650093 0.629928 0.561271 0.511537 0.586894 0.500078 0.679608 0.476615 0.728936 0.45216 0.437497 0.428815 0.397845 1.17505 0.395387 0.387112 0.379469
threshold=0.09951645135879518 1.0000000180025095e-35 -0.092244744300842271 1.0000000180025095e-35 3.0636918544769292 0.013898948207497598 -0.17067304253578183 0.090920805931091322 -0.021207541227340695 1.0000000180025095e-35 0.89975839853286754 0.044776141643524177 1.0000000180025095e-35 0.13562166690826419 5.2858159542083749 0.14000004529953006 -0.060580164194107049 -0.042735069990158074 -0.17448747158050534 -0.02755901217460632 0.017182171344757084 0.038360774517059333 -0.04619097709655761 0.016736328601837162 -0.0085727870464324934 0.10893654823303224 -0.053995281457900994 0.62654903531074535 0.039261685684323318 -0.01259443163871765
decision_type=10 2 8 2 10 10 8 2 8 2 8 8 2 2 8 10 8 8 8 2 10 8 10 2 10 2 10 10 8 10
left_child=2 5 3 -1 6 -2 9 11 -5 22 -3 16 -13 -12 -6 25 -8 23 19 -11 24 28 -4 -18 -19 -9 -27 -7 -22 -26
right_child=1 10 4 8 14 27 7 15 -10 18 13 12 -14 -15 -16 -17 17 20 -20 -21 21 -23 -24 -25 29 26 -28 -29 -30 -31
leaf_value=-0.0020110257828324591 0.0035266941650797037 0.0011292888766501993 -0.0017179604917106663 -0.0003758791988956432 -0.00021829012265966948 0.0026890218110044994 0.00018274082273340815 -0.00010401356252231694 -0.00098981216165081607 0.00078780485766206617 0.00059159828315002083 0.0014800184705893076 0.00016225434197150528 0.00013681701227204261 -0.00063163783110987992 -0.00033093693439375604 -0.001331759540303408 -3.1862071374306965e-05 8.0545454165857708e-05 8.0980348758032274e-05 5.0866004293691369e-05 -3.1482513733954013e-05 0.00022137993284675894 -0.00025233406128644527 -7.1316638114905757e-05 0.0026510636472196966 -0.00013256897194150952 0.0016989809267978517 0.00017770728234282448 1.2218696266104238e-05
leaf_weight=3884 3588 5738 965 23108 44484 2157 35781 119926 8130 6041 46063 2215 13565 9475 11626 30978 1011 1661687 236473 7780 352645 279213 436 12978 149997 519 1399 1910 72523 1451490
leaf_count=3884 3588 5738 965 23108 44484 2157 35781 119926 8130 6041 46063 2215 13565 9475 11626 30978 1011 1661687 236473 7780 352645 279213 436 12978 149997 519 1399 1910 72523 1451490
internal_value=7.17036e-11 0.000823069 -1.25276e-05 -0.000698892 -7.16293e-06 0.00283529 -3.4103e-06 -9.07988e-06 -0.000535688 9.088e-05 0.000571648 -4.08483e-06 0.000347308 0.000514015 -0.000303946 -0.000140903 -5.46518e-06 -7.15658e-06 9.76325e-05 0.00038996 -6.01667e-06 3.12833e-05 -0.0011147 -0.000330435 -1.40682e-05 -9.25855e-05 0.000621655 0.0022246 7.25023e-05 4.39465e-06
internal_weight=4.59778e+06 68931 4.52885e+06 35122 4.49373e+06 7655 4.43762e+06 4.18593e+06 31238 251695 61276 4.0331e+06 15780 55538 56110 152822 4.01732e+06 3.98154e+06 250294 13821 3.96756e+06 704381 1401 13989 3.26317e+06 121844 1918 4067 425168 1.60149e+06
internal_count=4597785 68931 4528854 35122 4493732 7655 4437622 4185927 31238 251695 61276 4033105 15780 55538 56110 152822 4017325 3981544 250294 13821 3967555 704381 1401 13989 3263174 121844 1918 4067 425168 1601487
is_linear=0
shrinkage=0.05


Tree=5
num_leaves=31
num_cat=0
split_feature=0 5 0 5 8 7 2 5 6 5 8 3 5 5 0 1 0 1 5 0 3 0 1 2 5 9 4 0 7 9
split_gain=17.1147 12.5894 6.02 2.71494 1.80672 1.16902 0.868082 0.994441 0.839226 0.715646 0.714396 0.701569 1.18003 0.583309 0.524167 0.517237 0.557333 0.493091 0.428952 0.419595 0.538603 0.386071 0.622597 0.494248 0.377021 0.44772 0.367229 1.05042 0.349852 0.346323
threshold=0.09951645135879518 1.0000000180025095e-35 -0.092244744300842271 1.0000000180025095e-35 3.0636918544769292 0.063078697770833983 -0.13252168893814084 0.090920805931091322 0.070700157433748259 1.0000000180025095e-35 1.3181616067886355 0.044776141643524177 1.0000000180025095e-35 0.11423349380493165 -0.04619097709655761 -0.17448747158050534 -0.018727838993072506 0.14000004529953006 0.13562166690826419 -0.06495764851570128 -0.042735069990158074 0.018306910991668705 0.04534882307052613 -0.0085727870464324934 0.046557009220123298 1.249049246311188 0.10893654823303224 -0.053995281457900994 0.027204549871385101 1.6317515373229983
decision_type=10 2 8 2 10 8 8 2 8 2 8 8 2 2 10 8 8 10 2 10 10 8 8 10 2 8 2 10 8 8
left_child=2 5 3 29 6 -2 9 11 -5 14 -3 19 -13 -6 -4 16 -11 26 -12 -8 -21 23 -23 -22 -10 -26 -9 -28 -17 -1
right_child=1 10 4 8 13 -7 7 17 24 15 18 12 -14 -15 -16 28 -18 -19 -20 20 21 22 -24 -25 25 -27 27 -29 -30 -31
leaf_value=-0.0017179468086172163 0.0021363052086507761 0.00082685082007354191 -0.0015963138367464853 -0.00032233803056169871 -0.00022297630768841078 0.0033802740463633875 0.00020987971471466039 -0.00010286235421730096 -0.001903454745962074 0.00056391771011330782 0.00051152259084637653 0.0014147451135492477 0.00015389713281143585 -0.00068392442613955358 0.00033361756041061697 -3.3824140123906182e-06 -3.7089180745223906e-05 -0.00031659680019088208 0.00010548725465379398 -0.00032495571416495854 -3.5307589792598148e-05 6.6318114162383469e-05 -3.7528100574208078e-05 4.4001991283376807e-06 -0.00048610503223536219 -0.0011658744146002546 0.0025155223723005698 -0.0001302862305268694 8.7239762929224824e-05 -0.003074951223161241
leaf_weight=3335 4228 16284 1112 20577 48105 3427 22095 113830 813 10318 37104 2159 13175 8005 514 167755 6160 30786 7888 13409 1506266 395724 227199 1633576 5543 4305 518 1353 291673 549
leaf_count=3335 4228 16284 1112 20577 48105 3427 22095 113830 813 10318 37104 2159 13175 8005 514 167755 6160 30786 7888 13409 1506266 395724 227199 1633576 5543 4305 518 1353 291673 549
internal_value=1.53269e-10 0.000781923 -1.19012e-05 -0.000663952 -6.80477e-06 0.00269358 -3.23976e-06 -1.09191e-05 -0.000508906 6.04436e-05 0.000543067 -6.00844e-06 0.000331503 -0.000288749 -0.000986407 6.40224e-05 0.000339254 -0.000138761 0.00044034 -7.37109e-06 -8.64232e-06 -7.51501e-06 2.84422e-05 -1.46487e-05 -0.00086894 -0.000783351 -9.14399e-05 0.000603178 5.41502e-05 -0.0019105
internal_weight=4.59778e+06 68931 4.52885e+06 35122 4.49373e+06 7655 4.43762e+06 3.96009e+06 31238 477532 61276 3.8136e+06 15334 56110 1626 475906 16478 146487 44992 3.79827e+06 3.77617e+06 3.76276e+06 622923 3.13984e+06 10661 9848 115701 1871 459428 3884
internal_count=4597785 68931 4528854 35122 4493732 7655 4437622 3960090 31238 477532 61276 3813603 15334 56110 1626 475906 16478 146487 44992 3798269 3776174 3762765 622923 3139842 10661 9848 115701 1871 459428 3884
is_linear=0
shrinkage=0.05


Tree=6
num_leaves=31
num_cat=0
split_feature=0 5 0 5 9 6 5 0 6 8 3 5 5 0 1 5 2 6 9 3 0 9 0 5 5 9 0 3 9 1
split_gain=15.4462 11.3624 5.43326 2.45044 1.6431 1.06522 0.957105 0.78885 0.757448 0.679397 0.677598 0.847356 0.707711 0.70875 0.624229 0.557242 0.528061 0.453581 0.451003 0.406233 0.356616 0.355565 0.344908 0.344667 0.341504 0.411747 0.329688 0.317903 0.31268 0.301912
threshold=0.09951645135879518 1.0000000180025095e-35 -0.092244744300842271 1.0000000180025095e-35 4.0981450080871591 0.013898948207497598 0.090920805931091322 -0.051459103822708123 0.070700157433748259 0.85643026232719432 -0.042735069990158074 0.0095923542976379412 1.0000000180025095e-35 0.043759703636169441 0.14000004529953006 0.13562166690826419 -0.13252168893814084 0.048893684521317489 1.3085016608238222 0.010126531124114992 0.0098536610603332537 0.62654903531074535 -0.099913775920867906 0.11890023946762086 0.04973417520523072 1.249049246311188 0.052722215652465827 -0.013953536748886107 1.6317515373229983 -0.028067827224731442
decision_type=10 2 8 2 10 10 2 10 8 8 8 2 2 10 10 2 8 10 10 8 10 10 10 2 2 8 10 8 8 8
left_child=2 5 3 28 6 -2 7 18 22 -3 11 -9 13 -12 29 -11 17 -14 -4 -18 -21 -7 -5 -6 -10 -26 -15 -16 -1 -8
right_child=1 9 4 8 23 21 14 10 24 15 12 -13 16 26 27 -17 19 -19 -20 20 -22 -23 -24 -25 25 -27 -28 -29 -30 -31
leaf_value=-0.0016320751929168162 0.0031872304930415027 0.0010841481401152972 0.00021133790501929391 -0.0005327537493936247 -0.00032556314236910561 0.0024443220991961826 3.077457828086376e-05 -0.0013623736038657437 -0.0017182468479238423 0.00053805496919669593 -0.00014516280534844641 -0.00020006639581804419 3.5825465952850316e-05 0.00095685496782846324 -0.00053747512981721843 0.00011909377753094513 -1.3048080396549953e-05 0.00023212109047797001 -3.5663134345314652e-05 -9.626190603013396e-06 9.744195245034329e-05 0.0015056895381595553 -0.00012123418281218116 -0.00083071466506435599 -0.00044786763946067659 -0.0011049899239180805 0.002444315664764116 -0.0002067702465208556 -0.0029214831931431862 -0.00012423704302014517
leaf_weight=3335 3588 4844 68025 9249 21935 2157 46877 1773 973 46877 1356 13513 401599 1431 10753 9555 3435372 31755 25374 148219 163627 1910 11328 3991 5446 4242 504 22419 549 95209
leaf_count=3335 3588 4844 68025 9249 21935 2157 46877 1773 973 46877 1356 13513 401599 1431 10753 9555 3435372 31755 25374 148219 163627 1910 11328 3991 5446 4242 504 22419 549 95209
internal_value=1.47194e-10 0.000742832 -1.13062e-05 -0.000630767 -6.46451e-06 0.00255893 -4.16133e-06 5.14785e-07 -0.000483467 0.000515915 -2.68192e-06 -0.000334961 -1.46784e-06 0.000731352 -0.000118692 0.00046712 -2.0449e-06 5.021e-05 0.000144235 -8.08802e-06 4.65531e-05 0.00200399 -0.000306222 -0.000403354 -0.000825509 -0.00073568 0.00134535 -0.000313984 -0.00181504 -7.30958e-05
internal_weight=4.59778e+06 68931 4.52885e+06 35122 4.49373e+06 7655 4.46781e+06 4.29255e+06 31238 61276 4.19915e+06 15286 4.18386e+06 3291 175258 56432 4.18057e+06 433354 93399 3.74722e+06 311846 4067 20577 25926 10661 9688 1935 33172 3884 142086
internal_count=4597785 68931 4528854 35122 4493732 7655 4467806 4292548 31238 61276 4199149 15286 4183863 3291 175258 56432 4180572 433354 93399 3747218 311846 4067 20577 25926 10661 9688 1935 33172 3884 142086
is_linear=0
shrinkage=0.05


Tree=7
num_leaves=31
num_cat=0
split_feature=0 5 0 5 5 2 8 2 1 8 9 1 5 3 5 2 1 4 0 1 0 8 3 3 8 1 8 5 9 0
split_gain=13.9585 10.0148 4.89667 2.21171 1.547 1.20828 0.726201 0.717475 0.696161 0.657812 0.553217 0.513928 0.47447 0.444917 1.04424 0.457225 0.40446 0.562739 0.375192 0.362633 0.351794 0.350694 0.341069 0.339966 0.403125 0.371576 0.336909 0.324002 0.322361 0.313258
threshold=0.09951645135879518 1.0000000180025095e-35 -0.092244744300842271 1.0000000180025095e-35 0.1104947328567505 0.32530534267425543 2.8451790809631352 -0.17067304253578183 -0.021207541227340695 1.3181616067886355 3.562729120254517 -0.044607758522033684 1.0000000180025095e-35 0.010126531124114992 1.0000000180025095e-35 0.30438482761383062 -0.17448747158050534 -0.02755901217460632 -0.051459103822708123 0.091488301753997817 0.0098536610603332537 1.3786411285400393 -0.071529179811477647 -0.042735069990158074 1.155855715274811 -0.020656704902648922 0.43969087302684789 0.088957130908966078 5.2858159542083749 0.083180189132690444
decision_type=8 2 10 2 2 8 10 8 8 8 10 8 2 10 2 10 8 2 8 8 10 8 10 10 8 10 10 2 10 10
left_child=2 5 3 -1 6 11 7 12 26 27 19 -2 -4 15 29 18 17 -14 21 -6 -16 -9 -19 24 25 -20 -5 -3 -8 -15
right_child=1 9 4 8 10 -7 28 13 -10 -11 -12 -13 16 14 20 -17 -18 22 23 -21 -22 -23 -24 -25 -26 -27 -28 -29 -30 -31
leaf_value=-0.0017243437517374843 -0.0017160933506915922 0.0010703985455334999 -0.00085670805113965953 -0.0016457749759640743 -8.7464351240859478e-05 0.0028133759133408469 -0.00012710894231477253 0.00016155734380566143 -0.00085722173680656359 0.00038666094458778081 -0.0006297560021862028 0.0016803700934217608 0.00074087783926446633 0.0008556265776280171 -9.15173369323886e-06 -0.00014301557202372214 7.2302966883104586e-05 0.0011278324181545742 -0.00082462721256472415 -0.0003272724117335325 9.2644005576995465e-05 -6.7085344500820095e-05 -3.5035661339986469e-05 -9.5083544352760246e-06 9.0814821434323175e-06 -7.4606457999987894e-05 -0.00029177692010671678 0.00059598109122025605 -0.00045369111855349047 0.0023553203733915344
leaf_weight=3884 115 5375 1337 468 37987 5054 51525 59522 8130 49936 7914 2930 5534 1353 166120 63836 233052 695 4177 26948 173532 23349 6705 3605645 7059 2731 22640 10909 8854 469
leaf_count=3884 115 5375 1337 468 37987 5054 51525 59522 8130 49936 7914 2930 5534 1353 166120 63836 233052 695 4177 26948 173532 23349 6705 3605645 7059 2731 22640 10909 8854 469
internal_value=1.49134e-10 0.000679669 -1.11667e-05 -0.000599241 -6.56482e-06 0.00233922 -2.79434e-06 -4.06778e-07 -0.0004593 0.000476666 -0.000235096 0.00155158 8.23007e-05 -5.38647e-06 4.92628e-05 -1.03413e-05 8.74079e-05 0.00035955 -8.05374e-06 -0.000186988 4.2857e-05 9.7137e-05 7.43173e-05 -1.04621e-05 -0.000256658 -0.000528169 -0.000319269 0.000752632 -0.000175006 0.00124274
internal_weight=4.59778e+06 74319 4.52347e+06 35122 4.48834e+06 8099 4.4155e+06 4.35512e+06 31238 66220 72849 3045 247323 4.10779e+06 341474 3.76632e+06 245986 12934 3.70248e+06 64935 339652 82871 7400 3.61961e+06 13967 6908 23108 16284 60379 1822
internal_count=4597785 74319 4523466 35122 4488344 8099 4415495 4355116 31238 66220 72849 3045 247323 4107793 341474 3766319 245986 12934 3702483 64935 339652 82871 7400 3619612 13967 6908 23108 16284 60379 1822
is_linear=0
shrinkage=0.05


Tree=8
num_leaves=31
num_cat=0
split_feature=0 5 0 8 8 7 2 0 4 5 5 9 9 3 5 9 8 2 8 5 0 5 1 2 6 6 7 1 8 1
split_gain=12.5995 9.27095 4.42559 1.99908 1.37152 0.90693 0.70987 0.72637 1.06183 0.653897 0.575987 0.520395 0.512793 0.49207 0.8398 0.483583 0.467892 0.453498 0.443952 0.410515 0.639663 0.692611 0.426228 0.413271 0.392901 0.341342 0.333763 0.335191 0.350476 0.320757
threshold=0.09951645135879518 1.0000000180025095e-35 -0.092244744300842271 0.51572003960609447 3.0636918544769292 0.066488545387983336 0.30438482761383062 -0.053995281457900994 0.088645815849304213 1.0000000180025095e-35 0.13562166690826419 1.249049246311188 0.96499004960060131 -0.042735069990158074 0.019292652606964115 5.2858159542083749 1.3470368385314944 -0.1833333075046539 1.3374590873718264 0.074613749980926528 0.019089937210083011 0.0088105797767639178 0.018404901027679447 1.0000000180025095e-35 0.065029647201299681 0.046455599367618568 0.025043304078280929 -0.008118778467178343 1.3573056459426882 -0.147479772567749
decision_type=10 2 8 10 10 8 10 10 2 2 2 10 10 10 2 10 8 8 8 2 10 2 8 10 10 8 10 8 8 8
left_child=2 5 3 -1 6 -2 7 8 18 -5 16 -11 -8 14 -9 -6 -3 -15 -4 20 23 -22 25 26 -13 -23 27 28 -19 -16
right_child=1 10 4 9 15 -7 12 13 -10 11 -12 24 -14 17 29 -17 -18 19 -20 -21 21 22 -24 -25 -26 -27 -28 -29 -30 -31
leaf_value=-0.0015305515844142041 0.0018286715639845453 0.00076770774439390368 0.00020179862064242254 -0.0019475145801992927 -0.00017644369612052711 0.0029263494570176004 -1.8239390544272041e-05 -0.00122818795916866 0.0022422599706827849 -0.00018780069931592435 0.00011483317177255007 -0.00042607425917768065 -0.00024698721885772974 7.5179631465415757e-05 0.00039054189957717452 -0.00053860690446709937 0.00043605224225940777 -5.2117745630843556e-05 -1.5087474008006831e-05 -7.2970836510669097e-05 0.0011435642898111572 7.4226114664385372e-05 5.388577349519018e-06 1.0579505931463126e-05 -0.00099313289716889287 0.00026809679168354809 3.7528985205822583e-06 -1.097553252925453e-05 -0.0001726904508009953 -0.00022246810908397338
leaf_weight=4686 4291 15020 62747 685 44484 3364 47689 1967 592 15671 9812 9598 50385 183510 2452 11626 36444 616384 37813 211658 1439 223941 299717 1411292 4482 25265 645583 531979 66801 16408
leaf_count=4686 4291 15020 62747 685 44484 3364 47689 1967 592 15671 9812 9598 50385 183510 2452 11626 36444 616384 37813 211658 1439 223941 299717 1411292 4482 25265 645583 531979 66801 16408
internal_value=1.65016e-10 0.000670898 -1.02113e-05 -0.000569285 -5.8416e-06 0.00231137 -2.7355e-06 2.70865e-07 0.000132686 -0.000421241 0.000465926 -0.000386035 -0.000135759 -2.88934e-06 -0.000245321 -0.000251492 0.00053286 -1.69212e-06 0.000120245 -5.18904e-06 -1.43574e-06 4.84369e-05 4.55639e-05 -9.8244e-06 -0.00060664 9.38821e-05 -2.52998e-05 -4.07347e-05 -6.39074e-05 -0.000142754
internal_weight=4.59778e+06 68931 4.52885e+06 35122 4.49373e+06 7655 4.43762e+06 4.33955e+06 101152 30436 61276 29751 98074 4.2384e+06 20827 56110 51464 4.21757e+06 100560 4.03406e+06 3.8224e+06 550362 548923 3.27204e+06 14080 249206 1.86075e+06 1.21516e+06 683185 18860
internal_count=4597785 68931 4528854 35122 4493732 7655 4437622 4339548 101152 30436 61276 29751 98074 4238396 20827 56110 51464 4217569 100560 4034059 3822401 550362 548923 3272039 14080 249206 1860747 1215164 683185 18860
is_linear=0
shrinkage=0.05


Tree=9
num_leaves=31
num_cat=0
split_feature=0 5 0 5 5 1 8 2 6 8 0 8 7 3 5 2 0 1 1 4 5 9 4 0 0 0 1 5 3 2
split_gain=11.3821 8.17476 3.98849 1.8076 1.33956 1.0291 0.64726 0.618405 0.613795 0.569082 0.503924 0.436912 0.40364 0.393178 0.855674 0.406643 0.364786 0.3399 0.33451 0.316786 0.313764 0.312311 0.292005 0.289648 0.284041 0.282849 0.440155 0.464212 0.282717 0.282349
threshold=0.09951645135879518 1.0000000180025095e-35 -0.092244744300842271 1.0000000180025095e-35 0.11423349380493165 0.31152415275573736 2.8451790809631352 -0.13252168893814084 0.081208650022745146 0.85643026232719432 0.09951645135879518 3.861013770103455 0.027204549871385101 0.0064446330070495614 1.0000000180025095e-35 0.23897504806518557 -0.099913775920867906 0.061170279979705817 0.091488301753997817 -0.025328755378723141 1.0000000180025095e-35 0.65513473749160778 -0.0046949684619903556 -0.070485889911651597 0.052722215652465827 -0.025476813316345211 -0.1590296924114227 0.046557009220123298 -0.042735069990158074 -0.24467906355857846
decision_type=8 2 8 2 2 8 10 8 8 8 10 10 10 8 2 8 10 10 8 2 2 10 2 10 10 10 10 2 8 10
left_child=2 5 3 -1 6 10 7 12 16 -3 -2 18 20 15 24 23 -5 -17 -6 -11 -4 -12 -10 -9 -15 26 27 -14 -25 -29
right_child=1 9 4 8 11 -7 -8 13 22 19 21 -13 25 14 -16 17 -18 -19 -20 -21 -22 -23 -24 28 -26 -27 -28 29 -30 -31
leaf_value=-0.0015579649444491712 -0.0010248096707793483 0.00095205662182714387 -0.0011369767751875988 -0.00050536897127595167 -9.1634579650969473e-05 0.0025783316651874209 -0.00016288911404276407 0.00019658866098602878 -0.00070387110794279675 -0.00076298295734302001 0.0020659922197831717 -0.00071436484161048496 -0.00039601431903743241 0.000740283082803328 2.7729946854849878e-05 -3.9315246550136873e-05 -0.00011479011782232173 -0.00018439042402421978 -0.00033900155134445443 0.00040034410640082762 -3.7380786870007324e-06 0.001057460635148721 -0.0016935834817752736 -0.00023316995661636894 0.0021633770006101484 6.1012324633124986e-05 0.00012120414078012988 0.00089298709416937676 -9.4803553910471039e-06 0.00035429046739052797
leaf_weight=3884 196 4844 612 11021 30514 4818 62217 16976 6307 590 1614 4507 1392 1294 573788 127015 13065 59188 24754 60786 170359 1471 845 14189 481 228359 61482 4163 3101199 5855
leaf_count=3884 196 4844 612 11021 30514 4818 62217 16976 6307 590 1614 4507 1392 1294 573788 127015 13065 59188 24754 60786 170359 1471 845 14189 481 228359 61482 4163 3101199 5855
internal_value=1.81476e-10 0.000613748 -1.00836e-05 -0.000540828 -5.93034e-06 0.00211312 -2.75684e-06 -4.75045e-07 -0.000414316 0.000430339 0.00142939 -0.000241043 5.35604e-05 -7.02767e-06 3.11217e-05 -1.36442e-05 -0.00029352 -8.54308e-05 -0.000202432 0.000389149 -7.80119e-06 0.0015856 -0.000821025 -9.37684e-06 0.00112692 8.83853e-05 0.000174138 0.000459335 -1.04992e-05 0.000578214
internal_weight=4.59778e+06 74319 4.52347e+06 35122 4.48834e+06 8099 4.42857e+06 4.36635e+06 31238 66220 3281 59775 472222 3.89413e+06 575563 3.31857e+06 24086 186203 55268 61376 170971 3085 7152 3.13236e+06 1775 301251 72892 11410 3.11539e+06 10018
internal_count=4597785 74319 4523466 35122 4488344 8099 4428569 4366352 31238 66220 3281 59775 472222 3894130 575563 3318567 24086 186203 55268 61376 170971 3085 7152 3132364 1775 301251 72892 11410 3115388 10018
is_linear=0
shrinkage=0.05


Tree=10
num_leaves=31
num_cat=0
split_feature=0 5 0 8 5 2 9 8 0 8 3 5 5 0 1 9 2 5 9 1 0 0 1 1 2 6 8 4 1 4
split_gain=10.2725 7.37798 3.5997 1.66138 1.20896 0.94822 0.594963 0.593236 0.603261 0.519136 0.506506 0.850659 0.576576 0.481122 0.435034 0.405249 0.382534 0.371342 0.359111 0.348493 0.342073 0.331374 0.312189 0.300608 0.294644 0.313986 0.285273 0.284087 0.277362 0.273585
threshold=0.09951645135879518 1.0000000180025095e-35 -0.092244744300842271 0.52176252007484447 0.11423349380493165 0.63825666904449474 1.8068565130233767 2.1927944421768193 -0.051459103822708123 1.1378252506256106 0.011309862136840822 0.0077120661735534677 1.0000000180025095e-35 0.014820396900177004 -0.035785734653472893 5.2858159542083749 0.23897504806518557 0.0077120661735534677 5.2858159542083749 -0.1590296924114227 -0.099913775920867906 -0.04619097709655761 0.061170279979705817 0.081495106220245375 -0.1303347051143646 0.046455599367618568 1.3786411285400393 0.010588049888610842 -0.055345982313156121 -0.025328755378723141
decision_type=8 2 10 10 2 8 10 10 8 8 8 2 2 10 8 10 8 2 8 8 10 10 10 8 8 10 8 2 10 2
left_child=2 5 3 -1 7 14 20 8 19 -3 12 -12 21 -13 -2 23 24 -8 -9 -4 -5 -10 -18 -6 25 -14 -21 28 -27 -11
right_child=1 9 4 6 15 -7 17 18 10 29 11 13 16 -15 -16 -17 22 -19 -20 26 -22 -23 -24 -25 -26 27 -28 -29 -30 -31
leaf_value=-0.0013857164734268556 -0.0013916557073578473 0.00071678058895818667 0.00041439700802023774 -0.0004554655351500495 -9.1836308723812173e-05 0.0025785462409720948 -0.0025564196267655881 -8.0307972462529884e-05 -0.0011787095554268837 -0.00072489832867447498 0.0010872859702465516 -1.6644220173228712e-06 2.3414934039366644e-05 0.00012809249127701211 0.0015822902233822867 -0.00086568437368170605 -3.1411726651528521e-05 -0.00070443718541676086 -0.00040218241152339409 0.00014204458512512614 -7.170880379268226e-05 -0.00012307749322015341 -0.00016879204276513474 -0.00032087009643066555 -7.8801001439679871e-06 0.00048064332426298181 -5.5191907114131965e-05 3.8702023641149785e-05 7.9761073432077013e-05 0.00035681251000377833
leaf_weight=4727 126 11341 9131 11154 29688 3832 281 141960 1638 590 2005 166183 377911 125304 4141 2398 128127 6847 9228 71002 12113 1361 61060 27689 3272773 10697 24713 18244 7232 54289
leaf_count=4727 126 11341 9131 11154 29688 3832 281 141960 1638 590 2005 166183 377911 125304 4141 2398 128127 6847 9228 71002 12113 1361 61060 27689 3272773 10697 24713 18244 7232 54289
internal_value=1.94011e-10 0.000583064 -9.57948e-06 -0.000513793 -5.63381e-06 0.00200749 -0.000378152 -2.61897e-06 8.21544e-07 0.000408823 -2.15499e-06 6.11774e-05 -6.94679e-06 5.41155e-05 0.00149417 -0.000228992 -6.4105e-06 -0.000777794 -9.99566e-05 0.000119277 -0.00025569 -0.000699846 -7.57518e-05 -0.000202367 -2.85231e-06 3.68855e-05 9.11193e-05 0.000177612 0.000318953 0.00034517
internal_weight=4.59778e+06 74319 4.52347e+06 35122 4.48834e+06 8099 30395 4.42857e+06 4.27738e+06 66220 4.17254e+06 293492 3.87904e+06 291487 4267 59775 3.87604e+06 7128 151188 104846 23267 2999 189187 57377 3.68686e+06 414084 95715 36173 17929 54879
internal_count=4597785 74319 4523466 35122 4488344 8099 30395 4428569 4277381 66220 4172535 293492 3879043 291487 4267 59775 3876044 7128 151188 104846 23267 2999 189187 57377 3686857 414084 95715 36173 17929 54879
is_linear=0
shrinkage=0.05


Tree=11
num_leaves=31
num_cat=0
split_feature=0 5 0 8 5 2 1 9 8 0 3 5 5 0 1 8 0 0 1 3 8 8 5 8 2 2 3 6 3 1
split_gain=9.27099 6.65878 3.24883 1.50014 1.10903 0.863664 0.75102 0.547762 0.482438 0.437324 0.497426 0.591657 0.489378 0.529502 0.379484 0.354239 0.352811 0.348725 0.595446 0.330708 0.30609 0.298013 0.293739 0.343637 0.288473 0.32538 0.397622 0.315195 0.278586 0.275017
threshold=0.09951645135879518 1.0000000180025095e-35 -0.092244744300842271 0.51572003960609447 0.088957130908966078 0.32530534267425543 0.14850336313247683 3.562729120254517 0.8727649748325349 -0.051459103822708123 -0.042735069990158074 0.019292652606964115 1.0000000180025095e-35 0.052722215652465827 -0.044607758522033684 1.4898381829261782 -0.099913775920867906 0.01870745420455933 0.04534882307052613 0.015296399593353273 3.0636918544769292 2.5511919260025029 0.11890023946762086 2.6850341558456425 -0.17474225163459775 -0.0085727870464324934 -0.011453181505203245 0.046455599367618568 -0.016074120998382565 -1.0000000180025095e-35
decision_type=8 2 8 10 2 8 8 10 8 10 8 2 2 10 8 8 10 8 8 10 8 10 2 8 8 10 10 10 10 8
left_child=2 5 3 -1 9 14 21 16 -3 15 11 -11 13 -12 -2 -4 -5 24 19 -19 28 -6 23 -10 27 29 -27 -14 -8 -26
right_child=1 8 4 7 6 -7 20 -9 22 10 12 -13 17 -15 -16 -17 -18 18 -20 -21 -22 -23 -24 -25 25 26 -28 -29 -30 -31
leaf_value=-0.0013208223706335934 -0.0015662649157657769 0.00085353388693938854 0.00016724200755228761 -0.00049741870807081922 -4.4882984670199837e-05 0.002307988735474813 -0.00048972468024236274 -0.001362883032037105 0.00053199947551207656 -0.0010812135083289418 0.00032963686775021984 -0.00016503562538052873 3.2998972045597285e-05 0.002050638250984707 0.0013519554530211013 -7.2268528444700345e-05 -0.00014902780411457712 5.0561350245131149e-05 -3.1584545682964677e-05 0.00019313493372220326 -0.00062074969796859782 -0.00022591808048806478 0.0001716429112433617 0.00024806226575330999 -4.1511745896200134e-05 -6.7999520050188931e-05 1.3000560291043093e-05 0.00026274293421257188 -0.0001541112275706699 8.6215309685720156e-07
leaf_weight=4686 115 5141 66245 13878 139382 5054 8801 1302 26296 2041 2799 12864 153972 531 2930 20128 15256 404196 248161 45223 7041 27162 16862 17921 1101575 169121 1454843 16531 20789 586939
leaf_count=4686 115 5141 66245 13878 139382 5054 8801 1302 26296 2041 2799 12864 153972 531 2930 20128 15256 404196 248161 45223 7041 27162 16862 17921 1101575 169121 1454843 16531 20789 586939
internal_value=1.55229e-10 0.000553913 -9.10057e-06 -0.000488111 -5.35213e-06 0.00190713 -0.000119494 -0.000359866 0.000388382 5.97869e-08 -2.23117e-06 -0.000290556 -1.20395e-06 0.0006046 0.00124127 0.000111427 -0.000314995 -1.68665e-06 3.05814e-05 6.49083e-05 -0.000324466 -7.44095e-05 0.000349217 0.000416929 -8.14937e-06 -1.1414e-05 4.56511e-06 5.5275e-05 -0.000253946 -2.67823e-05
internal_weight=4.59778e+06 74319 4.52347e+06 35122 4.48834e+06 8099 203175 30436 66220 4.28517e+06 4.1988e+06 14905 4.18389e+06 3330 3045 86373 29134 4.18056e+06 697580 449419 36631 166544 61079 44217 3.48298e+06 3.31248e+06 1.62396e+06 170503 29590 1.68851e+06
internal_count=4597785 74319 4523466 35122 4488344 8099 203175 30436 66220 4285169 4198796 14905 4183891 3330 3045 86373 29134 4180561 697580 449419 36631 166544 61079 44217 3482981 3312478 1623964 170503 29590 1688514
is_linear=0
shrinkage=0.05


Tree=12
num_leaves=31
num_cat=0
split_feature=0 5 0 5 5 2 6 2 5 0 5 8 8 1 1 7 2 0 3 4 4 8 5 9 5 9 1 4 2 9
split_gain=8.36715 6.00964 2.93213 1.37998 1.01725 0.793833 0.538435 0.483248 0.447923 0.456593 0.650068 0.43696 0.387413 0.358546 0.353456 0.352193 0.332378 0.370538 0.320411 0.381661 0.27945 0.275165 0.26761 0.265906 0.264546 0.264029 0.238862 0.238049 0.232487 0.231824
threshold=0.09951645135879518 1.0000000180025095e-35 -0.092244744300842271 1.0000000180025095e-35 0.1104947328567505 0.63825666904449474 0.070700157433748259 -0.12606123089790341 0.074613749980926528 0.047326207160949714 0.023259520530700687 1.3181616067886355 3.0636918544769292 0.14000004529953006 -0.035785734653472893 0.027074083685874942 -0.01572012901306152 0.01215261220932007 -0.01259443163871765 -0.01827144622802734 -0.019030839204788205 0.92766612768173229 1.0000000180025095e-35 1.1968518495559695 0.088957130908966078 1.3475008606910708 0.081495106220245375 -0.032361954450607293 -0.14774662256240842 1.426342844963074
decision_type=8 2 10 2 2 8 8 8 2 10 2 8 10 8 8 10 10 10 8 2 2 8 2 8 2 8 8 2 10 8
left_child=2 5 3 23 7 14 25 15 9 16 -11 24 26 -10 -2 22 17 -9 19 -18 29 -12 -4 28 -3 -5 -6 -13 -1 -8
right_child=1 11 4 6 12 -7 20 8 13 10 21 27 -14 -15 -16 -17 18 -19 -20 -21 -22 -23 -24 -25 -26 -27 -28 -29 -30 -31
leaf_value=-0.0016808816675497789 -0.001259067814359918 0.00088099737672741945 -0.0010067097197377676 -4.4997897393489484e-05 -5.8456758364664364e-05 0.0023342832474202713 -0.00035643227324598135 -3.540409460904796e-05 -4.892098685836266e-05 0.0008973482276145887 0.00038890473119587357 -0.00078346409868051416 -0.00048752730391154482 -0.00022337334550192822 0.001421556783112598 7.4717740740478676e-05 0.00010200493001183758 2.8255166059070039e-05 1.3143722856970501e-05 -9.2806628884995571e-05 -0.0012812827887377471 5.7019097798366984e-05 -6.4747084152954228e-06 -0.0023359191434525186 0.00045234858556942822 -0.00040581433657430326 -0.00025381760228999466 0.00030664855769875211 -0.00082695157461280637 -0.00088455753833569916
leaf_weight=1354 126 5375 670 11525 35056 3832 6014 1239871 220754 2648 7094 505 9534 33987 4141 328166 30579 280254 1881852 141365 1471 52156 196099 584 10909 9052 28259 49431 1946 3176
leaf_count=1354 126 5375 670 11525 35056 3832 6014 1239871 220754 2648 7094 505 9534 33987 4141 328166 30579 280254 1881852 141365 1471 52156 196099 584 10909 9052 28259 49431 1946 3176
internal_value=1.55645e-10 0.00052622 -8.64557e-06 -0.00046371 -5.08452e-06 0.00181179 -0.000353171 -2.02702e-06 -8.10294e-06 -3.61223e-06 0.000131025 0.000368964 -0.000190402 -7.21968e-05 0.00134212 4.30047e-05 -5.94409e-06 -2.36677e-05 7.17411e-06 -5.81604e-05 -0.000641552 9.67616e-05 -9.88562e-06 -0.00135243 0.000593882 -0.000203736 -0.000145654 0.000295609 -0.00117772 -0.000539025
internal_weight=4.59778e+06 74319 4.52347e+06 35122 4.48834e+06 8099 31238 4.4155e+06 3.89056e+06 3.63582e+06 61898 66220 72849 254741 4267 524935 3.57392e+06 1.52012e+06 2.0538e+06 171944 10661 59250 196769 3884 16284 20577 63315 49936 3300 9190
internal_count=4597785 74319 4523466 35122 4488344 8099 31238 4415495 3890560 3635819 61898 66220 72849 254741 4267 524935 3573921 1520125 2053796 171944 10661 59250 196769 3884 16284 20577 63315 49936 3300 9190
is_linear=0
shrinkage=0.05


Tree=13
num_leaves=31
num_cat=0
split_feature=0 5 0 8 9 7 1 3 6 5 9 5 2 0 1 7 4 0 8 1 5 8 0 9 4 5 0 3 8 0
split_gain=7.55228 5.5989 2.65012 1.25533 0.952366 0.611168 0.60154 0.564415 0.557077 0.491749 0.483279 0.472438 0.445038 0.488024 0.380119 0.353085 0.365268 0.707871 0.325553 0.314394 0.446579 0.417296 0.304702 0.327537 0.294405 0.293268 0.277505 0.265858 0.259944 0.251745
threshold=0.09951645135879518 1.0000000180025095e-35 -0.092244744300842271 0.52176252007484447 4.0981450080871591 0.063078697770833983 0.091488301753997817 -0.010512232780456541 0.02758937701582909 1.0000000180025095e-35 1.8068565130233767 0.12499994039535524 -0.20621237158775327 -0.017051577568054196 -0.11980420351028441 0.044715907424688346 0.10893654823303224 -0.053995281457900994 2.0793143510818486 -0.0034129321575164791 1.0000000180025095e-35 1.4493930339813235 0.019089937210083011 1.5561367869377138 0.031434118747711189 0.0088105797767639178 -0.099913775920867906 -0.071529179811477647 0.56497642397880565 0.028966128826141361
decision_type=10 2 8 10 10 8 10 8 8 2 10 2 8 8 8 8 2 10 10 10 2 8 10 8 2 2 10 8 10 10
left_child=2 5 3 -1 6 28 8 24 19 -9 26 18 13 14 -10 22 -17 -18 -3 20 -4 -22 27 -24 -8 -12 -5 -14 -2 -6
right_child=1 11 4 10 29 -7 7 9 12 -11 25 -13 15 -15 -16 16 17 -19 -20 -21 21 -23 23 -25 -26 -27 -28 -29 -30 -31
leaf_value=-0.0011984546014817551 0.0017479468345527886 0.00054903513093485846 -0.0011099581000159528 -0.00039219601811641753 -0.00050368606261737975 0.0022907095307994453 -0.0001128688683487639 0.00090378950219410228 0.00050409362412887255 -4.0889943396804829e-05 -0.0022518779894408702 9.757266708808519e-05 0.00053950057419391284 4.0976048803015444e-05 0.0001499439758414989 -3.641107766592032e-05 0.0022050702717052238 -0.00041851570462892183 0.00028635335817384089 6.7393935735446198e-06 -1.8089362253835807e-05 -0.00012484708600345084 0.00012155191487190714 -1.1523678692661344e-05 -0.00032877277350572905 -0.00061714512693331839 -4.6551163437816675e-05 1.7683636660085515e-05 0.00095929379839372283 -0.00018344767575821338
leaf_weight=4727 2315 26831 948 11154 9976 3427 37452 1386 13183 202689 285 13390 2449 43532 17818 230687 519 508 21055 1478785 1418652 97847 172345 63192 27299 6843 12113 658515 1913 15950
leaf_count=4727 2315 26831 948 11154 9976 3427 37452 1386 13183 202689 285 13390 2449 43532 17818 230687 519 508 21055 1478785 1418652 97847 172345 63192 27299 6843 12113 658515 1913 15950
internal_value=8.99144e-11 0.00051942 -7.9058e-06 -0.000440536 -4.52437e-06 0.00179426 -2.7709e-06 -7.52796e-05 1.87125e-06 -3.44696e-05 -0.000322629 0.000360131 3.06158e-05 0.000148947 0.000300556 2.27984e-05 -3.22206e-05 0.000908183 0.000433545 -9.6674e-06 -2.56562e-05 -2.49776e-05 3.70189e-05 8.58493e-05 -0.000203898 -0.000682814 -0.00021226 1.96179e-05 0.00139142 -0.000306686
internal_weight=4.59778e+06 68931 4.52885e+06 35122 4.49373e+06 7655 4.46781e+06 268826 4.19898e+06 204075 30395 61276 1.20275e+06 74533 31001 1.12822e+06 231714 1027 47886 2.99623e+06 1.51745e+06 1.5165e+06 896501 235537 64751 7128 23267 660964 4228 25926
internal_count=4597785 68931 4528854 35122 4493732 7655 4467806 268826 4198980 204075 30395 61276 1202748 74533 31001 1128215 231714 1027 47886 2996232 1517447 1516499 896501 235537 64751 7128 23267 660964 4228 25926
is_linear=0
shrinkage=0.05


Tree=14
num_leaves=31
num_cat=0
split_feature=0 5 0 5 9 1 5 1 2 8 7 1 0 5 0 1 6 5 5 2 7 1 9 0 1 5 8 0 5 8
split_gain=6.82168 4.90211 2.38839 1.13962 0.88507 0.685879 0.658653 0.490393 0.423449 0.397018 0.368771 0.432859 0.364657 0.311566 0.301599 0.52835 0.57987 0.421131 0.305392 0.281781 0.394663 0.289402 0.307387 0.276083 0.449059 0.275888 0.256799 0.246927 0.244368 0.265146
threshold=0.09951645135879518 1.0000000180025095e-35 -0.092244744300842271 1.0000000180025095e-35 5.2858159542083749 0.31152415275573736 0.11423349380493165 -0.021207541227340695 -0.19938406348228452 0.80520212650299083 0.049476299434900291 -0.029900342226028439 0.09951645135879518 0.0077120661735534677 0.013896882534027101 0.033294916152954109 0.050221057608723647 0.011846303939819338 0.04973417520523072 1.0000000180025095e-35 0.024117024615406994 -0.0085869431495666487 1.3685174584388735 -0.029360204935073849 -0.147479772567749 0.15901005268096927 0.62334182858467113 -0.0047453641891479484 0.11423349380493165 2.6850341558456425
decision_type=8 2 10 2 10 8 2 8 8 8 8 10 10 2 10 8 10 2 2 10 10 10 8 10 8 2 10 10 2 8
left_child=2 5 3 -1 6 12 8 -5 13 -3 14 -12 -2 -4 19 16 -16 -17 -19 20 21 22 -10 24 -15 -9 -14 -22 29 -11
right_child=1 9 4 7 -6 -7 -8 25 10 28 11 -13 26 23 15 17 -18 18 -20 -21 27 -23 -24 -25 -26 -27 -28 -29 -30 -31
leaf_value=-0.0012261382864877067 -0.0010092052218530095 0.00081805866170409189 -0.00072118070031490164 -0.0002005398395310062 -0.00044026650397575732 0.0020159962224655516 -0.00017177659721153378 -0.00053996583976336583 -5.0905196407045509e-05 0.00047499259310921456 1.0184896816400304e-05 -0.00012064393054149754 0.0016168239856736038 0.00049567547329411896 4.5694441286445577e-05 0.00078916234110681558 0.00028236645136434031 2.660416995280307e-05 -6.1415981075834972e-05 9.4343526837296378e-06 3.1581196957060532e-05 -9.6199117244645177e-06 -0.00016924351581044461 4.8524194320817153e-05 0.00010180504647148881 -0.0014097776146765558 0.0006974752310635958 -2.8736516939680983e-05 0.00015957322676149501 0.00021918007753283649
leaf_weight=3884 196 3967 1197 23108 11626 4818 57377 7084 550749 24922 114035 141890 1722 9848 487766 1607 27330 179814 218035 1336053 430377 442698 60947 109604 27286 1046 1363 280105 20261 17070
leaf_count=3884 196 3967 1197 23108 11626 4818 57377 7084 550749 24922 114035 141890 1722 9848 487766 1607 27330 179814 218035 1336053 430377 442698 60947 109604 27286 1046 1363 280105 20261 17070
internal_value=1.15182e-10 0.000475143 -7.80642e-06 -0.000418515 -4.59246e-06 0.00163622 -3.46092e-06 -0.000318063 -1.27562e-06 0.000333115 -4.15595e-06 -6.23494e-05 0.0010781 8.18893e-05 -4.47001e-07 2.47853e-05 5.82523e-05 -1.83702e-05 -2.16339e-05 -7.88874e-06 -2.10027e-05 -4.04116e-05 -6.26962e-05 8.84452e-05 0.000206271 -0.000652035 0.001211 7.80115e-06 0.0003022 0.000371011
internal_weight=4.59778e+06 74319 4.52347e+06 35122 4.48834e+06 8099 4.47672e+06 31238 4.41934e+06 66220 4.27141e+06 255925 3281 147935 4.01548e+06 914552 515096 399456 397849 3.10093e+06 1.76488e+06 1.05439e+06 611696 146738 37134 8130 3085 710482 62253 41992
internal_count=4597785 74319 4523466 35122 4488344 8099 4476718 31238 4419341 66220 4271406 255925 3281 147935 4015481 914552 515096 399456 397849 3100929 1764876 1054394 611696 146738 37134 8130 3085 710482 62253 41992
is_linear=0
shrinkage=0.05


Tree=15
num_leaves=31
num_cat=0
split_feature=0 5 0 8 2 2 8 5 0 5 0 2 8 6 9 1 0 1 7 8 5 5 0 8 0 1 0 3 6 3
split_gain=6.15665 4.42429 2.20113 0.933568 0.620988 0.604846 0.442367 0.398273 0.407301 0.363512 1.06232 0.429032 0.358996 0.338197 0.316447 0.293892 0.264228 0.366173 0.250969 0.289133 0.243514 0.238325 0.237751 0.23368 0.378633 0.393655 0.360009 0.346161 0.250642 0.478936
threshold=0.09951645135879518 1.0000000180025095e-35 -0.099913775920867906 3.0636918544769292 inf 0.28774785995483404 0.59591647982597362 0.064732134342193617 0.047326207160949714 1.0000000180025095e-35 -0.04619097709655761 -0.19938406348228452 0.85643026232719432 0.038454582914710052 1.249049246311188 -0.035785734653472893 -0.029360204935073849 -0.17448747158050534 0.042952382937073715 2.6850341558456425 0.052525222301483161 0.15901005268096927 0.043759703636169441 1.8301854133605959 0.020715057849884037 0.056106746196746833 -0.051459103822708123 0.013215959072113039 0.059516645967960365 -0.021333009004592892
decision_type=8 2 10 10 8 8 10 2 8 2 10 8 8 10 10 8 10 8 8 10 2 2 10 8 10 10 8 10 10 10
left_child=2 4 6 5 15 9 -1 8 -7 10 -4 16 -3 -5 -8 -2 17 20 19 -14 -11 -15 -12 24 26 27 28 -26 29 -13
right_child=1 12 3 13 -6 7 14 -9 -10 11 22 23 18 21 -16 -17 -18 -19 -20 -21 -22 -23 -24 -25 25 -27 -28 -29 -30 -31
leaf_value=-0.001092410398176888 -0.0011688058977597394 0.0007308308762163418 -0.0010355528624732015 -0.00010770886857460858 0.0020929414493761878 -4.8403042710098523e-05 -0.00022602212919449881 -0.0001776050759097184 0.0004699892670082917 -0.00023730549198857796 -0.00013993221007584588 0.00037335205982757348 0.00052416351110891476 -0.00031363151289788728 -0.00069952030652450101 0.0012614829779127833 4.4645702929134093e-05 0.0001233724968966223 0.00018511559410599142 0.00021075488717937817 0.0006259466343124763 -0.0009760978056781198 0.00082527564901976782 -4.6866076268159602e-05 5.2312183349803103e-05 -3.1685520340236135e-05 -6.8019158942284443e-06 0.00020432702575215054 -7.6258427234842367e-05 6.6359315286773827e-05
leaf_weight=3267 127 4844 3026 34742 3224 113489 7562 76682 3919 937 1258 16309 16865 21167 6617 4748 110709 33046 31452 13059 6350 1450 1293 262692 309548 127995 3263831 42603 17498 57476
leaf_count=3267 127 4844 3026 34742 3224 113489 7562 76682 3919 937 1258 16309 16865 21167 6617 4748 110709 33046 31452 13059 6350 1450 1293 262692 309548 127995 3263831 42603 17498 57476
internal_value=1.31612e-10 0.000451389 -7.41613e-06 -5.24582e-06 0.00155443 -2.66156e-06 -0.000567939 -8.89799e-05 -3.10956e-05 1.27623e-06 -0.000402095 1.80576e-06 0.00031646 -0.000205673 -0.000447026 0.00119794 8.45627e-05 0.000194126 0.000283745 0.000387402 0.000514928 -0.000356144 0.000349425 -1.24451e-06 1.88031e-06 4.3409e-05 -4.06283e-06 7.07034e-05 9.38725e-05 0.000134219
internal_weight=4.59778e+06 74319 4.52347e+06 4.50602e+06 8099 4.44866e+06 17446 194090 117408 4.25457e+06 5577 4.24899e+06 66220 57359 14179 4875 151042 40333 61376 29924 7287 22617 2551 4.09795e+06 3.83526e+06 480146 3.35511e+06 352151 91283 73785
internal_count=4597785 74319 4523466 4506020 8099 4448661 17446 194090 117408 4254571 5577 4248994 66220 57359 14179 4875 151042 40333 61376 29924 7287 22617 2551 4097952 3835260 480146 3355114 352151 91283 73785
is_linear=0
shrinkage=0.05


Tree=16
num_leaves=31
num_cat=0
split_feature=0 5 0 5 5 1 1 9 2 0 3 5 5 0 9 0 7 8 6 2 6 5 2 3 0 1 8 6 8 9
split_gain=5.55645 3.99301 1.9965 0.980224 0.774729 0.575583 0.542393 0.397934 0.357448 0.347741 0.403933 0.472126 0.336889 0.436899 0.333353 0.311942 0.280798 0.275343 0.266357 0.262707 0.343537 0.260247 0.245328 0.431714 0.321095 0.255605 0.238108 0.235455 0.235278 0.234635
threshold=0.09951645135879518 1.0000000180025095e-35 -0.092244744300842271 0.052941143512725837 0.088957130908966078 0.31152415275573736 0.14850336313247683 1.249049246311188 -0.1833333075046539 -0.053995281457900994 -0.042735069990158074 0.019292652606964115 1.0000000180025095e-35 0.052722215652465827 1.5742127895355227 -1.0000000180025095e-35 0.022680261172354225 1.3374590873718264 0.059516645967960365 -0.12606123089790341 0.048893684521317489 0.082216322422027602 -0.01572012901306152 -0.010736137628555296 0.017182171344757084 0.049382746219635017 3.0636918544769292 0.081208650022745146 1.6062830686569216 0.62654903531074535
decision_type=8 2 8 2 2 8 8 8 10 10 8 2 2 10 8 10 10 8 10 8 10 2 10 8 8 8 8 8 8 10
left_child=2 5 3 8 9 15 -6 -5 -1 17 11 -11 13 -12 21 -2 -10 -4 -18 20 -14 -3 24 25 -21 -24 -8 -9 -26 -17
right_child=1 14 4 7 6 -7 26 27 16 10 12 -13 19 -15 -16 29 18 -19 -20 22 -22 -23 23 -25 28 -27 -28 -29 -30 -31
leaf_value=-0.0014783158053616025 -0.00096500722634095492 0.00079567258752359876 0.00017801818337392808 -6.3875101382059642e-05 -6.1192779310142466e-05 0.0018246192263700715 -0.00021150130826683074 -0.00032821432917901945 -0.0023415142699140033 -0.00094002000648835268 0.00025240295831190123 -0.00014486286365167255 2.2248857599836619e-05 0.0018156521866809561 0.00022705430528416573 0.0015197389953759894 -0.00034548446411060261 -3.2754056736957057e-05 -0.0010967029659269517 -2.9800984809406847e-05 0.00018797837592824773 0.00037081964917448022 -2.5249340974631331e-05 1.2981640868716885e-05 6.4759017075993148e-05 -0.00014200292641157241 -0.0005350148627812605 -0.00082715571655032287 -5.9633939289858901e-05 0.0006469866013803225
leaf_weight=1937 196 4727 48130 14382 166544 4818 29590 10304 244 2167 2799 13440 450723 531 46303 1559 3370 22851 1816 1329189 33599 15190 154771 1945215 165130 67245 7041 3069 49379 1526
leaf_count=1937 196 4727 48130 14382 166544 4818 29590 10304 244 2167 2799 13440 450723 531 46303 1559 3370 22851 1816 1329189 33599 15190 154771 1945215 165130 67245 7041 3069 49379 1526
internal_value=1.38758e-10 0.000428822 -7.04535e-06 -0.00038255 -4.10688e-06 0.00147673 -9.95071e-05 -0.000246445 -0.00089522 4.16403e-07 -1.43215e-06 -0.000255322 -4.88326e-07 0.000502148 0.000300639 0.000965459 -0.000686984 0.000110165 -0.000608702 -8.87415e-07 3.37464e-05 0.000471687 -5.40757e-06 5.44246e-06 -2.06401e-05 -6.06126e-05 -0.000273698 -0.000442771 3.61242e-05 0.00108838
internal_weight=4.59778e+06 74319 4.52347e+06 35122 4.48834e+06 8099 203175 27755 7367 4.28517e+06 4.21419e+06 15607 4.19858e+06 3330 66220 3281 5430 70981 5186 4.19525e+06 484322 19917 3.71093e+06 2.16723e+06 1.5437e+06 222016 36631 13373 214509 3085
internal_count=4597785 74319 4523466 35122 4488344 8099 203175 27755 7367 4285169 4214188 15607 4198581 3330 66220 3281 5430 70981 5186 4195251 484322 19917 3710929 2167231 1543698 222016 36631 13373 214509 3085
is_linear=0
shrinkage=0.05


Tree=17
num_leaves=31
num_cat=0
split_feature=0 5 0 8 2 7 5 8 9 8 3 5 4 4 8 1 7 0 5 2 6 3 1 3 9 0 9 1 6 1
split_gain=5.01699 3.74755 1.83904 0.812427 0.471941 0.459018 0.381589 0.370671 0.340388 0.338653 0.312927 0.868502 0.854623 0.375606 0.679082 0.578762 0.365353 0.356954 0.331021 0.325917 0.313166 0.306007 0.304916 0.303586 0.279796 0.240711 0.227436 0.234939 0.229631 0.825902
threshold=0.09951645135879518 0.0088105797767639178 -0.099913775920867906 2.8451790809631352 0.30438482761383062 0.066488545387983336 0.13562166690826419 0.63449135422706615 5.2858159542083749 0.94655150175094616 0.010126531124114992 1.0000000180025095e-35 0.088645815849304213 -0.015417754650115965 1.3680835366249087 -0.10277900099754332 0.045191640034317977 0.0098536610603332537 0.0077120661735534677 -0.20621237158775327 0.031911388039588935 -0.071529179811477647 -0.13894048333168027 -0.018248766660690304 1.249049246311188 -0.04619097709655761 0.58731031417846691 -0.11031216382980345 0.045898497104644782 -0.0025745630264282222
decision_type=10 2 8 10 10 8 2 10 10 10 8 2 2 2 8 8 8 10 2 8 10 8 10 10 10 10 8 10 10 10
left_child=2 5 7 4 10 -2 -3 -1 -5 -6 11 25 17 14 15 19 21 -12 -19 20 -13 22 -15 -17 -9 -4 27 -23 -28 -30
right_child=1 6 3 8 9 -7 -8 24 -10 -11 12 13 -14 16 -16 23 -18 18 -20 -21 -22 26 -24 -25 -26 -27 28 -29 29 -31
leaf_value=-0.00097905453644700317 0.0011149458826683781 0.00034432599246888109 -0.00094809740378617503 -0.00012217611874829862 -1.6801929326224198e-05 0.0018809321552556149 3.8888582268490675e-06 -0.00019057025718579527 -0.00041446667092135336 -0.00020138076897697192 -6.3735311390398627e-06 0.00011751276520471518 0.0019544086537749755 0.000884457941126976 -8.1770723921768883e-05 0.00018978412546830816 -7.2969748358711614e-05 0.00082647867692961475 8.5949619269254135e-05 0.00012517969800659285 0.0005789602552291167 -0.00023337522658111484 6.2541801466142581e-05 2.3127038657587745e-05 -0.00063904715681904615 -0.00013934011475659895 -4.0210694062726503e-06 -3.3940751575624568e-05 0.00025771964351525254 -3.8460263921028221e-05
leaf_weight=3497 4638 51090 3076 61340 49505 3391 9812 7332 11891 49897 187851 6328 584 1908 122000 28606 217908 1521 177955 58569 8777 15360 2760 610216 6617 1313 2411892 381948 37785 62418
leaf_count=3497 4638 51090 3076 61340 49505 3391 9812 7332 11891 49897 187851 6328 584 1908 122000 28606 217908 1521 177955 58569 8777 15360 2760 610216 6617 1313 2411892 381948 37785 62418
internal_value=1.12902e-10 0.000423352 -6.44356e-06 -4.46214e-06 -1.73659e-06 0.00143865 0.000289479 -0.000518794 -0.000169642 -0.000109456 7.31307e-07 -3.356e-06 4.48455e-05 -2.57806e-06 2.72298e-05 4.58939e-05 -1.05202e-05 4.18042e-05 9.22299e-05 0.00017859 0.000385665 -5.85032e-06 0.00039861 3.05901e-05 -0.000403345 -0.000706239 -6.49939e-06 -4.16515e-05 -9.39791e-07 7.32261e-05
internal_weight=4.59778e+06 68931 4.52885e+06 4.51141e+06 4.43818e+06 8029 60902 17446 73231 99402 4.33878e+06 3.97086e+06 367911 3.96648e+06 834496 712496 3.13198e+06 367327 179476 73674 15105 2.91407e+06 4668 638822 13949 4389 2.9094e+06 397308 2.5121e+06 100203
internal_count=4597785 68931 4528854 4511408 4438177 8029 60902 17446 73231 99402 4338775 3970864 367911 3966475 834496 712496 3131979 367327 179476 73674 15105 2914071 4668 638822 13949 4389 2909403 397308 2512095 100203
is_linear=0
shrinkage=0.05


Tree=18
num_leaves=31
num_cat=0
split_feature=0 5 0 5 9 1 3 6 6 1 6 4 7 5 2 5 7 9 0 7 1 8 3 2 0 2 1 8 3 6
split_gain=4.52789 3.38228 1.66986 0.831692 0.657968 0.476539 0.438432 0.417921 0.404206 0.390584 0.369053 0.540067 0.400778 0.344385 0.342221 0.339687 0.336338 0.318649 0.297958 0.264747 0.261266 0.356667 0.419511 0.250373 0.240575 0.230204 0.228826 0.228557 0.252199 0.225216
threshold=0.09951645135879518 0.0088105797767639178 -0.092244744300842271 0.050867795944213874 5.2858159542083749 0.097222149372100844 -0.011200040578842161 0.0096531822346150892 0.02758937701582909 -0.011494308710098265 0.046455599367618568 0.10893654823303224 0.047404613345861442 0.13562166690826419 -0.1833333075046539 1.0000000180025095e-35 0.049476299434900291 1.249049246311188 -0.051459103822708123 0.022680261172354225 -0.0025745630264282222 1.4493930339813235 -0.042735069990158074 0.070128738880157485 -0.049814611673355096 0.0027493834495544438 -0.20259189605712888 1.3786411285400393 -0.024831801652908322 0.059516645967960365
decision_type=10 2 8 2 10 10 8 10 8 10 10 2 8 2 10 2 8 8 8 10 8 8 8 8 10 10 8 8 10 10
left_child=2 7 3 14 5 8 23 -2 20 10 11 18 -12 -3 -1 -8 -11 -5 26 -16 21 22 -4 -7 -13 -24 -10 28 -28 -21
right_child=1 13 4 17 -6 6 15 -9 9 16 12 24 -14 -15 19 -17 -18 -19 -20 29 -22 -23 25 -25 -26 -27 27 -29 -30 -31
leaf_value=-0.001413765597069022 0.0017657733222049628 0.00032711004831022689 -0.00060530113274144439 -6.5089691009017692e-05 -0.00037908090084844137 -1.4977841149785776e-05 0.000756591803561403 0.0010400970970193377 0.00062362537350609654 9.4429190813817509e-06 0.00018885267288173697 0.0019419050901529511 1.4393118819213714e-05 3.6944724035149502e-06 -0.0022581601657984261 -3.9423959675794729e-05 -0.00011586396617814445 -0.00040236310748800638 1.5952330754789943e-05 -0.00030808515231478973 6.694634890099819e-06 -0.00011382417570631664 -2.8137663433329003e-05 -0.00025532953982259791 -0.00050320902818348258 1.5629753400506802e-05 0.00052850363024246969 -1.9744189313359337e-05 0.00013981364695074921 -0.0010220245133947801
leaf_weight=1872 3612 51090 3017 14555 11626 14641 1349 4417 2322 548474 89349 524 52124 9812 236 184966 59344 13497 417684 3302 1468985 100518 1015329 41682 124 426693 4834 19642 30505 1660
leaf_count=1872 3612 51090 3017 14555 11626 14641 1349 4417 2322 548474 89349 524 52124 9812 236 184966 59344 13497 417684 3302 1468985 100518 1015329 41682 124 426693 4834 19642 30505 1660
internal_value=1.52976e-10 0.000402187 -6.12137e-06 -0.00034954 -3.43721e-06 -2.46276e-06 -7.06108e-05 0.00136674 1.43758e-06 2.56574e-05 5.3678e-05 3.259e-05 0.000124576 0.000275005 -0.000834161 -3.36564e-05 -2.79153e-06 -0.000227375 3.06205e-05 -0.000625192 -8.40388e-06 -2.27544e-05 -1.64194e-05 -0.000192852 0.00147396 -1.51869e-05 0.000137535 0.000116995 0.000192996 -0.000547086
internal_weight=4.59778e+06 68931 4.52885e+06 35122 4.49373e+06 4.48211e+06 242638 8029 4.23947e+06 1.22493e+06 617108 475635 141473 60902 7070 186315 607818 28052 474987 5198 3.01454e+06 1.54556e+06 1.44504e+06 56323 648 1.44202e+06 57303 54981 35339 4962
internal_count=4597785 68931 4528854 35122 4493732 4482106 242638 8029 4239468 1224926 617108 475635 141473 60902 7070 186315 607818 28052 474987 5198 3014542 1545557 1445039 56323 648 1442022 57303 54981 35339 4962
is_linear=0
shrinkage=0.05


Tree=19
num_leaves=31
num_cat=0
split_feature=0 5 0 8 5 6 2 5 8 3 5 4 4 1 8 0 3 7 5 9 2 6 6 1 1 3 4 8 0 2
split_gain=4.08647 3.05261 1.53766 0.718486 0.402877 0.381816 0.363455 0.317851 0.314825 0.308817 0.722561 0.696621 0.392988 0.464606 0.382297 0.382288 0.369103 0.299438 0.278656 0.269186 0.264237 0.243967 0.238334 0.631706 0.240655 0.33002 0.376069 0.229604 0.224443 0.21747
threshold=0.09951645135879518 0.0088105797767639178 -0.099913775920867906 2.1326175928115849 0.1104947328567505 0.074812211096286788 0.32530534267425543 0.11423349380493165 0.4263193160295487 0.010126531124114992 1.0000000180025095e-35 0.088645815849304213 -0.022497236728668209 -0.13894048333168027 1.2000543475151064 0.01418578624725342 -0.018927484750747677 0.045191640034317977 0.0077120661735534677 0.77129724621772777 -0.22266399860382077 0.053217262029647834 0.045898497104644782 -0.0016286075115203855 -0.086254566907882677 -0.071529179811477647 -0.0054794251918792716 1.3005986809730532 -0.070485889911651597 -0.034922510385513299
decision_type=10 2 8 10 2 8 10 2 10 8 2 2 2 8 8 10 10 8 2 10 8 10 8 10 8 10 2 10 10 10
left_child=2 5 8 6 29 -2 9 27 -1 10 -4 15 13 20 16 -11 21 22 -17 -8 -12 28 24 -24 25 -14 -27 -3 -15 -5
right_child=1 7 3 4 -6 -7 19 -9 -10 11 12 -13 17 14 -16 18 -18 -19 -20 -21 -22 -23 23 -25 -26 26 -28 -29 -30 -31
leaf_value=-0.00097792450949489118 0.0010896850399705761 0.00053340244771764333 -0.00064542879436887447 -0.00017103783080265299 -0.00030364939960166146 0.0018691281084385785 3.6591146063552687e-05 9.7464410412313198e-05 -0.00038468871580611257 1.0758880322707436e-06 0.00046454668811906274 0.0017711581813637169 0.00064436403677222396 0.00081026809868091668 -4.570834672473996e-05 0.00078494269307525599 4.2241007781796601e-05 -6.1195303425194e-05 0.00010047593886119951 -0.00016367945995480373 0.0001370067080921944 5.5615589909144877e-05 0.00018916478350652395 -2.9696489938632567e-05 -3.6873521470988346e-06 1.9296442320521264e-05 -0.0001870748341461988 0.00026811881348923309 0.00029042080232048544 -3.9751709906076936e-05
leaf_weight=2634 5881 11242 4356 42484 21505 2148 23756 19929 14812 207217 8537 584 1520 2752 130359 1502 336367 240198 139662 57124 22090 7922 56549 79068 2906857 38728 51338 29731 8457 122476
leaf_count=2634 5881 11242 4356 42484 21505 2148 23756 19929 14812 207217 8537 584 1520 2752 130359 1502 336367 240198 139662 57124 22090 7922 56549 79068 2906857 38728 51338 29731 8457 122476
internal_value=1.4437e-10 0.000382079 -5.81534e-06 -4.00354e-06 -0.000100101 0.00129842 1.39628e-07 0.000261255 -0.000474306 2.14058e-06 -1.89644e-06 4.72012e-05 -1.17579e-06 3.94408e-05 2.75341e-05 4.43062e-05 5.43918e-05 -7.39282e-06 0.000107764 -0.000104856 0.000228318 0.000268016 -3.26932e-06 6.15641e-05 -6.20169e-06 -8.60037e-05 -9.83368e-05 0.000340917 0.000418113 -7.35641e-05
internal_weight=4.59778e+06 68931 4.52885e+06 4.51141e+06 186465 8029 4.32494e+06 60902 17446 4.24406e+06 3.8951e+06 348965 3.89074e+06 516484 485857 348381 355498 3.37426e+06 141164 80880 30627 19131 3.13406e+06 135617 2.99844e+06 91586 90066 40973 11209 164960
internal_count=4597785 68931 4528854 4511408 186465 8029 4324943 60902 17446 4244063 3895098 348965 3890742 516484 485857 348381 355498 3374258 141164 80880 30627 19131 3134060 135617 2998443 91586 90066 40973 11209 164960
is_linear=0
shrinkage=0.05


Tree=20
num_leaves=31
num_cat=0
split_feature=0 5 0 8 5 9 7 1 0 8 5 5 0 5 2 5 0 2 1 0 4 9 8 4 3 1 1 6 3 9
split_gain=3.68809 2.75661 1.40078 0.711014 0.586641 0.374725 0.344236 0.33474 0.316538 0.590572 0.353486 0.298109 0.292476 0.270638 0.248134 0.322832 0.306189 0.356892 0.247798 0.246961 0.283725 0.401897 0.253125 0.24556 0.250865 0.241411 0.238684 0.236164 0.21807 0.215158
threshold=0.09951645135879518 1.0000000180025095e-35 -0.092244744300842271 0.59591647982597362 0.090920805931091322 3.562729120254517 0.063078697770833983 0.14000004529953006 0.047326207160949714 0.77670866250991832 1.0000000180025095e-35 0.13562166690826419 -0.060580164194107049 0.052083432674407966 -0.12400928139686583 0.058309018611907966 0.010352432727813722 0.0027493834495544438 -0.056379765272140496 0.083180189132690444 0.10893654823303224 0.97717958688735973 3.0636918544769292 -0.016293913125991818 -0.014732539653778074 0.0034331083297729497 0.056106746196746833 0.033489486202597625 -0.013953536748886107 1.5742127895355227
decision_type=10 2 8 10 2 10 8 8 8 8 2 2 8 2 8 2 10 10 10 8 2 10 8 2 10 8 10 10 10 10
left_child=2 6 3 -1 8 18 -2 -6 10 -10 -4 29 -12 -11 -14 16 17 25 -5 22 27 -22 28 -19 -25 -16 -17 -21 -9 -3
right_child=1 11 4 5 7 -7 -8 19 9 13 12 -13 14 -15 15 26 -18 23 -20 20 21 -23 -24 24 -26 -27 -28 -29 -30 -31
leaf_value=-0.00085353216427909255 0.0009552285557497763 0.00043973058997921082 -0.00052221030750092918 -8.7253298186658118e-05 -5.5108427555089723e-05 -0.0010543853424037212 0.0016300464896178901 -0.00039298761903440069 0.00053186626324455818 0.00023876333744563447 0.00012685601722960656 -1.3629948170589883e-06 3.0416327152957778e-05 1.9570254885535435e-05 -4.14873467581865e-05 -2.5283478135934483e-05 2.5177124042510695e-05 5.4899184667834529e-05 -0.00040444592952534132 -0.00086357215350334757 0.0017417447597540998 -7.4461175248545158e-05 -0.00054960827364194497 -9.8412856411746389e-05 5.4225043830862708e-06 4.1264632816364592e-06 -0.00011389742645867799 8.8675725655974194e-05 -9.9416675903635427e-05 0.0002248900864908904
leaf_weight=5302 4228 17838 3256 19525 147866 1302 3427 9742 6890 16721 44176 9812 503609 89212 960040 253717 783972 242026 8993 813 566 658 6471 62633 815932 415660 108481 3253 18038 33626
leaf_count=5302 4228 17838 3256 19525 147866 1302 3427 9742 6890 16721 44176 9812 503609 89212 960040 253717 783972 242026 8993 813 566 658 6471 62633 815932 415660 108481 3253 18038 33626
internal_value=2.05037e-10 0.000362978 -5.52455e-06 -0.000320059 -3.06614e-06 -0.000225182 0.00125751 -8.9665e-05 7.02571e-07 8.33476e-05 -1.52095e-06 0.000251209 -1.11623e-06 5.41707e-05 -2.47979e-06 -7.02804e-06 -2.08174e-06 -1.06425e-05 -0.000187289 -0.000218887 9.90555e-05 0.000766122 -0.000267994 1.03048e-05 -1.98003e-06 -2.77054e-05 -5.18243e-05 -0.000101893 -0.000202378 0.000299363
internal_weight=4.59778e+06 68931 4.52885e+06 35122 4.49373e+06 29820 7655 187407 4.30632e+06 112823 4.1935e+06 61276 4.19025e+06 105933 4.14607e+06 3.64246e+06 3.28026e+06 2.49629e+06 28518 39541 5290 1224 34251 1.12059e+06 878565 1.3757e+06 362198 4066 27780 51464
internal_count=4597785 68931 4528854 35122 4493732 29820 7655 187407 4306325 112823 4193502 61276 4190246 105933 4146070 3642461 3280263 2496291 28518 39541 5290 1224 34251 1120591 878565 1375700 362198 4066 27780 51464
is_linear=0
shrinkage=0.05


Tree=21
num_leaves=31
num_cat=0
split_feature=0 5 0 8 7 4 6 6 1 5 4 9 3 1 0 5 8 6 0 3 3 1 5 5 0 3 1 8 3 5
split_gain=3.32855 2.49249 1.28346 0.626277 0.380529 0.415101 0.326182 0.29205 0.494035 0.357311 0.325789 0.283928 0.476405 0.355015 0.347771 0.330594 0.28277 0.283545 0.352793 0.325381 0.318873 0.307521 0.269599 0.263675 0.248068 0.237101 0.236663 0.303284 0.352775 0.235758
threshold=0.09951645135879518 0.0088105797767639178 -0.099913775920867906 3.3820896148681645 0.05026040971279145 0.023992538452148441 0.0096531822346150892 0.026347051374614242 0.051483869552612312 1.0000000180025095e-35 0.10893654823303224 0.64492911100387584 -0.042735069990158074 -0.17448747158050534 0.025254964828491214 0.13562166690826419 1.4898381829261782 0.046455599367618568 -0.051459103822708123 -0.021333009004592892 -0.050491750240325921 -0.01909425854682922 0.11423349380493165 0.058309018611907966 -0.053995281457900994 -0.016074120998382565 -0.0057628154754638663 1.2751875519752505 -0.042735069990158074 0.050473630428314216
decision_type=10 2 8 10 10 2 10 8 10 2 2 10 8 10 10 2 10 10 10 10 10 10 2 2 10 8 10 8 10 2
left_child=2 6 23 4 7 -6 -2 26 10 -10 11 12 -9 -13 15 -14 17 18 19 -15 -20 29 -3 -1 -12 -11 27 28 -4 -19
right_child=1 22 3 -5 5 -7 -8 8 9 25 24 13 14 16 -16 -17 -18 21 20 -21 -22 -23 -24 -25 -26 -27 -28 -29 -30 -31
leaf_value=-0.00075442972695841386 0.0015253600792347569 0.00030902064763513776 -0.00062804133957524528 -0.00019665655911391147 -2.9193607814297242e-05 -0.00020280511845011275 0.00088429201167713935 -0.00054318095503306249 0.00092285551203076651 -0.00013876993422695107 0.0016830939124570718 0.00031889508224472489 -8.9872951243457216e-06 0.00050305194819413434 0.00022788202820090201 -0.0012040135860677077 -2.8564602977753675e-05 0.00035395939715082009 -0.0007665951844692306 0.00012400040751914631 3.6876442892642724e-05 4.1453303914139973e-05 8.4806829121518906e-05 -0.00031558238042201687 0.00016801344510497019 -1.7913878796233276e-05 5.6878155037608287e-06 -8.8796067431032446e-05 -1.3266589728713196e-05 0.00013943232984388866
leaf_weight=4677 3612 40973 2337 41617 140113 45646 4417 4063 976 47134 525 12339 265310 6915 16076 579 102453 20000 1237 31220 486815 45632 19929 12769 556 291923 1547292 154678 1210360 35612
leaf_count=4677 3612 40973 2337 41617 140113 45646 4417 4063 976 47134 525 12339 265310 6915 16076 579 102453 20000 1237 31220 486815 45632 19929 12769 556 291923 1547292 154678 1210360 35612
internal_value=2.05377e-10 0.000344832 -5.24835e-06 -3.59307e-06 -1.79546e-06 -7.18555e-05 0.00117284 1.24241e-06 2.02885e-05 -3.19638e-05 3.75498e-05 3.66373e-05 -5.68678e-06 5.29475e-05 2.06019e-06 -1.15941e-05 4.84511e-05 6.1027e-05 4.62829e-05 0.000192745 3.48384e-05 0.000137654 0.000235654 -0.000433267 0.000904705 -3.4715e-05 -7.70582e-06 -2.28618e-05 -1.44518e-05 0.000216589
internal_weight=4.59778e+06 68931 4.52885e+06 4.51141e+06 4.46979e+06 185759 8029 4.28403e+06 1.36936e+06 340033 1.02933e+06 1.02825e+06 286028 742223 281965 265889 729884 627431 526187 38135 488052 101244 60902 17446 1081 339057 2.91467e+06 1.36738e+06 1.2127e+06 55612
internal_count=4597785 68931 4528854 4511408 4469791 185759 8029 4284032 1369365 340033 1029332 1028251 286028 742223 281965 265889 729884 627431 526187 38135 488052 101244 60902 17446 1081 339057 2914667 1367375 1212697 55612
is_linear=0
shrinkage=0.05


Tree=22
num_leaves=31
num_cat=0
split_feature=0 5 0 5 9 5 0 8 6 5 3 2 0 5 1 1 4 3 5 8 7 6 9 2 8 5 0 1 3 8
split_gain=3.00405 2.24955 1.17443 0.620556 0.526706 0.371813 0.318027 0.554182 0.308116 0.303591 0.296257 0.286288 0.257932 0.24622 0.241735 0.239036 0.232544 0.499876 0.228701 0.222087 0.218122 0.237447 0.210037 0.19107 0.18899 0.188399 0.190425 0.256077 0.202245 0.188372
threshold=0.09951645135879518 0.0088105797767639178 -0.092244744300842271 0.052941143512725837 5.2858159542083749 0.090920805931091322 0.045517027378082282 0.77670866250991832 0.074812211096286788 1.0000000180025095e-35 0.019258260726928714 -0.17067304253578183 -0.051459103822708123 0.13562166690826419 0.17074912786483767 -0.20259189605712888 0.10893654823303224 -0.0097087323665618879 0.050104439258575446 0.55514243245124828 0.022680261172354225 0.059516645967960365 1.4517457485198977 0.26012134552001959 0.41128177940845495 0.069497287273406996 0.013896882534027101 0.038360774517059333 0.015296399593353273 2.0793143510818486
decision_type=10 2 8 2 10 2 8 8 8 2 10 10 8 2 8 8 2 8 2 8 10 10 8 8 10 2 10 8 8 10
left_child=2 8 3 11 5 6 9 -8 23 -4 15 -1 22 29 -7 -5 -16 -18 -9 -17 -13 -22 -11 24 -2 26 -14 28 -28 -3
right_child=1 13 4 10 -6 14 7 18 -10 12 -12 20 25 -15 16 19 17 -19 -20 -21 21 -23 -24 -25 -26 -27 27 -29 -30 -31
leaf_value=-0.0011865305700356299 0.001337294316190478 0.00035175194460488859 -0.00048830777246772553 0.00030594043829644475 -0.00033882643289856164 -4.8222907353548341e-05 0.00048986012869179697 0.00022790484196903845 0.001626862688057378 0.000123475373904265 -0.0010625266858232227 -0.0019636812530277842 -5.8862574909562854e-06 -5.5347221106684933e-06 -0.0002492193623866925 -0.001438852427942526 -0.0002747972867113462 0.001620357710330081 2.4788512723014511e-05 -0.00018417549339374518 -0.00016984167688536916 -0.00088920879721272623 -6.261128359688934e-05 0.0011544261262962411 0.0003008399783731239 -5.4828171228410334e-05 3.3294440023870629e-05 -2.0442508144761141e-05 0.00015452099014931205 0.00015795255442200597
leaf_weight=2149 593 28991 3196 2552 11626 155201 7727 16064 2148 69988 928 242 3163631 9812 24744 357 998 533 100908 23918 3183 1793 19357 3590 1698 166394 475456 240821 37088 22099
leaf_count=2149 593 28991 3196 2552 11626 155201 7727 16064 2148 69988 928 242 3163631 9812 24744 357 998 533 100908 23918 3183 1793 19357 3590 1698 166394 475456 240821 37088 22099
internal_value=2.20001e-10 0.000327592 -4.98593e-06 -0.000292989 -2.7349e-06 -1.86305e-06 1.09521e-06 7.9778e-05 0.00111422 -1.25438e-06 -0.000184696 -0.0007009 -8.8122e-07 0.000223871 -7.19677e-05 -0.000154292 -0.000212216 0.000385606 5.26846e-05 -0.000202686 -0.000500707 -0.000429178 8.31586e-05 0.00092673 0.000569581 -2.72004e-06 -5.06473e-07 2.2085e-05 4.20668e-05 0.000267929
internal_weight=4.59778e+06 68931 4.52885e+06 35122 4.49373e+06 4.48211e+06 4.30063e+06 124699 8029 4.17593e+06 27755 7367 4.17274e+06 60902 181476 26827 26275 1531 116972 24275 5218 4976 89345 5881 2291 4.08339e+06 3.917e+06 753365 512544 51090
internal_count=4597785 68931 4528854 35122 4493732 4482106 4300630 124699 8029 4175931 27755 7367 4172735 60902 181476 26827 26275 1531 116972 24275 5218 4976 89345 5881 2291 4083390 3916996 753365 512544 51090
is_linear=0
shrinkage=0.05


Tree=23
num_leaves=31
num_cat=0
split_feature=0 5 0 8 5 7 1 6 1 6 6 4 8 2 4 8 5 8 2 0 5 0 3 5 1 3 2 9 2 1
split_gain=2.71122 2.03035 1.07111 0.561213 0.319106 0.297663 0.38999 0.349024 0.481188 0.312514 0.278086 0.274316 0.234343 0.295186 0.297476 0.247582 0.230842 0.222947 0.221168 0.217501 0.210215 0.235423 0.260289 0.208496 0.208321 0.326109 0.27705 0.225888 0.2044 0.196878
threshold=0.09951645135879518 0.0088105797767639178 -0.099913775920867906 2.1326175928115849 0.11890023946762086 0.05026040971279145 -0.027450710535049435 0.030935070477426056 0.0077041983604431161 0.048250723630189903 0.074812211096286788 0.10893654823303224 0.80520212650299083 0.3834798932075501 0.026751637458801273 2.0793143510818486 1.0000000180025095e-35 0.4263193160295487 0.11494553089141847 -0.049814611673355096 0.0077120661735534677 -0.060580164194107049 -0.023554086685180661 0.15901005268096927 -0.0052909553050994864 -0.042735069990158074 -0.0016762316226959226 1.3685174584388735 -0.042141437530517571 -0.06581783294677733
decision_type=10 2 8 10 2 8 10 8 10 10 8 2 8 8 2 10 2 10 10 10 2 8 10 2 10 10 8 8 10 10
left_child=2 10 17 5 28 7 11 24 9 20 -2 23 -3 15 -15 -14 -10 -1 -8 -13 -9 22 -22 -7 25 -4 27 -27 -5 -19
right_child=1 12 3 4 -6 6 18 8 16 -11 -12 19 13 14 -16 -17 -18 29 -20 -21 21 -23 -24 -25 -26 26 -28 -29 -30 -31
leaf_value=-0.00081955426343744439 0.0008804169710288737 0.00058822252026933435 -0.00044460569184472066 -0.00016688414930226338 -0.00031315957467600321 1.2561994450763885e-05 -5.6645128647360564e-05 -0.0005766837991783726 0.00082219046633230815 0.00014518222063814127 0.0015455574832934523 0.0015147622977605179 0.00036880412846146209 0.00061111584056388907 -0.00012955008743571628 0.00013401961073443661 -9.507900410630481e-06 -0.00018667917278326277 -0.00018263199228155518 -0.00044992525807438288 0.00045086360487624075 3.6002620163828797e-05 9.9298811668140939e-05 -0.00075575330246904348 8.5232046346708853e-06 -2.3562639198883767e-05 1.6097008288563942e-05 -0.00011182797000589981 -3.8734127783317096e-05 -0.00056899380275813574
leaf_weight=2634 5881 3888 4448 40795 14529 130706 89389 1353 835 98894 2148 524 21429 1557 10437 23591 410812 9635 57078 192 6985 342675 21373 888 1635507 976642 468346 78296 131141 5177
leaf_count=2634 5881 3888 4448 40795 14529 130706 89389 1353 835 98894 2148 524 21429 1557 10437 23591 410812 9635 57078 192 6985 342675 21373 888 1635507 976642 468346 78296 131141 5177
internal_value=2.02568e-10 0.000311216 -4.7367e-06 -3.22454e-06 -8.81559e-05 4.37204e-07 -4.95357e-05 3.8803e-06 3.16761e-05 6.61736e-05 0.00105853 1.26859e-05 0.000212678 0.000187058 -3.33577e-05 0.00024578 -7.81886e-06 -0.000395748 -0.000105743 0.000988026 4.5191e-05 4.74603e-05 0.000185907 7.37168e-06 -3.87811e-06 -1.71543e-05 -1.59058e-05 -3.01137e-05 -6.91409e-05 -0.000320333
internal_weight=4.59778e+06 68931 4.52885e+06 4.51141e+06 186465 4.32494e+06 278777 4.04617e+06 882927 471280 8029 132310 60902 57014 11994 45020 411647 17446 146467 716 372386 371033 28358 131594 3.16324e+06 1.52773e+06 1.52328e+06 1.05494e+06 171936 14812
internal_count=4597785 68931 4528854 4511408 186465 4324943 278777 4046166 882927 471280 8029 132310 60902 57014 11994 45020 411647 17446 146467 716 372386 371033 28358 131594 3163239 1527732 1523284 1054938 171936 14812
is_linear=0
shrinkage=0.05


Tree=24
num_leaves=31
num_cat=0
split_feature=0 5 0 5 9 1 3 6 1 2 9 7 5 8 2 4 4 4 0 8 7 6 3 7 7 6 1 5 9 4
split_gain=2.44692 1.83537 0.988679 0.535796 0.460611 0.325309 0.361401 0.314073 0.323885 0.278761 0.263202 0.250544 0.237172 0.230164 0.263665 0.265313 0.227295 0.221583 0.230884 0.220294 0.205037 0.192575 0.361785 0.277064 0.190737 0.189752 0.177794 0.453668 0.268285 0.241836
threshold=0.09951645135879518 1.0000000180025095e-35 -0.092244744300842271 0.050867795944213874 5.2858159542083749 0.088837683200836196 -0.010512232780456541 0.030935070477426056 -0.011494308710098265 -0.1833333075046539 1.249049246311188 0.043362140655517585 0.011846303939819338 0.80520212650299083 0.35084515810012823 0.026751637458801273 0.031434118747711189 0.10893654823303224 -0.049814611673355096 2.6850341558456425 0.022680261172354225 0.046455599367618568 -0.071529179811477647 0.047404613345861442 0.049476299434900291 0.067491825670003905 -0.0034129321575164791 1.0000000180025095e-35 1.3685174584388735 -0.015417754650115965
decision_type=10 2 8 2 10 10 8 10 8 10 8 8 2 8 8 2 2 2 10 10 10 10 10 8 8 10 8 2 8 2
left_child=2 11 3 9 5 7 16 17 21 -1 -5 -2 -8 -3 19 -16 -7 26 -19 -15 -11 22 -9 -23 -10 -22 27 -4 29 -29
right_child=1 13 4 10 -6 6 12 8 24 20 -12 -13 -14 14 15 -17 -18 18 -20 -21 25 23 -24 -25 -26 -27 -28 28 -30 -31
leaf_value=-0.0011807955437561624 0.00061369332786962555 0.00057273785722259643 -0.00091376709693794021 -2.3205252500292788e-05 -0.00031673195057711979 -7.58043847238998e-05 0.00058754787319067136 0.00067105854935157257 8.9756764882437589e-06 -0.0019061244642354629 -0.0003297302260728593 0.0012244399878254741 -2.6263305058718269e-05 0.00032429281403117938 0.00055528278763031117 -9.6515875789217684e-05 -0.00026068856117533642 0.0014391484033937257 -0.0003723505912685656 9.0425532387370994e-05 -0.00021292287948141745 0.00015912675836881972 3.1437315725101984e-05 1.407172095140365e-05 -9.4829472292686618e-05 -0.0009103868263412385 6.317959847612288e-06 2.1596932660853673e-05 -8.625095218293353e-05 -2.2737340814078784e-05
leaf_weight=1872 2494 3967 1408 14555 11626 39625 1584 2225 391176 236 13497 5161 221577 27708 1794 11988 28639 524 264 15819 3629 89349 323281 52124 49896 1333 1620207 425781 126278 1108168
leaf_count=1872 2494 3967 1408 14555 11626 39625 1584 2225 391176 236 13497 5161 221577 27708 1794 11988 28639 524 264 15819 3629 89349 323281 52124 49896 1333 1620207 425781 126278 1108168
internal_value=2.18346e-10 0.000295658 -4.49988e-06 -0.000268748 -2.43452e-06 -1.6192e-06 -5.26997e-05 1.933e-06 2.79585e-05 -0.000657721 -0.000170694 0.00102556 -2.19039e-05 0.000204458 0.000178956 -1.16373e-05 -0.000153372 -5.26624e-06 0.000832548 0.000239303 -0.000469151 5.69797e-05 3.58115e-05 0.000105683 -2.76741e-06 -0.000400436 -5.46766e-06 -1.69594e-05 -1.61983e-05 -1.04314e-05
internal_weight=4.59778e+06 68931 4.52885e+06 35122 4.49373e+06 4.48211e+06 291425 4.19068e+06 908051 7070 28052 7655 223161 61276 57309 13782 68264 3.28263e+06 788 43527 5198 466979 325506 141473 441072 4962 3.28184e+06 1.66164e+06 1.66023e+06 1.53395e+06
internal_count=4597785 68931 4528854 35122 4493732 4482106 291425 4190681 908051 7070 28052 7655 223161 61276 57309 13782 68264 3282630 788 43527 5198 466979 325506 141473 441072 4962 3281842 1661635 1660227 1533949
is_linear=0
shrinkage=0.05


Tree=25
num_leaves=31
num_cat=0
split_feature=0 5 0 8 5 2 5 7 0 5 4 0 0 1 1 2 5 9 4 9 9 3 3 5 2 2 0 1 4 5
split_gain=2.20839 1.65647 0.895002 0.48614 0.358922 0.284859 0.36021 0.274528 0.358156 0.348972 0.290403 0.262755 0.256683 0.378657 0.244521 0.229511 0.210462 0.204423 0.201829 0.19824 0.193627 0.192545 0.18726 0.186358 0.179873 0.179469 0.228529 0.181348 0.206709 0.178708
threshold=0.09951645135879518 0.0088105797767639178 -0.099913775920867906 1.8301854133605959 0.11890023946762086 -0.11802229285240172 1.0000000180025095e-35 0.05026040971279145 0.045517027378082282 0.051281988620758064 0.023046970367431644 0.043759703636169441 -0.035302251577377312 -0.20259189605712888 0.31152415275573736 -0.034922510385513299 0.11423349380493165 0.7241271734237672 0.10893654823303224 4.0981450080871591 1.1968518495559695 -0.010512232780456541 0.099059760570526137 0.056700766086578376 0.63825666904449474 -0.020886331796646115 0.017182171344757084 0.073867559432983412 0.0063241124153137216 0.057229161262512214
decision_type=10 2 8 10 2 8 2 10 8 2 2 10 8 8 8 10 2 10 2 8 8 8 10 2 8 10 10 8 2 2
left_child=2 14 19 5 15 6 11 8 25 22 -9 -4 13 29 17 -5 -3 -2 -11 -1 -15 -20 -10 -17 -18 26 -7 -27 -29 -8
right_child=1 16 3 4 -6 7 12 10 9 18 -12 -13 -14 20 -16 23 24 -19 21 -21 -22 -23 -24 -25 -26 27 -28 28 -30 -31
leaf_value=-0.00031789094672352318 0.00099926445250776599 0.0002566961818079843 -0.00070868039105815162 -0.00012109471806065951 -0.00027342975805438397 -2.5020894637495204e-05 -0.00024035602707902639 -2.9310333235420685e-05 0.00029516366751741253 4.4467672908617194e-05 -0.00018824466684516736 0.0013635816852556452 2.3443319142615972e-05 0.00014851911973639902 0.0011909610262509274 3.0624887941228435e-05 0.00011931860654718258 0.00021980725302057281 0.00011204013175672747 -0.0010105429768862933 -2.7216744182766508e-05 0.0013807013849853663 0.0014984859445567906 -6.4806854365814101e-05 -0.00031294566960712346 1.0893640545367125e-05 4.0505110495835171e-05 1.5246223480859824e-05 -8.4975614191900767e-05 0.0007178943905697616
leaf_weight=16344 1783 40973 2290 80928 19121 1187003 563 114205 14054 76013 38406 163 501307 51371 4653 93191 17130 1593 649 1102 22556 554 330 113413 2799 1834994 149860 95958 110917 3562
leaf_count=16344 1783 40973 2290 80928 19121 1187003 563 114205 14054 76013 38406 163 501307 51371 4653 93191 17130 1593 649 1102 22556 554 330 113413 2799 1834994 149860 95958 110917 3562
internal_value=2.01818e-10 0.000280878 -4.27493e-06 -2.89266e-06 -6.36698e-05 1.53984e-06 3.40152e-05 -3.67542e-06 -7.89117e-07 9.67654e-05 -6.93086e-05 -0.000570481 3.65756e-05 0.000120919 0.00095589 -4.97198e-05 0.000191873 0.000631644 5.46419e-05 -0.000361699 9.49004e-05 0.00069694 0.000322873 -2.17614e-05 5.8595e-05 -3.43392e-06 -1.76755e-05 5.89042e-06 -3.84883e-05 0.000587081
internal_weight=4.59778e+06 68931 4.52885e+06 4.51141e+06 306653 4.20476e+06 581812 3.62294e+06 3.47033e+06 91600 152611 2453 579359 78052 8029 287532 60902 3376 77216 17446 73927 1203 14384 206604 19929 3.37873e+06 1.33686e+06 2.04187e+06 206875 4125
internal_count=4597785 68931 4528854 4511408 306653 4204755 581812 3622943 3470332 91600 152611 2453 579359 78052 8029 287532 60902 3376 77216 17446 73927 1203 14384 206604 19929 3378732 1336863 2041869 206875 4125
is_linear=0
shrinkage=0.05


Tree=26
num_leaves=31
num_cat=0
split_feature=0 5 0 8 9 9 5 0 8 1 6 5 0 3 4 1 8 2 6 4 2 5 2 6 5 0 2 4 9 1
split_gain=1.9931 1.49503 0.825124 0.473023 0.402351 0.291983 0.290992 0.349443 0.41878 0.289555 0.229695 0.228601 0.219803 0.19784 0.371761 0.218076 0.197431 0.230842 0.191064 0.185434 0.176401 0.173684 0.166173 0.199499 0.173655 0.238884 0.273799 0.207704 0.197981 0.196221
threshold=0.09951645135879518 0.0088105797767639178 -0.092244744300842271 0.59591647982597362 5.2858159542083749 3.562729120254517 0.080771505832672133 0.045517027378082282 0.85643026232719432 -0.036466181278228753 0.074812211096286788 1.0000000180025095e-35 -0.057142764329910271 -0.01096484065055847 0.10893654823303224 -0.036466181278228753 1.1378252506256106 0.43008381128311163 0.070700157433748259 -0.0032894313335418697 0.060005307197570808 0.058843970298767097 -0.12400928139686583 0.048893684521317489 0.058309018611907966 0.010352432727813722 0.0036900639533996586 -0.01317542791366577 1.1049278974533083 0.0043965578079223641
decision_type=10 2 8 10 10 10 2 8 8 8 8 2 8 8 2 10 8 8 10 2 8 2 8 10 2 10 10 2 8 8
left_child=2 10 3 -1 6 18 7 11 -9 -8 -2 -4 -13 20 15 -15 -3 -18 -5 -20 -11 -19 23 -14 25 26 29 -28 -29 -24
right_child=1 16 4 5 -6 -7 9 8 -10 13 -12 12 22 14 -16 -17 17 21 19 -21 -22 -23 24 -25 -26 -27 27 28 -30 -31
leaf_value=-0.00068058878309073742 0.00074625291378436522 0.0003717104599707706 -0.00042299784636777625 -4.5778303041773419e-05 -0.00029592326036603534 -0.00090002781103537966 3.3064088478859805e-05 0.00039991746319130032 6.0058357915079607e-05 -2.0691350542049437e-05 0.0013507047146288987 0.00011303168307427421 1.7971846367006825e-05 -0.00067399769652315975 0.0011682597991514059 -5.0740643461532503e-05 0.00018487765392208557 0.00052460264448492711 -0.00025588327828654061 -0.001078076714660238 -0.00021817201567989996 -0.00020692091459806298 -3.6136000344222048e-05 0.00015145097275107367 -4.1682991537753052e-05 2.2531437945636893e-05 4.4287286368580194e-05 -1.6045165720307651e-05 4.7614689111599457e-05 5.1642858016168698e-06
leaf_weight=5302 5881 11220 3196 19383 11626 1302 75390 10093 88850 15797 2148 42540 459826 1416 621 147421 42199 925 8389 746 39796 6558 979158 29807 295351 778327 307204 649717 150405 407191
leaf_count=5302 5881 11220 3196 19383 11626 1302 75390 10093 88850 15797 2148 42540 459826 1416 621 147421 42199 925 8389 746 39796 6558 979158 29807 295351 778327 307204 649717 150405 407191
internal_value=2.47301e-10 0.000266836 -4.06115e-06 -0.000245464 -2.17434e-06 -0.000168079 -1.41233e-06 1.87906e-06 9.47305e-05 -5.0725e-05 0.00090811 -3.60203e-07 -3.0611e-08 -8.15313e-05 -5.15773e-05 -5.66747e-05 0.00018228 0.000139493 -0.000134631 -0.000323137 -0.000162058 -0.000116437 -1.21617e-06 2.60978e-05 -4.96513e-06 -1.65073e-06 -9.19849e-06 9.33959e-06 -4.0785e-06 -2.40055e-05
internal_weight=4.59778e+06 68931 4.52885e+06 35122 4.49373e+06 29820 4.48211e+06 4.20166e+06 98943 280441 8029 4.10272e+06 4.09953e+06 205051 149458 148837 60902 49682 28518 9135 55593 7483 4.05699e+06 489633 3.56735e+06 3.272e+06 2.49368e+06 1.10733e+06 800122 1.38635e+06
internal_count=4597785 68931 4528854 35122 4493732 29820 4482106 4201665 98943 280441 8029 4102722 4099526 205051 149458 148837 60902 49682 28518 9135 55593 7483 4056986 489633 3567353 3272002 2493675 1107326 800122 1386349
is_linear=0
shrinkage=0.05


Tree=27
num_leaves=31
num_cat=0
split_feature=0 5 0 8 5 3 4 5 2 4 1 4 3 8 3 2 7 9 7 6 1 1 4 3 9 8 2 4 6 8
split_gain=1.7988 1.3512 0.745125 0.428113 0.253522 0.245234 0.392743 0.391199 0.337419 0.302926 0.408201 0.295409 0.289841 0.267886 0.304717 0.251479 0.241522 0.220925 0.204116 0.197484 0.403561 0.245347 0.280157 0.350462 0.200612 0.194332 0.234882 0.205215 0.189376 0.184797
threshold=0.09951645135879518 1.0000000180025095e-35 -0.099913775920867906 2.1326175928115849 0.15901005268096927 0.014709770679473879 -0.006696373224258422 1.0000000180025095e-35 0.35084515810012823 -0.022497236728668209 -0.13894048333168027 0.088645815849304213 0.044776141643524177 1.1686154007911684 -0.018927484750747677 -0.24467906355857846 0.045191640034317977 1.0027028322219851 0.063078697770833983 0.042818216606974609 0.0097100734710693377 -0.086254566907882677 -0.0084034502506256086 -0.071529179811477647 0.6411762833595277 0.96937969326972973 0.35084515810012823 0.026751637458801273 0.053217262029647834 2.0793143510818486
decision_type=10 2 8 10 2 8 2 2 10 2 8 2 10 8 10 8 8 10 8 8 10 8 2 10 10 8 8 2 10 10
left_child=2 18 -1 5 -5 7 -7 -4 9 10 15 12 -8 14 28 -9 19 -10 -2 21 24 22 -11 -24 -21 -3 29 -28 -12 -27
right_child=1 25 3 4 -6 6 11 8 17 16 13 -13 -14 -15 -16 -17 -18 -19 -20 20 -22 -23 23 -25 -26 26 27 -29 -30 -31
leaf_value=-0.00032998461973544587 0.00064705778169951863 0.00041913939218942353 -0.00046731960169520468 -6.8691227066353997e-05 -0.0004972080942383894 -7.531171618729686e-06 0.0001059009280503514 0.00047766902395174967 -3.6185357184967611e-05 2.8172642705923926e-05 0.00038007484093744624 0.0012456506151799661 0.00052798492424792885 -3.2378729634184154e-05 3.6318311339021675e-05 0.00013514421330241533 -5.2099325479716025e-05 -0.00023805187820144337 0.0011666077675253819 2.1059694610414058e-05 -2.1199209642094345e-05 -2.2603980806081047e-06 0.00069069902655118174 -0.00017583691623967694 0.0001757730478741009 0.00031684120389363505 0.00046832118566726423 -0.00012843044398173174 5.6840356196622705e-05 0.00010503330656624222
leaf_weight=17446 4228 7206 4511 182948 3517 110628 82232 6776 31013 32770 10766 593 4278 150430 350759 25612 255018 24075 3427 31915 102637 2977652 1192 53259 61002 18599 1663 10733 7825 23075
leaf_count=17446 4228 7206 4511 182948 3517 110628 82232 6776 31013 32770 10766 593 4278 150430 350759 25612 255018 24075 3427 31915 102637 2977652 1192 53259 61002 18599 1663 10733 7825 23075
internal_value=2.39338e-10 0.000253496 -3.85812e-06 -2.59689e-06 -7.67763e-05 6.01285e-07 5.49964e-05 -2.00475e-06 -1.49549e-06 1.69169e-07 3.4598e-05 0.000134411 0.000126779 2.38665e-05 4.67742e-05 0.000206817 -5.23855e-06 -0.000124409 0.000879773 -1.57327e-06 4.71426e-05 -4.6816e-06 -8.73383e-05 -0.000156855 0.000122633 0.000175244 0.000142733 -4.83412e-05 0.000244035 0.000199568
internal_weight=4.59778e+06 68931 4.52885e+06 4.51141e+06 186465 4.32494e+06 197731 4.12721e+06 4.1227e+06 4.06761e+06 552168 87103 86510 519780 369350 32388 3.51544e+06 55088 7655 3.26043e+06 195554 3.06487e+06 87221 54451 92917 61276 54070 12396 18591 41674
internal_count=4597785 68931 4528854 4511408 186465 4324943 197731 4127212 4122701 4067613 552168 87103 86510 519780 369350 32388 3515445 55088 7655 3260427 195554 3064873 87221 54451 92917 61276 54070 12396 18591 41674
is_linear=0
shrinkage=0.05


Tree=28
num_leaves=31
num_cat=0
split_feature=0 5 0 5 9 5 0 8 1 3 2 1 1 0 3 5 9 3 4 5 1 1 0 0 5 8 2 7 9 5
split_gain=1.62344 1.2206 0.693881 0.42713 0.351642 0.253371 0.305523 0.335946 0.255322 0.249418 0.219436 0.205723 0.201595 0.187951 0.207533 0.219224 0.187094 0.185809 0.303792 0.174686 0.169598 0.167147 0.196049 0.165292 0.175775 0.163658 0.162907 0.165355 0.158234 0.153257
threshold=0.09951645135879518 0.011111199855804445 -0.092244744300842271 0.058309018611907966 5.2858159542083749 0.080771505832672133 0.047326207160949714 0.86283263564109813 0.14000004529953006 0.019258260726928714 -0.1833333075046539 0.31152415275573736 -0.20259189605712888 -0.057142764329910271 -0.042735069990158074 0.021544039249420169 0.7241271734237672 -0.013953536748886107 0.10893654823303224 0.11423349380493165 -1.0000000180025095e-35 -0.147479772567749 -0.013884067535400389 0.045517027378082282 0.15901005268096927 0.55514243245124828 0.49909496307373052 0.02257688902318478 1.249049246311188 1.0000000180025095e-35
decision_type=10 2 8 2 10 2 8 8 8 8 8 8 8 8 8 2 10 8 2 2 10 10 8 10 2 8 10 8 8 2
left_child=2 11 3 10 5 6 13 -8 21 12 -1 16 -5 -4 15 -15 -2 -10 20 -3 -19 22 -7 24 -6 -14 27 -12 -27 -9
right_child=1 19 4 9 23 8 7 29 17 -11 26 -13 25 14 -16 -17 -18 18 -20 -21 -22 -23 -24 -25 -26 28 -28 -29 -30 -31
leaf_value=-0.0010236171866434048 0.00087636887821620026 0.00022290759024226706 0.00010444731057264743 0.00032976301518646201 -0.0003762398837685457 0.00023651087779209487 0.00038226004728571342 0.00073684262685444078 -0.00030686474205497802 -0.00093415039174611799 -0.0017124952448078681 0.001030105031076946 -0.0012459949085274974 -0.00064844666964829212 -5.2801475739857985e-07 -0.00010746371263905142 0.00014085994133081645 -0.00063478979587775148 0.00099562406398305938 4.2329457121309718e-05 -8.5728746760869873e-05 -3.6653819788091763e-05 -0.00020093680125672257 -6.7712202431363994e-05 -0.0014208737259145388 -4.4044720245631923e-08 -0.0014524889900082228 -0.00029046153868297821 -0.00026099110230219896 5.3736279073769467e-05
leaf_weight=1833 1794 40836 42540 2465 5974 11347 9099 829 13865 928 211 4703 332 2217 4058492 12032 1669 1471 632 19929 31593 218226 3307 5221 431 11701 348 5767 11537 76456
leaf_count=1833 1794 40836 42540 2465 5974 11347 9099 829 13865 928 211 4703 332 2217 4058492 12032 1669 1471 632 19929 31593 218226 3307 5221 431 11701 348 5767 11537 76456
internal_value=2.79903e-10 0.000240823 -3.6652e-06 -0.000225039 -1.93494e-06 -1.22256e-06 1.84871e-06 9.49084e-05 -4.72372e-05 -0.000129112 -0.000541993 0.000814734 -0.000100382 -1.04736e-07 -1.19681e-06 -0.000191675 0.000522032 -0.000152804 -8.94054e-05 0.000163685 -0.000110175 -2.56767e-05 0.000137784 -0.00027655 -0.000446745 -0.00014538 -0.0004023 -0.000340932 -0.000129602 6.10731e-05
internal_weight=4.59778e+06 68931 4.52885e+06 35122 4.49373e+06 4.48211e+06 4.20166e+06 86384 280441 26963 8159 8166 26035 4.11528e+06 4.07274e+06 14249 3463 47561 33696 60765 33064 232880 14654 11626 6405 23570 6326 5978 23238 77285
internal_count=4597785 68931 4528854 35122 4493732 4482106 4201665 86384 280441 26963 8159 8166 26035 4115281 4072741 14249 3463 47561 33696 60765 33064 232880 14654 11626 6405 23570 6326 5978 23238 77285
is_linear=0
shrinkage=0.05


Tree=29
num_leaves=31
num_cat=0
split_feature=0 5 0 1 5 5 8 2 9 9 3 2 6 1 6 3 7 7 9 0 3 8 3 1 3 8 5 9 4 4
split_gain=1.48272 1.43413 0.623641 0.386738 0.385531 0.296987 0.276235 0.2453 0.225836 0.217407 0.201484 0.200361 0.199221 0.234761 0.202172 0.256287 0.223291 0.199603 0.182708 0.178083 0.264925 0.177703 0.186795 0.17129 0.30513 0.226515 0.184398 0.229632 0.172064 0.167392
threshold=0.083180189132690444 1.0000000180025095e-35 -0.092244744300842271 0.10741943120956422 0.058309018611907966 0.064732134342193617 0.92400819063186657 0.35084515810012823 1.249049246311188 5.2858159542083749 0.044776141643524177 -0.17067304253578183 0.026347051374614242 0.0016171932220458987 0.046455599367618568 -0.071529179811477647 0.041153999045491226 0.049476299434900291 0.37636668980121618 -0.051459103822708123 -0.042735069990158074 1.3893400430679324 -0.023554086685180661 -0.0025745630264282222 -0.042735069990158074 1.2751875519752505 0.044997692108154304 0.97310093045234691 0.10893654823303224 -0.015417754650115965
decision_type=10 2 8 10 2 2 8 8 8 10 10 10 10 8 8 10 8 8 10 10 8 8 10 8 10 10 2 8 2 2
left_child=2 18 4 12 11 -5 -3 -8 -6 -7 -9 -1 23 14 15 -14 -16 -15 -2 21 -21 22 -17 24 -4 29 27 -25 -28 -26
right_child=1 6 3 5 8 9 7 10 -10 -11 -12 -13 13 17 16 19 -18 -19 -20 20 -22 -23 -24 26 25 -27 28 -29 -30 -31
leaf_value=-0.00090629415657726112 0.0011011741893225653 0.00043693233292392433 -0.00041293442656391809 -8.3778987667040638e-06 1.7319829737387608e-05 -0.0001177691349304787 0.00015858432946245485 -0.0001669326067181041 -0.00027224235692852625 -0.00049861291522477059 0.00025839624443004639 -0.00035797418612882893 0.00051352383852390775 2.5173251147792939e-06 0.00015119169915972627 0.00041639507306588555 3.1115874138147998e-05 -9.7975949163824723e-05 0.00062468155055579136 -0.00039532369497729094 1.3594213157461865e-05 -1.9002635515222727e-05 0.00011612409203495354 -8.2351880785399806e-06 2.0620418778889227e-05 -7.1890719322317197e-05 -3.7568360922236844e-05 3.5098790320851279e-05 0.00072866488680113617 -2.0498647256338017e-05
leaf_weight=2334 3614 7091 4884 93809 13929 93447 55699 11803 13034 3903 3643 5825 2640 542252 71364 6087 84632 54365 4551 3990 524629 20675 34715 610204 330956 167398 231315 612657 734 981606
leaf_count=2334 3614 7091 4884 93809 13929 93447 55699 11803 13034 3903 3643 5825 2640 542252 71364 6087 84632 54365 4551 3990 524629 20675 34715 610204 330956 167398 231315 612657 734 981606
internal_value=2.0504e-10 0.000205172 -3.92925e-06 -2.28252e-06 -0.000213796 -7.18655e-05 0.000139359 0.000109694 -0.00012266 -0.000133043 -6.66069e-05 -0.000514921 8.21597e-07 1.67582e-05 3.54026e-05 2.20737e-05 8.6048e-05 -6.63998e-06 0.000835696 1.98741e-05 1.0507e-05 0.000100418 0.000160929 -6.47161e-06 -1.84186e-05 -1.71164e-05 5.72118e-06 1.34753e-05 -3.51415e-05 -1.01307e-05
internal_weight=4.59778e+06 86401 4.51138e+06 4.47626e+06 35122 191159 78236 71145 26963 97350 15446 8159 4.2851e+06 1.34535e+06 748732 592736 155996 596617 8165 590096 528619 61477 40802 2.93975e+06 1.48484e+06 1.47996e+06 1.45491e+06 1.22286e+06 232049 1.31256e+06
internal_count=4597785 86401 4511384 4476262 35122 191159 78236 71145 26963 97350 15446 8159 4285103 1345349 748732 592736 155996 596617 8165 590096 528619 61477 40802 2939754 1484844 1479960 1454910 1222861 232049 1312562
is_linear=0
shrinkage=0.05


Tree=30
num_leaves=31
num_cat=0
split_feature=0 5 0 5 8 8 4 1 3 5 2 7 2 2 8 2 3 3 6 8 0 8 2 6 9 1 1 8 0 7
split_gain=1.33817 1.29434 0.57396 0.42535 0.251541 0.224176 0.217087 0.440138 0.374626 0.284612 0.265156 0.257082 0.218673 0.213394 0.212889 0.200175 0.199444 0.197377 0.255647 0.185698 0.171512 0.213914 0.197312 0.170661 0.161474 0.213251 0.156538 0.155783 0.152769 0.152467
threshold=0.083180189132690444 1.0000000180025095e-35 -0.099913775920867906 0.11890023946762086 0.80520212650299083 1.8301854133605959 -0.022926270961761471 -0.13894048333168027 0.016585886478424076 1.0000000180025095e-35 -0.23294639587402341 0.05026040971279145 0.070128738880157485 0.35084515810012823 3.0636918544769292 -0.034922510385513299 0.056590974330902107 -0.021333009004592892 0.059516645967960365 1.8627400398254397 0.025254964828491214 0.85300889611244213 0.087030053138732924 0.013898948207497598 0.56128665804862987 -0.11980420351028441 -0.0052909553050994864 0.41128177940845495 0.016476929187774662 0.023459312506020073
decision_type=10 2 8 2 8 10 2 8 8 2 8 10 10 8 10 10 10 8 8 10 10 8 8 10 8 10 10 10 8 8
left_child=2 23 29 5 -3 6 7 10 9 -8 -4 20 -13 19 -5 -7 -15 18 -9 -6 24 -22 -23 -2 25 -11 -14 -25 -10 -1
right_child=1 4 3 14 13 15 8 17 28 11 -12 12 26 16 -16 -17 -18 -19 -20 -21 21 22 -24 27 -26 -27 -28 -29 -30 -31
leaf_value=-0.0017377727444303067 0.0010465186569280774 0.0004990413620586207 0.00046050846979484933 -0.00011197971786160433 0.00026870623025223911 -0.00011122543509228516 -0.00040411964626473653 0.00028814895281250008 1.1864884315406926e-05 -0.00021732180485757626 0.00012819709156079042 -1.2371027959558522e-06 -6.1293157997534012e-05 -0.00012803067120726141 -0.00042977821527886918 -1.7637577065623816e-05 0.00032672897743533127 1.3148860132918954e-05 -5.2682115452655426e-05 8.4130760151676382e-05 0.00012306697942864709 4.5787912141918909e-05 -4.2649779393741621e-05 0.00092894212325520691 -1.7312440563728421e-06 -2.8701087522811557e-05 -0.00022211611272634097 0.00033302159711008335 0.00014516462500398968 -0.00027485016083500085
leaf_weight=179 3677 4413 7881 39854 22352 79970 4468 14767 33863 15616 25183 48438 29509 13632 6072 200100 2928 521466 8768 34911 53837 175756 98367 1910 2669911 370212 31055 2578 58845 17267
leaf_count=179 3677 4413 7881 39854 22352 79970 4468 14767 33863 15616 25183 48438 29509 13632 6072 200100 2928 521466 8768 34911 53837 175756 98367 1910 2669911 370212 31055 2578 58845 17267
internal_value=2.08068e-10 0.000194915 -3.7328e-06 -2.62157e-06 0.000132391 -1.05849e-06 1.85125e-06 3.02878e-05 -2.72779e-06 -5.35764e-06 0.000207417 -4.84741e-06 -8.04264e-05 0.000110467 -0.000154005 -4.43606e-05 -4.7609e-05 1.95414e-05 0.000161175 0.000156181 -2.4127e-06 3.19485e-05 1.40527e-05 0.000793922 -6.10055e-06 -3.63359e-05 -0.00014376 0.000586783 9.64755e-05 -0.000289959
internal_weight=4.59778e+06 86401 4.51138e+06 4.49394e+06 78236 4.44801e+06 4.16794e+06 578065 3.58988e+06 3.49717e+06 33064 3.4927e+06 109002 73823 45926 280070 16560 545001 23535 57263 3.3837e+06 327960 274123 8165 3.05574e+06 385828 60564 4488 92708 17446
internal_count=4597785 86401 4511384 4493938 78236 4448012 4167942 578065 3589877 3497169 33064 3492701 109002 73823 45926 280070 16560 545001 23535 57263 3383699 327960 274123 8165 3055739 385828 60564 4488 92708 17446
is_linear=0
shrinkage=0.05


Tree=31
num_leaves=31
num_cat=0
split_feature=0 5 0 8 5 8 5 8 1 2 0 4 1 2 7 3 1 0 1 5 6 3 6 3 0 2 7 1 0 2
split_gain=1.20773 1.16819 0.521656 0.347268 0.345908 0.24867 0.238673 0.236536 0.217672 0.2011 0.186861 0.251513 0.238813 0.170472 0.192666 0.199234 0.177353 0.404341 0.172562 0.167651 0.166418 0.165571 0.160568 0.159965 0.161025 0.153633 0.289496 0.267021 0.185847 0.150751
threshold=0.083180189132690444 1.0000000180025095e-35 -0.092244744300842271 0.59591647982597362 0.088957130908966078 2.8451790809631352 1.0000000180025095e-35 1.1871164441108706 -0.063225299119949327 0.3834798932075501 -0.010502874851226805 0.10893654823303224 inf -0.12400928139686583 0.025630181655287746 -0.0072314441204071036 -0.10277900099754332 -0.01001271605491638 -0.1590296924114227 0.15901005268096927 0.040103534236550338 0.099059760570526137 0.089947186410427107 -0.042735069990158074 -0.070485889911651597 -0.01572012901306152 0.038257025182247169 -0.045454531908035271 0.010352432727813722 0.1775321960449219
decision_type=10 2 8 10 2 10 2 8 10 8 10 2 8 8 10 10 10 10 10 2 10 8 8 8 10 10 10 10 8 8
left_child=2 22 3 -1 13 10 -5 -3 -8 -9 11 12 -6 14 21 16 17 -16 -17 -10 -7 -4 -2 -15 -25 28 -27 -28 -26 -12
right_child=1 7 4 6 5 20 8 9 19 -11 29 -13 -14 23 15 18 -18 -19 -20 -21 -22 -23 -24 24 25 26 27 -29 -30 -31
leaf_value=-0.00056831186248642066 0.00062897513523621918 0.00030325490025892495 -1.5139885877450989e-05 -0.0011326795183579754 2.4044970183656329e-05 -0.00010285400625899421 -1.148907808449206e-05 0.00012281826087441681 -0.00022894921563450146 -0.00011784297421339144 -3.7223303508658634e-05 0.0010926829236898312 -0.00076939021205536947 -0.00015836618198838493 0.00011781405458434348 0.00021611482394462544 0.0001508603131179052 -0.00035874459235645087 1.7627454509318781e-05 -0.00089772674417324153 -0.00036634386020679499 -0.0019129858297642585 0.0011473747345609132 0.00017078857218473517 -2.4213584855447997e-05 1.3253505709140738e-05 3.6287069167721355e-05 -6.655313291174129e-05 1.7288512710016046e-05 -0.00016012254645004066
leaf_weight=5302 6194 15139 168438 580 62407 13854 19321 52706 8872 10391 60829 542 962 16457 16589 11447 70011 6082 251791 1047 10561 114 1971 13412 1194864 1869786 86921 230493 348397 42305
leaf_count=5302 6194 15139 168438 580 62407 13854 19321 52706 8872 10391 60829 542 962 16457 16589 11447 70011 6082 251791 1047 10561 114 1971 13412 1194864 1869786 86921 230493 348397 42305
internal_value=2.06841e-10 0.000185171 -3.54619e-06 -0.000195488 -2.04011e-06 -6.77934e-05 -0.000129183 0.000125772 -0.00010924 8.31842e-05 -4.60079e-05 2.11698e-05 1.19879e-05 8.9799e-07 2.76024e-05 4.8457e-05 0.000111502 -1.00436e-05 2.62595e-05 -0.000299625 -0.00021684 -1.64348e-05 0.00075424 -2.82661e-06 -2.14286e-06 -2.76464e-06 5.75863e-06 -3.83912e-05 -1.48443e-05 -8.7637e-05
internal_weight=4.59778e+06 86401 4.51138e+06 35122 4.47626e+06 191460 29820 78236 29240 63097 167045 63911 63369 4.2848e+06 524472 355920 92682 22671 263238 9919 24415 168552 8165 3.76033e+06 3.74387e+06 3.73046e+06 2.1872e+06 317414 1.54326e+06 103134
internal_count=4597785 86401 4511384 35122 4476262 191460 29820 78236 29240 63097 167045 63911 63369 4284802 524472 355920 92682 22671 263238 9919 24415 168552 8165 3760330 3743873 3730461 2187200 317414 1543261 103134
is_linear=0
shrinkage=0.05


Tree=32
num_leaves=31
num_cat=0
split_feature=0 5 0 5 8 0 8 4 1 3 1 9 2 6 7 5 7 5 0 2 3 1 4 7 8 5 2 0 2 3
split_gain=1.09307 0.790351 0.478478 0.324218 0.235255 0.227067 0.391922 0.257337 0.465035 0.253159 0.266774 0.23915 0.220779 0.267455 0.219174 0.195947 0.19038 0.184109 0.18827 0.18321 0.180026 0.241214 0.164234 0.159688 0.157973 0.198165 0.197371 0.15468 0.154135 0.281115
threshold=0.09951645135879518 0.011111199855804445 -0.099913775920867906 0.13562166690826419 1.6920502185821535 0.0421779751777649 0.70872169733047496 -0.015417754650115965 -0.086254566907882677 0.013215959072113039 -0.11980420351028441 0.8452449142932893 -0.22266399860382077 0.031668851152062423 0.028842527419328693 0.051281988620758064 0.053980102762579925 0.047931015491485603 -0.016452044248580929 -0.1833333075046539 -0.050491750240325921 -0.050555527210235589 -0.087176948785781846 0.044255152344703681 2.6850341558456425 0.063957035541534438 0.43008381128311163 -0.034463971853256219 -0.16003942489624021 -0.016556352376937863
decision_type=10 2 8 2 10 8 8 2 8 10 8 10 8 8 8 2 10 2 10 10 8 10 2 8 8 2 8 10 8 10
left_child=2 23 -1 4 5 7 -7 8 12 10 11 14 13 -4 -9 -8 20 18 -6 -13 21 27 -5 -2 25 -3 -27 -12 29 -22
right_child=1 24 3 22 17 6 15 9 -10 -11 16 19 -14 -15 -16 -17 -18 -19 -20 -21 28 -23 -24 -25 -26 26 -28 -29 -30 -31
leaf_value=-0.00026434558696954256 0.0003660088923648061 0.0004930820996261212 5.0143987369971188e-05 -0.00050453797647949503 -0.00013524993680561078 0.00042284972001311412 0.00019684248585812451 -0.00048902628457263568 8.3215651376535005e-06 7.4039567953803237e-05 -0.00029830328946049429 -0.00014793393174913707 8.1631892867883813e-05 0.00042277295623444175 -0.00013848369375431632 1.912033190762788e-05 -0.00010537699634168483 -6.3838503979842703e-05 3.3450973386948321e-05 0.00023699039619823646 0.00026108046805143432 -5.5294780031653421e-05 -0.00013238636664629586 0.00082614631383167629 1.4345354842014237e-05 0.00021030388596961422 -7.0189084166451967e-05 -0.0010662442555250252 -7.5566601551268656e-06 2.2887785287268155e-05
leaf_weight=17446 2960 4757 8464 3487 19347 7349 18345 5172 780108 94287 1530 5572 123223 11171 32325 100312 48571 249693 113875 6941 13672 5876 19766 5206 18641 29395 7972 1148 2709467 131707
leaf_count=17446 2960 4757 8464 3487 19347 7349 18345 5172 780108 94287 1530 5572 123223 11171 32325 100312 48571 249693 113875 6941 13672 5876 19766 5206 18641 29395 7972 1148 2709467 131707
internal_value=1.65617e-10 0.000197608 -3.00754e-06 -1.99687e-06 -1.03204e-06 2.46409e-06 6.85457e-05 3.71537e-07 2.35094e-05 -6.61591e-06 -9.18339e-06 -0.000123685 0.000106445 0.000262156 -0.000186846 4.65985e-05 -7.21691e-06 -3.8514e-05 8.95076e-06 6.55867e-05 -5.55181e-06 -0.000234574 -0.000188213 0.000659422 0.000135536 0.000189165 0.000150462 -0.000627778 -4.8655e-06 4.529e-05
internal_weight=4.59778e+06 68931 4.52885e+06 4.51141e+06 4.48816e+06 4.10524e+06 126006 3.97923e+06 922966 3.05627e+06 2.96198e+06 50010 142858 19635 37497 118657 2.91197e+06 382915 133222 12513 2.8634e+06 8554 23253 8166 60765 42124 37367 2678 2.85485e+06 145379
internal_count=4597785 68931 4528854 4511408 4488155 4105240 126006 3979234 922966 3056268 2961981 50010 142858 19635 37497 118657 2911971 382915 133222 12513 2863400 8554 23253 8166 60765 42124 37367 2678 2854846 145379
is_linear=0
shrinkage=0.05


Tree=33
num_leaves=31
num_cat=0
split_feature=0 5 0 8 8 1 4 9 8 6 2 2 7 3 3 0 9 2 1 0 1 1 8 3 5 4 1 4 1 6
split_gain=0.997669 0.960924 0.435525 0.31555 0.306065 0.246291 0.242895 0.226446 0.207906 0.202365 0.204399 0.19212 0.190438 0.240624 0.185263 0.178786 0.204421 0.175159 0.163907 0.157395 0.184385 0.153271 0.244559 0.208637 0.201558 0.179702 0.151099 0.149263 0.147681 0.139303
threshold=0.083180189132690444 1.0000000180025095e-35 -0.092244744300842271 4.9169352054595956 0.59591647982597362 0.097222149372100844 0.011325478553771974 3.562729120254517 0.96937969326972973 0.026347051374614242 -0.24467906355857846 0.35084515810012823 0.038531236350536353 -0.071529179811477647 -0.011453181505203245 0.02163493633270264 1.2408556938171389 0.061430275440216071 -0.039938300848007195 -0.010736197233200072 -0.11488008499145506 -0.015979260206222531 1.2751875519752505 -0.042735069990158074 1.0000000180025095e-35 -0.0090777277946472151 -0.099604606628417955 0.026120960712432865 -0.056379765272140496 0.074812211096286788
decision_type=10 2 8 10 10 10 2 10 8 10 8 8 8 8 8 10 8 8 8 10 10 8 8 8 2 2 10 2 10 8
left_child=2 29 4 5 -1 9 -7 28 -3 21 19 -10 13 26 17 -15 -17 -8 -14 20 -11 22 23 -4 -24 -25 -12 -13 -6 -2
right_child=1 8 3 -5 7 6 14 -9 11 10 12 27 18 15 -16 16 -18 -19 -20 -21 -22 -23 24 25 -26 -27 -28 -29 -30 -31
leaf_value=-0.00052861220382459579 0.00055898337834141742 0.00035142651359085128 -0.00048242658792748886 -0.00027448296856442288 -9.6794890805158545e-06 7.2385185486025015e-06 1.7557721644811226e-06 -0.0007609444980234165 0.00012957367465549162 0.00038706317955156621 0.00080149963963910189 0.00034639885178388061 2.4039350229704943e-05 1.3341801282908085e-05 -6.039983490304171e-05 0.00011510389412974266 1.5594621114914638e-05 -0.00025871910115170293 -4.1983667478986024e-05 3.092322478251289e-05 8.406372871410273e-05 3.0682523712805141e-06 -0.0010882583467813759 1.3512504131382578e-05 -8.2353204022898364e-05 -3.0047012589240691e-05 -5.0052243713120487e-05 -0.00013217958556552707 -0.00025454563538241076 0.0010249679075378835
leaf_weight=5302 5969 8274 2351 10587 19525 101248 8559 1302 55019 9534 1622 1860 159642 673537 98153 105699 100856 26244 228631 20593 10607 1831014 499 421940 124664 539515 767 13083 8993 2196
leaf_count=5302 5969 8274 2351 10587 19525 101248 8559 1302 55019 9534 1622 1860 159642 673537 98153 105699 100856 26244 228631 20593 10607 1831014 499 421940 124664 539515 767 13083 8993 2196
internal_value=1.59505e-10 0.000168299 -3.2231e-06 -1.84697e-06 -0.000178605 -1.20056e-06 -5.11118e-05 -0.000116357 0.000114427 1.56195e-06 1.78774e-05 8.63936e-05 1.43433e-05 2.71823e-05 -9.55462e-05 2.58217e-05 6.65161e-05 -0.000194663 -1.48377e-05 0.000128126 0.000227504 -5.76603e-06 -2.06201e-05 -1.20813e-05 -8.63722e-05 -1.09307e-05 0.000528198 -7.25903e-05 -8.69029e-05 0.000684421
internal_weight=4.59778e+06 86401 4.51138e+06 4.47626e+06 35122 4.46568e+06 234204 29820 78236 4.23147e+06 1.31149e+06 69962 1.27075e+06 882481 132956 880092 206555 34803 388273 40734 20141 2.91998e+06 1.08897e+06 963806 125163 961455 2389 14943 28518 8165
internal_count=4597785 86401 4511384 4476262 35122 4465675 234204 29820 78236 4231471 1311488 69962 1270754 882481 132956 880092 206555 34803 388273 40734 20141 2919983 1088969 963806 125163 961455 2389 14943 28518 8165
is_linear=0
shrinkage=0.05


Tree=34
num_leaves=31
num_cat=0
split_feature=0 5 0 8 2 6 8 9 2 2 5 0 6 3 9 1 7 2 7 1 9 3 6 3 4 0 5 5 3 4
split_gain=0.900411 0.867264 0.397661 0.330723 0.21617 0.211693 0.194185 0.174844 0.161604 0.153461 0.220607 0.13884 0.236557 0.137547 0.133414 0.16057 0.132855 0.144776 0.14168 0.131554 0.144791 0.129592 0.130089 0.12284 0.260448 0.162062 0.168839 0.135403 0.135259 0.132157
threshold=0.083180189132690444 1.0000000180025095e-35 -0.099913775920867906 3.3820896148681645 0.32530534267425543 0.038454582914710052 1.1871164441108706 0.77129724621772777 0.3834798932075501 -0.19938406348228452 1.0000000180025095e-35 -0.025974005460739132 0.032668609172105796 0.099059760570526137 1.1445202231407168 -0.088599622249603258 0.023459312506020073 0.23897504806518557 0.056767547503113754 0.31152415275573736 0.52035802602767955 0.044776141643524177 0.089947186410427107 0.0064446330070495614 0.088645815849304213 0.0069070458412170419 0.15901005268096927 0.0423535704612732 0.01588380336761475 -0.015417754650115965
decision_type=10 2 8 10 10 10 8 10 8 8 2 8 10 10 8 10 8 8 8 8 10 10 10 8 2 10 2 2 10 2
left_child=2 19 16 4 9 -5 -3 -6 -8 10 -4 12 -12 -7 15 -14 -1 18 -18 20 -2 -10 -23 29 25 26 -25 28 -27 -11
right_child=1 6 3 5 7 13 8 -9 21 23 11 -13 14 -15 -16 -17 17 -19 -20 -21 -22 22 -24 24 -26 27 -28 -29 -30 -31
leaf_value=-0.0015927695369949411 0.00079267887844476897 0.00026951689285266797 -0.00055248206947434042 -5.476789102005094e-05 3.3377977468816753e-05 -0.00025962311932653477 0.00010564801703486518 -0.00012823769524969385 -0.00021750720910914702 1.4423585444537488e-05 1.4716612936169728e-05 2.4265029001619424e-05 0.00045737445749146222 -0.00093806871933115087 6.752070414604371e-05 0.00012959015525158051 -0.00021997090074520558 -0.00050298410989245976 0.00022912653617760748 0.00082014293982179086 0.00013332402124484341 6.9077230160307645e-05 0.001223526493251686 -5.170877379004292e-06 0.0010773357862916017 4.7953605655428634e-05 -0.0006090019310185592 5.8345295225401266e-06 0.00015033465833652691 -9.532898859366058e-06
leaf_weight=179 1445 15139 1504 23543 23529 14124 52706 57952 7584 720089 22867 105281 9270 788 7420 6260 11464 3730 2073 4756 1964 2538 269 310304 580 139318 1161 137268 41981 2870699
leaf_count=179 1445 15139 1504 23543 23529 14124 52706 57952 7584 720089 22867 105281 9270 788 7420 6260 11464 3730 2073 4756 1964 2538 269 310304 580 139318 1161 137268 41981 2870699
internal_value=1.50248e-10 0.000159886 -3.06197e-06 -2.13702e-06 -8.76872e-07 -0.000148137 0.000108706 -8.15686e-05 7.01185e-05 6.26311e-07 4.98842e-05 5.58837e-05 0.000128537 -0.000295535 0.00024194 0.000325264 -0.000241307 -0.000227206 -0.000151186 0.00065021 0.000412961 -0.00011009 0.000180107 -1.15435e-06 1.91985e-05 1.82227e-05 -7.42363e-06 4.32972e-05 7.16613e-05 -4.72871e-06
internal_weight=4.59778e+06 86401 4.51138e+06 4.49394e+06 4.45548e+06 38455 78236 81481 63097 4.374e+06 152602 151098 45817 14912 22950 15530 17446 17267 13537 8165 3409 10391 2807 4.2214e+06 630612 630032 311465 318567 181299 3.59079e+06
internal_count=4597785 86401 4511384 4493938 4455483 38455 78236 81481 63097 4374002 152602 151098 45817 14912 22950 15530 17446 17267 13537 8165 3409 10391 2807 4221400 630612 630032 311465 318567 181299 3590788
is_linear=0
shrinkage=0.05


Tree=35
num_leaves=31
num_cat=0
split_feature=0 5 0 5 1 9 8 4 2 2 8 0 5 4 1 2 1 9 7 2 2 6 1 2 8 4 2 3 5 9
split_gain=0.812641 0.782735 0.36609 0.279589 0.279448 0.194512 0.184216 0.17572 0.161197 0.162828 0.160954 0.210955 0.26322 0.222083 0.396791 0.213902 0.210409 0.219494 0.207481 0.19375 0.189771 0.253375 0.17184 0.160564 0.155371 0.158353 0.151647 0.185496 0.180467 0.188293
threshold=0.083180189132690444 1.0000000180025095e-35 -0.092244744300842271 0.064732134342193617 0.17074912786483767 1.249049246311188 0.69579994678497326 -0.06666663289070128 -0.1833333075046539 0.49909496307373052 1.6920502185821535 0.024657547473907474 0.030534327030181888 -0.015417754650115965 -0.090987533330917345 0.10524976253509523 -0.11980420351028441 0.8452449142932893 0.030590517446398739 -0.014673858880996702 -0.20621237158775327 0.042344646528363235 -0.17448747158050534 0.63825666904449474 3.0636918544769292 0.013081252574920656 -0.11999997496604918 -0.019632369279861447 0.047252714633941657 0.92235252261161815
decision_type=10 2 8 2 10 8 8 2 10 10 10 8 2 2 8 8 8 10 8 10 8 8 10 8 10 2 8 10 2 8
left_child=2 -2 3 8 10 7 -3 -5 -1 -10 11 13 -13 14 20 -14 17 18 -15 -12 21 22 -4 -8 25 -6 27 -18 29 -28
right_child=1 6 4 5 24 -7 23 -9 9 -11 19 12 15 16 -16 -17 26 -19 -20 -21 -22 -23 -24 -25 -26 -27 28 -29 -30 -31
leaf_value=-0.00075749261492801933 0.00061771025190581635 0.00050715481852579901 0.00044605679961701866 -6.6797965987434727e-05 2.0257274368322488e-05 -0.00021979884703382711 0.00011055929064716466 0.00032767607701097745 -0.00021638822167299772 -0.0012275465475623899 -8.0089780333951574e-05 0.00018968738712124079 5.4565967037570657e-05 -0.00042263140237692602 7.3325524099231401e-06 -2.7763122162304207e-05 0.00018709702414123849 7.9843457548605816e-05 -0.00011542598869864677 -4.1589094126487789e-06 7.4951130421524947e-05 0.00052746656821128725 5.281782815709293e-05 -0.00015442486294575135 -0.000363742317800288 -0.0001623385814191708 -1.7182287125317838e-05 1.7631510012825698e-05 -5.2003524327296665e-05 1.3171057484690652e-05
leaf_weight=2341 8165 2724 3544 9158 20466 12574 69282 4080 6546 423 133471 26628 232676 6807 787866 119369 17135 11148 28531 226719 100564 5599 12844 6230 5600 28280 1382943 280004 235776 810292
leaf_count=2341 8165 2724 3544 9158 20466 12574 69282 4080 6546 423 133471 26628 232676 6807 787866 119369 17135 11148 28531 226719 100564 5599 12844 6230 5600 28280 1382943 280004 235776 810292
internal_value=1.4985e-10 0.000151893 -2.9089e-06 -0.000163703 -1.64723e-06 -7.89729e-05 0.000103272 5.47959e-05 -0.000398585 -0.00027793 -2.62245e-07 2.57847e-06 3.81155e-05 -1.07528e-06 2.03512e-05 2.66504e-05 -8.11083e-06 -0.000113589 -0.000174612 -3.22958e-05 0.000104046 0.000237108 0.00013788 8.86954e-05 -0.000114336 -8.56769e-05 -6.31218e-06 2.74046e-05 -1.04367e-05 -5.96822e-06
internal_weight=4.59778e+06 86401 4.51138e+06 35122 4.47626e+06 25812 78236 13238 9310 6969 4.42192e+06 4.06173e+06 378673 3.68305e+06 910417 352045 2.77264e+06 46486 35338 360190 122551 21987 16388 75512 54346 48746 2.72615e+06 297139 2.42901e+06 2.19324e+06
internal_count=4597785 86401 4511384 35122 4476262 25812 78236 13238 9310 6969 4421916 4061726 378673 3683053 910417 352045 2772636 46486 35338 360190 122551 21987 16388 75512 54346 48746 2726150 297139 2429011 2193235
is_linear=0
shrinkage=0.05


Tree=36
num_leaves=31
num_cat=0
split_feature=0 5 0 5 8 0 8 4 1 3 5 2 2 5 5 0 1 1 2 8 7 4 9 4 3 6 1 7 3 4
split_gain=0.736602 0.508842 0.332166 0.265024 0.182171 0.186756 0.34669 0.175978 0.314634 0.182505 0.210457 0.160438 0.168993 0.156875 0.155858 0.168029 0.174525 0.14481 0.168695 0.13836 0.185573 0.136839 0.134805 0.140246 0.131549 0.188381 0.131007 0.130594 0.129893 0.202281
threshold=0.09951645135879518 0.011111199855804445 -0.099913775920867906 0.13562166690826419 1.8301854133605959 0.0421779751777649 0.77972909808158886 -0.022497236728668209 -0.10277900099754332 -0.042735069990158074 0.020256698131561283 -0.023878306150436398 0.15942525863647464 0.056185185909271247 0.067796647548675551 0.01870745420455933 0.04534882307052613 -0.20259189605712888 -0.20621237158775327 2.6850341558456425 0.040837334468960769 -0.087176948785781846 0.5018262267112733 -0.0056818425655364982 -0.021333009004592892 0.059516645967960365 -0.13164439797401425 0.05026040971279145 -0.011706531047821043 0.10893654823303224
decision_type=10 2 8 2 10 10 8 2 8 8 2 10 10 2 2 8 10 10 8 8 8 2 8 2 8 8 8 8 8 2
left_child=2 -2 -1 4 5 7 -7 8 17 10 -9 -6 -13 -8 15 22 -17 18 -4 20 -3 -5 23 -11 25 -10 -25 -15 -23 -30
right_child=1 19 3 21 11 6 13 9 24 14 -12 12 -14 27 -16 16 -18 -19 -20 -21 -22 28 -24 26 -26 -27 -28 -29 29 -31
leaf_value=-0.00022021427803323087 0.00053276839629151109 0.00030634122691693502 0.0006246424971868941 -0.00045872684047903431 -9.2835187146713221e-05 0.00032810203697199348 0.00014939364354208111 -0.00048908123387326682 0.00026148471162054285 1.4274474096603258e-05 -7.8815797656941444e-05 6.8439483347782276e-06 -0.00011485725132237253 3.2718212890924874e-05 -5.754446777894701e-05 4.6810202136680259e-05 -2.5891466080863841e-05 9.673380240552955e-05 0.00011267579408118796 -1.0056179392788141e-06 8.5977741428841072e-05 -0.00025448170283215926 -2.4402012479973207e-06 -0.00029095636120681021 5.5371709826426101e-06 -4.5200655774759569e-05 -5.9930473270960593e-05 -0.00012465661934968418 -4.9844492543488613e-05 0.00093283740156052295
leaf_weight=17446 8166 14646 2921 3487 93452 11052 24425 3665 12080 73798 21221 169067 34313 83861 127783 317634 111534 74871 3582 18641 27478 9337 2645068 6400 498730 8551 148507 15640 9877 552
leaf_count=17446 8166 14646 2921 3487 93452 11052 24425 3665 12080 73798 21221 169067 34313 83861 127783 317634 111534 74871 3582 18641 27478 9337 2645068 6400 498730 8551 148507 15640 9877 552
internal_value=1.34746e-10 0.000162217 -2.46891e-06 -1.62682e-06 -7.54506e-07 1.92624e-06 5.97846e-05 9.47014e-10 2.49787e-05 -4.34127e-06 -0.000139253 -3.8607e-05 -1.36892e-05 3.5853e-05 -3.36259e-06 -1.26641e-06 2.79162e-05 0.000116394 0.0003427 0.000112412 0.000162601 -0.000169988 -5.62453e-06 -4.24524e-05 1.06554e-05 0.000134376 -6.94772e-05 7.98035e-06 -0.000119029 2.25265e-06
internal_weight=4.59778e+06 68931 4.52885e+06 4.51141e+06 4.48816e+06 4.19132e+06 134978 4.05634e+06 600735 3.45561e+06 24886 296832 203380 123926 3.43072e+06 3.30294e+06 429168 81374 6503 60765 42124 23253 2.87377e+06 228705 519361 20631 154907 99501 19766 10429
internal_count=4597785 68931 4528854 4511408 4488155 4191323 134978 4056345 600735 3455610 24886 296832 203380 123926 3430724 3302941 429168 81374 6503 60765 42124 23253 2873773 228705 519361 20631 154907 99501 19766 10429
is_linear=0
shrinkage=0.05


Tree=37
num_leaves=31
num_cat=0
split_feature=0 8 0 8 5 0 5 1 9 5 5 1 1 5 6 2 9 6 1 6 1 7 0 1 8 4 2 2 7 3
split_gain=0.67348 0.309031 0.30533 0.246527 0.240425 0.371885 0.310534 0.250181 0.196916 0.143481 0.134406 0.132919 0.130318 0.127154 0.129152 0.124822 0.118972 0.136415 0.201862 0.264458 0.176151 0.168122 0.155913 0.130687 0.251491 0.153651 0.146718 0.123162 0.251904 0.134619
threshold=0.099948883056640639 0.69579994678497326 -0.092244744300842271 0.64171504974365245 0.074613749980926528 0.047326207160949714 0.045926451683044441 0.17074912786483767 1.7765243649482729 0.15901005268096927 0.010104656219482424 -0.064516156911849962 0.31152415275573736 0.12499994039535524 0.089947186410427107 0.63825666904449474 0.45786227285861975 0.024732946418225769 0.013677179813385012 0.048893684521317489 -0.043831139802932732 0.045734647661447532 -0.051459103822708123 -0.016509383916854855 1.1686154007911684 -0.015417754650115965 0.027323961257934574 0.23897504806518557 0.018792398273944858 -0.0022270977497100826
decision_type=10 10 8 10 2 8 2 8 10 2 2 10 10 2 10 10 8 8 10 10 10 8 8 8 8 2 8 8 8 8
left_child=2 9 3 -1 5 16 12 -6 -5 -2 -10 -12 -7 -3 -15 -16 -4 23 19 22 21 -21 -19 24 25 -18 -26 29 -29 -25
right_child=1 13 4 8 7 6 -8 -9 10 -11 11 -13 -14 14 15 -17 17 18 -20 20 -22 -23 -24 27 26 -27 -28 28 -30 -31
leaf_value=-0.00044600071958195067 0.00056939139993491508 0.00018392958030066621 -4.1835164934287448e-05 -1.4624094837744307e-05 -2.4586812128009588e-05 0.00026499481315463619 6.0283680722272609e-05 -0.00015384414205231225 -0.0013646527123468057 -0.0010087734962399811 -0.00012073407690135227 -0.00058431276326074489 0.00078423796230612229 -9.7400775071364656e-05 0.00049583544273549879 -0.00046801561265595544 2.7494478074741014e-05 0.00012510463978329046 -8.560061640209529e-06 0.00026026153298970214 3.077634719349162e-05 6.4855118886970894e-05 1.6482064867234572e-05 2.6731866931109649e-05 -9.5418162090238123e-05 -2.1778825158483948e-05 6.219182775825723e-05 -0.00076232358227046272 -5.7446227761773748e-05 -3.6716611322243722e-06
leaf_weight=5823 5517 34679 159069 21922 341736 14579 61822 42040 291 147 4807 2279 1317 8814 1882 408 220925 34837 507378 27561 33016 18328 638531 540252 135029 557396 16578 1305 43007 1116510
leaf_count=5823 5517 34679 159069 21922 341736 14579 61822 42040 291 147 4807 2279 1317 8814 1882 408 220925 34837 507378 27561 33016 18328 638531 540252 135029 557396 16578 1305 43007 1116510
internal_value=1.40441e-10 0.000179889 -2.03555e-06 -0.000148886 -8.92215e-07 2.62754e-06 0.000110966 -3.87464e-05 -8.98227e-05 0.000528262 -0.000313256 -0.000269892 0.000308061 0.00013678 -1.04771e-05 0.000323981 5.48394e-07 2.28125e-06 1.58121e-05 3.22501e-05 0.000118853 0.00018222 2.21019e-05 -4.19694e-06 -1.92686e-05 -7.79267e-06 -7.81834e-05 4.04231e-06 -7.82218e-05 6.24261e-06
internal_weight=4.59778e+06 51447 4.54634e+06 35122 4.51122e+06 4.12744e+06 77718 383776 29299 5664 7377 7086 15896 45783 11104 2290 4.04972e+06 3.89065e+06 1.25965e+06 752273 78905 45889 673368 2.631e+06 929928 778321 151607 1.70107e+06 44312 1.65676e+06
internal_count=4597785 51447 4546338 35122 4511216 4127440 77718 383776 29299 5664 7377 7086 15896 45783 11104 2290 4049722 3890653 1259651 752273 78905 45889 673368 2631002 929928 778321 151607 1701074 44312 1656762
is_linear=0
shrinkage=0.05


Tree=38
num_leaves=31
num_cat=0
split_feature=0 5 8 2 5 1 9 0 9 8 2 5 1 2 5 1 4 6 1 6 7 8 7 6 6 5 0 9 7 2
split_gain=0.618224 0.59846 0.332212 0.237645 0.22389 0.33877 0.222248 0.173871 0.173175 0.161362 0.159434 0.154087 0.152633 0.144184 0.12228 0.190006 0.186865 0.127565 0.124601 0.118456 0.117019 0.110094 0.109925 0.128654 0.107817 0.105274 0.1023 0.204796 0.162456 0.13487
threshold=0.083180189132690444 1.0000000180025095e-35 4.9169352054595956 0.32530534267425543 1.0000000180025095e-35 -0.02177709341049194 1.6317515373229983 -0.092244744300842271 0.74283495545387279 1.1871164441108706 -0.2138203680515289 0.090920805931091322 -0.17448747158050534 0.20644766092300418 0.050104439258575446 -0.20259189605712888 -0.022926270961761471 0.048893684521317489 -0.13894048333168027 0.089947186410427107 0.022043607197701934 0.65612038969993602 0.037535358220338828 0.089947186410427107 0.038454582914710052 0.082216322422027602 0.01946276426315308 1.2568884491920473 0.033332915976643569 0.0036900639533996586
decision_type=10 2 10 10 2 8 8 8 10 8 8 2 10 8 2 8 2 10 8 8 8 8 8 10 10 2 8 10 8 10
left_child=2 19 3 4 5 6 -1 21 -9 25 14 26 -4 -11 17 16 -16 18 -6 -2 -10 -5 -15 -24 -14 -3 29 28 -28 -12
right_child=1 9 12 7 10 -7 -8 8 20 13 11 -13 24 22 15 -17 -18 -19 -20 -21 -22 -23 23 -25 -26 -27 27 -29 -30 -31
leaf_value=-0.00036288320129599115 0.00043223899107328593 0.0004534291342285741 -0.00092798392730279982 -0.0010583437995712551 -0.00026254441057247188 0.00017276891049364037 -0.0012701879391537 5.617938972670595e-05 -0.0008164823685656178 0.00011645711250677938 -1.1149988320715177e-05 -5.1537299094033148e-05 -5.9391139030044883e-05 0.0001347370557226159 0.00059930770396716222 8.1803724298808487e-05 -2.2328185516007626e-05 0.00022702347178116586 9.8736253579541921e-06 0.00087740252053440215 -0.00010523526727849466 -0.00030270339098291627 -0.00014133682015031573 0.00033076420339850295 -0.0003799914974125868 0.00015638200574375432 7.6612452568788859e-05 -8.9658438868312078e-06 2.4384166464773033e-06 8.7576975891828224e-06
leaf_weight=4514 6194 4085 824 566 4548 2907 793 20484 583 37882 2055990 147732 5184 6754 3647 47650 1808 6213 54323 1971 59567 3229 16884 1577 5307 11054 190511 323150 120518 1451336
leaf_count=4514 6194 4085 824 566 4548 2907 793 20484 583 37882 2055990 147732 5184 6754 3647 47650 1808 6213 54323 1971 59567 3229 16884 1577 5307 11054 190511 323150 120518 1451336
internal_value=1.08622e-10 0.000132484 -2.53721e-06 -1.85682e-06 -2.67992e-07 -0.000261051 -0.000498671 -8.49515e-05 -6.93823e-05 8.99687e-05 2.18081e-07 -1.3605e-06 -0.000273111 5.47936e-05 5.75065e-05 0.000113808 0.000393307 1.15662e-05 -1.11758e-05 0.000539794 -0.000112142 -0.000415651 -3.78481e-05 -0.000100993 -0.000221591 0.00023656 4.29371e-07 1.89097e-05 4.78715e-05 -2.91216e-06
internal_weight=4.59778e+06 86401 4.51138e+06 4.50007e+06 4.41564e+06 8214 5307 84429 80634 78236 4.40743e+06 4.28924e+06 11315 63097 118189 53105 5455 65084 58871 8165 60150 3795 25215 18461 10491 15139 4.1415e+06 634179 311029 3.50733e+06
internal_count=4597785 86401 4511384 4500069 4415640 8214 5307 84429 80634 78236 4407426 4289237 11315 63097 118189 53105 5455 65084 58871 8165 60150 3795 25215 18461 10491 15139 4141505 634179 311029 3507326
is_linear=0
shrinkage=0.05


Tree=39
num_leaves=31
num_cat=0
split_feature=0 8 9 0 0 7 4 0 5 5 1 8 8 5 1 4 5 6 3 5 2 5 9 7 3 3 2 5 6 0
split_gain=0.559598 0.271849 0.253709 0.209405 0.206948 0.173834 0.255119 0.158185 0.363992 0.149066 0.150196 0.202061 0.147638 0.15399 0.387955 0.135218 0.132947 0.126651 0.121873 0.118884 0.118144 0.152826 0.196246 0.112399 0.111097 0.146378 0.141589 0.109407 0.104958 0.147831
threshold=0.099948883056640639 3.861013770103455 0.68191692233085643 -0.099913775920867906 0.028966128826141361 0.05026040971279145 0.026120960712432865 0.047326207160949714 0.056185185909271247 1.0000000180025095e-35 -0.17448747158050534 0.82410019636154186 1.0232792496681216 0.0077120661735534677 0.0058176517486572274 -0.011646002531051634 0.15901005268096927 0.022555657662451271 0.00081568956375122081 0.12499994039535524 0.21371173858642581 0.12499994039535524 1.0525113344192507 0.023459312506020073 -0.071529179811477647 -0.0029586255550384517 -0.28293588757514948 0.15901005268096927 0.081208650022745146 0.10044640302658082
decision_type=10 10 10 8 10 10 2 8 2 2 8 10 8 2 8 2 2 10 10 2 8 2 8 8 10 10 8 2 10 10
left_child=1 3 -2 20 16 7 -7 9 12 -5 11 15 -9 14 -14 -11 -3 -16 -8 -4 21 23 -23 -1 -13 -26 -27 -12 29 -21
right_child=2 4 19 5 -6 6 18 8 -10 10 27 24 13 -15 17 -17 -18 -19 -20 28 -22 22 -24 -25 25 26 -28 -29 -30 -31
leaf_value=-0.0014521654949417365 0.00050333793218679658 -0.00026876849473776151 0.00017252566344009139 -0.00029381846987516601 -4.5054835837557945e-05 -1.4411529829003783e-05 -0.00020386703753731158 0.00040708176249830039 1.58139780890907e-05 0.00012475486788606223 -1.7640690026742064e-07 0.00067508681697914892 -0.0021424869711946458 0.00010214227204104225 0.0010088854152755697 -0.00028695098268372341 -0.0009419954821023827 9.509008909358536e-05 -2.5917775377710463e-05 0.00011515742011698499 -0.00041704893082442215 0.0010405022352998991 -3.8042022290809924e-05 -0.00015631249563005602 5.4729663256566867e-05 0.00088321350828162067 0.00025143114157696287 -0.00032197432711151544 0.00020977023920369086 -0.00032704229327429232
leaf_weight=169 4974 11189 35341 4312 18124 144051 31834 7304 132621 4529 4121870 1462 123 18943 1321 3562 784 532 13790 3557 3928 617 1328 10756 6221 1245 3081 2642 3544 4031
leaf_count=169 4974 11189 35341 4312 18124 144051 31834 7304 132621 4529 4121870 1462 123 18943 1321 3562 784 532 13790 3557 3928 617 1328 10756 6221 1245 3081 2642 3544 4031
internal_value=8.12474e-11 -1.85553e-06 0.000163976 -8.57408e-07 -0.000151625 -1.99542e-07 -4.70463e-05 1.86222e-06 5.0513e-05 -2.38702e-08 2.81861e-07 0.000136625 0.000213559 0.000145972 0.000565888 -5.65085e-05 -0.000312927 0.000746726 -0.000150083 0.000127644 -0.00017706 -0.000103788 0.000304457 -0.000176489 0.000266742 0.00021008 0.000433417 -3.82616e-07 -1.4845e-05 -0.000119766
internal_weight=4.59778e+06 4.54634e+06 51447 4.51624e+06 30097 4.49944e+06 189675 4.30977e+06 160844 4.14892e+06 4.14461e+06 20100 28223 20919 1976 8091 11973 1853 45624 46473 16798 12870 1945 10925 12009 10547 4326 4.12451e+06 11132 7588
internal_count=4597785 4546338 51447 4516241 30097 4499443 189675 4309768 160844 4148924 4144612 20100 28223 20919 1976 8091 11973 1853 45624 46473 16798 12870 1945 10925 12009 10547 4326 4124512 11132 7588
is_linear=0
shrinkage=0.05


Tree=40
num_leaves=31
num_cat=0
split_feature=0 5 8 2 5 7 0 3 4 4 8 8 1 4 2 1 1 3 6 3 3 7 6 8 0 2 8 2 0 3
split_gain=0.510276 0.500481 0.278858 0.215479 0.256588 0.226402 0.215296 0.214211 0.223932 0.21138 0.142015 0.141966 0.136005 0.210752 0.163005 0.134838 0.130209 0.126564 0.223486 0.146726 0.125184 0.118567 0.168958 0.117106 0.185739 0.182093 0.159984 0.156277 0.152473 0.244498
threshold=0.083180189132690444 1.0000000180025095e-35 4.9169352054595956 0.23897504806518557 1.0000000180025095e-35 0.01858041808009148 -0.04619097709655761 -0.011453181505203245 0.10893654823303224 -0.087176948785781846 1.3181616067886355 1.3181616067886355 -0.17448747158050534 -0.028839528560638424 -0.24467906355857846 -0.17448747158050534 inf -0.071529179811477647 0.059516645967960365 -0.011706531047821043 0.027942299842834476 0.042952382937073715 0.089947186410427107 1.6678165197372439 0.025845348834991459 -0.014673858880996702 0.81140431761741649 0.073357105255126967 -0.029360204935073849 -0.050491750240325921
decision_type=10 2 10 8 2 8 10 8 2 2 8 10 8 2 10 10 8 8 10 10 10 8 10 8 8 10 10 10 10 10
left_child=2 -2 3 4 6 -5 -1 11 9 16 20 -7 13 14 -6 -4 -9 18 -15 -19 -3 -12 -23 24 28 -25 -26 -28 -14 -30
right_child=1 10 15 5 12 7 -8 8 -10 -11 21 -13 23 17 -16 -17 -18 19 -20 -21 -22 22 -24 25 26 -27 27 -29 29 -31
leaf_value=-0.00045765672169608784 0.00049284141460500272 0.00012363787076779441 -0.00086571548820409757 -0.00066600959509723967 0.00048039089872400323 -8.8211690138102251e-05 0.00012968234997646485 -0.00033194704211281294 0.0010188722061978367 -1.3642733485656306e-05 9.7946082318787895e-05 -0.00028578044409345213 2.9790468861184274e-05 0.00051684097915513649 0.00012395324358857083 -0.00020177868250376781 -0.0015093381914084603 -0.00029060365349785019 -0.001007687194289021 5.0861990345551009e-05 0.00041216159779130617 -9.5404549906507994e-05 0.00036017227231675613 -7.0448108816149722e-05 0.00012871386781575394 2.098670813116489e-07 5.3769213370296407e-05 -2.8617066009224725e-05 -0.00045579914974165316 -2.988471707354791e-06
leaf_weight=5428 8165 14726 824 1461 4918 49151 2189 2857 519 198409 36297 11156 388728 1962 9222 10491 255 5003 273 8472 5048 19899 2266 141817 44463 255379 170851 86805 2983 3107768
leaf_count=5428 8165 14726 824 1461 4918 49151 2189 2857 519 198409 36297 11156 388728 1962 9222 10491 255 5003 273 8472 5048 19899 2266 141817 44463 255379 170851 86805 2983 3107768
internal_value=6.29689e-11 0.000120363 -2.30512e-06 -1.68175e-06 1.04858e-06 -4.55256e-05 -0.00028887 -4.20677e-05 -1.73833e-05 -2.00571e-05 8.14835e-05 -0.000124763 1.57088e-06 0.000107919 0.00024795 -0.000250201 -0.000428877 -1.81258e-05 0.000330256 -7.59296e-05 0.000197311 4.23038e-05 -4.88153e-05 8.14805e-07 3.51389e-06 -2.50184e-05 4.1128e-05 2.60131e-05 2.66564e-07 -3.42283e-06
internal_weight=4.59778e+06 86401 4.51138e+06 4.50007e+06 4.23626e+06 263808 7617 262347 202040 201521 78236 60307 4.22864e+06 29850 14140 11315 3112 15710 2235 13475 19774 58462 22165 4.19879e+06 3.8016e+06 397196 302119 257656 3.49948e+06 3.11075e+06
internal_count=4597785 86401 4511384 4500069 4236261 263808 7617 262347 202040 201521 78236 60307 4228644 29850 14140 11315 3112 15710 2235 13475 19774 58462 22165 4198794 3801598 397196 302119 257656 3499479 3110751
is_linear=0
shrinkage=0.05


Tree=41
num_leaves=31
num_cat=0
split_feature=0 8 6 9 3 4 5 3 2 3 4 4 1 7 3 1 6 8 5 1 5 6 1 1 2 2 3 9 3 8
split_gain=0.46426 0.242942 0.212881 0.212016 0.183357 0.321028 0.258762 0.236326 0.216307 0.178538 0.175551 0.14437 0.266343 0.184208 0.20884 0.179772 0.178158 0.177077 0.172424 0.154287 0.153765 0.152352 0.297179 0.160177 0.201869 0.154272 0.300502 0.142783 0.139266 0.138072
threshold=0.099948883056640639 2.1326175928115849 0.054059090092778213 0.68191692233085643 0.015296399593353273 -0.006696373224258422 1.0000000180025095e-35 0.044776141643524177 0.35084515810012823 -0.071529179811477647 0.088645815849304213 -0.017241388559341427 -0.086254566907882677 0.042952382937073715 -0.071529179811477647 -0.11980420351028441 0.044313877820968635 1.3680835366249087 0.066964328289031996 -0.20259189605712888 0.06125158071517945 0.035938372835516937 0.0305590033531189 -0.015979260206222531 0.010870397090911867 -0.099232912063598619 -0.013953536748886107 0.88667544722557079 -0.050491750240325921 1.1497531533241274
decision_type=10 10 8 10 8 2 2 10 10 10 2 2 8 8 10 8 10 8 2 10 2 10 10 10 10 8 10 10 10 10
left_child=1 4 -3 -2 6 -6 -1 10 11 -4 -7 12 19 14 -13 16 -16 -14 27 20 -8 23 -23 24 -17 26 -25 -18 -15 -10
right_child=3 2 9 -5 5 7 8 -9 29 -11 -12 13 17 28 15 21 18 -19 -20 -21 -22 22 -24 25 -26 -27 -28 -29 -30 -31
leaf_value=-0.00031181113969975849 0.00045958304250106539 -3.9216897338984373e-05 -0.00084587264562359051 0.000116143390810661 -1.0096558088584611e-05 8.8002103263440878e-05 -0.00011133675698314153 0.00038500262331307407 -4.9193047158246419e-05 -0.00017862290813457234 0.00095089002699953393 0.00034853811478110727 1.6453824937317177e-05 -0.00027976122644883067 -0.00020812578880864872 -3.5054437680893996e-05 -1.1813921144748759e-05 -6.0074335628592106e-05 -0.00033499485766640353 6.9768198349857847e-05 0.00042328302516746473 7.9585910349760884e-05 -2.2762256928253805e-05 0.00027711551412167495 2.1572598492069424e-05 -1.0914280688789588e-07 3.0171374337372019e-05 0.00039456280606420702 -3.7034647158319417e-05 -0.00022146625541786193
leaf_weight=6703 4974 177208 1062 46473 103780 76846 1743 7703 42405 17652 593 4279 566256 6033 20374 646946 6063 87233 2486 131337 5883 162235 126014 13202 207980 1634423 184086 3358 286429 16026
leaf_count=6703 4974 177208 1062 46473 103780 76846 1743 7703 42405 17652 593 4279 566256 6033 20374 646946 6063 87233 2486 131337 5883 162235 126014 13202 207980 1634423 184086 3358 286429 16026
internal_value=3.45952e-11 -1.69013e-06 -5.61546e-05 0.000149356 7.62701e-07 4.89393e-05 -1.42441e-06 0.000120898 -9.23586e-07 -0.000216532 9.4622e-05 4.38978e-07 1.96052e-05 -4.1581e-06 -4.78868e-07 -9.75612e-07 -0.000118332 6.23815e-06 3.53178e-05 8.24648e-05 0.000301092 2.97883e-07 3.48424e-05 -3.4084e-06 -2.12786e-05 4.93229e-06 4.66976e-05 0.000133061 -4.20426e-05 -9.64458e-05
internal_weight=4.59778e+06 4.54634e+06 195922 51447 4.35042e+06 188922 4.16149e+06 85142 4.15479e+06 18714 77439 4.09636e+06 792452 3.30391e+06 3.01145e+06 3.00717e+06 32281 653489 11907 138963 7626 2.97489e+06 288249 2.68664e+06 854926 1.83171e+06 197288 9421 292462 58431
internal_count=4597785 4546338 195922 51447 4350416 188922 4161494 85142 4154791 18714 77439 4096360 792452 3303908 3011446 3007167 32281 653489 11907 138963 7626 2974886 288249 2686637 854926 1831711 197288 9421 292462 58431
is_linear=0
shrinkage=0.05


Tree=42
num_leaves=31
num_cat=0
split_feature=0 5 1 0 8 8 2 8 2 3 0 4 4 8 7 3 9 1 6 0 1 1 2 1 7 2 2 6 4 6
split_gain=0.423822 0.42364 0.243604 0.171089 0.127383 0.127153 0.138298 0.124207 0.133659 0.119443 0.178508 0.161396 0.146288 0.276813 0.2129 0.203039 0.179959 0.220226 0.144387 0.174814 0.139682 0.132469 0.132379 0.142623 0.130347 0.128501 0.122148 0.140451 0.116381 0.115822
threshold=0.083180189132690444 1.0000000180025095e-35 0.18626886606216433 -0.099913775920867906 3.3820896148681645 2.5511919260025029 -0.0026434659957885738 1.155855715274811 0.19983518123626712 0.0064446330070495614 0.0069070458412170419 0.088645815849304213 -0.013436704874038695 1.1686154007911684 0.045191640034317977 -0.022417664527893063 0.58731031417846691 -0.12531790137290952 0.061007544398307807 -0.06495764851570128 -0.10277900099754332 -0.043831139802932732 0.060005307197570808 0.017857134342193607 0.018374507315456871 -0.099232912063598619 -0.17067304253578183 0.033489486202597625 -0.06666663289070128 0.027780283242464069
decision_type=10 2 10 8 10 10 10 8 8 8 8 2 2 8 10 10 8 10 10 10 10 8 10 10 8 8 8 10 2 10
left_child=2 -2 3 -1 -4 9 -7 -3 -9 12 21 -12 13 15 16 18 17 25 19 -5 26 -11 -16 -24 -15 -14 27 -17 -8 -6
right_child=1 7 4 5 29 6 28 8 -10 10 11 -13 14 24 22 20 -18 -19 -20 -21 -22 -23 23 -25 -26 -27 -28 -29 -30 -31
leaf_value=-0.00016108646005100918 0.00045238720390763281 0.00020854933288116299 -9.3616634046133826e-05 0.00045825853731553605 0.00039125959277058997 -0.00014219105394859807 -0.00035817776452378661 0.00010539921222129303 -4.0963333822583651e-05 4.473416138113498e-05 4.5016416873683913e-05 0.00087203369846962668 -0.0004183320388175594 -0.00010402302132350163 -1.6606972763180696e-05 7.0520304199192402e-05 3.0048838712285714e-07 -3.0669498233531317e-05 -1.0803815674621091e-05 0.0001258213363388719 1.8607228858377521e-05 -2.6120862544976081e-05 -4.9701341551234646e-05 -0.00018538050398235774 -1.2311339553004045e-05 -5.816377182092761e-05 5.5153462930195573e-05 0.0003678017102709528 6.1282557183059955e-07 -0.00048670477213022946
leaf_weight=16620 8165 14054 38596 6497 420 32153 2352 37451 26731 92438 328574 590 5881 50784 70261 7990 2314873 363789 7306 10106 576167 230327 42746 35417 163391 4278 41137 7903 57285 3503
leaf_count=16620 8165 14054 38596 6497 420 32153 2352 37451 26731 92438 328574 590 5881 50784 70261 7990 2314873 363789 7306 10106 576167 230327 42746 35417 163391 4278 41137 7903 57285 3503
internal_value=4.23263e-11 0.000109693 -2.1008e-06 -9.67477e-07 -0.000121214 -3.69725e-07 -5.86081e-05 7.39233e-05 4.44414e-05 8.56238e-07 2.05934e-05 4.65014e-05 -2.6134e-06 1.53068e-05 -8.11646e-06 3.13966e-05 -4.89849e-06 -3.7082e-05 0.000174425 0.000255929 2.59957e-05 -5.82832e-06 -6.64122e-05 -0.000111181 -3.40579e-05 -0.000266684 0.000100639 0.000218361 -1.35431e-05 -0.000392633
internal_weight=4.59778e+06 86401 4.51138e+06 4.46886e+06 42519 4.45224e+06 91790 78236 64182 4.36046e+06 651929 329164 3.70853e+06 871281 2.83724e+06 657106 2.68882e+06 373948 23909 16603 633197 322765 148424 78163 214175 10159 57030 15893 59637 3923
internal_count=4597785 86401 4511384 4468865 42519 4452245 91790 78236 64182 4360455 651929 329164 3708526 871281 2837245 657106 2688821 373948 23909 16603 633197 322765 148424 78163 214175 10159 57030 15893 59637 3923
is_linear=0
shrinkage=0.05


Tree=43
num_leaves=31
num_cat=0
split_feature=0 0 5 0 8 1 6 8 5 3 1 2 6 9 8 4 9 5 2 6 5 1 9 6 1 6 1 7 0 1
split_gain=0.386255 0.211171 0.180173 0.270316 0.292416 0.189293 0.18089 0.177437 0.174625 0.163442 0.133241 0.131415 0.156626 0.143044 0.128091 0.126697 0.157659 0.11853 0.109559 0.0994976 0.216616 0.127173 0.0977426 0.109737 0.16281 0.229645 0.153393 0.140711 0.13388 0.109814
threshold=0.099948883056640639 -0.092244744300842271 0.074613749980926528 0.047326207160949714 0.86283263564109813 0.17074912786483767 0.0038460063515231018 0.69579994678497326 0.064732134342193617 0.019258260726928714 -0.20259189605712888 -0.1833333075046539 0.057001238688826568 5.2858159542083749 0.52176252007484447 -0.06666663289070128 1.5924385190010073 0.15901005268096927 0.63825666904449474 0.089947186410427107 0.15901005268096927 0.20945948362350467 0.45786227285861975 0.024732946418225769 0.013677179813385012 0.048893684521317489 -0.043831139802932732 0.045734647661447532 -0.057142764329910271 -0.0025745630264282222
decision_type=10 8 2 10 10 8 10 10 2 10 8 10 10 8 8 2 8 2 10 10 2 10 8 8 10 10 10 8 8 8
left_child=1 8 3 22 -5 -4 -6 17 11 10 -10 -1 13 -13 -12 -16 -17 -2 19 20 -9 -22 -3 29 25 28 27 -27 -25 -24
right_child=7 2 5 4 6 -7 -8 18 9 -11 14 12 -14 -15 15 16 -18 -19 -20 -21 21 -23 23 24 -26 26 -28 -29 -30 -31
leaf_value=-0.00063334519075473915 0.00043760120721297256 -3.7686459466258339e-05 -2.1043558470584012e-05 0.00034001131574110978 0.00084116379413007314 -0.00013347696913449663 4.7341209932679835e-05 0.0001387934646482757 0.00032605035835864943 -0.00070786099387186809 -0.0013108294066132128 8.9309151559309829e-05 -0.00047688918487577933 -0.001025422510690241 -0.00013179240977043044 0.0002877927672915642 -0.00028293224969958659 -0.00099662599248994082 -0.00018484622156512328 0.00043797685836515665 -0.00059173015221167875 5.9153987087692787e-05 -1.3772044110722316e-05 0.00014763003569950211 -7.4943591463933397e-06 0.00024036928147309921 2.7650288102743286e-05 6.1600682087800378e-05 1.5844930321712895e-05 6.6581425518270486e-06
leaf_weight=2341 5517 159069 341736 10624 725 42040 62365 37292 2347 928 205 3707 2951 311 16171 4508 1653 147 3071 2386 1676 1358 1310330 19853 507570 27561 33016 18328 657327 1320672
leaf_count=2341 5517 159069 341736 10624 725 42040 62365 37292 2347 928 205 3707 2951 311 16171 4508 1653 147 3071 2386 1676 1358 1310330 19853 507570 27561 33016 18328 657327 1320672
internal_value=5.11556e-11 -1.5416e-06 -5.90764e-07 2.4562e-06 9.7345e-05 -3.33602e-05 5.64766e-05 0.000136232 -0.000123667 -5.6705e-05 -3.2394e-05 -0.000309295 -0.000200366 2.79336e-06 -6.97351e-05 -5.82841e-05 0.000134646 0.000400209 0.000103566 0.000124307 0.000105738 -0.000300475 7.3069e-07 2.29977e-06 1.44102e-05 2.9115e-05 0.00010984 0.000168972 1.97087e-05 -3.5168e-06
internal_weight=4.59778e+06 4.54634e+06 4.51122e+06 4.12744e+06 73714 383776 63090 51447 35122 25812 24884 9310 6969 4018 22537 22332 6161 5664 45783 42712 40326 3034 4.05373e+06 3.89466e+06 1.26366e+06 756085 78905 45889 677180 2.631e+06
internal_count=4597785 4546338 4511216 4127440 73714 383776 63090 51447 35122 25812 24884 9310 6969 4018 22537 22332 6161 5664 45783 42712 40326 3034 4053726 3894657 1263655 756085 78905 45889 677180 2631002
is_linear=0
shrinkage=0.05


Tree=44
num_leaves=31
num_cat=0
split_feature=0 5 8 2 7 5 1 0 7 0 2 7 0 8 5 2 2 8 2 3 0 7 0 1 3 6 8 3 6 8
split_gain=0.352585 0.354193 0.227182 0.169139 0.209802 0.198237 0.181031 0.169342 0.138123 0.118415 0.116479 0.113772 0.150041 0.112516 0.153175 0.142384 0.110304 0.111567 0.109667 0.108768 0.103934 0.102372 0.110963 0.161539 0.233354 0.149642 0.094705 0.0867444 0.232164 0.184269
threshold=0.083180189132690444 0.0088105797767639178 4.9169352054595956 0.23897504806518557 0.016049458645284179 1.0000000180025095e-35 0.026570141315460209 -0.04619097709655761 0.049476299434900291 0.03636902570724488 -0.2138203680515289 0.051073934882879264 -0.078947335481643663 1.9010802507400515 0.082216322422027602 0.28774785995483404 -0.097607672214508043 1.9010802507400515 0.26012134552001959 -0.010299563407897947 0.09951645135879518 0.027074083685874942 -0.01001271605491638 -0.12531790137290952 0.0030092597007751469 0.02878521848469973 0.41128177940845495 -0.071529179811477647 0.062853373587131514 0.94295108318328869
decision_type=10 2 10 8 8 2 10 10 10 10 8 8 8 8 2 8 10 8 8 10 10 8 8 10 10 8 10 8 10 10
left_child=2 18 3 5 -5 7 11 16 -8 -4 21 -6 -13 14 -3 -16 17 -1 26 -10 -20 -7 25 24 -24 -23 -2 28 29 -12
right_child=1 13 9 4 6 10 8 -9 19 -11 27 12 -14 -15 15 -17 -18 -19 20 -21 -22 22 23 -25 -26 -27 -28 -29 -30 -31
leaf_value=-0.00041937929287225704 0.00061737196064325865 0.00032693282520573349 -0.00036788360553469547 -0.0011463140865093605 8.1659213486466676e-05 -6.3725347492113457e-05 -5.2848676159671994e-05 0.00011744017023477242 -0.0002841613027368961 -4.1705463226804138e-05 -0.00011305247643636376 -0.00031582117686790204 -1.1290020714347198e-05 7.9222420817745479e-06 0.00016696780953831254 -5.4297016386566209e-05 -5.1972427607512099e-05 -0.0011126871006550243 0.0015043146116179558 -8.8582821036046455e-05 0.00048276093549914982 8.0115002261418992e-06 -0.00039414089025978312 5.6776808973107855e-05 0.00014913037977273708 0.00018737862626007145 -3.5240872541180578e-05 -1.9846453602304534e-07 -0.00031154072508988453 0.00050374844133055439
leaf_weight=3134 769 7719 6381 427 34056 16832 102599 2189 12965 4934 1711 4226 93795 39949 17947 12221 1582 712 260 15740 5537 18269 5106 42770 3224 31988 1999 4102696 1909 4139
leaf_count=3134 769 7719 6381 427 34056 16832 102599 2189 12965 4934 1711 4226 93795 39949 17947 12221 1582 712 260 15740 5537 18269 5106 42770 3224 31988 1999 4102696 1909 4139
internal_value=1.56057e-11 0.000100051 -1.91616e-06 -1.3535e-06 -4.0198e-05 1.0655e-06 -3.84003e-05 -0.000253765 -7.99748e-05 -0.000225667 1.52458e-06 2.93109e-06 -2.44224e-05 6.64663e-05 0.000128195 7.7335e-05 -0.000403458 -0.000547985 0.000405213 -0.000176925 0.00052883 5.04629e-05 6.94261e-05 1.75431e-05 -0.000183883 0.000122178 0.000146224 1.1743e-07 0.00016713 0.000323359
internal_weight=4.59778e+06 86401 4.51138e+06 4.50007e+06 263808 4.23626e+06 263381 7617 131304 11315 4.22864e+06 132077 98021 77836 37887 30168 5428 3846 8565 28705 5797 118189 101357 51100 8330 50257 2768 4.11046e+06 7759 5850
internal_count=4597785 86401 4511384 4500069 263808 4236261 263381 7617 131304 11315 4228644 132077 98021 77836 37887 30168 5428 3846 8565 28705 5797 118189 101357 51100 8330 50257 2768 4110455 7759 5850
is_linear=0
shrinkage=0.05


Tree=45
num_leaves=31
num_cat=0
split_feature=0 8 3 4 5 3 9 7 4 3 0 5 5 1 8 1 4 8 8 1 4 6 2 0 5 0 3 1 4 6
split_gain=0.321954 0.196696 0.161631 0.169743 0.155047 0.147919 0.143488 0.143476 0.204364 0.166781 0.138872 0.254492 0.169442 0.116786 0.160759 0.108118 0.104006 0.102776 0.100429 0.0975397 0.0969216 0.0955128 0.113479 0.104118 0.0977506 0.0943064 0.0939427 0.102913 0.0916928 0.087176
threshold=0.099948883056640639 2.8451790809631352 -0.01096484065055847 -1.0000000180025095e-35 0.12499994039535524 0.099059760570526137 0.68191692233085643 0.05026040971279145 0.026120960712432865 -0.071529179811477647 0.047326207160949714 0.056185185909271247 1.0000000180025095e-35 -0.17448747158050534 0.82410019636154186 inf -0.087176948785781846 1.0232792496681216 1.0322281718254092 -0.061933755874633782 -1.0000000180025095e-35 0.089947186410427107 0.63825666904449474 0.10044640302658082 0.15901005268096927 0.0421779751777649 0.044776141643524177 0.31152415275573736 -0.087176948785781846 0.058152541518211372
decision_type=10 10 10 2 2 10 10 10 2 10 8 2 2 8 8 8 2 8 8 10 2 8 10 10 2 10 10 8 2 10
left_child=1 7 -3 5 6 -4 -2 10 9 -9 12 17 -1 14 20 21 -15 -12 -10 -11 -14 23 -23 -6 -25 -21 -19 -28 -13 -30
right_child=4 2 3 -5 15 -7 -8 8 18 19 11 28 13 16 -16 -17 -18 26 -20 25 -22 22 -24 24 -26 -27 27 -29 29 -31
leaf_value=-0.00026179826964731288 0.00042995800450840703 -0.00026054497036021414 -0.00013521175973126086 -1.637312603930949e-06 9.779282194780008e-05 -0.00063923708093058826 0.00013613106388626596 -0.00041485823999745392 -5.797756939929943e-05 4.6654748155393653e-05 0.00034943896814814649 -0.0011418486201214592 5.8903466506738121e-05 -0.00016232574281912292 0.00022838846558828632 -0.001358528164131879 3.7546162710087027e-07 8.0271326088485008e-05 -0.0002072129885084493 -4.564189522753079e-05 -0.00031266430793781364 0.00042555670445697832 -0.00048799420184468214 3.4486720369433244e-06 -0.0004424261935748436 0.00029577001825839002 0.0001747832428302546 0.00077618452826560842 5.2091751445156911e-06 0.00014360789960547298
leaf_weight=6161 4708 10675 17855 48874 3922 1584 35341 2547 21772 53860 7304 169 5786 9845 12868 152 4091648 16137 23380 90341 2518 1923 412 2193 2796 2068 2113 1072 105001 12760
leaf_count=6161 4708 10675 17855 48874 3922 1584 35341 2547 21772 53860 7304 169 5786 9845 12868 152 4091648 16137 23380 90341 2518 1923 412 2193 2796 2068 2113 1072 105001 12760
internal_value=7.86678e-12 -1.40748e-06 -7.96204e-05 -5.13446e-05 0.000124377 -0.000176313 0.000170682 -2.457e-08 -4.20831e-05 -1.38131e-05 1.88447e-06 5.00553e-05 1.97926e-07 5.89522e-07 0.000117716 -3.83265e-05 -1.51169e-08 0.000189672 -0.000135256 -6.82683e-06 -5.37901e-05 -2.03636e-05 0.000264225 -9.49572e-05 -0.000246473 -3.79984e-05 0.000129263 0.000377382 1.85315e-05 2.02065e-05
internal_weight=4.59778e+06 4.54634e+06 78988 68313 51447 19439 40049 4.46735e+06 193968 148816 4.27338e+06 144556 4.12883e+06 4.12266e+06 21172 11398 4.10149e+06 26626 45152 146269 8304 11246 2335 8911 4989 92409 19322 3185 117930 117761
internal_count=4597785 4546338 78988 68313 51447 19439 40049 4467350 193968 148816 4273382 144556 4128826 4122665 21172 11398 4101493 26626 45152 146269 8304 11246 2335 8911 4989 92409 19322 3185 117930 117761
is_linear=0
shrinkage=0.05


Tree=46
num_leaves=31
num_cat=0
split_feature=0 8 6 3 3 4 5 3 2 4 5 8 0 4 1 2 8 8 3 5 7 3 1 6 5 5 6 1 1 3
split_gain=0.290558 0.18466 0.168578 0.14978 0.142588 0.253769 0.173013 0.161335 0.160159 0.148364 0.139942 0.13112 0.127399 0.11912 0.224878 0.160167 0.17379 0.148896 0.164721 0.150021 0.146703 0.179752 0.171787 0.158264 0.142939 0.131876 0.127905 0.278184 0.153505 0.127956
threshold=0.099948883056640639 2.1326175928115849 0.053217262029647834 -0.071529179811477647 0.015296399593353273 -0.011885851621627806 1.0000000180025095e-35 0.044776141643524177 0.35084515810012823 0.088645815849304213 0.12499994039535524 0.46232081949710851 -0.078947335481643663 -0.015417754650115965 -0.070076435804367052 -0.0026434659957885738 1.0553504228591921 1.4625031948089602 -0.030362457036972042 0.15901005268096927 0.042952382937073715 -0.071529179811477647 -0.11980420351028441 0.044313877820968635 0.066964328289031996 0.049353003501892097 0.040994362905621536 0.011198580265045168 -0.071520984172821031 -0.050491750240325921
decision_type=10 10 8 10 8 2 2 10 10 2 2 10 10 2 8 10 8 10 10 2 8 10 10 10 2 2 8 8 10 10
left_child=1 4 -3 -4 6 12 -1 9 13 -7 11 -2 -6 14 17 16 -16 18 25 -20 21 -15 23 -23 -25 -8 28 -28 29 -24
right_child=10 2 3 -5 5 7 8 -9 -10 -11 -12 -13 -14 20 15 -17 -18 -19 19 -21 -22 22 26 24 -26 -27 27 -29 -30 -31
leaf_value=-0.00025492794405557163 0.00045166715668978701 -3.3093046389021161e-05 -0.00075486795027030851 -0.00015302733140165967 -0.00041386600868171419 7.432641532092829e-05 -0.00032805209622680442 0.00031298374925362379 -8.2912773583034566e-05 0.00086713160192321021 -3.6417897751263378e-05 0.00013387315096513556 -8.6032672325921989e-06 0.00032377941644951323 7.4596180557491325e-06 2.9333345087519133e-05 -6.3031367163335095e-05 -5.3881105878280096e-05 6.4895609277803524e-05 0.0011765682824788153 -3.8318023156021495e-05 -0.00020693111620535997 -0.00075989676111694706 0.0001165817453888929 -0.00031264674306136458 0.00036808072605195772 0.00011209398095705129 -1.4439558605014997e-05 -2.6927211824597517e-07 -5.8754034162058883e-05
leaf_weight=6703 3562 175716 1092 19114 1982 90394 752 8053 58431 593 11398 36487 87900 4261 227476 304660 142030 24783 180844 303 284323 19170 654 9238 2454 7069 77706 98493 2612624 99520
leaf_count=6703 3562 175716 1092 19114 1982 90394 752 8053 58431 593 11398 36487 87900 4261 227476 304660 142030 24783 180844 303 284323 19170 654 9238 2454 7069 77706 98493 2612624 99520
internal_value=-2.18051e-11 -1.33713e-06 -4.88212e-05 -0.000185589 8.01342e-07 4.32856e-05 -1.12735e-06 9.84904e-05 -7.17832e-07 7.95029e-05 0.000118157 0.000162149 -1.75443e-05 4.54627e-07 1.66624e-05 2.49376e-06 -1.96357e-05 6.13498e-05 7.64624e-05 6.67616e-05 -4.03078e-06 -6.96893e-07 -1.17052e-06 -0.000118508 2.64732e-05 0.000301113 8.29967e-08 4.13637e-05 -2.59824e-06 -6.33391e-05
internal_weight=4.59778e+06 4.54634e+06 195922 20206 4.35042e+06 188922 4.16149e+06 99040 4.15479e+06 90987 51447 40049 89882 4.09636e+06 887917 674166 369506 213751 188968 181147 3.20844e+06 2.92412e+06 2.91986e+06 30862 11692 7821 2.889e+06 176199 2.7128e+06 100174
internal_count=4597785 4546338 195922 20206 4350416 188922 4161494 99040 4154791 90987 51447 40049 89882 4096360 887917 674166 369506 213751 188968 181147 3208443 2924120 2919859 30862 11692 7821 2888997 176199 2712798 100174
is_linear=0
shrinkage=0.05


Tree=47
num_leaves=31
num_cat=0
split_feature=0 5 8 1 3 2 4 1 0 3 5 2 0 7 6 8 9 2 6 2 3 4 7 3 5 1 3 7 0 2
split_gain=0.266066 0.271736 0.186365 0.148324 0.18839 0.162187 0.131805 0.121064 0.119694 0.191427 0.163653 0.179544 0.15835 0.140755 0.142157 0.136016 0.123812 0.118976 0.158691 0.11791 0.137429 0.137262 0.13381 0.229404 0.20901 0.140387 0.21873 0.125851 0.234184 0.341726
threshold=0.083180189132690444 0.023103058338165287 4.9169352054595956 0.091488301753997817 -0.016074120998382565 0.085151433944702162 0.0040762424468994149 0.31152415275573736 0.01870745420455933 0.014709770679473879 1.0000000180025095e-35 -0.019813448190689083 1.0000000180025095e-35 0.031738610938191421 0.052399979904294021 1.2593384981155398 1.1833125948905947 -0.20621237158775327 0.046455599367618568 0.0036900639533996586 0.099059760570526137 0.067328214645385756 0.025043304078280929 1.0000000180025095e-35 0.15901005268096927 -0.013487488031387327 -0.0039707720279693595 0.031152434647083286 -0.060580164194107049 0.12285357713699342
decision_type=10 2 10 10 8 8 2 8 10 10 2 8 8 8 10 8 8 8 8 10 10 2 10 10 2 8 10 8 10 10
left_child=2 7 3 8 5 -5 -6 -2 10 13 11 12 -1 15 -15 -10 -11 18 -12 21 27 22 24 -24 25 26 -19 28 29 -21
right_child=1 -3 -4 4 6 -7 -8 -9 9 16 17 -13 -14 14 -16 -17 -18 19 -20 20 -22 -23 23 -25 -26 -27 -28 -29 -30 -31
leaf_value=-0.00035992550483680087 0.00014746772795085419 5.5663495910662855e-05 -0.00020432109648695139 2.2424623857334828e-05 3.2730520719363448e-05 -0.00019324298480939922 -4.7126432534756007e-05 0.00050453063479520294 6.1850203744965302e-05 0.00017537494876392003 2.3639767574015424e-05 0.0001505385866400949 -0.0022698265224535791 -4.0220451146998256e-05 7.238093406811865e-05 2.0694374635086247e-06 4.0312690679851002e-05 -8.6048916504252347e-05 0.00018980692099584777 0.00016071198111854886 -0.0014310977541622761 0.00035643789590039351 2.5156731819630158e-05 -3.2774369616556141e-05 -0.0010228417517544502 -4.524660054669855e-06 -2.01623477438245e-05 -1.4941189384789709e-05 1.6078348063448083e-05 0.0013645980145635683
leaf_weight=4960 4438 76857 11315 12112 79995 31101 145929 5106 175318 30239 95878 2072 110 172052 33484 208078 38664 171186 16900 2593 165 2533 490206 262345 520 637882 476860 429483 978642 762
leaf_count=4960 4438 76857 11315 12112 79995 31101 145929 5106 175318 30239 95878 2072 110 172052 33484 208078 38664 171186 16900 2593 165 2533 490206 262345 520 637882 476860 429483 978642 762
internal_value=-1.53893e-11 8.69127e-05 -1.66457e-06 -1.15496e-06 -3.71462e-05 -0.000132795 -1.88507e-05 0.000338528 1.13452e-06 2.07343e-05 -2.47396e-06 -0.000241562 -0.000401803 1.15085e-05 -2.18762e-05 2.94059e-05 9.95882e-05 -1.99505e-06 4.85417e-05 -3.64555e-06 7.46538e-06 -1.13284e-05 -1.17854e-05 4.96149e-06 -2.1582e-05 -2.11764e-05 -3.75669e-05 7.63456e-06 1.75082e-05 0.000434468
internal_weight=4.59778e+06 86401 4.51138e+06 4.50007e+06 269137 43213 225924 9544 4.23093e+06 657835 3.5731e+06 7142 5070 588932 205536 383396 68903 3.56596e+06 112778 3.45318e+06 1.41164e+06 2.04153e+06 2.039e+06 752551 1.28645e+06 1.28593e+06 648046 1.41148e+06 981997 3355
internal_count=4597785 86401 4511384 4500069 269137 43213 225924 9544 4230932 657835 3573097 7142 5070 588932 205536 383396 68903 3565955 112778 3453177 1411645 2041532 2038999 752551 1286448 1285928 648046 1411480 981997 3355
is_linear=0
shrinkage=0.05


Tree=48
num_leaves=31
num_cat=0
split_feature=0 0 5 5 8 3 8 0 5 5 4 1 3 6 0 0 3 1 8 0 0 8 7 2 7 3 8 1 4 2
split_gain=0.241371 0.166276 0.149495 0.123265 0.111083 0.108442 0.105446 0.173412 0.276563 0.137551 0.126809 0.192068 0.152418 0.154618 0.143604 0.125142 0.120566 0.124698 0.20973 0.147922 0.124412 0.113681 0.119031 0.111803 0.1068 0.106456 0.10417 0.102852 0.132234 0.198449
threshold=0.099948883056640639 -0.099913775920867906 0.13562166690826419 0.12499994039535524 0.69901999831199657 0.099059760570526137 1.6920502185821535 0.0421779751777649 0.043478310108184821 0.047609031200408942 -0.022926270961761471 -0.11980420351028441 -0.021333009004592892 0.059516645967960365 -0.070485889911651597 -0.019096493721008297 -0.042735069990158074 -0.045454531908035271 1.3786411285400393 -0.031982630491256707 0.010093629360198976 0.69252541661262523 0.037294307723641403 -0.22266399860382077 0.053980102762579925 0.01740217208862305 0.31881374120712286 -0.12531790137290952 -0.0032894313335418697 -0.16003942489624021
decision_type=10 8 2 2 10 10 10 10 2 2 2 8 8 8 10 10 8 10 10 10 10 8 8 8 10 8 10 8 2 8
left_child=1 -1 6 4 -2 -4 7 10 -9 15 11 23 13 14 -13 -8 17 18 19 26 -19 -10 -23 -3 25 27 -12 28 -18 -30
right_child=3 2 5 -5 -6 -7 9 8 21 -11 16 12 -14 -15 -16 -17 24 20 -20 -21 -22 22 -24 -25 -26 -27 -28 -29 29 -31
leaf_value=-0.00015527868307352934 0.00035980673366361332 0.00025288106055210342 -0.00010587715754621687 -3.7380093544855521e-05 0.00011608528733474309 -0.00073388487012471736 -0.00010977700844489375 0.00030726401306187923 0.00028202306315030091 -4.5926861721960993e-05 -0.00045764364857790035 0.00048565159521302712 7.5300459249702416e-06 -2.0902187296602229e-05 0.00013230932204904875 3.5432172606124539e-05 2.7420516366058729e-05 3.3623577213822644e-05 0.00031323378873657475 -0.0006109347492628996 -0.00064349629243041465 7.7246845587636897e-05 -2.4829982510100207e-05 7.5307834241882215e-05 -6.556170481359165e-05 6.5413433764955505e-05 -4.97863125169952e-05 -1.281609495729692e-06 -0.00031487920059896859 -2.2267230774785429e-05
leaf_weight=17446 5404 11287 23664 11398 34645 707 17029 10351 4581 259189 2391 4404 496426 8468 8285 115236 16147 11734 1517 3002 719 59235 55146 41289 65434 59160 4532 3225678 10861 12420
leaf_count=17446 5404 11287 23664 11398 34645 707 17029 10351 4581 259189 2391 4404 496426 8468 8285 115236 16147 11734 1517 3002 719 59235 55146 41289 65434 59160 4532 3225678 10861 12420
internal_value=-4.007e-11 -1.21872e-06 -6.25227e-07 0.000107692 0.00014898 -0.000124125 4.29759e-08 2.40302e-06 5.93866e-05 -2.47543e-05 5.5331e-07 2.23809e-05 1.31316e-05 0.000144559 0.000254973 1.67359e-05 -3.09247e-06 -0.000115009 -0.000234162 -0.000317852 -5.51989e-06 3.78162e-05 2.80332e-05 0.000113433 -2.3035e-06 -1.05832e-06 -0.000190694 -2.26274e-06 -8.25284e-05 -0.000158784
internal_weight=4.59778e+06 4.54634e+06 4.52889e+06 51447 40049 24371 4.50452e+06 4.11307e+06 129313 391454 3.98375e+06 570159 517583 21157 12689 132265 3.4136e+06 23895 11442 9925 12453 118962 114381 52576 3.3897e+06 3.32427e+06 6923 3.26511e+06 39428 23281
internal_count=4597785 4546338 4528892 51447 40049 24371 4504521 4113067 129313 391454 3983754 570159 517583 21157 12689 132265 3413595 23895 11442 9925 12453 118962 114381 52576 3389700 3324266 6923 3265106 39428 23281
is_linear=0
shrinkage=0.05


Tree=49
num_leaves=31
num_cat=0
split_feature=0 4 1 2 2 8 4 1 5 8 6 5 1 9 0 2 8 5 6 1 3 3 2 1 4 1 7 0 4 1
split_gain=0.221818 0.229792 0.165307 0.149826 0.134219 0.119212 0.117263 0.126267 0.128619 0.0983548 0.100569 0.0972417 0.219572 0.192824 0.094453 0.0904071 0.152939 0.14246 0.145049 0.178166 0.199694 0.124192 0.196081 0.195865 0.165218 0.132523 0.156939 0.114605 0.113597 0.264439
threshold=0.083180189132690444 0.01479160785675049 0.18626886606216433 0.28774785995483404 0.28774785995483404 1.8627400398254397 -0.087176948785781846 0.016755402088165287 0.15901005268096927 3.3820896148681645 0.027780283242464069 1.0000000180025095e-35 -0.02177709341049194 1.6317515373229983 0.055555641651153571 -0.11999997496604918 1.4625031948089602 0.052525222301483161 0.048893684521317489 -0.013966411352157591 -0.015151530504226683 -0.011453181505203245 -0.0096372961997985822 0.053780198097229011 0.088645815849304213 -0.039938300848007195 0.031152434647083286 0.010352432727813722 0.0012255311012268069 -0.078236252069473253
decision_type=10 2 10 8 8 10 2 8 2 10 10 2 8 8 8 8 10 2 10 8 8 8 10 8 2 8 8 10 2 10
left_child=2 4 6 5 -2 -3 7 -1 -9 -4 -11 12 13 -8 -14 16 17 18 19 28 -21 23 24 -17 27 -24 -27 -23 -13 -30
right_child=1 3 9 -5 -6 -7 11 8 -10 10 -12 15 14 -15 -16 21 -18 -19 -20 20 -22 22 25 -25 -26 26 -28 -29 29 -31
leaf_value=-6.1403782166330112e-05 7.3441699379499074e-05 0.00018345367955562429 -7.5391449839918052e-05 -6.5162293197307074e-05 0.00040431372940305331 2.8992552862374597e-05 -0.0002159491428243599 -0.00018536853272888064 -0.00082401927136615052 0.00039228245385340693 -0.00042580035378440612 5.5694884977333026e-06 8.1418704711390952e-05 -0.00098508477652798211 0.00097893204367589456 -9.5492420745267951e-06 -5.6782484972400088e-05 7.6676480037480763e-05 0.00014638836275046767 0.00028140052062697248 3.5841899320251899e-05 -2.0925438000907611e-05 4.6082980602904782e-05 -9.2611982363122094e-05 0.00079852555462280267 1.4765112815376707e-05 -2.0587643319216211e-05 1.1346183757145238e-05 -0.00021633859874333643 -1.4160896604671731e-05
leaf_weight=13400 5047 20956 38596 21666 7806 30926 4591 2390 1176 420 3503 162033 2565 990 330 300476 60494 113854 19562 8809 137461 1161903 236615 92918 626 1288072 415088 360453 21718 63341
leaf_count=13400 5047 20956 38596 21666 7806 30926 4591 2390 1176 420 3503 162033 2565 990 330 300476 60494 113854 19562 8809 137461 1161903 236615 92918 626 1288072 415088 360453 21718 63341
internal_value=-4.73253e-11 7.93573e-05 -1.5199e-06 4.52681e-05 0.000274406 9.13843e-05 -5.86303e-07 -0.000131783 -0.000396156 -9.9641e-05 -0.000338138 -8.62895e-08 -0.000169271 -0.000352536 0.000184029 2.36475e-07 1.8512e-05 2.71587e-05 1.35052e-05 6.89655e-06 5.06323e-05 -2.54679e-06 4.77629e-07 -2.91685e-05 -1.29502e-05 1.10202e-05 6.14906e-06 -1.32844e-05 -1.89936e-05 -6.57846e-05
internal_weight=4.59778e+06 86401 4.51138e+06 73548 12853 51882 4.46886e+06 16966 3566 42519 3923 4.4519e+06 8476 5581 2895 4.44342e+06 587272 526778 412924 393362 146270 3.85615e+06 3.46276e+06 393394 1.52298e+06 1.93978e+06 1.70316e+06 1.52236e+06 247092 85059
internal_count=4597785 86401 4511384 73548 12853 51882 4468865 16966 3566 42519 3923 4451899 8476 5581 2895 4443423 587272 526778 412924 393362 146270 3856151 3462757 393394 1522982 1939775 1703160 1522356 247092 85059
is_linear=0
shrinkage=0.05


Tree=50
num_leaves=31
num_cat=0
split_feature=0 8 0 7 4 3 5 4 6 1 9 0 5 3 6 8 3 2 4 1 2 2 4 1 1 2 8 2 3 9
split_gain=0.201004 0.146445 0.133311 0.118416 0.169292 0.148723 0.105935 0.104573 0.116214 0.208574 0.131773 0.228119 0.163498 0.132162 0.158322 0.13725 0.130211 0.127073 0.221095 0.247232 0.117045 0.112523 0.107448 0.102138 0.099239 0.191731 0.137968 0.1049 0.157688 0.197033
threshold=0.099948883056640639 3.861013770103455 0.028966128826141361 0.05026040971279145 0.026120960712432865 -0.071529179811477647 0.12499994039535524 -0.087176948785781846 0.030935070477426056 0.051483869552612312 0.64492911100387584 0.029650866985321048 0.034124672412872321 -0.071529179811477647 0.054059090092778213 1.5047798752784731 -0.016074120998382565 -0.050561755895614617 -0.0015222132205963133 -0.086254566907882677 -0.094606935977935777 -0.094606935977935777 0.088645815849304213 -0.099604606628417955 -0.0076324939727783194 0.019550919532775882 1.1686154007911684 0.078210592269897475 -0.0022270977497100826 0.97310093045234691
decision_type=10 10 10 10 2 10 2 2 8 10 10 10 2 8 10 8 8 8 2 8 8 10 2 10 10 8 8 8 10 10
left_child=1 3 -3 7 5 -5 -2 -1 24 10 11 17 -13 14 23 -15 20 18 -10 -20 -11 -16 -19 -12 25 26 -9 28 -26 -30
right_child=6 2 -4 4 -6 -7 -8 8 9 16 13 12 -14 15 21 -17 -18 22 19 -21 -22 -23 -24 -25 27 -27 -28 -29 29 -31
leaf_value=-0.00014522283294410467 0.00013655055784436408 -0.00024049894649207147 -2.5503877410689619e-05 -0.00038631466708232727 -0.00012276066475938255 -6.1236425383296102e-06 -3.6212635526220921e-05 -1.3999775316852519e-05 2.0861400309156858e-05 0.00019874419304638806 0.00057619909148013098 0.00063427374829614063 0.00013004858890252257 5.3277734762289326e-05 -0.00075660822972924233 -2.1700919581739168e-05 -5.1156035983961043e-06 1.2552132633484649e-05 -0.00030447900982240317 -3.9767781847756791e-05 -0.00012148226430269093 0.00020069094094575827 0.00067077539931275666 -0.00012916845518827388 3.5221158425274459e-05 2.0428324713028074e-05 -5.9166504592885829e-05 -1.720996256974694e-05 -2.4547580470255434e-05 2.1289695812636037e-05
leaf_weight=12135 40049 11973 18124 2617 45633 147232 11398 944673 35659 3068 3168 1980 8536 424943 510 71271 237385 128784 15612 20276 40657 768 622 612 469776 344671 205932 408522 442231 498968
leaf_count=12135 40049 11973 18124 2617 45633 147232 11398 944673 35659 3068 3168 1980 8536 424943 510 71271 237385 128784 15612 20276 40657 768 622 612 469776 344671 205932 408522 442231 498968
internal_value=-4.15709e-11 -1.11216e-06 -0.000111037 -3.79577e-07 -3.84434e-05 -1.27659e-05 9.82752e-05 1.34254e-06 1.75536e-06 1.67521e-05 3.11371e-05 -1.96313e-06 0.000225038 4.51009e-05 0.000299367 4.25086e-05 -1.97205e-05 -1.38433e-05 -6.73154e-05 -0.000154928 -9.90093e-05 -0.000181623 1.57211e-05 0.000461993 -2.74103e-06 -1.22843e-05 -2.20836e-05 5.10174e-06 1.15617e-05 -2.47373e-07
internal_weight=4.59778e+06 4.54634e+06 30097 4.51624e+06 195482 149849 51447 4.32076e+06 4.30862e+06 993851 712741 211469 10516 501272 5058 496214 281110 200953 71547 35888 43725 1278 129406 3780 3.31477e+06 1.49528e+06 1.1506e+06 1.8195e+06 1.41098e+06 941199
internal_count=4597785 4546338 30097 4516241 195482 149849 51447 4320759 4308624 993851 712741 211469 10516 501272 5058 496214 281110 200953 71547 35888 43725 1278 129406 3780 3314773 1495276 1150605 1819497 1410975 941199
is_linear=0
shrinkage=0.05


Tree=51
num_leaves=31
num_cat=0
split_feature=0 9 8 6 2 6 2 7 7 5 0 4 9 5 0 7 1 8 9 2 7 9 1 4 0 1 2 7 3 0
split_gain=0.186516 0.2045 0.145173 0.132756 0.13631 0.121136 0.116884 0.198582 0.14156 0.1123 0.111814 0.146255 0.111098 0.106141 0.105335 0.105235 0.099997 0.0961443 0.0952925 0.0951854 0.0920895 0.0908143 0.146985 0.104319 0.124745 0.140509 0.176885 0.117388 0.0991806 0.0991777
threshold=0.083180189132690444 0.68191692233085643 4.9169352054595956 0.0030453326180577282 0.63825666904449474 0.089947186410427107 0.23897504806518557 0.01858041808009148 0.051073934882879264 1.0000000180025095e-35 -0.092244744300842271 0.023992538452148441 0.98558199405670177 0.15901005268096927 -0.04619097709655761 0.042952382937073715 -0.17448747158050534 1.5199021100997927 1.611713230609894 -0.14774662256240842 0.023459312506020073 0.5018262267112733 -0.1590296924114227 -0.0062893331050872794 0.025254964828491214 -0.088599622249603258 -0.08052614331245421 0.026334761641919616 -0.0095238387584686262 -0.016452044248580929
decision_type=10 10 10 10 8 10 8 8 10 2 10 2 10 2 10 10 10 10 10 10 8 10 10 2 10 8 10 8 10 10
left_child=2 13 6 -3 5 15 9 12 17 14 -10 -12 -8 -2 19 -5 -4 -9 -17 -1 -21 23 29 -11 25 26 27 28 -25 -23
right_child=1 3 16 4 -6 -7 7 8 10 21 11 -13 -14 -15 -16 18 -18 -19 -20 20 -22 22 -24 24 -26 -27 -28 -29 -30 -31
leaf_value=-0.00053027266440888406 0.00035234618123007659 0.00040051912350490455 -0.00071030488612108681 9.0515561883115539e-05 -0.00020960671026681291 0.00039089034672476047 0.00014645955204753937 1.2406920299118606e-06 -0.0003500202373320121 1.5230432328963273e-05 -2.2209033632936958e-05 -0.00021242854424799595 -0.00086393710182402703 -0.00087694332786163111 0.00010202775599311443 6.5173799196352225e-05 -0.00013856138253228554 -9.8087423685458379e-05 -0.00012782301370154782 -0.0008979194003434556 -8.8472643331328089e-06 0.00015448256967662429 2.4449364000598166e-06 -0.0014061486441197864 0.00020036653383129536 -3.8361184162929909e-05 -5.5637273252295929e-05 -0.0002542453992016862 -0.00050668910431578274 -2.8207309773384755e-05
leaf_weight=2561 7292 2598 824 42843 5214 2589 361 183286 4259 100070 31921 14785 1100 179 2189 12024 10491 28096 13662 328 2539 26351 3907478 395 4913 157290 13148 7287 1367 10345
leaf_count=2561 7292 2598 824 42843 5214 2589 361 183286 4259 100070 31921 14785 1100 179 2189 12024 10491 28096 13662 328 2539 26351 3907478 395 4913 157290 13148 7287 1367 10345
internal_value=-3.69104e-11 7.2769e-05 -1.39371e-06 4.91008e-05 3.7135e-05 5.52275e-05 -9.43934e-07 -3.32352e-05 -2.99967e-05 1.06697e-06 -0.000104796 -8.24272e-05 -0.000614348 0.00032278 -0.000190733 4.25408e-05 -0.000180257 -1.1962e-05 -3.74793e-05 -0.000308795 -0.000110839 1.41251e-06 3.38033e-06 -2.58713e-05 -4.81764e-05 -5.49807e-05 -0.000172741 -0.000342865 -0.000709011 0.000102981
internal_weight=4.59778e+06 86401 4.51138e+06 78930 76332 71118 4.50007e+06 263808 262347 4.23626e+06 50965 46706 1461 7471 7617 68529 11315 211382 25686 5428 2867 4.22864e+06 3.94417e+06 284470 184400 179487 22197 9049 1762 36696
internal_count=4597785 86401 4511384 78930 76332 71118 4500069 263808 262347 4236261 50965 46706 1461 7471 7617 68529 11315 211382 25686 5428 2867 4228644 3944174 284470 184400 179487 22197 9049 1762 36696
is_linear=0
shrinkage=0.05


Tree=52
num_leaves=31
num_cat=0
split_feature=0 4 5 9 2 2 0 0 8 6 9 5 6 8 3 7 6 8 2 5 2 5 0 0 2 6 3 9 1 7
split_gain=0.168331 0.185275 0.137802 0.134606 0.133217 0.114822 0.107947 0.0908018 0.128516 0.0889549 0.0857043 0.0950817 0.083579 0.0812881 0.0881291 0.087665 0.0994882 0.0798358 0.0790262 0.0777459 0.0849928 0.127422 0.182443 0.164268 0.15627 0.143793 0.222989 0.143121 0.156516 0.134522
threshold=0.083180189132690444 0.01479160785675049 0.099639832973480238 0.83903121948242199 0.19983518123626712 0.28774785995483404 -0.099913775920867906 0.047326207160949714 0.86952927708625805 0.081208650022745146 5.2858159542083749 0.15901005268096927 0.070700157433748259 0.8727649748325349 0.099059760570526137 0.037535358220338828 0.036278434097766883 1.4898381829261782 -0.071428567171096788 1.0000000180025095e-35 -0.10910004377365111 0.050867795944213874 0.0093762874603271502 -0.070485889911651597 -0.0085727870464324934 0.055891843512654311 -0.026425004005432125 1.0940033197402956 -0.031746000051498406 0.030730755068361763
decision_type=10 2 2 8 8 8 8 8 8 10 10 2 10 8 10 8 10 10 8 2 8 2 10 8 8 8 10 10 10 8
left_child=2 5 6 -4 17 12 9 19 -9 -1 -5 -12 -2 -6 15 16 -15 -3 -19 -8 -21 22 24 25 -22 26 -23 28 -26 -24
right_child=1 4 3 10 13 -7 7 8 -10 -11 11 -13 -14 14 -16 -17 -18 18 -20 20 21 23 29 -25 27 -27 -28 -29 -30 -31
leaf_value=-8.877262157120947e-05 -7.2490743623554791e-06 0.00022004190701227123 0.00010034965408426383 -6.0668187201567259e-05 0.00020172190404306193 0.00036442456355704111 -0.00020190607741806134 0.00020819546547957759 2.7074328298721184e-05 -0.00045804441793749701 -0.00019012760810384731 -0.00085386344287813559 0.00068892970444844155 -0.00066351298555027008 0.0012457892870543219 -0.00011898343898955767 0.00012756001712787809 -0.00017421912158325313 8.588849537374768e-05 1.6034023135773305e-05 -2.0789242428266271e-05 0.00053830361954713849 3.424765948249086e-05 -2.8422267498833363e-05 3.6214099672545e-05 -3.0017940837353745e-05 6.9950419669778874e-05 4.2520716161607887e-05 -1.2407622828372964e-05 -1.7358476563831294e-05
leaf_weight=8366 4572 10149 13053 113201 3209 7806 4793 10718 113495 2025 3566 635 475 421 127 21894 6833 3264 27651 661027 1005990 3961 562670 614170 209616 9162 7089 218324 786703 162820
leaf_count=8366 4572 10149 13053 113201 3209 7806 4793 10718 113495 2025 3566 635 475 421 127 21894 6833 3264 27651 661027 1005990 3961 562670 614170 209616 9162 7089 218324 786703 162820
internal_value=-9.36846e-11 6.91306e-05 -1.32408e-06 -5.19642e-05 3.85209e-05 0.00024427 1.83885e-07 5.666e-07 4.27043e-05 -0.000160774 -6.88995e-05 -0.000290634 5.83955e-05 -3.71375e-05 -6.33262e-05 -6.90727e-05 8.15634e-05 9.83706e-05 5.84216e-05 -6.66018e-07 -4.38566e-07 -3.47971e-06 8.97229e-07 -2.38066e-05 -6.21466e-06 0.000116443 0.000237871 5.85628e-06 -2.17805e-06 2.26658e-05
internal_weight=4.59778e+06 86401 4.51138e+06 130455 73548 12853 4.38093e+06 4.37054e+06 124213 10391 117402 4201 5047 32484 29275 29148 7254 41064 30915 4.24632e+06 4.24153e+06 3.5805e+06 2.94612e+06 634382 2.22063e+06 20212 11050 1.21464e+06 996319 725490
internal_count=4597785 86401 4511384 130455 73548 12853 4380929 4370538 124213 10391 117402 4201 5047 32484 29275 29148 7254 41064 30915 4246325 4241532 3580505 2946123 634382 2220633 20212 11050 1214643 996319 725490
is_linear=0
shrinkage=0.05


Tree=53
num_leaves=31
num_cat=0
split_feature=0 8 3 2 2 0 5 5 2 4 4 1 3 1 9 2 4 3 1 0 2 2 3 5 1 0 5 2 3 1
split_gain=0.153833 0.135858 0.15373 0.168813 0.135241 0.12343 0.233751 0.119977 0.118185 0.105384 0.101815 0.228087 0.154267 0.142293 0.176728 0.174221 0.157723 0.12394 0.136009 0.16949 0.124796 0.117725 0.223327 0.166838 0.16472 0.156468 0.116288 0.115652 0.115172 0.136669
threshold=0.099948883056640639 1.6678165197372439 -0.010736137628555296 -0.042141437530517571 0.070128738880157485 0.0421779751777649 0.046557009220123298 0.0077120661735534677 0.49909496307373052 -0.087176948785781846 -0.015417754650115965 -0.070076435804367052 0.01740217208862305 -0.11980420351028441 1.0292351245880129 -0.1507514417171478 -1.0000000180025095e-35 -0.050491750240325921 -0.050555527210235589 -0.035302251577377312 -0.097607672214508043 -0.11999997496604918 -0.019632369279861447 0.046902179718017585 0.027864575386047367 0.0069070458412170419 0.15901005268096927 -0.1833333075046539 -0.015151530504226683 -0.070076435804367052
decision_type=10 10 10 10 8 10 2 2 8 2 2 8 8 8 10 8 2 8 10 10 10 8 10 2 8 8 2 10 10 10
left_child=1 5 4 -4 7 10 -7 -3 -8 -5 11 -1 13 14 15 16 -12 18 19 20 -15 22 -19 25 -25 -23 -13 -16 -28 -30
right_child=-2 2 3 9 -6 6 8 -9 -10 -11 12 26 -14 17 27 -17 -18 21 -20 -21 -22 23 -24 24 -26 -27 28 -29 29 -31
leaf_value=5.9682214660750915e-05 8.5974011642056785e-05 -0.00082715683330599398 -7.5023222649090045e-05 -0.00026583636987309909 -0.00020636236746353036 0.00024699285903292647 4.051183364006577e-05 -3.9236241060530859e-05 -0.0001590178751105743 7.4524353286321054e-06 -1.4884915370548115e-05 2.1004397292422089e-06 8.4535530690764882e-05 -0.0005668726936823035 -8.4261346620008071e-05 -4.2726349301784909e-05 -0.00033373172391114417 0.0002009136205411267 -4.5920588834592794e-05 -0.0008367719913880148 0.00012157124738457878 -1.0954146564968189e-05 1.5189253963584266e-05 -6.7666026753734553e-06 -7.5528554595037198e-05 1.7275598718237843e-05 -0.00099903189753971946 0.00032785359550801759 -0.0018115478162728507 4.7947825522757636e-05
leaf_weight=216416 51447 488 89908 3573 20381 13455 109314 40356 7961 271383 5503 714866 48235 1122 3001 28279 13139 17088 8500 1425 1590 1550508 306381 185080 164508 718223 558 3932 108 1057
leaf_count=216416 51447 488 89908 3573 20381 13455 109314 40356 7961 271383 5503 714866 48235 1122 3001 28279 13139 17088 8500 1425 1590 1550508 306381 185080 164508 718223 558 3932 108 1057
internal_value=-7.72224e-11 -9.72991e-07 -2.78507e-05 -1.55479e-05 -0.000101166 1.80653e-06 4.96132e-05 -4.86703e-05 2.69659e-05 3.90015e-06 2.39972e-07 1.46972e-05 -4.17313e-06 -5.59551e-06 -8.61381e-05 -0.000120955 -0.000239616 -4.12734e-06 -0.000160372 -0.00039546 -0.000163354 -3.4561e-06 2.50012e-05 -6.97174e-06 -3.91245e-05 -2.01732e-06 1.1113e-06 0.00014948 -0.000409042 -0.00012584
internal_weight=4.59778e+06 4.54634e+06 426089 364864 61225 4.12025e+06 130730 40844 117275 274956 3.98952e+06 933005 3.05651e+06 3.00828e+06 53854 46921 18642 2.95442e+06 12637 4137 2712 2.94179e+06 323469 2.61832e+06 349588 2.26873e+06 716589 6933 1723 1165
internal_count=4597785 4546338 426089 364864 61225 4120249 130730 40844 117275 274956 3989519 933005 3056514 3008279 53854 46921 18642 2954425 12637 4137 2712 2941788 323469 2618319 349588 2268731 716589 6933 1723 1165
is_linear=0
shrinkage=0.05


Tree=54
num_leaves=31
num_cat=0
split_feature=0 8 5 6 0 7 8 0 5 2 4 2 3 3 5 6 3 2 4 6 9 1 0 4 3 2 3 2 8 6
split_gain=0.139468 0.141613 0.121145 0.245694 0.143779 0.115514 0.174982 0.136436 0.249669 0.153526 0.119203 0.118124 0.101019 0.110423 0.0961521 0.11003 0.0897522 0.0867524 0.0861795 0.0887747 0.0846836 0.0999913 0.139703 0.17608 0.16002 0.116818 0.0979782 0.171104 0.0945224 0.0818504
threshold=0.10009223222732545 3.861013770103455 0.15901005268096927 0.081208650022745146 0.10044640302658082 0.05026040971279145 1.0943152308464053 0.049224495887756355 0.056185185909271247 0.49909496307373052 0.035778403282165534 0.32530534267425543 -0.050491750240325921 0.031393706798553474 0.15901005268096927 0.089947186410427107 -0.071529179811477647 0.30438482761383062 -0.087176948785781846 inf 0.45786227285861975 -0.147479772567749 -0.014140903949737547 0.037828981876373298 -1.0000000180025095e-35 -0.17888894677162168 -0.0028088986873626705 -0.26081514358520502 1.0144150257110598 0.058152541518211372
decision_type=10 10 2 10 10 10 10 10 2 8 2 8 10 10 2 10 10 10 2 8 8 8 8 2 10 10 10 8 8 10
left_child=1 5 -2 4 -4 7 14 18 11 29 16 -9 -3 -14 -7 -16 -8 -12 19 -1 -20 22 23 26 25 -24 -22 -28 -26 -10
right_child=2 12 3 -5 -6 6 10 8 9 -11 17 -13 13 -15 15 -17 -18 -19 20 -21 21 -23 24 -25 28 -27 27 -29 -30 -31
leaf_value=-0.00010532535975148023 0.00014005199067506781 -0.00050806879173061128 0.00049859854951846952 0.00021464446788753528 -0.00062469667299609787 -1.3148549093380179e-05 -0.00051299963960000272 0.00014142748902568078 1.8810584653443427e-05 -0.00022921607339022591 -0.00014134050303350106 0.00041842350009501641 -2.4725303774764689e-05 -0.00023426834404824293 6.361248065699439e-05 0.0011298208582961788 -4.2233019509260195e-05 -0.00036792280364195671 -3.5983063390272744e-05 -0.00079304224543876002 4.268940475566667e-05 9.9052523711549934e-07 -0.00043617793297654373 0.00069349794901002492 -2.332802534070549e-05 3.4219256058349856e-05 0.00062630437389577605 0.00012537788457643213 0.00038495386772509604 0.00014643285037468893
leaf_weight=11644 29093 1487 327 2622 2176 147402 1046 17251 108543 5820 12880 4954 21463 8891 630 392 30694 6287 154035 488 18020 3974202 3498 1363 4531 2119 2210 7448 2062 14207
leaf_count=11644 29093 1487 327 2622 2176 147402 1046 17251 108543 5820 12880 4954 21463 8891 630 392 30694 6287 154035 488 18020 3974202 3498 1363 4531 2119 2210 7448 2062 14207
internal_value=-1.29452e-10 -7.54203e-07 0.000100566 -0.000123568 -0.000477805 -1.58949e-08 -3.7232e-05 1.69641e-06 4.84243e-05 2.16847e-05 -0.000117222 0.000203242 -0.00010583 -8.61083e-05 -9.79604e-06 0.000473274 -5.77629e-05 -0.000215677 1.1546e-08 -0.000133051 3.98752e-07 1.79439e-06 7.92381e-05 0.0001389 -6.26652e-05 -0.000258747 0.000111565 0.000240056 0.000104404 3.35826e-05
internal_weight=4.59778e+06 4.56357e+06 34218 5125 2503 4.53173e+06 199331 4.3324e+06 150775 128570 50907 22205 31841 30354 148424 1022 31740 19167 4.18162e+06 12132 4.16949e+06 4.01545e+06 41251 29041 12210 5617 27678 9658 6593 122750
internal_count=4597785 4563567 34218 5125 2503 4531726 199331 4332395 150775 128570 50907 22205 31841 30354 148424 1022 31740 19167 4181620 12132 4169488 4015453 41251 29041 12210 5617 27678 9658 6593 122750
is_linear=0
shrinkage=0.05


Tree=55
num_leaves=31
num_cat=0
split_feature=0 9 1 6 2 6 5 7 8 6 4 1 5 3 5 4 0 1 6 1 5 2 5 5 4 8 7 3 6 5
split_gain=0.128789 0.15841 0.121032 0.110178 0.11307 0.105557 0.0888738 0.0886142 0.0854159 0.0882749 0.0800583 0.0994068 0.108645 0.0824924 0.12422 0.112855 0.102513 0.0991188 0.0991495 0.0965477 0.119924 0.113976 0.15069 0.0942697 0.0860815 0.255471 0.144167 0.134814 0.156238 0.137964
threshold=0.083180189132690444 0.68191692233085643 0.18626886606216433 0.0030453326180577282 0.63825666904449474 0.089947186410427107 0.15901005268096927 0.042952382937073715 3.861013770103455 0.036630261689424522 -0.087176948785781846 0.016755402088165287 0.15901005268096927 0.0064446330070495614 1.0000000180025095e-35 0.088645815849304213 0.0069070458412170419 0.018963992595672611 0.055891843512654311 -0.043831139802932732 0.0088105797767639178 0.013031899929046633 1.0000000180025095e-35 0.0395573377609253 -0.013436704874038695 1.1686154007911684 0.045191640034317977 -0.022417664527893063 0.061007544398307807 0.050867795944213874
decision_type=10 10 10 10 8 10 2 10 10 10 2 8 2 8 2 2 10 8 8 8 2 8 2 2 2 8 10 10 10 2
left_child=2 6 10 -3 5 7 -2 8 9 -5 11 -1 -13 14 -12 16 19 18 -18 20 -15 -21 -23 -19 25 27 -26 28 29 -16
right_child=1 3 -4 4 -6 -7 -8 -9 -10 -11 13 12 -14 15 24 -17 17 23 -20 21 -22 22 -24 -25 26 -27 -28 -29 -30 -31
leaf_value=-4.6317777456358905e-05 0.00030756488716424042 0.00035978122200554745 -8.511704032433879e-05 -0.00034090570947738555 -0.00019598854213587915 0.00035854940250649721 -0.0008172781645811888 -4.0057660879094891e-05 -6.1249427016220109e-05 0.00012761978043080525 -0.00021282517549537977 -0.00014961836891927785 -0.00073657039963465358 -0.0016033402819114085 1.0735878100695051e-05 0.00070676383632166297 5.0607082545137953e-05 5.3172142367618669e-05 0.00020362725573674808 -5.5947533627975586e-05 4.1131272046309297e-05 0.0011363971633770217 1.0615473194056139e-05 -2.3417516498079508e-05 -4.00764877903269e-06 -3.4730077021289779e-05 -5.4424786947137099e-05 2.2233033719201729e-05 -3.2009327162192219e-05 0.00031271965157885699
leaf_weight=13400 7292 2598 42519 1036 5214 2589 179 25686 8821 32986 7028 2390 1176 110 5413 590 168691 66385 11294 118798 91211 297 117472 101762 2733721 225548 149547 632321 9158 12553
leaf_count=13400 7292 2598 42519 1036 5214 2589 179 25686 8821 32986 7028 2390 1176 110 5413 590 168691 66385 11294 118798 91211 297 117472 101762 2733721 225548 149547 632321 9158 12553
internal_value=-1.16765e-10 6.04681e-05 -1.1582e-06 3.96372e-05 2.87364e-05 4.52146e-05 0.000280509 3.33718e-05 7.73955e-05 0.000113343 -3.59359e-07 -0.000108763 -0.000343336 5.37881e-08 -2.82758e-06 1.6131e-05 1.55272e-05 3.44231e-05 6.02101e-05 -4.53549e-06 3.91329e-05 -2.13927e-05 1.34642e-05 6.82047e-06 -2.43587e-06 1.12045e-05 -6.62266e-06 2.69154e-05 0.000136068 0.00022174
internal_weight=4.59778e+06 86401 4.51138e+06 78930 76332 71118 7471 68529 42843 34022 4.46886e+06 16966 3566 4.4519e+06 3.77529e+06 676610 676020 348132 179985 327888 91321 236567 117769 168147 3.76826e+06 884993 2.88327e+06 659445 27124 17966
internal_count=4597785 86401 4511384 78930 76332 71118 7471 68529 42843 34022 4468865 16966 3566 4451899 3775289 676610 676020 348132 179985 327888 91321 236567 117769 168147 3768261 884993 2883268 659445 27124 17966
is_linear=0
shrinkage=0.05


Tree=56
num_leaves=31
num_cat=0
split_feature=8 0 1 7 3 6 3 2 7 7 8 0 4 5 0 1 5 8 2 5 5 1 4 9 4 1 1 2 5 8
split_gain=0.12428 0.178656 0.0968065 0.095456 0.122992 0.133727 0.0850075 0.117499 0.184257 0.117551 0.118722 0.103149 0.119313 0.113823 0.147767 0.0998559 0.0877892 0.0987365 0.0841404 0.153741 0.126209 0.0975202 0.0804877 0.076423 0.103097 0.0848654 0.0753151 0.074279 0.0729919 0.0681772
threshold=3.861013770103455 0.099948883056640639 -0.17448747158050534 0.042952382937073715 0.099059760570526137 0.089947186410427107 0.0064446330070495614 0.30438482761383062 0.02236482780426741 0.051073934882879264 1.0943152308464053 0.0069070458412170419 0.088645815849304213 0.031065046787261966 0.025845348834991459 -0.016509383916854855 0.15901005268096927 1.5047798752784731 0.013031899929046633 1.0000000180025095e-35 1.0000000180025095e-35 -0.047935903072357171 -0.074428170919418321 0.45786227285861975 -0.0068965852260589591 -0.147479772567749 0.31152415275573736 -0.13959667086601255 0.11890023946762086 1.6678165197372439
decision_type=10 10 10 10 10 10 8 8 8 10 8 10 2 2 10 8 2 8 8 2 2 8 2 8 2 10 8 10 2 10
left_child=1 6 -2 -3 -5 -6 7 23 -9 -10 28 12 16 14 -13 -15 18 -18 19 -8 -20 -21 -4 24 -1 27 -16 -26 -11 -25
right_child=2 3 22 4 5 -7 11 8 9 10 -12 13 -14 15 26 -17 17 -19 20 21 -22 -23 -24 29 25 -27 -28 -29 -30 -31
leaf_value=3.2817413063137616e-05 -0.00054186150681600478 0.00017153354510455446 -0.00038600128647551396 -1.648060230361432e-05 0.00025991155651447815 0.0016645952273943662 -0.0017778704939410148 -0.00077507233816711033 -2.0078487488399562e-05 -0.00010271671958033803 -0.00029236767337271547 4.8883561373767925e-05 0.00070381446735935779 6.9066617043248954e-05 0.00016894028007432408 -3.3686896359244558e-06 0.00021496676069194238 -0.00048754750747117089 0.0010160714420170821 2.6091590961171117e-05 2.352749260059239e-05 -4.9364772996906051e-05 -5.8504995810332246e-05 2.0835278863157686e-06 -0.00044824558352041211 -5.2777160840206225e-05 0.00052652370160640642 -8.6823017581574114e-05 0.00018375981097796363 -2.3517870761571414e-05
leaf_weight=37746 1152 22934 1984 19052 2023 184 124 862 119001 19187 8248 95220 593 63922 18944 186082 684 1855 320 64786 142961 126285 34215 3241059 2601 95785 1596 3135 2514 282731
leaf_count=37746 1152 22934 1984 19052 2023 184 124 862 119001 19187 8248 95220 593 63922 18944 186082 684 1855 320 64786 142961 126285 34215 3241059 2601 95785 1596 3135 2514 282731
internal_value=-1.19441e-10 7.43841e-07 -9.08328e-05 0.000100786 2.44594e-05 0.000377722 -2.35127e-07 -3.18143e-06 -4.65833e-05 -4.23622e-05 -0.000130902 1.57363e-05 -4.19358e-06 3.41319e-05 7.51218e-05 1.51521e-05 -5.44145e-06 -0.000298282 -3.21762e-06 -2.49269e-05 2.57513e-05 -2.378e-05 -7.64646e-05 -1.40636e-06 -3.77342e-05 -6.39657e-05 0.00019675 -0.00025076 -6.95223e-05 2.93957e-08
internal_weight=4.59778e+06 4.56043e+06 37351 44193 21259 2207 4.51624e+06 3.81287e+06 149812 148950 29949 703372 337608 365764 115760 250004 337015 2539 334476 191195 143281 191071 36199 3.66306e+06 139267 101521 20540 5736 21701 3.52379e+06
internal_count=4597785 4560434 37351 44193 21259 2207 4516241 3812869 149812 148950 29949 703372 337608 365764 115760 250004 337015 2539 334476 191195 143281 191071 36199 3663057 139267 101521 20540 5736 21701 3523790
is_linear=0
shrinkage=0.05


Tree=57
num_leaves=31
num_cat=0
split_feature=8 0 5 2 3 7 1 2 4 3 3 6 1 1 2 8 4 1 3 7 9 0 3 8 6 4 1 2 0 2
split_gain=0.112166 0.161501 0.188519 0.108533 0.0906725 0.0870557 0.164131 0.1349 0.10178 0.0975734 0.0904947 0.0869143 0.171183 0.106568 0.180904 0.12477 0.137627 0.131022 0.118301 0.106612 0.103779 0.156659 0.142552 0.120209 0.113301 0.105579 0.168171 0.163836 0.124324 0.102102
threshold=3.861013770103455 0.083180189132690444 0.070451915264129653 0.43008381128311163 -0.050491750240325921 0.049476299434900291 -0.038500756025314324 0.060005307197570808 0.025033831596374515 0.099059760570526137 -0.071529179811477647 0.030935070477426056 0.049382746219635017 -0.015979260206222531 0.02284270524978638 1.1437264084815981 -0.0084034502506256086 -0.088599622249603258 -0.021333009004592892 0.01545648602768779 0.64492911100387584 0.029650866985321048 -0.071529179811477647 1.4898381829261782 0.054059090092778213 -0.0017211735248565672 -0.086254566907882677 -0.087230294942855821 -0.092244744300842271 -0.1303347051143646
decision_type=10 10 2 8 10 8 10 8 2 10 8 10 10 8 10 8 2 8 10 10 10 10 10 8 10 2 10 10 10 10
left_child=1 5 -3 -4 -2 11 9 -8 -9 10 -7 13 20 14 15 16 18 -18 -1 -17 21 25 24 -24 -22 28 27 -27 -13 -26
right_child=4 2 3 -5 -6 6 7 8 -10 -11 -12 12 -14 -15 -16 19 17 -19 -20 -21 22 -23 23 -25 29 26 -28 -29 -30 -31
leaf_value=0.00033082637345964097 -0.00046649398758431284 0.00022259006322606414 6.2782056738206889e-05 -0.00011735098082919498 -7.0328121554608984e-05 -0.00028959609296447589 1.5568707748438107e-05 -5.929447826637755e-05 -0.00016399110308100846 -0.0012619589603093497 2.4020873604976977e-05 -0.00061455507942428022 -1.925638538563466e-05 4.4956594220632907e-06 2.5269998463495194e-05 -0.00012958461633485021 -0.00014900903354854434 -2.7063306333760856e-05 5.9438260697634801e-06 -3.9867827458279274e-05 0.0004430204838782269 0.00021641382275120868 4.831730655857386e-05 -2.1753245716980949e-05 -0.00086579309013414094 -0.00029067868650113567 -1.1373950426409374e-05 -1.5690711834739754e-05 2.8945764034306388e-05 0.00017823269676765628
leaf_weight=2824 1504 16547 47691 10139 35847 2342 46670 100617 30175 148 125906 756 262463 2045748 233928 42740 23259 415487 345038 147003 3724 7704 406349 72062 331 12645 59356 9475 88513 794
leaf_count=2824 1504 16547 47691 10139 35847 2342 46670 100617 30175 148 125906 756 262463 2045748 233928 42740 23259 415487 345038 147003 3724 7704 406349 72062 331 12645 59356 9475 88513 794
internal_value=-1.13617e-10 7.06659e-07 7.3781e-05 3.11989e-05 -8.62925e-05 -5.049e-07 -2.62547e-05 -5.74096e-05 -8.34501e-05 1.6806e-05 1.82915e-05 1.37918e-06 1.49119e-05 -2.46187e-06 -1.42223e-05 -2.36844e-05 -1.49057e-05 -3.35283e-05 8.58222e-06 -6.00773e-05 2.84645e-05 -4.12091e-06 4.0497e-05 3.77627e-05 0.000310207 -1.40726e-05 -5.5227e-05 -0.000172895 2.34893e-05 -0.000129439
internal_weight=4.59778e+06 4.56043e+06 74377 57830 37351 4.48606e+06 305858 177462 130792 128396 128248 4.1802e+06 924172 3.25603e+06 1.21028e+06 976351 786608 438746 347862 189743 661709 178449 483260 478411 4849 170745 81476 22120 89269 1125
internal_count=4597785 4560434 74377 57830 37351 4486057 305858 177462 130792 128396 128248 4180199 924172 3256027 1210279 976351 786608 438746 347862 189743 661709 178449 483260 478411 4849 170745 81476 22120 89269 1125
is_linear=0
shrinkage=0.05


Tree=58
num_leaves=31
num_cat=0
split_feature=0 5 2 9 2 5 8 7 6 6 8 0 9 1 4 2 0 8 7 6 9 1 8 5 9 3 3 2 7 2
split_gain=0.107837 0.243375 0.174749 0.155019 0.109764 0.090197 0.0855095 0.10096 0.0978663 0.0788443 0.0726079 0.0717167 0.072768 0.0701037 0.186282 0.126499 0.10373 0.0806959 0.0716225 0.0692223 0.120154 0.091804 0.13023 0.121045 0.160898 0.132278 0.0960947 0.0907916 0.0949339 0.0880886
threshold=0.049224495887756355 0.056185185909271247 0.49909496307373052 4.0981450080871591 0.32530534267425543 0.1104947328567505 1.3005986809730532 0.040532050654292114 0.089947186410427107 0.074812211096286788 1.0277314782142641 0.052722215652465827 0.39569355547428137 0.088837683200836196 0.013372004032135012 0.081527590751647963 -0.092244744300842271 0.73344388604164135 0.034761864691972739 0.024287409149110321 0.30572132766246801 -0.0016286075115203855 1.1934923529624941 0.0395573377609253 0.99405673146247875 -0.0022270977497100826 0.099059760570526137 -0.24467906355857846 0.028842527419328693 0.0017188787460327151
decision_type=10 2 8 10 8 2 10 10 10 10 8 10 10 10 2 8 8 8 8 10 10 8 8 2 8 8 8 8 8 8
left_child=3 4 6 13 9 -5 -3 -8 -9 11 -4 -2 -13 19 16 -16 17 -15 -17 21 -21 22 -1 24 25 -23 29 28 -22 -24
right_child=1 2 10 5 -6 -7 7 8 -10 -11 -12 12 -14 14 15 18 -18 -19 -20 20 27 23 26 -25 -26 -27 -28 -29 -30 -31
leaf_value=-6.8391884031894e-06 0.00019583452486199128 8.6205265724402502e-05 3.7902646265910704e-05 -9.1314469070021784e-05 0.00030885006426925805 -0.00037047248610895577 3.3007211997901199e-05 -8.448380984274134e-05 0.00028354312599775561 0.00070309506943307945 -0.00021868389885882405 0.00045780849045730154 -1.7791059657777361e-05 -0.00097323296081400473 -5.6193254951724207e-06 -7.066520344174361e-05 1.9675002017460343e-05 -0.00017993512308605753 -0.00017462533519300506 -0.000150158287233785 -0.00012534093828879005 2.8582484529273127e-05 -6.5725611847996921e-05 -2.5529028912771509e-05 3.407356090566991e-05 -2.3209059111038697e-05 -0.00087498107022838674 8.2207753743492105e-06 0.00010598010602756003 1.1549758353341516e-05
leaf_weight=1184256 9192 44569 3691 12686 9079 3748 95587 34253 1906 534 10893 860 12204 362 39205 35777 125846 2750 30859 11734 4987 186940 162188 255785 479331 362054 351 1388383 40043 47732
leaf_count=1184256 9192 44569 3691 12686 9079 3748 95587 34253 1906 534 10893 860 12204 362 39205 35777 125846 2750 30859 11734 4987 186940 162188 255785 479331 362054 351 1388383 40043 47732
internal_value=-1.40302e-10 3.39343e-05 1.25807e-05 -1.72803e-06 0.00016184 -0.000154999 2.63395e-05 6.08668e-06 -6.50772e-05 0.000103264 -0.000153747 8.88413e-05 1.35502e-05 -1.15009e-06 -2.77247e-05 -7.68836e-05 1.26223e-05 -0.000272498 -0.000118811 3.63015e-07 9.18256e-06 -4.3952e-06 -1.32776e-05 5.251e-06 1.29072e-05 -5.57331e-06 -4.9539e-05 1.0487e-05 8.03595e-05 -4.81546e-05
internal_weight=4.59778e+06 222768 190899 4.37502e+06 31869 16434 176315 131746 36159 22790 14584 22256 13064 4.35858e+06 234799 105841 128958 3112 66636 4.12378e+06 1.44515e+06 2.67864e+06 1.39453e+06 1.28411e+06 1.02832e+06 548994 210271 1.43341e+06 45030 209920
internal_count=4597785 222768 190899 4375017 31869 16434 176315 131746 36159 22790 14584 22256 13064 4358583 234799 105841 128958 3112 66636 4123784 1445147 2678637 1394527 1284110 1028325 548994 210271 1433413 45030 209920
is_linear=0
shrinkage=0.05


Tree=59
num_leaves=31
num_cat=0
split_feature=8 0 6 7 4 0 8 6 2 3 8 5 2 3 6 5 4 5 0 7 6 1 6 3 8 4 9 5 4 2
split_gain=0.101414 0.15858 0.102474 0.0857438 0.148147 0.109864 0.179254 0.157743 0.097564 0.0959232 0.0888447 0.0760029 0.0759685 0.0731049 0.0864279 0.0843821 0.0718189 0.0748366 0.0687774 0.0728047 0.0669443 0.169462 0.113689 0.0945663 0.152277 0.0927436 0.118691 0.0831843 0.0800805 0.0751997
threshold=2.8451790809631352 0.10009223222732545 0.052399979904294021 0.05026040971279145 0.026120960712432865 0.047326207160949714 1.0059108138084414 0.0090786395594477671 0.49909496307373052 -0.071529179811477647 1.0322281718254092 0.064732134342193617 0.30438482761383062 -0.071529179811477647 0.081208650022745146 1.0000000180025095e-35 0.024520754814147953 0.054242610931396491 -0.099913775920867906 0.024702444672584537 0.032668609172105796 0.0016171932220458987 0.046455599367618568 -0.071529179811477647 0.9653606414794923 -0.040309995412826531 0.66862502694129955 0.035312950611114509 0.063149333000183119 -0.22266399860382077
decision_type=10 10 10 10 2 10 10 10 8 10 8 2 10 10 10 2 2 2 8 8 10 8 8 10 10 2 10 2 2 8
left_child=1 3 16 5 9 18 11 -8 -9 -5 -6 -7 -12 -4 15 -15 17 -2 19 -1 -20 22 23 24 -22 29 -27 -28 -23 -24
right_child=2 -3 13 4 10 6 7 8 -10 -11 12 -13 -14 14 -16 -17 -18 -19 20 -21 21 28 25 -25 -26 26 27 -29 -30 -31
leaf_value=-0.00090395926150561043 1.4442720007000363e-05 0.00012762275567203033 -0.00065449398137949581 -0.00031133317834135905 -3.6559118815527099e-05 0.00025429653315095345 0.00071359771267077337 2.3510236655852084e-05 -0.00022333393938405379 -1.8978076377641852e-06 -0.00011345022804570436 7.7404085491982301e-05 -0.00029929494897853348 0.00093340358824184908 0.0001104986492627372 -0.00021160399833594631 1.3799065187477638e-05 -0.00014486787286554839 -2.3104552116862204e-06 -0.00010569084451735073 -0.00019416492725955493 -8.4289587714405424e-06 0.00027873263537335464 1.7370134722035148e-05 0.00057073905324911672 3.6291753214600326e-05 0.00030162142888383943 0.00012615876745177882 -0.00029118213892378027 -4.4412882376118862e-05
leaf_weight=293 11795 24614 729 2547 22980 12478 813 120107 4140 146752 17401 11830 8040 162 2775 12709 44044 19655 3390626 10062 995 352841 1990 268039 1877 36851 8078 41239 2521 18802
leaf_count=293 11795 24614 729 2547 22980 12478 813 120107 4140 146752 17401 11830 8040 162 2775 12709 44044 19655 3390626 10062 995 352841 1990 268039 1877 36851 8078 41239 2521 18802
internal_value=-1.46034e-10 1.06018e-06 -5.20056e-05 3.64994e-07 -3.18269e-05 1.8509e-06 4.3978e-05 1.98288e-05 1.52835e-05 -7.17874e-06 -0.000107824 0.000168215 -0.000172191 -0.000165387 -0.000142558 -0.000197121 -2.74108e-05 -8.51215e-05 3.28853e-07 -0.000128363 6.5203e-07 1.43512e-05 3.76615e-05 2.04286e-05 0.000305764 8.13088e-05 0.000104179 0.000154905 -1.04357e-05 -1.34727e-05
internal_weight=4.59778e+06 4.50592e+06 91869 4.4813e+06 197720 4.28358e+06 149368 125060 124247 149299 48421 24308 25441 16375 15646 12871 75494 31450 4.13421e+06 10355 4.12386e+06 733233 377871 270911 2872 106960 86168 49317 355362 20792
internal_count=4597785 4505916 91869 4481302 197720 4283582 149368 125060 124247 149299 48421 24308 25441 16375 15646 12871 75494 31450 4134214 10355 4123859 733233 377871 270911 2872 106960 86168 49317 355362 20792
is_linear=0
shrinkage=0.05


Tree=60
num_leaves=31
num_cat=0
split_feature=8 0 5 2 6 6 7 1 2 3 0 6 1 6 0 3 1 2 3 7 3 1 3 2 3 9 5 7 2 0
split_gain=0.0915259 0.14745 0.143129 0.104151 0.0924815 0.075345 0.070525 0.145935 0.145751 0.102639 0.126591 0.0997571 0.12409 0.122909 0.197927 0.0916111 0.0889253 0.189285 0.108555 0.155221 0.137961 0.12121 0.0995894 0.190815 0.154023 0.144668 0.118917 0.0964026 0.0955779 0.0948454
threshold=2.8451790809631352 0.083180189132690444 0.080771505832672133 0.43008381128311163 0.052399979904294021 0.089947186410427107 0.0438046082854271 -0.038500756025314324 0.018505990505218509 -0.010299563407897947 0.0044776797294616708 0.032668609172105796 -0.010500371456146238 0.050221057608723647 -0.053995281457900994 0.099059760570526137 -0.016509383916854855 0.045093834400177009 0.0026177763938903813 0.022680261172354225 -0.0065962970256805411 -0.044607758522033684 -0.0022270977497100826 -0.081766694784164415 -0.013953536748886107 1.0027028322219851 0.038832664489746101 0.027575198560953144 0.023952186107635502 0.011627972126007082
decision_type=10 10 2 8 10 10 8 10 8 8 10 8 8 10 10 10 10 8 10 10 10 10 8 10 10 10 2 10 10 10
left_child=1 6 5 -4 -2 -3 11 15 -9 10 -10 16 13 -13 -15 -8 17 18 19 20 21 -1 23 24 -18 29 -27 -25 -29 -24
right_child=4 2 3 -5 -6 -7 7 8 9 -11 -12 12 -14 14 -16 -17 22 -19 -20 -21 -22 -23 25 27 -26 26 -28 28 -30 -31
leaf_value=-0.00017583948132287878 -2.6040319028023022e-05 0.00018163048323310881 6.619637002875952e-05 -0.00012320818211919635 -0.00015711715751243969 0.00097552811784178063 1.6937205743245046e-05 1.6362476708340107e-05 -7.0974740719711914e-05 -4.0526843618847703e-05 -0.00022928567692915886 2.8771280283587886e-05 6.0228452044118887e-07 -8.5863018032728117e-05 0.00016057390442051193 -0.0012070526204374771 0.00022156606537118031 3.8642577851163031e-05 7.2846820524471271e-06 -4.6447878620638817e-06 -3.5893883144325109e-05 -5.3116963529478085e-05 -2.6649688382453096e-05 1.9918230006896031e-05 5.5477412454969814e-05 2.9948234164591965e-05 -1.4531173890579768e-05 2.4326160695264994e-05 -5.9563687844354315e-05 2.2896155826367637e-05
leaf_weight=36490 75494 17882 37363 9007 16375 303 185413 78991 42067 141692 18044 250709 387332 10095 42225 152 16292 158240 270388 348299 350513 44851 600599 451888 97441 416114 235206 55324 87893 115103
leaf_count=36490 75494 17882 37363 9007 16375 303 185413 78991 42067 141692 18044 250709 387332 10095 42225 152 16292 158240 270388 348299 350513 44851 600599 451888 97441 416114 235206 55324 87893 115103
internal_value=-1.38227e-10 1.00717e-06 7.60295e-05 2.94042e-05 -4.94053e-05 0.000194911 -8.32923e-08 -1.84779e-05 -4.12154e-05 -6.37529e-05 -0.000118499 2.07483e-06 1.93522e-05 4.33184e-05 0.000113024 1.59281e-05 -1.55652e-06 -1.23376e-05 -2.00167e-05 -2.94789e-05 -4.9508e-05 -0.000108172 4.72137e-06 1.993e-05 7.9271e-05 -3.16475e-06 1.38857e-05 8.58903e-06 -2.71575e-05 -1.86814e-05
internal_weight=4.59778e+06 4.50592e+06 64555 46370 91869 18185 4.44136e+06 466359 280794 201803 60111 3.975e+06 690361 303029 52320 185565 3.28464e+06 1.20878e+06 1.05054e+06 780153 431854 81341 2.07586e+06 708838 113733 1.36702e+06 651320 595105 143217 715702
internal_count=4597785 4505916 64555 46370 91869 18185 4441361 466359 280794 201803 60111 3975002 690361 303029 52320 185565 3284641 1208781 1050541 780153 431854 81341 2075860 708838 113733 1367022 651320 595105 143217 715702
is_linear=0
shrinkage=0.05


Tree=61
num_leaves=31
num_cat=0
split_feature=0 5 2 9 5 7 9 8 7 6 5 1 3 4 0 3 0 5 1 6 1 9 0 2 7 0 2 2 3 4
split_gain=0.0876401 0.195003 0.14327 0.132439 0.107426 0.0946968 0.0784823 0.0727211 0.0998429 0.0891995 0.0708282 0.1885 0.168302 0.129006 0.116048 0.120344 0.0985411 0.105368 0.170544 0.0863527 0.213062 0.23076 0.102972 0.103004 0.227607 0.0911562 0.0863413 0.0852133 0.125198 0.135661
threshold=0.049224495887756355 0.056185185909271247 0.49909496307373052 5.2858159542083749 0.15901005268096927 0.052952408790588386 1.0629445910453799 1.3374590873718264 0.038257025182247169 0.089947186410427107 0.069497287273406996 -0.20259189605712888 -0.042735069990158074 -0.028210669755935665 0.0040876865386962899 -0.033140629529952996 -0.099913775920867906 0.13562166690826419 -0.0351000428199768 0.048893684521317489 -0.043010741472244256 0.66862502694129955 -0.057142764329910271 0.10998433828353883 0.030444764532148842 0.049224495887756355 -0.28293588757514948 0.10108309984207155 -0.01096484065055847 0.088645815849304213
decision_type=10 2 8 10 2 8 10 10 10 10 2 8 8 2 8 10 10 2 8 8 8 10 8 10 8 8 8 8 8 2
left_child=3 5 7 10 -5 6 -2 -3 -9 -10 12 13 -1 26 15 -13 17 -17 -19 22 21 25 23 -14 -25 -21 -12 -16 -29 -30
right_child=1 2 -4 4 -6 -7 -8 8 9 -11 11 14 19 -15 27 16 -18 18 -20 20 -22 -23 -24 24 -26 -27 -28 28 29 -31
leaf_value=-0.00012841666946283151 0.00022773084149027846 7.6248218370329231e-05 -0.00013912598472948221 -0.00015998042156848755 -0.00089762202337350804 0.00031965735811142668 4.1368964811508695e-05 3.581274808721912e-05 -7.2671131998232802e-05 0.00028098705198174439 0.00067295947529920884 9.5397079604561802e-05 8.7577248908065971e-05 -9.7787835374674414e-05 -2.5135698801351727e-05 -0.00030719659853143061 -1.125546410237346e-05 0.000545092271697395 -0.00044895872416004715 3.0580345719866013e-05 2.5160927805105483e-06 0.00023928200936255045 -5.9121361769406738e-07 0.001482496897082125 0.000138702471342918 -0.0012719233614862553 0.00022979348103654694 -0.00020450760188022484 -6.7335644547640661e-05 0.00069811790730479797
leaf_weight=25065 8408 48252 14584 6850 531 6245 17216 84702 41499 1862 1490 26451 12287 2298 73562 5492 185782 1046 733 27021 137889 23024 3770693 439 1111 134 4189 20943 47402 585
leaf_count=25065 8408 48252 14584 6850 531 6245 17216 84702 41499 1862 1490 26451 12287 2298 73562 5492 185782 1046 733 27021 137889 23024 3770693 439 1111 134 4189 20943 47402 585
internal_value=-1.3603e-10 3.0592e-05 1.14779e-05 -1.55784e-06 -0.000213162 0.000145084 0.000102526 2.39359e-05 4.22503e-06 -5.74783e-05 -1.20019e-06 -2.21301e-05 7.36818e-07 0.000218276 -2.74283e-05 -4.61896e-06 -1.8323e-05 -0.00019888 0.000135492 1.55174e-06 3.46205e-05 0.00012284 -9.15835e-08 0.000136052 0.00052001 2.41064e-05 0.000346165 -6.2565e-05 -0.000102509 -5.79898e-05
internal_weight=4.59778e+06 222768 190899 4.37502e+06 7381 31869 25624 176315 128063 43361 4.36764e+06 369973 3.99766e+06 7977 361996 219504 193053 7271 1779 3.9726e+06 188068 50179 3.78453e+06 13837 1550 27155 5679 142492 68930 47987
internal_count=4597785 222768 190899 4375017 7381 31869 25624 176315 128063 43361 4367636 369973 3997663 7977 361996 219504 193053 7271 1779 3972598 188068 50179 3784530 13837 1550 27155 5679 142492 68930 47987
is_linear=0
shrinkage=0.05


Tree=62
num_leaves=31
num_cat=0
split_feature=0 5 6 0 8 7 2 3 3 3 0 5 2 8 4 1 2 8 5 3 9 0 1 2 3 5 7 2 0 6
split_gain=0.0834795 0.0928965 0.205379 0.129409 0.0899665 0.119558 0.0989887 0.0938583 0.0862667 0.0848817 0.163633 0.0967656 0.08759 0.08953 0.0833818 0.156126 0.12396 0.127129 0.122857 0.120016 0.116339 0.148697 0.132939 0.105439 0.10518 0.124565 0.103569 0.122261 0.100103 0.0988174
threshold=0.10009223222732545 0.15901005268096927 0.081208650022745146 0.10044640302658082 2.0793143510818486 0.042164573445916183 -0.014673858880996702 -0.0083507001399993879 -0.071529179811477647 0.015296399593353273 0.015818059444427494 0.03471344709396363 0.43008381128311163 1.0648589134216311 -0.013436704874038695 -0.070076435804367052 -0.0026434659957885738 1.0506768822669985 0.15901005268096927 -0.015607237815856932 0.58731031417846691 0.0334576964378357 -0.13164439797401425 -0.099232912063598619 -0.030362457036972042 0.053815305233001716 0.040837334468960769 0.05166298151016236 -0.0016919672489166258 0.045353343710303314
decision_type=10 2 10 10 10 10 10 10 10 10 10 2 10 10 2 8 10 8 2 8 8 10 8 8 10 2 10 10 10 10
left_child=4 -2 3 -3 9 6 -6 -8 -7 12 -11 -12 14 -14 15 18 17 19 24 -17 21 22 23 -16 25 -1 29 -28 -24 -22
right_child=1 2 -4 -5 5 8 7 -9 -10 10 11 -13 13 -15 20 16 -18 -19 -20 -21 26 -23 28 -25 -26 -27 27 -29 -30 -31
leaf_value=-0.0002074665794367802 0.00011238183387784777 0.00048396854354300898 0.00019075869181289567 -0.00058169696451172595 -7.1322675888591398e-05 -0.00062401483332267388 -0.00010929647585150912 1.9633718059979149e-05 -0.00012610839349073733 -9.7839189168614715e-06 0.00016501696591428379 4.9752361177957985e-05 -2.1072628439267684e-05 -0.00019108648486226506 -0.00029076866491479695 0.00018124839079533585 2.3970088369527579e-05 -5.1608631939088838e-05 0.00081261968556327877 -1.4453080988984122e-06 1.0050628633615859e-06 0.00027350004434649347 3.5074832310380527e-06 -4.2694134515677732e-05 4.0079838363673656e-05 0.00027740790402762692 4.2550830005392223e-06 -7.017567880047347e-05 -4.5562320632007214e-05 5.2791399908256775e-05
leaf_weight=1561 29093 327 2622 2176 64106 911 16032 118041 18903 99843 25886 61390 22237 11880 8571 9310 354600 158098 525 260266 2353582 4065 180438 8562 214339 8721 111033 109665 245133 95869
leaf_count=1561 29093 327 2622 2176 64106 911 16032 118041 18903 99843 25886 61390 22237 11880 8571 9310 354600 158098 525 260266 2353582 4065 180438 8562 214339 8721 111033 109665 245133 95869
internal_value=-1.14379e-10 7.78043e-05 -0.000118465 -0.000442337 -5.83515e-07 -3.19279e-05 -2.02191e-05 4.21598e-06 -0.000149031 9.88862e-07 3.39316e-05 8.39413e-05 -4.93477e-07 -8.02776e-05 1.66526e-07 1.26716e-05 2.11177e-06 -1.60118e-05 4.93617e-05 4.8648e-06 -3.87524e-06 -2.74906e-05 -3.0255e-05 -0.000166806 4.75742e-05 0.000203782 7.60943e-08 -3.27298e-05 -2.47572e-05 3.03195e-06
internal_weight=4.59778e+06 34218 5125 2503 4.56357e+06 217993 198179 134073 19814 4.34557e+06 187119 87276 4.15846e+06 34117 4.12434e+06 1.00742e+06 782274 427674 225146 269576 3.11692e+06 446769 442704 17133 224621 10282 2.67015e+06 220698 425571 2.44945e+06
internal_count=4597785 34218 5125 2503 4563567 217993 198179 134073 19814 4345574 187119 87276 4158455 34117 4124338 1007420 782274 427674 225146 269576 3116918 446769 442704 17133 224621 10282 2670149 220698 425571 2449451
is_linear=0
shrinkage=0.05


Tree=63
num_leaves=31
num_cat=0
split_feature=8 0 1 7 9 6 3 5 1 3 0 4 1 3 6 8 8 6 2 8 4 6 1 9 0 2 7 5 9 2
split_gain=0.0802223 0.101638 0.0865855 0.0710947 0.0685487 0.0834273 0.0799816 0.0651403 0.15411 0.138067 0.127996 0.124636 0.0853201 0.089666 0.0861853 0.101655 0.083464 0.083038 0.0746865 0.0714926 0.0760622 0.0713312 0.213997 0.197818 0.0944768 0.0809843 0.274991 0.0712101 0.0703361 0.0694786
threshold=4.9169352054595956 0.099948883056640639 -0.147479772567749 0.037779990583658225 1.5924385190010073 0.089947186410427107 0.044776141643524177 0.070451915264129653 -0.20259189605712888 -0.042735069990158074 0.047326207160949714 -0.028210669755935665 0.17074912786483767 -0.071529179811477647 0.081208650022745146 0.87610483169555675 1.1806805133819582 0.081208650022745146 -0.28293588757514948 2.1326175928115849 -0.040309995412826531 0.048893684521317489 -0.043010741472244256 0.66528302431106578 -0.053995281457900994 0.10998433828353883 0.028212646953761581 0.057229161262512214 0.9690750539302827 -0.01572012901306152
decision_type=10 10 10 10 10 10 10 2 8 8 8 2 8 8 10 10 10 8 8 8 2 8 8 10 10 10 10 2 10 10
left_child=1 7 -2 -3 -5 -6 -7 9 11 17 21 18 13 14 15 -10 -12 -1 -9 20 -14 24 23 -23 25 -11 -27 -25 -16 -26
right_child=2 3 -4 4 5 6 -8 8 12 10 16 -13 19 -15 28 -17 -18 -19 -20 -21 -22 22 -24 27 29 26 -28 -29 -30 -31
leaf_value=-7.7839813479943601e-05 -0.00055428973225268776 0.00015366630225961334 -7.8343087297104419e-05 0.00010548545081452275 -8.4920439994413198e-05 9.802183541937535e-05 0.00093529064514785731 0.00063856770622735723 -0.00010011155176167239 6.909207619850044e-05 0.00014468279920219437 -0.00010396064221776237 0.0002008864048719534 -1.7159161480424284e-05 0.00045155843492418089 0.00046790721685404995 2.7749502131546732e-05 -0.00033776275806844257 0.00022103399169519472 -0.00017748998283888598 -6.9138363189557965e-05 2.7085342932544655e-05 -1.2094189452556159e-06 0.00028384745779616517 -7.6402806300841864e-06 0.0014222559383235793 0.00010222734052360929 9.5519511283430935e-05 -0.00060488649938012439 5.9448401586775912e-06
leaf_weight=21956 1011 17411 17156 14294 13962 1173 376 1450 1112 20231 24593 2353 2888 411709 225 2697 40212 3572 4098 14767 26811 27001 135571 16208 1871918 497 1900 7273 520 1892840
leaf_count=21956 1011 17411 17156 14294 13962 1173 376 1450 1112 20231 24593 2353 2888 411709 225 2697 40212 3572 4098 14767 26811 27001 135571 16208 1871918 497 1900 7273 520 1892840
internal_value=-1.05932e-10 4.15883e-07 -0.000104859 7.3395e-05 2.64998e-05 -4.62907e-05 0.00030173 -3.44388e-07 -1.79958e-05 1.69116e-06 2.42394e-06 0.000200944 -2.17508e-05 -1.47183e-05 0.000205905 0.000302097 7.21263e-05 -0.000114221 0.000330254 -8.75829e-05 -4.28746e-05 1.2871e-06 3.15128e-05 0.000119388 -1.97725e-07 0.000101661 0.000376404 0.000225521 -0.000285648 -8.09972e-07
internal_weight=4.59778e+06 4.57962e+06 18167 47216 29805 15511 1549 4.5324e+06 468630 4.06377e+06 4.03824e+06 7901 460729 416263 4554 3809 64805 25528 5548 44466 29699 3.97344e+06 186053 50482 3.78739e+06 22628 2397 23481 745 3.76476e+06
internal_count=4597785 4579618 18167 47216 29805 15511 1549 4532402 468630 4063772 4038244 7901 460729 416263 4554 3809 64805 25528 5548 44466 29699 3973439 186053 50482 3787386 22628 2397 23481 745 3764758
is_linear=0
shrinkage=0.05


Tree=64
num_leaves=31
num_cat=0
split_feature=0 3 7 2 8 2 1 5 3 6 0 5 2 6 2 9 5 2 5 0 2 0 7 9 1 7 6 1 7 7
split_gain=0.0753844 0.0864575 0.0804607 0.0749145 0.0896646 0.0809411 0.117996 0.160301 0.114762 0.128535 0.0700147 0.156894 0.127528 0.0892073 0.0821427 0.0805098 0.0909069 0.0687282 0.119225 0.136632 0.122429 0.119849 0.117895 0.115507 0.130375 0.109114 0.139802 0.106102 0.102277 0.0996638
threshold=-0.092244744300842271 0.019258260726928714 0.02289843745529652 0.49909496307373052 0.65256670117378246 -0.079184830188751207 -0.064516156911849962 0.13562166690826419 -0.030362457036972042 0.074812211096286788 0.049224495887756355 0.056185185909271247 0.49909496307373052 0.089947186410427107 -0.14774662256240842 5.2858159542083749 0.15901005268096927 -0.10910004377365111 0.050867795944213874 0.0091463923454284685 -0.019813448190689083 -0.010989040136337279 0.018685674294829372 1.024660646915436 -0.034403711557388299 0.030730755068361763 0.032413095235824592 0.0025461316108703618 0.038531236350536353 0.025630181655287746
decision_type=8 10 8 10 8 10 10 2 10 8 10 2 8 10 10 10 2 8 2 8 8 8 8 10 10 10 10 10 8 10
left_child=1 2 -1 5 -5 -4 7 8 9 -7 15 13 -13 14 -12 17 -17 29 19 20 27 22 -20 24 -22 26 -21 -19 -23 -2
right_child=10 -3 3 4 -6 6 -8 -9 -10 -11 11 12 -14 -15 -16 16 -18 18 21 25 23 28 -24 -25 -26 -27 -28 -29 -30 -31
leaf_value=-0.0008937082003250609 -1.1510633060819761e-05 -0.00054890431853526469 -0.00010922417024208854 -0.0011575965833095247 -0.00020818487700427317 0.00046568434306960794 -8.7936523903820154e-05 0.00089287177769431221 -0.00010754102023578701 -0.00029208874756428367 0.00030799486296052077 2.2508419638050862e-05 -0.00013133463618484478 0.0011528721274960431 8.8536872770689928e-05 -0.00012455753388829511 -0.00086992551175319463 -3.1088957808189957e-05 -0.00014241754181223041 2.2669895144146448e-05 3.1330004678865226e-05 -2.1961942248067777e-05 8.7740566331892332e-06 3.1082983898004341e-05 -1.2729548453106188e-05 -1.7890345728073841e-05 0.00011695081293228998 7.1767393916324309e-06 -7.5535482065735557e-05 2.8572286020272001e-05
leaf_weight=286 242534 928 17305 300 1435 2762 7598 736 3071 701 5078 176315 14584 211 26580 6412 436 610213 13493 548598 211238 271655 289872 310925 818406 153478 42354 257637 132559 430085
leaf_count=286 242534 928 17305 300 1435 2762 7598 736 3071 701 5078 176315 14584 211 26580 6412 436 610213 13493 548598 211238 271655 289872 310925 818406 153478 42354 257637 132559 430085
internal_value=-6.53996e-11 -7.2971e-05 -6.00388e-05 -5.2981e-05 -0.000372921 -3.57165e-05 4.98413e-05 0.000193828 0.000114962 0.000312252 5.61658e-07 2.78997e-05 1.07547e-05 0.000130597 0.000123747 -8.41618e-07 -0.000172134 -5.70866e-07 -3.27022e-06 1.14706e-06 -5.09742e-06 -2.17043e-05 2.04894e-06 4.37476e-06 -3.69043e-06 1.96719e-05 2.94273e-05 -1.97291e-05 -3.95311e-05 1.41191e-05
internal_weight=4.59778e+06 35122 34194 33908 1735 32173 14868 7270 6534 3463 4.56266e+06 222768 190899 31869 31658 4.3399e+06 6848 4.33305e+06 3.66043e+06 2.95285e+06 2.20842e+06 707579 303365 1.34057e+06 1.02964e+06 744430 590952 867850 404214 672619
internal_count=4597785 35122 34194 33908 1735 32173 14868 7270 6534 3463 4562663 222768 190899 31869 31658 4339895 6848 4333047 3660428 2952849 2208419 707579 303365 1340569 1029644 744430 590952 867850 404214 672619
is_linear=0
shrinkage=0.05


Tree=65
num_leaves=31
num_cat=0
split_feature=8 0 5 2 2 3 8 7 6 3 4 4 6 6 7 3 8 1 2 9 2 3 1 0 7 1 1 1 9 3
split_gain=0.072919 0.13996 0.143935 0.105683 0.153527 0.106732 0.0906837 0.103052 0.0727653 0.067472 0.0773997 0.0741543 0.0671195 0.0670519 0.0665479 0.0641819 0.129721 0.077545 0.0722521 0.0631959 0.0717757 0.115132 0.250719 0.231636 0.146181 0.175484 0.110842 0.088411 0.0990714 0.0857807
threshold=1.8301854133605959 0.045517027378082282 0.050104439258575446 -0.014673858880996702 0.18796801567077639 -0.024831801652908322 0.69252541661262523 0.051073934882879264 0.089947186410427107 -0.0083507001399993879 -0.06666663289070128 0.10893654823303224 0.089947186410427107 0.067491825670003905 0.072536423802375807 0.056590974330902107 0.71498632431030285 0.31152415275573736 0.19363051652908328 0.37636668980121618 -0.10075703263282774 -0.0086635053157806379 -0.044607758522033684 -0.025476813316345211 0.023232394829392437 -0.11980420351028441 -0.17448747158050534 -0.090987533330917345 0.75871941447258007 -0.016556352376937863
decision_type=10 10 2 10 10 10 8 8 10 10 2 2 10 10 10 10 10 10 8 8 8 8 10 8 8 8 8 10 10 10
left_child=1 19 12 -2 8 -6 14 13 9 -5 -11 -12 -3 -8 -4 18 -17 -18 -9 -1 21 22 23 -21 27 -26 -23 28 -25 -24
right_child=3 2 6 4 5 -7 7 15 -10 10 11 -13 -14 -15 -16 16 17 -19 -20 20 -22 26 29 24 25 -27 -28 -29 -30 -31
leaf_value=-5.2247998332577085e-05 -6.1902331770648976e-05 0.00016438876780524455 0.00021493149230096707 -6.5010336265976953e-05 -0.00036890178915293715 -6.6728360644826152e-05 3.5178292059014791e-05 2.5280482797596425e-05 0.0004223628588888393 -0.00021286253101274048 3.2712254944507564e-05 -0.00043499044367105314 0.0012669201503138657 0.00021526648431536663 0.0012968269839635765 -0.0010516675480941654 0.00022461311973753534 0.0013292166443152522 -0.00014749627639770211 6.9252084906591761e-05 -2.3194574420788914e-06 0.00017526706503926499 0.00020014254886354223 -0.0011695457830663675 -0.00026481894167914601 2.69260928705771e-05 2.6259854291246751e-06 -0.0002335718068217777 -0.00030421912508868387 8.2834367946203237e-05
leaf_weight=56944 112492 20523 4344 23650 3161 38561 92691 9913 1096 3341 160398 851 138 5473 146 132 405 261 15529 39445 3321431 9448 24115 606 7386 17053 579028 4440 729 44055
leaf_count=56944 112492 20523 4344 23650 3161 38561 92691 9913 1096 3341 160398 851 138 5473 146 132 405 261 15529 39445 3321431 9448 24115 606 7386 17053 579028 4440 729 44055
internal_value=-8.01508e-11 1.78929e-06 4.93008e-05 -2.21581e-05 -2.8082e-06 -8.96303e-05 2.96615e-05 2.16929e-05 1.63243e-05 1.39579e-05 2.53052e-05 3.02412e-05 0.000171814 4.5221e-05 0.000250392 -6.63241e-05 0.000374939 0.000658842 -8.01787e-05 5.81866e-08 7.94049e-07 1.50323e-05 5.61663e-05 -1.05453e-05 -0.000114721 -6.12529e-05 5.39804e-06 -0.000340943 -0.0006976 0.000124334
internal_weight=4.59778e+06 4.25424e+06 149555 343550 231058 41722 128894 124404 189336 188240 164590 161249 20661 98164 4490 26240 798 666 25442 4.10468e+06 4.04774e+06 726305 137829 69659 30214 24439 588476 5775 1335 68170
internal_count=4597785 4254235 149555 343550 231058 41722 128894 124404 189336 188240 164590 161249 20661 98164 4490 26240 798 666 25442 4104680 4047736 726305 137829 69659 30214 24439 588476 5775 1335 68170
is_linear=0
shrinkage=0.05


Tree=66
num_leaves=31
num_cat=0
split_feature=0 3 5 9 2 3 3 8 0 5 6 0 3 7 2 2 7 4 9 6 9 7 0 8 6 1 5 6 2 4
split_gain=0.0702658 0.0750352 0.101288 0.182515 0.117265 0.0913648 0.070157 0.0898111 0.0650323 0.0760903 0.180137 0.117066 0.0688019 0.085192 0.0652348 0.0634219 0.0627452 0.114094 0.105054 0.129907 0.0590406 0.0648641 0.064163 0.121588 0.116523 0.0925428 0.0577796 0.0795235 0.0773333 0.0701755
threshold=-0.099913775920867906 0.019258260726928714 0.12499994039535524 1.0728600025177004 0.17264568805694583 -0.028206974267959591 -0.023554086685180661 0.70558527112007152 0.10009223222732545 0.15901005268096927 0.081208650022745146 0.10044640302658082 0.021690428256988529 0.058400724083185203 inf -0.2138203680515289 0.05026040971279145 0.037828981876373298 0.46639588475227362 0.081208650022745146 5.2858159542083749 0.024117024615406994 0.049224495887756355 1.0059108138084414 0.012686580885201694 0.24212771654129031 0.080771505832672133 0.081208650022745146 -0.099232912063598619 -0.016917318105697628
decision_type=8 10 2 8 10 10 10 10 10 2 10 10 8 10 8 10 10 2 8 10 10 10 10 10 10 10 2 10 10 2
left_child=1 2 6 -4 -5 -6 26 -8 16 -10 11 -11 13 -12 -13 -9 20 -18 19 -19 22 -22 -2 -24 -25 -26 27 28 -1 -30
right_child=8 -3 3 4 5 -7 7 15 9 10 12 14 -14 -15 -16 -17 17 18 -20 -21 21 -23 23 24 25 -27 -28 -29 29 -31
leaf_value=-0.00020695495880931731 2.5607522292090775e-07 -0.00072267710964050123 0.00073379037080030236 0.00011921797500022354 -0.0017203793818677763 -0.0002443326041206618 -0.0012221505751938368 0.00011605191926776888 0.00010034618577483363 0.00046911425174474101 0.00039752417494825197 -0.00047575513445172407 0.00070099606581379707 -0.00023929633661340019 -0.0016402853873842107 -0.00036952105349296509 -1.004224378383547e-05 0.00013680363955377773 -0.00012006928685773416 0.0020290802980392673 5.9492562870593971e-05 -0.00017426407263711614 0.00014381074156594802 0.0005353519466747657 1.9861838537973397e-05 -0.00018804685655917416 0.0001209817252184051 -0.00046760779850771241 -9.704208807585978e-05 0.00045613503960662151
leaf_weight=3504 4180110 470 998 1393 170 272 255 883 29093 327 975 2049 511 1136 127 2814 159844 346 34350 122 4299 9579 21314 1068 129507 5582 2891 1499 1204 1093
leaf_count=3504 4180110 470 998 1393 170 272 255 883 29093 327 975 2049 511 1136 127 2814 159844 346 34350 122 4299 9579 21314 1068 129507 5582 2891 1499 1204 1093
internal_value=-6.15292e-11 -0.000100151 -8.28743e-05 0.000189964 -0.000106045 -0.000814645 -0.000137536 -0.000316338 3.81425e-07 6.90523e-05 -0.000108578 -0.000411895 0.000181019 5.48786e-05 -0.000544444 -0.000253546 -1.35466e-07 -2.7908e-05 -0.000109924 0.000633364 1.10694e-06 -0.000101854 1.43639e-06 3.27678e-05 1.53843e-05 1.12695e-05 -6.81744e-05 -0.000143092 -5.91694e-05 0.000166265
internal_weight=4.59778e+06 17446 16976 2833 1835 442 14143 3952 4.58034e+06 34218 5125 2503 2622 2111 2176 3697 4.54612e+06 194662 34818 468 4.35146e+06 13878 4.33758e+06 157471 136157 135089 10191 7300 5801 2297
internal_count=4597785 17446 16976 2833 1835 442 14143 3952 4580339 34218 5125 2503 2622 2111 2176 3697 4546121 194662 34818 468 4351459 13878 4337581 157471 136157 135089 10191 7300 5801 2297
is_linear=0
shrinkage=0.05


Tree=67
num_leaves=31
num_cat=0
split_feature=8 0 5 2 2 2 0 6 7 2 7 6 3 8 9 3 7 3 5 7 1 2 3 4 6 1 6 0 9 5
split_gain=0.0666578 0.103255 0.0913373 0.0843368 0.0809701 0.0887421 0.066302 0.0628204 0.0803113 0.0697749 0.0599035 0.0581282 0.0557758 0.0527973 0.052906 0.0735204 0.0544111 0.0532796 0.0520802 0.0498261 0.107492 0.0927073 0.0771697 0.0653532 0.0621749 0.104046 0.0976625 0.130768 0.0863829 0.11245
threshold=2.5511919260025029 0.083180189132690444 0.080771505832672133 0.28774785995483404 -0.0035971701145172115 0.12285357713699342 -0.06495764851570128 0.081208650022745146 0.041828265413641937 0.63825666904449474 0.072536423802375807 0.089947186410427107 0.056590974330902107 0.8727649748325349 1.0070309638977053 0.056590974330902107 0.047404613345861442 -0.011706531047821043 1.0000000180025095e-35 0.049476299434900291 -0.038500756025314324 0.060005307197570808 0.099059760570526137 0.025033831596374515 0.032668609172105796 -0.010989099740982054 0.050221057608723647 -0.040425449609756463 0.66528302431106578 0.051281988620758064
decision_type=10 10 2 8 8 8 10 10 10 10 8 10 10 8 10 10 8 10 2 8 10 8 10 2 8 10 10 10 10 2
left_child=1 19 11 -4 18 12 -7 8 -8 -10 -9 -3 -6 -5 17 -16 -17 -15 -2 24 22 -22 -21 -23 -1 26 -26 -28 -29 -30
right_child=4 2 3 13 5 6 7 10 9 -11 -12 -13 -14 14 15 16 -18 -19 -20 20 21 23 -24 -25 25 -27 27 28 29 -31
leaf_value=-1.419237944448568e-06 -0.00070712754179424206 0.0001506677486608641 7.926772927540108e-05 0.00020385910530252815 4.1044750305013929e-05 -0.00043860838175926829 -3.7899816409602883e-05 0.00032854169038940744 -0.00030141347174836427 0.00020844891042107985 -0.00056134403523310113 0.00085511999841034886 -0.00019054224986393955 -0.0010443983228767262 -9.3477983587329517e-05 -0.0004076572472903146 0.00086170346534177066 -0.00023240806658042642 -9.4128323584321465e-05 1.6645321256428897e-05 1.580671102519515e-05 -4.7508180337907218e-05 -0.0011219086987669612 -0.00013264560632831056 2.1438636957976452e-05 -1.953082988074863e-06 -2.6440839772227889e-05 4.6584891357958364e-05 0.00029757306483015657 0.00010391254214181337
leaf_weight=3325256 349 17075 27459 1608 51911 1186 27630 1630 5375 766 213 297 2736 268 12184 111 345 815 34836 127809 46044 98881 148 29196 276499 437892 18389 19529 12405 18943
leaf_count=3325256 349 17075 27459 1608 51911 1186 27630 1630 5375 766 213 297 2736 268 12184 111 345 815 34836 127809 46044 98881 148 29196 276499 437892 18389 19529 12405 18943
internal_value=-7.76635e-11 1.0131e-06 6.60739e-05 2.68182e-05 -3.57733e-05 -1.09727e-05 -7.09935e-05 -5.87394e-05 -7.42547e-05 -0.000237792 0.000225447 0.00016276 2.94467e-05 -6.71221e-05 -9.8887e-05 -7.01319e-05 0.000552498 -0.000434122 -0.000100229 1.25712e-07 -1.94733e-05 -4.50416e-05 1.53197e-05 -6.69167e-05 1.56659e-06 1.42362e-05 3.4739e-05 8.78307e-05 0.000129133 0.000180555
internal_weight=4.59778e+06 4.47115e+06 60162 42790 126632 91447 36800 35614 33771 6141 1843 17372 54647 15331 13723 12640 456 1083 35185 4.41099e+06 302078 174121 127957 128077 4.10891e+06 783657 345765 69266 50877 31348
internal_count=4597785 4471153 60162 42790 126632 91447 36800 35614 33771 6141 1843 17372 54647 15331 13723 12640 456 1083 35185 4410991 302078 174121 127957 128077 4108913 783657 345765 69266 50877 31348
is_linear=0
shrinkage=0.05


Tree=68
num_leaves=31
num_cat=0
split_feature=8 0 5 2 3 8 7 2 2 4 1 3 1 7 2 4 9 9 9 2 3 7 4 2 8 3 6 5 3 5
split_gain=0.0621732 0.11605 0.116929 0.0927791 0.115673 0.0768744 0.0810429 0.0715343 0.0634734 0.0613778 0.158645 0.120662 0.113641 0.213131 0.120221 0.128149 0.126791 0.116323 0.102246 0.0971904 0.192391 0.147887 0.128953 0.0961534 0.100284 0.100317 0.0948232 0.092031 0.0883172 0.108632
threshold=1.8301854133605959 0.045517027378082282 0.050104439258575446 -0.047325104475021355 -0.01096484065055847 0.69252541661262523 0.051073934882879264 0.068656742572784438 0.18796801567077639 -0.013436704874038695 -0.070076435804367052 0.013215959072113039 -0.093742698431015001 0.025043304078280929 -0.1507514417171478 0.010348021984100344 0.87632155418396007 1.1217982172966006 0.5018262267112733 -0.11999997496604918 -0.016556352376937863 0.036812104284763343 0.051505923271179206 0.016274511814117435 1.0553504228591921 -0.015607237815856932 0.047061845660209663 0.15901005268096927 -0.030362457036972042 0.049353003501892097
decision_type=10 10 2 8 10 8 8 8 10 2 8 8 8 8 8 2 10 10 10 8 10 10 2 10 8 8 10 2 10 2
left_child=1 9 -3 -2 7 -4 -7 -5 -6 10 28 12 13 -11 15 18 -16 -17 -15 20 -14 -21 -23 24 25 -12 -20 -26 29 -1
right_child=3 2 5 4 8 6 -8 -9 -10 11 23 -13 19 14 16 17 -18 -19 26 21 -22 22 -24 -25 27 -27 -28 -29 -30 -31
leaf_value=-0.00029856464661076739 -7.0007180639470933e-05 0.00015533868780204487 0.00023044470886907445 -1.0236269187716442e-05 1.5114081502507595e-05 4.0742180129144094e-05 -5.8176870718434752e-05 -0.00016939620491348442 -5.7692953293391501e-05 -0.0002547742113955735 0.00015456324713158969 5.0775579331969191e-05 0.00016378626340376177 -0.00022915458253901786 -2.0611282146056057e-05 -0.00029183562158561588 0.00018089617642095472 0.00010743950615604169 -2.527285722701726e-05 -2.3606325067748448e-06 1.2035276442903453e-05 -3.4583295206502036e-05 -0.00023022938474650623 2.1034347094384625e-05 -4.1287697320940641e-05 -1.9152011158723658e-06 0.00029416049252953204 -0.00074711341241972531 4.014987092735525e-05 0.00024551080659367233
leaf_weight=1019 74103 20661 4490 12321 205557 98164 26240 16532 35037 12041 10587 98804 22656 4415 50075 11239 9247 2177 9938 2251121 267258 277455 8685 333870 182874 313919 3031 462 224671 9136
leaf_count=1019 74103 20661 4490 12321 205557 98164 26240 16532 35037 12041 10587 98804 22656 4415 50075 11239 9247 2177 9938 2251121 267258 277455 8685 333870 182874 313919 3031 462 224671 9136
internal_value=-9.77513e-11 1.65218e-06 4.49154e-05 -2.04604e-05 -6.83391e-06 2.72141e-05 1.98773e-05 -0.000101433 4.51121e-06 7.58585e-08 1.03302e-05 -3.56969e-06 -5.40272e-06 -5.72086e-05 -3.08098e-05 -0.000110953 1.08018e-05 -0.000227042 -2.1354e-05 -3.53064e-06 2.38947e-05 -6.66434e-06 -4.05224e-05 1.92052e-07 -1.35103e-05 3.19036e-06 4.93992e-05 -4.30704e-05 4.66695e-05 0.000190892
internal_weight=4.59778e+06 4.25424e+06 149555 343550 269447 128894 124404 28853 240594 4.10468e+06 1.07654e+06 3.02814e+06 2.92934e+06 102163 90122 30800 59322 13416 17384 2.82718e+06 289914 2.53726e+06 286140 841712 507842 324506 12969 183336 234826 10155
internal_count=4597785 4254235 149555 343550 269447 128894 124404 28853 240594 4104680 1076538 3028142 2929338 102163 90122 30800 59322 13416 17384 2827175 289914 2537261 286140 841712 507842 324506 12969 183336 234826 10155
is_linear=0
shrinkage=0.05


Tree=69
num_leaves=31
num_cat=0
split_feature=0 3 5 9 2 3 3 8 2 0 5 6 0 3 7 2 8 5 0 0 5 7 6 1 4 1 1 9 7 2
split_gain=0.0625753 0.0662579 0.0924345 0.161785 0.106202 0.0825431 0.0631579 0.0814811 0.0571174 0.0548852 0.0646232 0.15888 0.105771 0.0613087 0.0750177 0.0567269 0.0546293 0.0989316 0.0806112 0.0799332 0.172578 0.0923656 0.101101 0.0953853 0.0810779 0.144184 0.12652 0.124651 0.155717 0.0916191
threshold=-0.099913775920867906 0.019258260726928714 0.12499994039535524 1.0728600025177004 0.17264568805694583 -0.026425004005432125 -0.023554086685180661 0.70558527112007152 -0.2138203680515289 0.10009223222732545 0.15901005268096927 0.081208650022745146 0.10044640302658082 0.021690428256988529 0.058400724083185203 inf 1.6678165197372439 0.040288925170898444 -0.016452044248580929 0.030355870723724369 0.043478310108184821 0.03659923933446408 0.054908955469727523 0.083963751792907729 -0.013436704874038695 -0.070076435804367052 -0.11031216382980345 0.84891739487648021 0.028464117087423805 -0.11999997496604918
decision_type=8 10 2 8 10 10 10 10 10 10 2 10 10 10 10 8 10 2 10 10 2 8 10 10 2 8 8 10 8 8
left_child=1 2 6 -4 -5 -6 -1 -8 -9 16 -11 12 -12 14 -13 -14 19 18 -18 24 -21 -22 -23 -24 25 -2 27 28 -26 -28
right_child=9 -3 3 4 5 -7 7 8 -10 10 11 13 15 -15 -16 -17 17 -19 -20 20 21 22 23 -25 26 -27 29 -29 -30 -31
leaf_value=-6.4684077417648253e-05 4.7303691581540242e-05 -0.00067949561866905176 0.00069437560985887456 0.0001180420549644623 -0.0015842781426503368 -0.0001972709263737806 -0.0011629256043187654 0.00011041197648167355 -0.00035039487757349951 9.2285913943536847e-05 0.00045230662070069942 0.00037418087991369009 -0.00044705041194573842 0.00066256646409215139 -0.00022340415899356968 -0.0015330035593251524 -9.2256586368826601e-05 -3.0232947259890289e-05 4.3793654505193043e-05 0.00010860727252445569 3.8519612935954956e-05 -5.7497106192857779e-05 0.00010503730060962122 -7.1052712683493488e-05 -0.00032296951018310111 1.9552544062816924e-06 2.3355810226826392e-05 5.3320733081937179e-05 -7.5106547904774023e-05 -6.2537124587239277e-06
leaf_weight=10191 222995 470 998 1393 182 260 255 883 2814 29093 327 975 2049 511 1136 127 12450 330314 86718 53014 121779 74717 22931 11570 7521 819143 292643 14478 40215 2435633
leaf_count=10191 222995 470 998 1393 182 260 255 883 2814 29093 327 975 2049 511 1136 127 12450 330314 86718 53014 121779 74717 22931 11570 7521 819143 292643 14478 40215 2435633
internal_value=-1.02076e-10 -9.45118e-05 -7.82768e-05 0.000182365 -9.6329e-05 -0.000770679 -0.000130495 -0.000300143 -0.000240335 3.59903e-07 6.34463e-05 -0.000100253 -0.000385112 0.000171721 5.26468e-05 -0.000511106 -1.14953e-07 -1.70841e-05 2.67125e-05 1.65542e-06 2.72497e-05 8.57762e-06 -2.4808e-05 4.59847e-05 -2.41213e-07 1.16589e-05 -4.68543e-06 -7.51881e-05 -0.000114164 -3.0777e-06
internal_weight=4.59778e+06 17446 16976 2833 1835 442 14143 3952 3697 4.58034e+06 34218 5125 2503 2622 2111 2176 4.54612e+06 429482 99168 4.11664e+06 284011 230997 109218 34501 3.83263e+06 1.04214e+06 2.79049e+06 62214 47736 2.72828e+06
internal_count=4597785 17446 16976 2833 1835 442 14143 3952 3697 4580339 34218 5125 2503 2622 2111 2176 4546121 429482 99168 4116639 284011 230997 109218 34501 3832628 1042138 2790490 62214 47736 2728276
is_linear=0
shrinkage=0.05


Tree=70
num_leaves=31
num_cat=0
split_feature=9 1 0 7 8 7 4 3 3 1 2 1 3 4 3 8 6 1 6 7 0 2 5 0 1 2 9 3 3 3
split_gain=0.0585934 0.0669864 0.0658149 0.0625097 0.0529014 0.0520567 0.135906 0.114603 0.105216 0.0949336 0.081524 0.114871 0.119751 0.11602 0.136473 0.135141 0.145255 0.103222 0.135244 0.107802 0.188272 0.173399 0.102641 0.100837 0.0986683 0.11699 0.0935519 0.0911654 0.0864913 0.086137
threshold=5.2858159542083749 -0.147479772567749 0.099948883056640639 0.04023407772183419 1.8627400398254397 0.040837334468960769 0.023992538452148441 -0.010299563407897947 -0.071529179811477647 -0.05144155025482177 1.0000000180025095e-35 0.0034331083297729497 -0.0038070976734161373 0.029304921627044681 -0.071529179811477647 1.4127621054649355 0.046455599367618568 -0.026887983083724972 0.043302198871970184 0.026820966973900798 -0.060580164194107049 0.090909183025360121 0.052525222301483161 -0.053995281457900994 -0.17448747158050534 -0.26081514358520502 0.53135564923286449 -0.0084996819496154768 -0.010736137628555296 -0.042735069990158074
decision_type=10 10 10 10 8 8 2 8 8 10 10 8 10 2 10 10 8 8 10 10 10 10 2 10 10 10 10 10 10 10
left_child=2 -2 5 -4 -5 10 8 -8 -7 -10 11 13 -13 15 -15 16 22 18 29 20 21 -19 -1 -18 25 28 -25 -21 -24 -12
right_child=1 -3 3 4 -6 6 7 -9 9 -11 17 12 -14 14 -16 -17 23 19 -20 27 -22 -23 24 26 -26 -27 -28 -29 -30 -31
leaf_value=-1.763996380966372e-05 -0.00054136537040606956 -6.8980272238269966e-05 0.00012327521844060374 5.6832793356617469e-05 -9.6128633273522893e-05 -0.00023356166623231348 -0.00012080613303218924 -2.4580648558718722e-05 3.1010984348229984e-05 -1.5464150060575121e-05 -0.00036098341805265119 4.6994136884553054e-05 -2.5818451675919385e-07 0.00042247716093520607 4.0739662631494668e-05 -6.3499147709580661e-05 -0.00010429569555679161 -0.00015401992137551598 0.0001744968658907413 -5.3358196477298643e-05 1.4256993809720617e-05 0.0015979077802111222 0.0001220597082248893 -5.2776848397245717e-05 2.2148435214861127e-05 6.7019577851602251e-05 0.00016391260873069871 -2.5049277384269389e-06 0.00086715862706476506 3.1481238547934192e-05
leaf_weight=1154868 783 17567 21043 17392 8373 4824 47115 90143 170717 308334 1405 183612 497059 2442 56256 131028 5842 233 17131 112610 945552 357 618 6185 113286 2903 25578 405429 1054 248046
leaf_count=1154868 783 17567 21043 17392 8373 4824 47115 90143 170717 308334 1405 183612 497059 2442 56256 131028 5842 233 17131 112610 945552 357 618 6185 113286 2903 25578 405429 1054 248046
internal_value=-1.3993e-10 -8.91655e-05 3.57169e-07 5.93415e-05 7.12224e-06 -2.51969e-07 -1.36986e-05 -5.76115e-05 -1.24193e-06 1.09799e-06 1.88331e-06 -4.5474e-06 1.24882e-05 -1.22775e-05 5.66279e-05 -1.50837e-05 -1.02423e-05 9.98589e-06 3.86025e-05 4.77568e-06 1.48146e-05 0.000906955 -1.31039e-05 8.66044e-05 3.13431e-05 0.000258967 0.000121718 -1.35594e-05 0.000591995 2.92693e-05
internal_weight=4.59778e+06 18350 4.57944e+06 46808 25765 4.53263e+06 621133 137258 483875 479051 3.91149e+06 2.18073e+06 680671 1.50006e+06 58698 1.44136e+06 1.31033e+06 1.73076e+06 266582 1.46418e+06 946142 590 1.27273e+06 37605 117861 4575 31763 518039 1672 249451
internal_count=4597785 18350 4579435 46808 25765 4532627 621133 137258 483875 479051 3911494 2180731 680671 1500060 58698 1441362 1310334 1730763 266582 1464181 946142 590 1272729 37605 117861 4575 31763 518039 1672 249451
is_linear=0
shrinkage=0.05


Tree=71
num_leaves=31
num_cat=0
split_feature=4 6 7 3 7 6 8 5 7 8 3 7 5 1 6 6 4 6 9 4 1 2 0 2 2 5 7 3 1 0
split_gain=0.058212 0.0640745 0.0592002 0.0551117 0.0749887 0.100463 0.0814588 0.078986 0.0699162 0.0964696 0.0669798 0.0895498 0.0636714 0.124338 0.0620408 0.0611747 0.0582005 0.0562417 0.053969 0.0963911 0.0869203 0.0890436 0.0535908 0.0834991 0.0531587 0.052529 0.0505963 0.0541557 0.0487458 0.0482216
threshold=-0.087176948785781846 inf 0.072536423802375807 0.0064446330070495614 0.028842527419328693 0.051631445065140731 2.6850341558456425 1.0000000180025095e-35 0.053980102762579925 1.0895528197288515 0.056590974330902107 0.066488545387983336 1.0000000180025095e-35 -0.024554550647735592 0.012460734695196153 0.081208650022745146 0.088645815849304213 0.0063841815572232017 0.5018262267112733 -0.0056818425655364982 -0.13164439797401425 -0.13959667086601255 0.09951645135879518 inf 0.19363051652908328 0.11890023946762086 0.033667545765638358 -0.026425004005432125 -0.20259189605712888 0.099948883056640639
decision_type=2 8 10 8 10 10 8 2 10 8 10 10 2 8 10 10 2 10 8 2 10 8 10 8 10 2 10 10 10 8
left_child=1 2 28 8 12 -6 10 -8 18 -10 -7 -12 13 -5 16 -9 25 22 19 26 21 -21 23 -15 -22 -14 27 -2 -1 -20
right_child=3 -3 -4 4 5 6 7 15 9 -11 11 -13 14 17 -16 -17 -18 -19 29 20 24 -23 -24 -25 -26 -27 -28 -29 -30 -31
leaf_value=0.00029297515075798455 -0.00091386055712685394 -0.00065313179651750445 0.00034571381360861797 -0.0013688545472744366 -1.824902389907001e-05 5.0486579516751363e-05 0.00097525887327794291 -0.0001623476576380845 -1.5635558205832206e-05 -0.00012831046541877383 0.00016801992998618004 0.00086953189485983054 -1.1910996441355086e-05 0.00034742181568531139 3.6601448258323747e-05 0.00019428069041745098 0.00045858766575974404 -9.5607397200429158e-05 1.8118394520714175e-07 -0.00039793511075124339 -4.3965440769814693e-05 -6.2435861506791301e-05 0.00025489664039384186 0.0016269279337775234 0.00011446776157840396 -0.00052742302307576337 8.256926753752214e-05 -3.6362849565177598e-06 -0.000111961078130775 8.2327321494917425e-05
leaf_weight=778 163 489 803 121 271967 61989 170 8042 80555 24858 5272 497 86294 378 296589 1413 653 953 3493956 3466 140400 4605 3235 192 5501 496 24119 45680 16195 17956
leaf_count=778 163 489 803 121 271967 61989 170 8042 80555 24858 5272 497 86294 378 296589 1413 653 953 3493956 3466 140400 4605 3235 192 5501 496 24119 45680 16195 17956
internal_value=-1.12848e-10 -8.90822e-05 -7.35298e-05 3.55202e-07 1.28668e-05 -3.94667e-06 4.63194e-05 -8.9786e-05 -2.04944e-06 -4.2207e-05 6.56541e-05 0.000228595 2.797e-05 0.00020744 2.56893e-05 -0.000109037 -1.13224e-05 0.000247805 -9.16317e-07 -2.47153e-05 -4.68278e-05 -0.000206544 0.000333819 0.000780508 -3.79912e-05 -1.48632e-05 2.39496e-05 -6.89255e-06 -9.33836e-05 6.01211e-07
internal_weight=4.59778e+06 18265 17776 4.57952e+06 738261 349350 77383 9625 3.84126e+06 105413 67758 5769 388911 4879 384032 9455 87443 4758 3.73585e+06 223934 153972 8071 3805 570 145901 86790 69962 45843 16973 3.51191e+06
internal_count=4597785 18265 17776 4579520 738261 349350 77383 9625 3841259 105413 67758 5769 388911 4879 384032 9455 87443 4758 3735846 223934 153972 8071 3805 570 145901 86790 69962 45843 16973 3511912
is_linear=0
shrinkage=0.05


Tree=72
num_leaves=31
num_cat=0
split_feature=8 0 6 6 8 7 6 3 1 5 2 1 3 7 1 3 3 5 2 7 7 4 3 3 4 3 8 1 0 1
split_gain=0.0534986 0.0661651 0.0702489 0.0600851 0.079411 0.0603913 0.0761533 0.0743778 0.0710604 0.0679262 0.0586791 0.0567221 0.0615931 0.0575025 0.0531499 0.0503585 0.0494235 0.0490134 0.0485167 0.0463077 0.0448272 0.11564 0.0955731 0.091132 0.0901704 0.0883136 0.149431 0.128954 0.0917999 0.08367
threshold=3.861013770103455 0.083180189132690444 0.0030453326180577282 0.036630261689424522 1.3573056459426882 0.038531236350536353 0.089947186410427107 0.020328283309936527 -0.010005921125411986 0.06125158071517945 0.10998433828353883 0.0043965578079223641 0.031393706798553474 0.047404613345861442 0.31152415275573736 0.025258243083953861 -0.022417664527893063 1.0000000180025095e-35 0.63825666904449474 0.048739627003669746 0.040837334468960769 0.023992538452148441 -0.022417664527893063 -0.071529179811477647 0.098773837089538588 -0.071529179811477647 0.31881374120712286 -0.099604606628417955 -0.099913775920867906 -0.05144155025482177
decision_type=10 10 8 8 10 8 8 10 10 2 8 10 10 8 8 10 10 2 8 10 8 2 8 8 2 10 10 10 10 8
left_child=1 20 -3 4 -4 -5 10 14 9 -9 -7 15 -13 17 16 19 -8 -14 -18 -2 25 23 -23 -22 -24 26 -1 -28 -27 -25
right_child=11 2 3 5 -6 6 7 8 -10 -11 -12 12 13 -15 -16 -17 18 -19 -20 -21 21 22 24 29 -26 28 27 -29 -30 -31
leaf_value=-0.00015031509520949536 -0.00014261405451830662 0.00032803338176906247 0.00014891298904038384 0.00011184053370564664 -0.00042779120567866384 7.6653093094702682e-05 0.00087270942453893357 0.00027857527102016381 0.00068284121098782476 -0.00061495298236972852 -5.2013997068842995e-05 9.5067016092986877e-06 0.00064254608576299016 9.3473078565187387e-05 -0.00041527617154336741 -0.00087540959354198808 0.00014612597534479312 -0.00021278508512666212 -0.00064863666065911397 -0.0008661460461023145 -0.00022014400330872788 -0.00015645402653479624 -4.0666595235917176e-05 3.0993852117092497e-05 0.00053324735582901126 -0.00023561954437846999 0.0004662011672249455 -7.0796268746239256e-05 1.5889573134039168e-06 -1.4042944179771997e-05
leaf_weight=2534 3769 2162 981 23940 1522 13160 192 1935 1041 238 27121 22453 170 2161 642 282 1216 8282 227 234 4734 19919 102615 151318 688 4082 3936 1561 3870855 323815
leaf_count=2534 3769 2162 981 23940 1522 13160 192 1935 1041 238 27121 22453 170 2161 642 282 1216 8282 227 234 4734 19919 102615 151318 688 4082 3936 1561 3870855 323815
internal_value=-9.20437e-11 4.88021e-07 4.72606e-05 3.88503e-05 -0.000201795 4.74934e-05 1.38364e-05 0.000188497 0.000343349 0.000180473 -9.97697e-06 -5.95955e-05 -3.74111e-05 -0.000136662 -3.01332e-05 -0.000230737 0.000121259 -0.000195507 2.07383e-05 -0.000185115 -2.8746e-07 -1.29698e-05 -5.61762e-05 -1.875e-06 -3.68392e-05 1.68232e-06 0.000167306 0.000313723 1.33901e-06 3.00186e-07
internal_weight=4.59778e+06 4.56043e+06 74377 72215 2503 69712 45772 5491 3214 2173 40281 37351 33066 10613 2277 4285 1635 8452 1443 4003 4.48606e+06 603089 123222 479867 103303 3.88297e+06 8031 5497 3.87494e+06 475133
internal_count=4597785 4560434 74377 72215 2503 69712 45772 5491 3214 2173 40281 37351 33066 10613 2277 4285 1635 8452 1443 4003 4486057 603089 123222 479867 103303 3882968 8031 5497 3874937 475133
is_linear=0
shrinkage=0.05


Tree=73
num_leaves=31
num_cat=0
split_feature=8 0 5 2 2 3 0 8 1 2 6 1 3 2 7 9 4 9 0 3 8 7 5 1 9 4 6 1 2 4
split_gain=0.051057 0.136711 0.143693 0.109062 0.173663 0.0915345 0.0816375 0.152535 0.104074 0.107624 0.101336 0.0865331 0.120812 0.103971 0.0893168 0.111924 0.0882648 0.0847637 0.0825218 0.0764257 0.069752 0.0780711 0.0679795 0.139443 0.0807804 0.0870292 0.0810411 0.079974 0.0803504 0.0798077
threshold=1.5199021100997927 0.031043946743011478 0.04379552602767945 -0.014673858880996702 0.18249946832656863 -0.024831801652908322 -0.019452929496765133 0.31881374120712286 -0.11488008499145506 -0.20621237158775327 0.041430756449699409 -0.11980420351028441 -0.0065962970256805411 -0.12816694378852841 0.027575198560953144 0.59530591964721691 0.010823190212249758 0.86242905259132396 -0.070485889911651597 -0.0033315718173980709 0.79251614212989818 0.03659923933446408 0.045616567134857185 0.015701115131378177 1.0940033197402956 0.013654172420501711 0.016299816779792312 -0.067171514034271226 -0.088693410158157335 0.0063241124153137216
decision_type=10 10 2 10 10 10 8 10 10 8 10 8 10 8 10 10 2 8 10 8 8 8 2 8 8 2 8 10 8 2
left_child=1 6 -3 -2 19 -6 7 -1 9 10 -9 12 13 14 15 -8 -16 -14 -12 -5 -4 -22 24 -24 25 -13 -26 28 -27 -28
right_child=3 2 20 4 5 -7 11 8 -10 -11 18 22 17 -15 16 -17 -18 -19 -20 -21 21 -23 23 -25 26 27 29 -29 -30 -31
leaf_value=-0.00019758030577246663 -4.1760843213971384e-05 0.00011511417902562479 9.9587850277610182e-05 -2.3197814348681718e-05 -0.00026215433233894788 -5.1893371895550609e-05 -0.0014257808189808996 8.8831793820588748e-05 1.0504469371090971e-05 3.9096903200855605e-05 0.0001161695313825978 -8.2634121231825995e-06 -6.0796495801055775e-05 -6.3204584737935155e-05 5.9504162176896158e-05 -0.00040493359001934079 -0.0003896089827259263 0.00013418400906993098 0.00048065931028662759 3.3351192674516132e-05 4.1156982099902986e-05 -2.5000190313119757e-05 4.7855000636404925e-06 -5.627731522855084e-05 1.6167250866749653e-06 -0.00019127072029128148 7.7195084138255725e-05 2.9989726764605487e-05 1.8546627135550764e-05 1.2594105290941053e-05
leaf_weight=8412 218563 48459 23835 80854 5634 63583 389 10991 689432 54916 2556 1811499 27974 6783 1578 866 3564 6960 3959 228891 90395 88011 206809 170632 286713 8465 91992 245633 9897 99540
leaf_count=8412 218563 48459 23835 80854 5634 63583 389 10991 689432 54916 2556 1811499 27974 6783 1578 866 3564 6960 3959 228891 90395 88011 206809 170632 286713 8465 91992 245633 9897 99540
internal_value=-9.52343e-11 2.03628e-06 3.77833e-05 -1.3633e-05 2.58952e-06 -6.90114e-05 -3.53821e-07 1.4156e-05 1.64941e-05 7.35123e-05 0.000181464 -4.10518e-06 -7.06149e-05 -0.000199599 -0.000344191 -0.000722239 -0.000251798 -2.19472e-05 0.0003377 1.85899e-05 1.92536e-05 8.52046e-06 -3.01343e-06 -2.28196e-05 -8.60788e-08 -4.35482e-06 1.84394e-05 2.24654e-05 -7.81857e-05 4.36219e-05
internal_weight=4.59778e+06 4.00026e+06 250700 597525 378962 69217 3.74956e+06 770266 761854 72422 17506 2.97929e+06 48114 13180 6397 1255 5142 34934 6515 309745 202241 178406 2.93118e+06 377441 2.55374e+06 2.07549e+06 478245 263995 18362 191532
internal_count=4597785 4000260 250700 597525 378962 69217 3749560 770266 761854 72422 17506 2979294 48114 13180 6397 1255 5142 34934 6515 309745 202241 178406 2931180 377441 2553739 2075494 478245 263995 18362 191532
is_linear=0
shrinkage=0.05


Tree=74
num_leaves=31
num_cat=0
split_feature=4 7 1 5 1 3 3 7 6 8 3 6 5 7 9 5 6 0 6 0 1 4 5 1 4 0 2 5 6 9
split_gain=0.0503511 0.0566935 0.0686504 0.0934621 0.054986 0.0556715 0.0469812 0.0666868 0.0894397 0.0716867 0.071374 0.0777355 0.0676757 0.0592994 0.0846423 0.0831155 0.100032 0.0790088 0.0540004 0.0531545 0.0796099 0.0630948 0.0537021 0.0550226 0.0518449 0.0517574 0.050692 0.0486519 0.0472169 0.0470586
threshold=-0.087176948785781846 0.072536423802375807 0.014679193496704103 0.15901005268096927 0.035403430461883552 -0.050491750240325921 0.0064446330070495614 0.028591086156666282 0.051631445065140731 2.4383341073989873 0.056590974330902107 0.089947186410427107 1.0000000180025095e-35 0.053980102762579925 0.77129724621772777 0.11890023946762086 0.089947186410427107 -0.070485889911651597 0.081208650022745146 0.0069070458412170419 -0.047935903072357171 -0.048889696598052972 0.025000035762786869 -0.13164439797401425 -0.0028932690620422359 0.022100448608398441 0.0017188787460327151 0.035943448543548591 0.023252286016941074 0.5018262267112733
decision_type=2 10 8 2 10 10 8 10 10 8 10 10 2 10 8 2 10 10 10 8 8 2 2 8 2 8 10 2 10 8
left_child=1 2 -1 -4 5 -5 13 19 -9 10 -10 -12 -11 29 15 24 17 -17 27 20 -8 -21 23 -23 -15 -25 -22 -14 -24 -2
right_child=6 -3 3 4 -6 -7 7 8 9 12 11 -13 18 14 -16 16 -18 -19 -20 21 26 22 28 25 -26 -27 -28 -29 -30 -31
leaf_value=-4.2317748361471115e-05 -2.3069444611637321e-05 0.00032768538254046933 -9.0643451926831453e-05 -0.00027746163859354475 -0.00041271205369977474 -0.0015807543817003946 7.3073500646053934e-05 -1.6982919590265258e-05 4.8186669112097898e-05 0.00088771247328773596 0.0001857524974670942 0.0009336191107771855 -0.00067824327188599205 4.9230102887237434e-05 -8.0638566805977231e-05 0.0012257451906577141 0.001510738656919563 -7.2073662771441325e-05 0.00018273685492559686 -0.00036405115433034343 -3.5670690889262659e-05 -0.00095757596751816834 -6.0108933344607265e-07 6.2251383483524433e-05 -5.4739687025912423e-05 0.00017184601486475989 2.2501940367729906e-05 -0.00010819754884399291 5.8527091176046168e-05 5.7074886135319982e-07
leaf_weight=12847 223934 803 2858 129 1402 226 36988 277656 60591 180 5096 372 389 25535 56401 149 188 537 1595 939 81043 125 67093 45129 22603 14151 69618 9330 67966 3511912
leaf_count=12847 223934 803 2858 129 1402 226 36988 277656 60591 180 5096 372 389 25535 56401 149 188 537 1595 939 81043 125 67093 45129 22603 14151 69618 9330 67966 3511912
internal_value=-1.10515e-10 -8.28493e-05 -0.000101746 -0.000267133 -0.000554002 -0.00110927 3.30344e-07 1.18822e-05 -3.72304e-06 4.37497e-05 6.38018e-05 0.000236793 -7.14904e-05 -1.88985e-06 -3.8873e-05 9.1898e-06 0.000492132 0.000211188 -8.68279e-05 2.63532e-05 7.34656e-06 4.46055e-05 4.65806e-05 8.61986e-05 4.11392e-07 8.84157e-05 -8.79009e-06 -0.000131081 2.91543e-05 -8.46297e-07
internal_weight=4.59778e+06 18265 17462 4615 1757 355 4.57952e+06 738261 355209 77553 66059 5468 11494 3.84126e+06 105413 49012 874 686 11314 383052 187649 195403 194464 59405 48138 59280 150661 9719 135059 3.73585e+06
internal_count=4597785 18265 17462 4615 1757 355 4579520 738261 355209 77553 66059 5468 11494 3841259 105413 49012 874 686 11314 383052 187649 195403 194464 59405 48138 59280 150661 9719 135059 3735846
is_linear=0
shrinkage=0.05


Tree=75
num_leaves=31
num_cat=0
split_feature=8 0 6 3 6 5 4 5 1 7 4 6 9 6 6 0 3 4 1 2 3 0 3 8 6 5 0 9 2 4
split_gain=0.0485164 0.0709178 0.0609173 0.0491245 0.0585914 0.059368 0.0481225 0.0534549 0.048918 0.0406995 0.0761965 0.093405 0.25471 0.0555153 0.0596192 0.110314 0.153424 0.0851644 0.0920839 0.0830013 0.0959359 0.106314 0.0952571 0.0924057 0.0860177 0.106837 0.09965 0.114439 0.0976144 0.0995572
threshold=2.8451790809631352 0.10009223222732545 0.052399979904294021 -0.071529179811477647 0.081208650022745146 0.0095923542976379412 0.024520754814147953 0.054242610931396491 0.14000004529953006 0.05026040971279145 0.037828981876373298 0.089947186410427107 0.52598467469215404 0.089947186410427107 0.038836082443594939 -0.053995281457900994 -0.021333009004592892 -0.087176948785781846 -0.010989099740982054 -0.069047063589096055 -0.071529179811477647 0.010625362396240236 -0.014732539653778074 0.31881374120712286 0.053217262029647834 0.02628809213638306 -0.0068583190441131583 0.79033327102661144 -0.17474225163459775 0.088645815849304213
decision_type=10 10 10 10 10 2 2 2 10 10 2 10 10 10 8 10 10 2 10 10 8 10 8 10 10 2 10 8 8 2
left_child=1 9 6 -4 5 -5 7 -2 -8 13 -11 -12 -13 14 15 16 -1 -16 19 22 -21 -22 23 -19 25 -24 28 -28 -27 -30
right_child=2 -3 3 4 -6 -7 8 -9 -10 10 11 12 -14 -15 17 -17 -18 18 -20 20 21 -23 24 -25 -26 26 27 -29 29 -31
leaf_value=0.00028255742077211345 1.9899057328206344e-05 8.536988812631815e-05 -0.00052432524908902585 0.0006863036230551837 0.00010367729612592778 -0.00016338555762922187 4.0472803227323251e-05 -0.00011474266234807827 -0.00010019298174024721 -7.7537749768556448e-06 -0.00011112024101992736 0.0023773562605492772 9.1724703543103636e-05 -0.00026320103627995313 -0.00014856559803166298 -1.7887699548051916e-06 3.4236374845487707e-05 -0.00028632521128757834 9.2069818975058366e-07 0.00047268265911624215 3.4344642185160289e-05 0.00014276266391526827 0.00012151049484184092 -2.7698256106401058e-05 0.00013448087367765003 0.00018233549315977039 -0.00016274146653262833 7.854129888143511e-06 -2.9992739766292274e-05 0.00064072517917241549
leaf_weight=7661 11795 24614 729 208 2775 12663 36609 19655 7435 163674 31961 129 1956 1982 7700 3677303 33058 3967 312854 1499 68952 33644 19459 26652 19258 10430 16532 24249 17812 570
leaf_count=7661 11795 24614 729 208 2775 12663 36609 19655 7435 163674 31961 129 1956 1982 7700 3677303 33058 3967 312854 1499 68952 33644 19459 26652 19258 10430 16532 24249 17812 570
internal_value=-9.46877e-11 7.33296e-07 -3.59704e-05 -0.00012339 -0.000104676 -0.000149602 -1.70075e-05 -6.42476e-05 1.67255e-05 2.68402e-07 -2.19105e-05 -8.99657e-05 0.00023421 1.29213e-06 1.41463e-06 -8.82479e-07 8.09621e-05 1.6569e-05 1.88567e-05 4.19464e-05 7.57036e-05 6.98989e-05 1.66528e-05 -6.12142e-05 3.8666e-05 1.79442e-05 -1.10154e-05 -6.1305e-05 6.0165e-05 -9.161e-06
internal_weight=4.59778e+06 4.50592e+06 91869 16375 15646 12871 75494 31450 44044 4.4813e+06 197720 34046 2085 4.28358e+06 4.2816e+06 3.71802e+06 40719 563578 555878 243024 104095 102596 138929 30619 108310 89052 69593 40781 28812 18382
internal_count=4597785 4505916 91869 16375 15646 12871 75494 31450 44044 4481302 197720 34046 2085 4283582 4281600 3718022 40719 563578 555878 243024 104095 102596 138929 30619 108310 89052 69593 40781 28812 18382
is_linear=0
shrinkage=0.05


Tree=76
num_leaves=31
num_cat=0
split_feature=8 0 8 2 2 3 3 2 7 0 8 1 2 6 1 3 2 7 9 3 9 0 4 7 3 5 1 2 9 4
split_gain=0.044723 0.118574 0.129297 0.0995612 0.160725 0.0817065 0.0789158 0.100219 0.0739883 0.0726362 0.130191 0.0911421 0.0953334 0.0909916 0.0773591 0.10775 0.0936333 0.0831602 0.10746 0.0901779 0.0748345 0.0720292 0.069931 0.0663749 0.0645751 0.0627042 0.113194 0.105497 0.0865544 0.104437
threshold=1.5199021100997927 0.031043946743011478 0.79251614212989818 -0.0046083033084869376 0.18249946832656863 -0.024831801652908322 0.021690428256988529 0.11245369911193849 0.072536423802375807 -0.019452929496765133 0.31881374120712286 -0.11488008499145506 -0.20621237158775327 0.041430756449699409 -0.11980420351028441 -0.0065962970256805411 -0.12816694378852841 0.033332915976643569 0.5913619101047517 -0.015151530504226683 0.86242905259132396 -0.070485889911651597 0.0096618533134460467 0.048739627003669746 -0.0033315718173980709 0.038832664489746101 0.015701115131378177 0.055906593799591071 1.0027028322219851 0.013654172420501711
decision_type=10 10 8 10 10 10 10 8 10 8 10 10 8 10 8 10 8 10 10 10 8 10 2 10 8 2 8 8 8 2
left_child=1 9 -3 -2 24 -6 7 -4 -9 10 -1 12 13 -12 15 16 17 18 19 -11 -17 -15 -19 -23 -5 28 -27 -28 29 -16
right_child=3 2 6 4 5 -7 -8 8 -10 14 11 -13 -14 21 25 20 -18 22 -20 -21 -22 23 -24 -25 -26 26 27 -29 -30 -31
leaf_value=-0.00018224815784325548 -3.7736200350744464e-05 0.00012138766927510911 3.973466764548858e-05 -1.9451169536611889e-05 -0.00024699803548834746 -4.8345359991775348e-05 0.00011134875902765192 -2.654551033708684e-05 -0.00035980112675504736 -0.0015997463859561013 8.2709010248378301e-05 9.9213759188197886e-06 3.6493959590862606e-05 0.0001115628330131019 -8.8458705848122592e-06 -5.7285546076070774e-05 -5.911956231396409e-05 0.00020076470166877623 -0.00033756541525780607 -0.00052178161298082552 0.00012591942126880868 0.00055758811029830969 -0.0002989781158512138 5.4809061813980539e-05 3.4352542727770087e-05 1.6772656017614844e-06 -2.6377608948788727e-06 -6.6909670657306239e-05 1.7582379935531162e-05 3.1532173121246365e-05
leaf_weight=8412 239237 37076 114853 75471 5634 63583 21386 75683 1702 365 10991 689432 54916 2556 1549124 27974 6783 955 2046 416 6960 3128 2615 831 213600 351538 105586 161509 584819 178604
leaf_count=8412 239237 37076 114853 75471 5634 63583 21386 75683 1702 365 10991 689432 54916 2556 1549124 27974 6783 955 2046 416 6960 3128 2615 831 213600 351538 105586 161509 584819 178604
internal_value=-5.16923e-11 1.90583e-06 3.51972e-05 -1.27593e-05 3.91833e-06 -6.45183e-05 2.02378e-05 1.01014e-05 -3.38797e-05 -3.20085e-07 1.33664e-05 1.55265e-05 6.88847e-05 0.000170486 -3.85859e-06 -6.6744e-05 -0.000188555 -0.000325771 -0.000528319 -0.00102697 -2.07825e-05 0.000318533 -0.000165275 0.000452095 2.03054e-05 -2.82633e-06 -1.69656e-05 -4.15023e-05 9.56076e-07 -4.67177e-06
internal_weight=4.59778e+06 4.00026e+06 250700 597525 358288 69217 213624 192238 77385 3.74956e+06 770266 761854 72422 17506 2.97929e+06 48114 13180 6397 2827 781 34934 6515 3570 3959 289071 2.93118e+06 618633 267095 2.31255e+06 1.72773e+06
internal_count=4597785 4000260 250700 597525 358288 69217 213624 192238 77385 3749560 770266 761854 72422 17506 2979294 48114 13180 6397 2827 781 34934 6515 3570 3959 289071 2931180 618633 267095 2312547 1727728
is_linear=0
shrinkage=0.05


Tree=77
num_leaves=31
num_cat=0
split_feature=8 1 0 5 6 0 3 2 7 3 7 7 4 2 3 1 6 4 1 2 3 7 3 1 3 9 2 3 5 1
split_gain=0.0443469 0.0603669 0.0485394 0.0430694 0.0830039 0.0828127 0.072002 0.0584506 0.046567 0.0409448 0.049926 0.0390791 0.12316 0.0952921 0.0930139 0.0981063 0.0911255 0.0957754 0.0832795 0.164245 0.0974487 0.108794 0.116881 0.122432 0.0878635 0.115311 0.0946457 0.136817 0.0859979 0.0775447
threshold=4.9169352054595956 -0.17448747158050534 0.10009223222732545 0.15901005268096927 0.081208650022745146 0.10044640302658082 0.020328283309936527 inf 0.072536423802375807 0.031393706798553474 0.045734647661447532 0.038531236350536353 0.0098736286163330095 0.079907774925231947 -0.071529179811477647 -0.050555527210235589 0.032668609172105796 -0.087176948785781846 -0.016509383916854855 0.045093834400177009 0.0021102428436279301 0.023232394829392437 -0.0057142674922943107 -0.037169307470321648 1.0000000180025095e-35 1.024660646915436 -0.084493726491928087 -0.013953536748886107 0.029812395572662357 -0.054332792758941643
decision_type=10 10 10 2 10 10 10 8 10 10 10 8 2 8 8 10 10 2 8 10 8 10 10 10 10 10 8 10 2 8
left_child=2 -2 11 -4 5 -5 8 -7 -6 -3 -11 16 14 -14 -13 -16 18 -18 19 20 21 22 23 -1 26 -26 27 -20 -27 -22
right_child=1 9 3 4 6 7 -8 -9 -10 10 -12 12 13 -15 15 -17 17 -19 24 -21 29 -23 -24 -25 25 28 -28 -29 -30 -31
leaf_value=-0.00013803168424522563 -0.00049140419948717794 2.8947135075767333e-06 8.6905148281692544e-05 0.00046172111545380982 0.0001380632093094682 -0.00034754002133014302 0.00068824490516427824 -0.001454552646873708 -0.00043942030726689253 -0.00021257060202734424 0.00017067327841577935 -0.00021468238720868233 -5.2330513633173203e-06 -6.3202836292144431e-05 3.6932486803356297e-05 -1.0034133222445842e-05 -0.00020453565450078714 2.1967944935107539e-05 0.00019778367905119709 3.8489472286657852e-05 4.116545821068e-05 -5.1927349032089032e-06 -3.0108348576657085e-05 -2.8674874028711118e-05 -2.6663272449587405e-05 3.9678037461054788e-05 7.6111558938224809e-06 3.4391685563034012e-05 -7.6140678106736322e-06 -1.3411755038339838e-05
leaf_weight=59234 841 10663 26518 307 1356 1773 461 127 469 5664 999 4771 131653 153601 175404 303703 4704 578948 13956 141085 99922 292362 332207 45068 410359 158499 1056003 156184 244281 186663
leaf_count=59234 841 10663 26518 307 1356 1773 461 127 469 5664 999 4771 131653 153601 175404 303703 4704 578948 13956 141085 99922 292362 332207 45068 410359 158499 1056003 156184 244281 186663
internal_value=-7.46244e-11 -7.7963e-05 3.09216e-07 6.26507e-05 -8.04885e-05 -0.000299143 0.000130649 -0.000422261 -1.05015e-05 -5.78675e-05 -0.000155093 -1.15823e-07 -1.03893e-05 -3.64482e-05 4.97288e-06 7.16067e-06 1.97486e-06 2.01421e-05 -1.34302e-06 -1.20608e-05 -1.90842e-05 -2.87966e-05 -4.46058e-05 -9.07803e-05 4.73539e-06 -8.00914e-06 1.31871e-05 4.77953e-05 1.0996e-05 5.61746e-06
internal_weight=4.59778e+06 18167 4.57962e+06 31011 4493 2207 2286 1900 1825 17326 6663 4.54861e+06 769132 285254 483878 479107 3.77948e+06 583652 3.19582e+06 1.15654e+06 1.01546e+06 728871 436509 104302 2.03928e+06 813139 1.22614e+06 170140 402780 286585
internal_count=4597785 18167 4579618 31011 4493 2207 2286 1900 1825 17326 6663 4548607 769132 285254 483878 479107 3779475 583652 3195823 1156541 1015456 728871 436509 104302 2039282 813139 1226143 170140 402780 286585
is_linear=0
shrinkage=0.05


Tree=78
num_leaves=31
num_cat=0
split_feature=8 0 6 0 6 5 2 2 4 6 7 5 8 4 6 3 4 1 6 1 5 5 2 2 1 6 6 7 0 3
split_gain=0.0414874 0.0797104 0.0764858 0.0772442 0.0709502 0.0697635 0.0834327 0.0612345 0.0592079 0.0554815 0.0618717 0.0552459 0.0524493 0.0561575 0.0523494 0.0504694 0.0506953 0.0509236 0.0721401 0.0498201 0.0532086 0.0462563 0.0600071 0.0559884 0.0461544 0.0428724 0.0428251 0.0425476 0.0424359 0.0409628
threshold=2.0793143510818486 0.049224495887756355 0.053217262029647834 -0.078947335481643663 0.089947186410427107 0.056700766086578376 0.49909496307373052 -0.0046083033084869376 -0.0097648203372955305 0.067491825670003905 0.038257025182247169 0.0095923542976379412 1.8627400398254397 0.10893654823303224 0.031417448073625572 -0.01096484065055847 0.088645815849304213 0.17074912786483767 0.015415094792842867 -0.064516156911849962 0.11890023946762086 0.15901005268096927 0.15942525863647464 0.1255869269371033 0.11111122369766237 0.037698423489928252 0.089947186410427107 0.041828265413641937 0.067156612873077406 0.027942299842834476
decision_type=10 10 10 10 10 2 8 8 2 8 10 2 8 2 10 10 2 10 10 10 2 2 10 10 8 10 10 8 10 10
left_child=1 -1 7 8 11 26 9 -2 19 10 -7 -5 14 -14 -8 -9 17 -17 28 -4 -21 23 -23 -13 27 -16 -3 -11 -19 -6
right_child=2 5 3 4 29 6 12 15 -10 24 -12 21 13 -15 25 16 -18 18 -20 20 -22 22 -24 -25 -26 -27 -28 -29 -30 -31
leaf_value=-1.5594756527942058e-07 -4.8415229181614472e-05 0.00010871291518099079 0.00012398293495914783 0.00062874321913058496 3.7781711490372013e-05 5.9459403910089892e-05 0.00027880341159849893 -9.1191530716129397e-05 -0.00079515931196499294 0.00045747898785887742 -2.1059526323519289e-05 3.2199132512548665e-06 -0.0002111968148242608 -0.00094450029376085421 -0.00046691935040907062 2.0377067728604966e-05 0.00012951283290280372 0.00090015302518440881 -0.00014974485755294114 -0.00011436518108332063 -0.00062849605026915861 -0.00054892924952873662 -9.9816894039852168e-05 -0.00016031133878387764 -5.9780550019537423e-06 -7.0323705558500985e-05 0.00088931538603968384 0.00015151251514958423 0.00011926735675480893 0.00047273216210507238
leaf_weight=4219277 67600 24375 736 262 1485 52267 1001 11328 552 1346 43893 11183 1087 343 738 104228 9584 199 8935 1070 950 1243 1851 9838 4011 8757 176 7278 1341 851
leaf_count=4219277 67600 24375 736 262 1485 52267 1001 11328 552 1346 43893 11183 1087 343 738 104228 9584 199 8935 1070 950 1243 1851 9838 4011 8757 176 7278 1341 851
internal_value=-8.95174e-11 1.09786e-06 -2.0546e-05 -9.50397e-05 -6.68095e-05 3.75132e-05 2.18871e-05 -9.54058e-06 -0.000322917 3.56496e-05 2.27061e-05 -9.20363e-05 -0.000103654 -0.000387624 -6.49316e-05 9.83749e-06 1.90463e-05 9.81525e-06 -9.52685e-05 -0.000228077 -0.000356351 -9.9893e-05 -0.000280365 -7.3318e-05 0.000134148 -0.000101195 0.000114345 0.000199314 0.000220693 0.000196368
internal_weight=4.59778e+06 4.36455e+06 233236 30021 26713 145272 120721 203215 3308 108795 96160 24377 11926 1430 10496 135615 124287 114703 10475 2756 2020 24115 3094 21021 12635 9495 24551 8624 1540 2336
internal_count=4597785 4364549 233236 30021 26713 145272 120721 203215 3308 108795 96160 24377 11926 1430 10496 135615 124287 114703 10475 2756 2020 24115 3094 21021 12635 9495 24551 8624 1540 2336
is_linear=0
shrinkage=0.05


Tree=79
num_leaves=31
num_cat=0
split_feature=9 7 6 2 0 5 2 8 2 6 0 6 6 8 9 0 7 9 5 2 3 9 5 2 0 7 0 1 4 0
split_gain=0.0390691 0.0487233 0.045153 0.0846278 0.0424591 0.0791781 0.0882764 0.0628184 0.0471272 0.0519792 0.051592 0.0460648 0.0473731 0.0424512 0.0553491 0.0417059 0.0696487 0.0449497 0.0416465 0.0573314 0.0405725 0.038538 0.0419575 0.152898 0.105648 0.144607 0.0959875 0.0894776 0.089603 0.0830019
threshold=5.2858159542083749 0.024117024615406994 0.081208650022745146 -0.023878306150436398 0.049224495887756355 0.063195526599884047 0.43008381128311163 0.72420465946197521 0.3834798932075501 0.070700157433748259 0.050689935684204109 0.025497877039015297 0.047617085278034217 2.4383341073989873 1.4386195540428164 0.099948883056640639 0.0438046082854271 0.56595125794410717 0.15901005268096927 0.63825666904449474 -0.0044842660427093497 0.37636668980121618 0.047609031200408942 -0.19938406348228452 -0.010266870260238646 0.017291364260017875 -0.048067986965179436 -0.20259189605712888 -0.026986122131347653 0.025845348834991459
decision_type=10 8 10 10 10 2 8 8 8 10 10 8 10 10 10 10 10 8 2 8 10 8 2 8 8 8 8 8 2 8
left_child=4 -2 18 -4 21 8 15 -8 9 10 -6 -9 -13 14 -11 17 -17 20 -3 -20 -7 -1 26 27 25 -25 -23 28 -24 -28
right_child=1 2 3 -5 5 6 7 11 -10 13 -12 12 -14 -15 -16 16 -18 -19 19 -21 -22 22 23 24 -26 -27 29 -29 -30 -31
leaf_value=-4.153648934937766e-05 9.5229989097653478e-05 -0.00011293230641688959 -0.00081347267799120504 0.00040705944121597259 0.00015617296524008482 0.0012240987609565405 0.00031886423386699611 0.00020230170720967469 0.0001915890688544067 0.00025904112387325839 1.2391876784348891e-05 -0.00025158578712772994 -7.3706015489048482e-05 -0.00051531288740483839 0.0010706985619553281 0.00013503877775845015 -1.9635179040642579e-05 3.9053741046530328e-06 -0.00060344410376564177 0.00062847585836479827 0.00020529682708481762 -0.00012451555006080684 0.0003940666429146152 -0.00014981828894721744 -2.9104932303474775e-05 8.8386167156906488e-06 1.3817375003436196e-06 4.572843166252174e-05 -6.1048449237142597e-06 3.9148971747526757e-05
leaf_weight=57208 3492 12906 169 863 8176 133 857 1042 8026 739 26326 6004 9940 116 293 17770 12326 119688 814 106 363 14787 3819 14842 529202 443067 3087823 62011 2207 152670
leaf_count=57208 3492 12906 169 863 8176 133 857 1042 8026 739 26326 6004 9940 116 293 17770 12326 119688 814 106 363 14787 3819 14842 529202 443067 3087823 62011 2207 152670
internal_value=-8.47672e-11 -7.28097e-05 -0.000112307 0.000206591 2.91682e-07 2.21547e-05 6.57265e-06 -9.85708e-05 8.21333e-05 5.74865e-05 4.64675e-05 -0.000119649 -0.000140701 0.000388324 0.000490296 1.90571e-05 7.16926e-05 5.87584e-06 -0.000136123 -0.000460977 0.000480397 -7.6852e-07 -2.27438e-07 -8.8921e-06 -1.38891e-05 3.69583e-06 2.58108e-06 6.36051e-05 0.000247529 3.16108e-06
internal_weight=4.59778e+06 18350 14858 1032 4.57944e+06 211799 168123 17843 43676 35650 34502 16986 15944 1148 1032 150280 30096 120184 13826 920 496 4.36764e+06 4.31043e+06 1.05515e+06 987111 457909 3.25528e+06 68037 6026 3.24049e+06
internal_count=4597785 18350 14858 1032 4579435 211799 168123 17843 43676 35650 34502 16986 15944 1148 1032 150280 30096 120184 13826 920 496 4367636 4310428 1055148 987111 457909 3255280 68037 6026 3240493
is_linear=0
shrinkage=0.05


Tree=80
num_leaves=31
num_cat=0
split_feature=8 0 2 4 3 3 4 9 2 4 3 7 6 0 4 8 1 7 9 2 3 7 1 2 3 8 4 3 6 4
split_gain=0.0376237 0.0530933 0.0491185 0.0554047 0.110519 0.0470511 0.0425482 0.0389967 0.0378969 0.0363637 0.0356096 0.060707 0.0666407 0.0499824 0.0496745 0.165253 0.117754 0.18275 0.157305 0.103744 0.202637 0.121127 0.10198 0.107719 0.101831 0.128632 0.0996454 0.16355 0.116069 0.0907279
threshold=2.8451790809631352 0.10009223222732545 -0.081766694784164415 -0.0017211735248565672 0.099059760570526137 -0.0051253139972686759 0.072606265544891371 3.220867514610291 0.1775321960449219 -0.022497236728668209 0.0064446330070495614 0.028591086156666282 0.053217262029647834 -0.078947335481643663 -0.0090777277946472151 1.1623270511627199 -0.071520984172821031 0.025043304078280929 1.1159899830818178 -0.1303347051143646 -0.0086635053157806379 0.031440030783414848 -0.147479772567749 -0.16687089204788205 -0.022417664527893063 0.3650153130292893 0.0014291405677795412 -0.050491750240325921 0.048250723630189903 0.007516801357269288
decision_type=10 10 8 2 10 10 2 10 10 2 10 10 10 10 2 8 8 8 10 8 8 10 10 10 10 10 2 8 10 2
left_child=1 10 6 4 -4 8 -2 -3 -5 -6 14 -12 -13 -14 15 24 17 -16 22 20 -18 29 23 -19 25 -1 -24 28 -28 -21
right_child=2 7 3 5 9 -7 -8 -9 -10 -11 11 12 13 -15 16 -17 19 18 -20 21 -22 -23 26 -25 -26 -27 27 -29 -30 -31
leaf_value=-0.0012159250162464257 -0.00010539978540943241 6.854934068141492e-05 -5.8357348846658609e-05 -4.7171185237701649e-05 -0.00042464863302879802 2.1706237504675454e-05 -0.00047085000951110044 0.00081762594832772656 -0.00028556357023817137 -0.0013019351475143828 2.4783416761867323e-05 -1.5323335715385838e-05 -0.00021060302550162679 5.2948369281983067e-05 -0.00015774902765386747 -2.7577625466181279e-05 0.00012793379131150774 -0.00028073370096558779 0.00014137660196738295 -9.8944648939144723e-06 4.2910385016715395e-06 -2.7837259995572588e-05 5.828212540031941e-05 -3.8075729622836233e-05 1.4132600465301753e-05 0.00011359824749162921 -0.00092145922440686106 -4.1136455228857486e-05 6.7349652358941154e-06 1.2581310558786329e-05
leaf_weight=182 8689 24440 16470 8690 1446 53508 876 174 2062 128 362527 269342 1859 54861 30256 265687 43297 8338 13340 991882 141216 485688 28910 10129 854685 31193 911 66095 534 820370
leaf_count=182 8689 24440 16470 8690 1446 53508 876 174 2062 128 362527 269342 1859 54861 30256 265687 43297 8338 13340 991882 141216 485688 28910 10129 854685 31193 911 66095 534 820370
internal_value=-5.17571e-11 6.45783e-07 -3.16761e-05 -1.92118e-05 -9.66262e-05 2.52714e-06 -0.000138915 7.38777e-05 -9.2912e-05 -0.000496772 2.43533e-07 1.07039e-05 -4.95027e-06 4.43069e-05 -1.6556e-06 7.00931e-06 -5.43445e-06 -4.72159e-05 -2.114e-05 -2.76654e-06 3.3305e-05 -5.66292e-06 -4.00066e-05 -0.000147647 1.73803e-05 0.000105847 -1.93956e-05 -5.26454e-05 -0.000578677 2.79868e-07
internal_weight=4.59778e+06 4.50592e+06 91869 82304 18044 64260 9565 24614 10752 1574 4.4813e+06 688589 326062 56720 3.79271e+06 1.15175e+06 2.64097e+06 158513 128257 2.48245e+06 184513 2.29794e+06 114917 18467 886060 31375 96450 67540 1445 1.81225e+06
internal_count=4597785 4505916 91869 82304 18044 64260 9565 24614 10752 1574 4481302 688589 326062 56720 3792713 1151747 2640966 158513 128257 2482453 184513 2297940 114917 18467 886060 31375 96450 67540 1445 1812252
is_linear=0
shrinkage=0.05


Tree=81
num_leaves=31
num_cat=0
split_feature=8 0 8 2 2 2 3 3 0 9 1 2 4 7 1 4 5 1 5 3 7 8 5 1 6 6 3 2 2 7
split_gain=0.0365394 0.103137 0.116204 0.0921093 0.0847861 0.125243 0.0660123 0.0648998 0.0643202 0.133969 0.12053 0.133045 0.10201 0.0917302 0.0767417 0.216474 0.102562 0.0845995 0.081515 0.078963 0.0925588 0.0757161 0.0718093 0.120487 0.0917543 0.0915714 0.0811268 0.0708622 0.0676446 0.122192
threshold=1.5199021100997927 0.025845348834991459 0.80520212650299083 0.055906593799591071 -0.023878306150436398 0.18796801567077639 0.021690428256988529 -0.024831801652908322 -0.010266870260238646 0.73025831580162059 -0.088599622249603258 -0.048387020826339715 0.0033746361732482914 0.028713451698422435 -0.070076435804367052 0.012827455997467043 0.033936679363250739 -0.13164439797401425 0.15901005268096927 -0.0081905424594879133 0.02435488905757666 0.89975839853286754 0.035112857818603523 0.027204275131225589 0.050924485549330718 0.036278434097766883 -0.022417664527893063 0.0098937153816223162 0.27307158708572393 0.018792398273944858
decision_type=10 10 8 8 10 10 10 10 8 8 10 8 2 8 8 2 2 10 2 10 8 8 2 8 10 8 10 8 10 8
left_child=1 8 -3 -4 -2 -6 -5 -7 14 10 11 12 -10 -14 15 16 19 21 -18 20 -1 -17 25 24 -24 27 -26 -11 -25 -30
right_child=4 2 3 6 5 7 -8 -9 9 22 -12 -13 13 -15 -16 17 18 -19 -20 -21 -22 -23 23 28 26 -27 -28 -29 29 -31
leaf_value=-0.00035052642082213786 -3.8065737969802003e-05 9.0722976856008359e-05 4.2689185812048328e-05 -2.5532085435033741e-05 1.4356937749658491e-05 -0.00022629584393842099 8.4937766682117684e-05 -4.6204866114464877e-05 -6.6048079633460838e-05 -2.6325056156105146e-06 -1.6347948774621853e-05 2.7907300240290457e-07 -0.00041313345457705676 -0.00016348295693299005 2.1745612313239765e-06 -0.00041089310507679764 5.195245355595128e-05 -0.00050104701248434712 0.00066314145888050154 2.1143359066969016e-05 -5.6892922572294516e-05 0.00028180151214514106 1.6223953443477373e-06 -3.4547903913578109e-05 -0.00021756485331376725 8.4663758136001473e-05 0.00018826582492570507 2.4885361250328449e-05 -0.0013470004415051962 -0.00012226532369382962
leaf_weight=3372 200208 60481 144273 128332 331398 5453 15115 60466 17436 630163 796312 24139 5189 12652 1050123 730 205449 2582 546 27822 13137 856 254806 164185 1389 40071 10804 372091 205 18000
leaf_count=3372 200208 60481 144273 128332 331398 5453 15115 60466 17436 630163 796312 24139 5189 12652 1050123 730 205449 2582 546 27822 13137 856 254806 164185 1389 40071 10804 372091 205 18000
internal_value=-9.45081e-11 1.72261e-06 2.77234e-05 1.44802e-05 -1.15331e-05 1.83678e-06 -1.38914e-05 -6.11057e-05 -7.56416e-07 -5.70315e-06 -2.14738e-05 -9.01704e-05 -0.000152061 -0.000236112 8.14442e-06 3.27778e-05 3.87288e-05 -0.000324553 5.35757e-05 -3.02606e-05 -0.000116886 -3.70882e-05 3.34374e-06 -1.33636e-05 8.03444e-06 1.0547e-05 0.00014202 7.58363e-06 -4.46879e-05 -0.00013613
internal_weight=4.59778e+06 4.00026e+06 348201 287720 597525 397317 143447 65919 3.65206e+06 2.34744e+06 855728 59416 35277 17841 1.30462e+06 254494 250326 4168 205995 44331 16509 1586 1.49171e+06 449389 266999 1.04232e+06 12193 1.00225e+06 182390 18205
internal_count=4597785 4000260 348201 287720 597525 397317 143447 65919 3652059 2347442 855728 59416 35277 17841 1304617 254494 250326 4168 205995 44331 16509 1586 1491714 449389 266999 1042325 12193 1002254 182390 18205
is_linear=0
shrinkage=0.05


Tree=82
num_leaves=31
num_cat=0
split_feature=0 1 5 2 7 1 2 9 6 3 1 9 7 4 6 7 1 9 8 7 2 3 8 8 7 0 8 6 2 6
split_gain=0.036821 0.0597905 0.0625788 0.058573 0.0569637 0.0433557 0.0619202 0.0432334 0.0398578 0.0405964 0.067826 0.0398478 0.037248 0.036555 0.0352904 0.0450238 0.0348703 0.0452488 0.0345884 0.0337372 0.0317736 0.0431737 0.039348 0.0371581 0.0364781 0.0314889 0.0694187 0.0584653 0.0802768 0.0670847
threshold=-0.099913775920867906 -0.10277900099754332 0.13562166690826419 -0.081766694784164415 0.072536423802375807 0.14000004529953006 -0.066545128822326646 2.9788235425949101 0.081208650022745146 -0.0097087323665618879 -0.20259189605712888 0.77129724621772777 0.026462014764547351 -0.025872975587844845 0.089947186410427107 0.063078697770833983 -0.0038910210132598873 1.249049246311188 2.1927944421768193 0.046282336115837104 -0.10227265954017638 -0.037172079086303704 0.31881374120712286 1.1744761466979983 0.035556765273213393 0.049224495887756355 1.155855715274811 0.0030453326180577282 0.63825666904449474 0.089947186410427107
decision_type=8 10 2 10 10 10 8 10 10 10 8 10 8 2 8 8 10 10 10 10 10 10 8 10 8 10 10 10 10 10
left_child=1 2 8 -4 5 6 19 -8 9 20 -11 -5 -12 -10 -7 -16 -6 -18 -14 -3 22 24 -1 -24 -22 -2 -27 -28 29 -29
right_child=25 4 3 11 16 14 7 -9 13 10 12 -13 18 -15 15 -17 17 -19 -20 -21 21 -23 23 -25 -26 26 27 28 -30 -31
leaf_value=-0.0003444017403579152 -6.6131682735244901e-07 -0.00060875031491410198 6.1907770950958281e-05 0.0015862872076666907 -0.00020659539184313924 -0.00067274820729670642 -5.3317093188261704e-05 -0.00096759237830450109 -0.00010321801752120378 0.00073039970659495644 -0.001303402959792248 0.00051900022427460869 -0.000463582223254108 -0.0010861539129250343 -0.0005504862903013293 0.0008245504399419228 0.00099512969968938605 -0.00014111070650751176 0.00023304660197138468 -5.0992638335306003e-05 0.00082058385267052528 -0.00013632184732671626 0.0002052532713073296 -9.6880670136222034e-05 0.00021524882612878774 6.9743309414749464e-05 0.00025894469621267355 7.7503108110121671e-07 -0.00025049776311932931 0.00025715007672187998
leaf_weight=826 4357571 1008 661 118 220 799 4659 132 217 149 103 337 806 167 144 100 241 137 228 371 339 603 1787 2361 933 51140 2208 163692 3137 2591
leaf_count=826 4357571 1008 661 118 220 799 4659 132 217 149 103 337 806 167 144 100 241 137 228 371 339 603 1787 2361 933 51140 2208 163692 3137 2591
internal_value=-1.16828e-10 -7.24991e-05 1.08451e-05 0.000362733 -0.000175294 -0.000214179 -0.000163725 -7.87036e-05 -3.52899e-05 -1.17618e-05 -0.000269415 0.000798663 -0.000400964 -0.000532404 -0.000512203 1.41187e-05 0.000293306 0.000584032 -0.000309897 -0.000458839 3.66486e-05 0.000211995 -2.94793e-05 3.32998e-05 0.000377094 2.76039e-07 1.86116e-05 3.37558e-06 4.33133e-08 4.77136e-06
internal_weight=4.59778e+06 17446 9635 1116 7811 7213 6170 4791 8519 8135 1286 455 1137 384 1043 244 598 378 1034 1379 6849 1875 4974 4148 1272 4.58034e+06 222768 171628 169420 166283
internal_count=4597785 17446 9635 1116 7811 7213 6170 4791 8519 8135 1286 455 1137 384 1043 244 598 378 1034 1379 6849 1875 4974 4148 1272 4580339 222768 171628 169420 166283
is_linear=0
shrinkage=0.05


Tree=83
num_leaves=31
num_cat=0
split_feature=4 6 7 3 2 6 7 0 7 3 9 8 4 0 8 4 6 3 7 1 4 3 2 5 3 7 2 2 6 5
split_gain=0.0340241 0.0518767 0.0414988 0.0403031 0.0369607 0.0416393 0.0385822 0.0351487 0.0332295 0.0756435 0.0771875 0.0675688 0.0517268 0.0794641 0.0512512 0.049414 0.0615146 0.0565686 0.0530441 0.0484577 0.047722 0.0466864 0.066592 0.0477224 0.0521494 0.0584461 0.0454684 0.0422355 0.0404385 0.0798795
threshold=-0.087176948785781846 inf 0.072536423802375807 0.025258243083953861 0.19983518123626712 0.081208650022745146 0.051073934882879264 -0.0056022703647613517 0.051073934882879264 0.056590974330902107 0.75235983729362499 1.0895528197288515 -0.041692405939102166 -0.099913775920867906 2.2657877206802373 0.098773837089538588 0.089947186410427107 0.0023980736732482914 0.048739627003669746 0.056106746196746833 0.018823564052581791 0.0019685626029968266 -0.19938406348228452 0.15901005268096927 -0.071529179811477647 0.047404613345861442 0.30438482761383062 0.15942525863647464 0.022150803357362751 0.047609031200408942
decision_type=2 8 10 8 10 10 10 8 10 10 10 8 2 10 10 2 10 10 10 10 2 8 10 2 10 8 8 10 8 2
left_child=1 2 4 -3 6 -6 -1 -5 15 11 -11 -10 19 -14 -12 16 28 21 -19 -13 -18 22 -17 27 -25 -26 -22 -24 29 -2
right_child=8 3 -4 7 5 -7 -8 -9 9 10 14 12 13 -15 -16 17 20 18 -20 -21 26 -23 23 24 25 -27 -28 -29 -30 -31
leaf_value=-7.26449960981888e-05 -3.0032533875084168e-07 5.4694347290067183e-05 0.00029689906238686422 -0.0016236397208067013 -9.7500496834145492e-05 -0.00049349178606626837 0.00015504899602524454 -0.0005212388677670656 -6.7673305721686086e-06 -0.00018214079186105455 0.0004731249453504564 -5.7362210274943668e-05 -0.00077215947218247012 -8.8208043043782561e-05 5.407950358825595e-05 -0.00028252532098216077 -0.00012234905250388078 -0.0004417611744082225 0.00036346468574964151 0.00022204959919607743 -0.00020874732386700972 0.00052574687252850724 0.0001962481057642204 0.00048099407439249813 -0.00040798960689071204 0.00025425441897323353 -0.0010751733851321603 4.4597124656803021e-05 6.3263910003029893e-06 -3.0030916864123278e-05
leaf_weight=11792 2190269 167 803 110 1973 1000 2208 212 134960 1039 1939 3784 428 42352 1170 1200 1779 921 262 2629 308 601 9886 297 1276 450 298 8573 1923188 251911
leaf_count=11792 2190269 167 803 110 1973 1000 2208 212 134960 1039 1939 3784 428 42352 1170 1200 1779 921 262 2629 308 601 9886 297 1276 450 298 8573 1923188 251911
internal_value=-1.13738e-10 -6.81048e-05 -5.41117e-05 -0.000575631 -7.07347e-05 -0.000230818 -3.67259e-05 -0.000901696 2.71531e-07 -2.02962e-05 0.000190832 -2.50529e-05 -7.52177e-05 -9.50686e-05 0.000315495 1.15351e-06 7.64728e-07 7.35142e-05 -0.000263271 5.7199e-05 -0.000253043 9.1405e-05 7.93419e-05 0.000100556 -0.00012994 -0.000235283 -0.000635881 0.000125822 9.03453e-07 -3.36705e-06
internal_weight=4.59778e+06 18265 17776 489 16973 2973 14000 322 4.57952e+06 188301 4148 184153 49193 42780 3109 4.39122e+06 4.36775e+06 23466 1183 6413 2385 22283 21682 20482 2023 1726 606 18459 4.36537e+06 2.44218e+06
internal_count=4597785 18265 17776 489 16973 2973 14000 322 4579520 188301 4148 184153 49193 42780 3109 4391219 4367753 23466 1183 6413 2385 22283 21682 20482 2023 1726 606 18459 4365368 2442180
is_linear=0
shrinkage=0.05


Tree=84
num_leaves=31
num_cat=0
split_feature=9 1 4 6 6 2 5 3 0 7 8 8 6 6 3 1 2 6 2 1 2 6 1 7 4 1 5 5 1 3
split_gain=0.0330922 0.0451088 0.0408445 0.0369181 0.0525892 0.0508629 0.0371825 0.0405957 0.0327502 0.0660441 0.0705915 0.0656784 0.0759864 0.0545434 0.0578817 0.0441842 0.0448532 0.0432722 0.0410657 0.0391157 0.0388094 0.037092 0.0362133 0.0352881 0.0334432 0.0926458 0.0374778 0.0332835 0.118146 0.0918318
threshold=5.2858159542083749 -0.147479772567749 0.072606265544891371 0.039694786071777351 0.081208650022745146 -0.023878306150436398 0.15901005268096927 -0.010736137628555296 0.049224495887756355 0.038257025182247169 1.4898381829261782 1.0506768822669985 0.012686580885201694 0.089947186410427107 0.044776141643524177 0.24212771654129031 0.26012134552001959 0.065029647201299681 0.19363051652908328 0.31152415275573736 -0.20621237158775327 0.081208650022745146 0.11111122369766237 0.060347240418195731 0.098773837089538588 0.31152415275573736 0.15901005268096927 0.058843970298767097 -0.20259189605712888 -0.037172079086303704
decision_type=10 10 2 10 10 10 2 10 10 10 10 8 8 10 10 10 10 10 10 10 10 10 10 10 2 8 2 2 8 8
left_child=8 2 -2 -3 6 -6 -5 -8 27 11 17 15 -13 18 23 16 21 -11 20 24 -12 -10 -19 -15 -14 -26 -27 29 -29 -1
right_child=1 3 -4 4 5 -7 7 -9 9 10 13 12 19 14 -16 -17 -18 22 -20 -21 -22 -23 -24 -25 25 26 -28 28 -30 -31
leaf_value=-9.4577451778374123e-05 -0.00029723763643214147 4.9292489914338767e-05 -0.0013664602397238041 -0.00011057657669586564 -0.00064147273986334 0.00038619406513496369 0.0004487158368701245 -0.00063338913253467089 0.00014237092926003755 -3.0542099133243316e-06 -0.00034694786493567144 0.00045778676757465245 2.0895644855976955e-05 0.00032096260297887218 0.00073326332574382563 -0.00013809172667357189 0.00037737948972780655 0.00015758151128218302 -0.00014033986195417729 -0.00034014546836134561 -1.9991438781648106e-05 -0.00079848073492716802 -7.7302436681511138e-06 -0.00018880766740741445 0.00014819659556778776 -0.0001134135707810485 -0.0013747007290099388 0.00015757977657176271 -1.4342105225240599e-05 1.7366281879640892e-06
leaf_weight=24913 681 6071 102 9775 139 862 100 620 9068 36474 946 1032 97944 643 404 1195 2325 9361 14908 720 21823 105 5127 717 8766 102 139 10161 601025 3731537
leaf_count=24913 681 6071 102 9775 139 862 100 620 9068 36474 946 1032 97944 643 404 1195 2325 9361 14908 720 21823 105 5127 717 8766 102 139 10161 601025 3731537
internal_value=-1.44536e-10 -6.70094e-05 -0.000438089 -5.04456e-05 -0.000103117 0.000242993 -0.000136148 -0.000482683 2.68379e-07 1.94697e-05 -1.28848e-05 4.35639e-05 3.09958e-05 -6.31071e-05 0.00020856 0.000151186 0.00018126 2.59842e-05 -7.58315e-05 2.69009e-05 -3.35904e-05 0.000131515 9.90846e-05 5.22675e-05 2.93751e-05 0.00012157 -0.000843552 -6.62752e-07 -1.14836e-05 1.09784e-06
internal_weight=4.59778e+06 18350 783 17567 11496 1001 10495 720 4.57944e+06 211799 90403 121396 108703 39441 1764 12693 11498 50962 37677 107671 22769 9173 14488 1360 106951 9007 241 4.36764e+06 611186 3.75645e+06
internal_count=4597785 18350 783 17567 11496 1001 10495 720 4579435 211799 90403 121396 108703 39441 1764 12693 11498 50962 37677 107671 22769 9173 14488 1360 106951 9007 241 4367636 611186 3756450
is_linear=0
shrinkage=0.05


Tree=85
num_leaves=31
num_cat=0
split_feature=8 2 2 3 0 1 0 1 6 5 5 2 8 8 0 7 5 0 1 4 0 6 7 2 5 7 3 1 4 7
split_gain=0.0319453 0.049903 0.0537189 0.0466079 0.090488 0.0652542 0.0578697 0.0553215 0.0639184 0.0642279 0.0524537 0.0514145 0.0677941 0.0505712 0.0442135 0.0545848 0.0438201 0.0489701 0.0426694 0.0417917 0.0408871 0.0412565 0.0532463 0.0583014 0.0514476 0.044851 0.0430072 0.0568736 0.0408367 0.0390212
threshold=2.5511919260025029 -0.0035971701145172115 0.12285357713699342 0.021690428256988529 0.014492809772491457 0.15843743085861209 -0.078947335481643663 0.077586233615875258 0.089947186410427107 0.15901005268096927 0.047609031200408942 0.43008381128311163 1.1806805133819582 0.41128177940845495 0.099948883056640639 0.0438046082854271 0.017499983310699466 0.09951645135879518 0.31152415275573736 -0.021646887063980099 -0.06495764851570128 0.081208650022745146 0.041828265413641937 0.63825666904449474 0.15901005268096927 0.055245274677872665 0.027942299842834476 0.31152415275573736 -0.06666663289070128 0.066488545387983336
decision_type=10 8 8 10 10 10 10 10 10 2 2 10 10 8 10 8 2 10 10 2 10 10 10 10 2 8 10 10 2 8
left_child=3 -2 28 11 5 6 -5 13 18 10 -10 14 -13 -6 -1 -16 17 -4 -9 -20 -18 22 -22 -24 -25 -23 27 29 -3 -27
right_child=1 2 16 4 7 -7 -8 8 9 -11 -12 12 -14 -15 15 -17 20 -19 19 -21 21 25 23 24 -26 26 -28 -29 -30 -31
leaf_value=7.4073513863047348e-08 -7.5366066053597823e-05 -0.00023677014291807535 0.0011668708115435767 -0.00049580600446741754 0.00052740041002445311 0.00022661408698955454 -2.7867170915901264e-05 -2.2457580450138169e-05 0.0011991904382271197 0.0011687324105909996 -6.363562841433375e-05 -1.4962390631889374e-05 -0.0001593051507650041 0.00010377805678952956 0.00016296807834966065 -9.8224935897586246e-06 -0.00035146793992878601 0.00013621198663302754 0.00096128735269696746 0.00010951137277216798 -3.4459474739509297e-05 0.00040741546544736734 -0.00025673131348478501 -1.3423561372956408e-05 0.00098549856981502244 0.00043779462551117311 0.00029884682775183449 -0.0012830249639836126 3.3257244709477349e-05 -0.00066159519018070003
leaf_weight=4301989 35185 1437 130 670 718 2519 43120 23002 100 229 442 27970 11470 35123 9292 8994 1175 962 147 5368 26734 989 5264 533 169 178 387 133 53210 146
leaf_count=4301989 35185 1437 130 670 718 2519 43120 23002 100 229 442 27970 11470 35123 9292 8994 1175 962 147 5368 26734 989 5264 533 169 178 387 133 53210 146
internal_value=-1.72455e-10 -2.4765e-05 -5.29522e-06 7.01223e-07 3.26313e-05 -2.08007e-05 -3.50379e-05 7.06231e-05 1.9645e-05 0.00046857 0.000171137 -1.14946e-07 -5.69433e-05 0.000112279 4.03857e-07 7.79849e-05 -5.19935e-05 0.000259865 7.4916e-06 0.000132385 -6.15376e-05 -5.16627e-05 -6.46035e-05 -0.000199652 0.000228117 0.000179105 -8.85941e-05 -0.000416626 2.61524e-05 -5.81208e-05
internal_weight=4.59778e+06 126632 91447 4.47115e+06 111438 46309 43790 65129 29288 771 542 4.35972e+06 39440 35841 4.32028e+06 18286 36800 1092 28517 5515 35708 34533 32700 5966 702 1833 844 457 54647 324
internal_count=4597785 126632 91447 4471153 111438 46309 43790 65129 29288 771 542 4359715 39440 35841 4320275 18286 36800 1092 28517 5515 35708 34533 32700 5966 702 1833 844 457 54647 324
is_linear=0
shrinkage=0.05


Tree=86
num_leaves=31
num_cat=0
split_feature=8 0 8 6 5 7 6 3 2 1 1 4 8 7 6 3 0 0 4 3 0 0 9 4 0 8 1 2 7 5
split_gain=0.0300478 0.0622411 0.0854855 0.0792092 0.0554445 0.0507009 0.0535215 0.0505269 0.0487348 0.0563749 0.0540651 0.0484898 0.119183 0.0601252 0.0523045 0.0440528 0.0460196 0.0395858 0.0468913 0.0381906 0.0423648 0.0652926 0.038117 0.122267 0.0955639 0.0913237 0.0797558 0.162992 0.10474 0.0660331
threshold=1.8301854133605959 0.037454605102539069 0.81467643380165111 0.0090786395594477671 0.047609031200408942 0.037294307723641403 0.057001238688826568 -0.030362457036972042 -0.071428567171096788 0.18626886606216433 -0.090987533330917345 0.028629899024963382 4.9169352054595956 0.041482675820589072 0.044313877820968635 0.099059760570526137 0.03636902570724488 -0.04619097709655761 1.0000000180025095e-35 -0.024831801652908322 -0.051459103822708123 0.0060858726501464852 0.56595125794410717 -0.0056818425655364982 -0.092244744300842271 0.4263193160295487 -0.088599622249603258 -0.076594322919845567 0.023997426033020023 0.027261793613433841
decision_type=10 10 8 8 2 10 10 10 10 10 10 2 10 10 10 8 10 10 2 10 10 10 8 2 10 10 8 8 8 2
left_child=1 22 7 -4 17 -5 -7 -3 10 15 11 -6 14 -14 -13 -10 -17 18 -2 20 -11 -22 23 24 25 -1 27 28 29 -25
right_child=4 2 3 5 8 6 -8 -9 9 19 -12 12 13 -15 -16 16 -18 -19 -20 -21 21 -23 -24 26 -26 -27 -28 -29 -30 -31
leaf_value=-0.0012508355758200198 -0.00023843159166742558 0.00091654206236683848 0.00045617275243559096 3.5059535487394787e-05 -3.0568565309079546e-05 -4.3816558489545763e-05 4.1067840268157237e-05 0.00010457459505152747 -4.8305873206640388e-06 -0.00074503510874143254 -0.000108082546265594 0.0006002088539211962 -0.00018939298294717448 -0.0016169357949513054 4.9983006477400904e-05 -0.00061986660567501107 6.5799041100788996e-06 2.4047696998573456e-05 0.00036595226867392166 -6.8441577355716571e-05 0.00030667811939788465 -0.0003497713222427001 1.5106246515309196e-06 -0.00035147798962329097 2.2025118642829387e-05 -0.00020104216389030824 -2.3232851455623259e-05 -5.8824381574676791e-06 -0.00017061480424016603 -0.00097641749381628586
leaf_weight=255 2560 192 1013 112824 11563 56984 27546 26684 179193 405 32511 1125 249 104 701 596 576 91982 366 19607 505 1507 3547327 1236 180320 1089 261789 20761 15572 643
leaf_count=255 2560 192 1013 112824 11563 56984 27546 26684 179193 405 32511 1125 249 104 701 596 576 91982 366 19607 505 1507 3547327 1236 180320 1089 261789 20761 15572 643
internal_value=-1.1792e-10 1.14853e-06 2.67267e-05 1.53884e-05 -1.4224e-05 1.31236e-05 -1.61549e-05 0.000110409 -2.66338e-05 -1.60514e-05 -7.29381e-05 1.0209e-05 0.000226512 -0.000613352 0.000389121 -6.82987e-06 -0.000312245 1.82876e-05 -0.000162733 -9.1567e-05 -0.000279057 -0.000184936 -2.81438e-07 -1.34795e-05 1.88932e-05 -0.000401004 -3.30826e-05 -0.00010056 -0.000213189 -0.00056574
internal_weight=4.59778e+06 4.25424e+06 225243 198367 343550 197354 84530 26876 248642 202389 46253 13742 2179 353 1826 180365 1172 94908 2926 22024 2417 2012 4.02899e+06 481665 181664 1344 300001 38212 17451 1879
internal_count=4597785 4254235 225243 198367 343550 197354 84530 26876 248642 202389 46253 13742 2179 353 1826 180365 1172 94908 2926 22024 2417 2012 4028992 481665 181664 1344 300001 38212 17451 1879
is_linear=0
shrinkage=0.05


Tree=87
num_leaves=31
num_cat=0
split_feature=7 4 3 0 3 5 1 9 9 4 2 1 3 8 6 5 5 2 9 1 4 1 6 7 0 2 3 4 2 3
split_gain=0.027941 0.0827092 0.0687553 0.0642813 0.0603347 0.100764 0.0948789 0.0906893 0.0684903 0.0591825 0.0584924 0.101002 0.133657 0.0938113 0.100314 0.114686 0.109531 0.114694 0.100358 0.0873024 0.112123 0.0839529 0.0949099 0.0937045 0.19962 0.223549 0.0827936 0.106797 0.0779632 0.0777156
threshold=0.042952382937073715 0.023992538452148441 -0.011706531047821043 0.031043946743011478 -0.071529179811477647 1.0000000180025095e-35 -0.10277900099754332 0.67194798588752758 3.562729120254517 -0.0036630332469940181 -0.0035971701145172115 -1.0000000180025095e-35 -0.001615554094314575 1.3470368385314944 0.046455599367618568 0.06060606241226197 0.053815305233001716 -0.10555550456047057 0.68191692233085643 -0.11980420351028441 -0.0081953108310699446 -0.034403711557388299 0.046455599367618568 0.030183096416294578 -0.060580164194107049 0.12285357713699342 -0.042735069990158074 0.012308776378631594 -0.1507514417171478 -0.013245075941085814
decision_type=8 2 8 10 10 2 10 8 10 2 10 8 10 8 8 2 2 10 10 10 2 10 10 10 10 10 10 2 10 10
left_child=4 3 -3 -2 5 7 8 -1 9 -7 11 13 -13 14 16 18 19 -18 -16 20 -6 22 26 24 25 -23 27 -12 -22 -25
right_child=1 2 -4 -5 10 6 -8 -9 -10 -11 21 12 -14 -15 15 -17 17 -19 -20 -21 28 23 -24 29 -26 -27 -28 -29 -30 -31
leaf_value=1.4966498053760257e-05 -3.6597102754044595e-06 -9.8648812882212939e-05 -2.1156420916982217e-05 9.2331897626285185e-05 -1.0129006058750944e-05 -0.00017648467636908869 7.2668328530221957e-06 -0.00070518616131599009 -0.00020973754754488578 0.00052839647913401359 0.00018319826754809024 3.7019207245104296e-05 -6.3421163742603882e-06 -4.8379168054447994e-05 1.6262249660575187e-05 -5.2095832956528054e-05 8.5652012762730813e-05 -1.7089251180706424e-05 0.0001910655659415674 -1.3408744212456485e-05 -0.000335213651642379 0.00012499480534500964 0.00016513359679900895 -6.9539581395900877e-05 9.9271190097890925e-06 0.0014109857909309969 3.0382661904840282e-05 -0.00069671220593980183 -7.9729048014770269e-05 -7.9526232678465041e-06
leaf_weight=2260 394106 40806 95877 18247 14055 328 2746 541 424 3186 569 286832 467155 161792 14629 14999 57314 51636 18715 1031246 6513 924 13366 59279 1241309 532 215093 873 5515 376918
leaf_count=2260 394106 40806 95877 18247 14055 328 2746 541 424 3186 569 286832 467155 161792 14629 14999 57314 51636 18715 1031246 6513 924 13366 59279 1241309 532 215093 873 5515 376918
internal_value=-1.56238e-10 -1.05848e-05 -4.42919e-05 5.8822e-07 1.43519e-06 0.000127386 0.000232874 -0.00012433 0.000390149 0.000462571 1.1394e-06 -4.55601e-06 1.01534e-05 -1.26137e-05 -7.84959e-06 6.27268e-05 -1.07751e-05 3.69589e-05 0.000114377 -1.56937e-05 -0.000106032 7.4958e-06 3.58325e-05 3.61563e-06 1.06137e-05 0.000595522 2.78504e-05 -0.000349621 -0.000218087 -1.63224e-05
internal_weight=4.59778e+06 549036 136683 412353 4.04875e+06 9485 6684 2801 3938 3514 4.03926e+06 2.1304e+06 753987 1.37641e+06 1.21462e+06 48343 1.16628e+06 108950 33344 1.05733e+06 26083 1.90886e+06 229901 1.67896e+06 1.24276e+06 1456 216535 1442 12028 436197
internal_count=4597785 549036 136683 412353 4048749 9485 6684 2801 3938 3514 4039264 2130401 753987 1376414 1214622 48343 1166279 108950 33344 1057329 26083 1908863 229901 1678962 1242765 1456 216535 1442 12028 436197
is_linear=0
shrinkage=0.05


Tree=88
num_leaves=31
num_cat=0
split_feature=0 1 5 2 7 6 9 2 1 5 2 4 8 1 7 9 5 2 6 4 1 9 3 7 2 1 9 5 9 7
split_gain=0.0273704 0.051832 0.0558076 0.0673055 0.0489649 0.0405341 0.0394597 0.0370009 0.0565101 0.0921083 0.0676965 0.0467212 0.0469851 0.0366492 0.0478674 0.0339168 0.0396167 0.0553829 0.0338681 0.0326029 0.0315986 0.0409012 0.0306941 0.0562873 0.0470403 0.0456479 0.0506712 0.0394285 0.0316739 0.0377135
threshold=-0.099913775920867906 -0.10277900099754332 0.15901005268096927 -0.087230294942855821 0.072536423802375807 0.081208650022745146 0.96499004960060131 -0.066545128822326646 -0.0034129321575164791 0.15901005268096927 0.32530534267425543 -1.0000000180025095e-35 0.70558527112007152 0.14000004529953006 0.063078697770833983 2.262729406356812 0.12499994039535524 0.1775321960449219 0.044313877820968635 -0.025872975587844845 -0.0038910210132598873 1.249049246311188 -0.028206974267959591 0.025043304078280929 -0.12606123089790341 -0.20259189605712888 2.0814665555953984 0.079420924186706557 0.66528302431106578 0.0335022620856762
decision_type=8 10 2 10 10 10 10 10 10 2 10 2 10 10 8 10 2 10 10 2 10 10 10 8 10 8 8 2 10 8
left_child=1 2 5 18 7 22 -5 -3 11 13 -11 12 -9 -10 -15 16 -14 -18 -4 -7 -6 -22 24 -24 27 -25 28 -1 -27 -30
right_child=-2 4 3 6 20 19 -8 8 9 10 -12 -13 15 14 -16 -17 17 -19 -20 -21 21 -23 23 25 -26 26 -28 -29 29 -31
leaf_value=-0.00013152643263758705 2.3794905705607904e-07 -0.00039612754326857419 -0.00065597171670824829 0.0016884527005966575 -0.00019962571243169755 -0.00014289744197513857 0.00049649636370682488 -0.00071225996690547162 -6.0230298378277182e-05 -0.0017927410481779864 -0.00031469739901572092 0.00061622717020819433 -3.6081204405205485e-05 -0.00066187660306941086 0.00038110764842496058 -0.00062633005187745267 0.00080146502344008138 -0.00041442489746259528 0.0003527378557234475 -0.0010281046335362857 0.00094384059232028499 -0.0001364216351235434 -0.0012575444494219623 0.00035821872847936547 0.00027574273435782205 -0.00093963813412301545 0.00029268919535942656 0.00027346201301924972 -0.00054110636130099018 -6.8496555052330896e-05
leaf_weight=2491 4580339 1726 123 128 220 269 153 234 1746 164 147 304 1477 620 133 178 358 126 252 169 241 137 103 509 1958 159 506 791 599 1425
leaf_count=2491 4580339 1726 123 128 220 269 153 234 1746 164 147 304 1477 620 133 178 358 126 252 169 241 137 103 509 1958 159 506 791 599 1425
internal_value=-1.44653e-10 -6.25066e-05 1.50923e-05 0.000459928 -0.000158216 -1.74548e-05 0.00104351 -0.000194268 -0.00013071 -0.000287285 -0.00109736 3.36897e-05 -4.11661e-05 -0.000186072 -0.000477396 3.25481e-05 9.26432e-05 0.00048473 2.10164e-05 -0.000486014 0.000276237 0.00055299 6.628e-06 -0.000112775 8.18542e-05 -7.55227e-05 -0.000157728 -3.3866e-05 -0.000262217 -0.000208563
internal_weight=4.59778e+06 17446 9635 656 7811 8979 281 7213 5487 2810 311 2677 2373 2499 753 2139 1961 484 375 438 598 378 8541 3301 5240 3198 2689 3282 2183 2024
internal_count=4597785 17446 9635 656 7811 8979 281 7213 5487 2810 311 2677 2373 2499 753 2139 1961 484 375 438 598 378 8541 3301 5240 3198 2689 3282 2183 2024
is_linear=0
shrinkage=0.05


Tree=89
num_leaves=31
num_cat=0
split_feature=8 3 3 1 6 4 5 3 4 1 5 1 6 2 8 2 8 6 9 5 5 9 0 7 7 7 3 8 2 5
split_gain=0.0271081 0.0401721 0.0391029 0.0387655 0.04689 0.0715363 0.0342434 0.0338757 0.075752 0.0685773 0.0571204 0.055832 0.0904896 0.0546217 0.0502723 0.0464998 0.0606043 0.0441905 0.0702453 0.0432504 0.0442276 0.0602994 0.0422742 0.0533405 0.0380314 0.0377136 0.0347639 0.0382152 0.0343463 0.0373168
threshold=3.861013770103455 0.056590974330902107 -0.011971622705459593 0.24212771654129031 0.049551345407962806 -0.0081953108310699446 0.047609031200408942 0.021690428256988529 -0.017924219369888302 0.097222149372100844 0.13562166690826419 0.077586233615875258 0.089947186410427107 inf 0.41128177940845495 0.43008381128311163 1.0648589134216311 0.0030453326180577282 0.30572132766246801 0.079420924186706557 1.0000000180025095e-35 0.30572132766246801 0.099948883056640639 0.0438046082854271 0.025745858438313011 0.072536423802375807 0.056590974330902107 0.96139112114906322 0.63825666904449474 0.15901005268096927
decision_type=10 10 10 10 10 2 2 10 2 10 2 10 10 8 8 10 10 8 10 2 2 10 10 8 8 10 10 8 8 2
left_child=7 2 -2 -3 -5 -6 -4 15 9 10 -9 14 17 -12 -10 22 -17 18 -13 20 21 -19 -1 -24 -18 -26 27 -11 -14 -30
right_child=1 3 6 4 5 -7 -8 8 11 26 13 12 28 -15 -16 16 24 19 -20 -21 -22 -23 23 -25 25 -27 -28 -29 29 -31
leaf_value=-2.5128645770290508e-07 -0.00016353782721300106 -0.00025756144577754613 0.00021054587629034703 -0.00018009522433643676 -0.00030044867830794338 0.00066002450519227543 -1.3311055408152945e-05 -3.5976429888651887e-05 0.00049872664208957065 -0.00017067705369854254 -0.00024212457517333466 -0.00045405284655145441 0.00069160518306613417 -0.0012696012365086063 8.929654593191764e-05 -3.6191595217382079e-06 -0.00098057055364524082 0.0001099319351048442 0.00031780321650056272 -0.00011864946843275001 4.93316188337807e-05 -0.00026513903901519441 0.00013255604540849064 -1.9201407255953429e-05 -9.8064209220922368e-05 -0.00036919391385091771 -5.1632753493125427e-05 0.00020947850421009352 -0.00038346851907459145 0.00080545286992656114
leaf_weight=4369884 4120 3795 1830 1276 308 520 25502 39767 763 747 1716 344 659 139 40323 24099 129 1718 2027 7990 19086 2845 13376 10209 14636 1405 2583 5702 186 101
leaf_count=4369884 4120 3795 1830 1276 308 520 25502 39767 763 747 1716 344 659 139 40323 24099 129 1718 2027 7990 19086 2845 13376 10209 14636 1405 2583 5702 186 101
internal_value=-1.76922e-10 -4.24222e-05 -1.99632e-05 -0.000162144 1.00012e-05 0.000302816 1.68432e-06 3.47278e-07 2.58398e-05 -2.15302e-05 -4.86314e-05 5.73943e-05 1.09453e-05 -0.000319759 9.69119e-05 -3.81187e-07 -5.38651e-05 -2.47835e-06 0.000205673 -1.80831e-05 1.58977e-05 -0.000123929 1.0904e-07 6.68683e-05 -0.000128744 -0.000121833 0.000103351 0.000165425 0.000493038 3.62763e-05
internal_weight=4.59778e+06 37351 31452 5899 2104 828 27332 4.56043e+06 126696 50654 41622 76042 34956 1855 41086 4.43374e+06 40269 34010 2371 31639 23649 4563 4.39347e+06 23585 16170 16041 9032 6449 946 287
internal_count=4597785 37351 31452 5899 2104 828 27332 4560434 126696 50654 41622 76042 34956 1855 41086 4433738 40269 34010 2371 31639 23649 4563 4393469 23585 16170 16041 9032 6449 946 287
is_linear=0
shrinkage=0.05


Tree=90
num_leaves=31
num_cat=0
split_feature=8 0 5 5 0 2 2 2 0 8 3 1 4 3 5 6 2 1 0 0 5 2 7 1 4 5 5 0 2 8
split_gain=0.0264797 0.0796435 0.101285 0.0740274 0.0815016 0.0652182 0.0625124 0.0622419 0.0608129 0.108871 0.0759797 0.157225 0.0743209 0.0668375 0.134999 0.126305 0.08261 0.0786477 0.0741108 0.0684075 0.0859781 0.101009 0.0709559 0.0655484 0.0699298 0.0954873 0.064877 0.0641969 0.0640918 0.0605919
threshold=1.5199021100997927 0.024657547473907474 0.035943448543548591 0.038832664489746101 -0.016742795705795285 -0.070243924856185899 0.19363051652908328 0.10755091905593873 -0.029360204935073849 0.3650153130292893 -0.037172079086303704 -0.0016286075115203855 0.088645815849304213 -0.023554086685180661 0.064732134342193617 0.059516645967960365 0.0057803988456726083 -0.20259189605712888 -0.06495764851570128 -0.092244744300842271 0.15901005268096927 0.11494553089141847 0.027204549871385101 -0.010989099740982054 0.0014291405677795412 0.15901005268096927 0.034910082817077644 0.0058704018592834481 -0.10734459757804869 0.79251614212989818
decision_type=10 10 2 2 10 10 10 8 8 10 8 8 2 10 2 10 8 10 10 10 2 8 8 10 2 2 2 10 10 8
left_child=1 8 -3 4 -2 -5 -7 -4 9 -1 11 -10 -12 14 16 18 -11 -15 28 20 22 -22 -19 -17 25 -25 -18 -13 -16 -9
right_child=3 2 7 5 -6 6 -8 29 10 13 12 27 -14 17 15 23 26 19 -20 -21 21 -23 -24 24 -26 -27 -28 -29 -30 -31
leaf_value=-0.00017016620669182617 -7.8016479057009278e-05 8.4232230325407078e-05 3.0475811524674265e-05 -5.6211621786817707e-05 3.5601562588205656e-05 -4.4453598745039975e-07 -5.6292573448505745e-05 6.6748556773181899e-05 -0.00031031116320950653 8.0611173242207314e-05 -2.7334588107350277e-06 6.4157352743645439e-05 0.00055660267728054546 0.00021281172757046981 0.00020455307758996457 -0.00010467636428148056 -0.00031739085777020867 -0.0013688645526721173 0.00012240278925827164 1.2869031301611593e-05 0.0011900378694499234 -0.00015163222899704045 -0.00017486528113962619 0.00010871132572162293 0.00054826810094985902 -0.001101277183313089 -3.6676985141946724e-05 -0.00035506990745574755 0.0004899891754823741 -2.9292589524767209e-05
leaf_weight=7632 18040 57873 189486 96500 126155 296537 60293 19362 6130 15996 3184379 8112 593 4834 3630 4836 2460 126 5658 349726 251 316 6213 5538 895 167 12580 1028 4297 108142
leaf_count=7632 18040 57873 189486 96500 126155 296537 60293 19362 6130 15996 3184379 8112 593 4834 3630 4836 2460 126 5658 349726 251 316 6213 5538 895 167 12580 1028 4297 108142
internal_value=-1.85495e-10 1.46633e-06 2.34066e-05 -9.81806e-06 2.13866e-05 -1.97436e-05 -9.88122e-06 1.23014e-05 -8.02283e-07 1.69644e-05 -3.16261e-06 -0.000114424 -2.62914e-06 2.03854e-05 7.11844e-05 0.000157599 1.51448e-06 1.25072e-05 0.000260664 9.79161e-06 -0.000146031 0.000443349 -0.000198811 3.51549e-05 0.000137613 7.31051e-05 -8.26097e-05 1.69721e-05 0.000359322 -1.47079e-05
internal_weight=4.59778e+06 4.00026e+06 374863 597525 144195 453330 356830 316990 3.6254e+06 425155 3.20024e+06 15270 3.18497e+06 417523 56057 25021 31036 361466 13585 356632 6906 567 6339 11436 6600 5705 15040 9140 7927 127504
internal_count=4597785 4000260 374863 597525 144195 453330 356830 316990 3625397 425155 3200242 15270 3184972 417523 56057 25021 31036 361466 13585 356632 6906 567 6339 11436 6600 5705 15040 9140 7927 127504
is_linear=0
shrinkage=0.05


Tree=91
num_leaves=31
num_cat=0
split_feature=2 8 0 1 3 4 1 9 1 7 5 3 5 5 6 3 8 3 2 1 2 6 7 1 0 6 3 9 7 2
split_gain=0.0256133 0.090621 0.0807218 0.0688055 0.19102 0.130146 0.226906 0.113325 0.105006 0.104106 0.103696 0.0962415 0.0926269 0.0804472 0.155385 0.0780578 0.0697607 0.068094 0.107008 0.0952519 0.0847311 0.0725539 0.084922 0.0857171 0.069529 0.151548 0.120239 0.12533 0.0866053 0.113081
threshold=-0.10386639833450316 1.4364653229713442 inf -0.0095676183700561506 -0.015151530504226683 -0.0012970864772796629 -0.076530605554580675 0.68512198328971874 -0.080137372016906724 0.029636957682669166 0.021704435348510746 -0.013592004776000975 0.041046082973480232 0.065436124801635756 0.053217262029647834 -0.0050251185894012442 0.54993602633476268 -0.010736137628555296 -0.026938766241073605 0.029204607009887699 0.064358472824096694 0.01619000639766455 0.031152434647083286 -0.033731818199157708 -0.06495764851570128 0.059516645967960365 -0.021333009004592892 1.9439817667007449 0.052952408790588386 0.13468533754348758
decision_type=8 8 8 10 10 2 10 10 10 8 2 10 2 2 10 10 8 8 8 8 8 8 8 10 10 10 10 8 8 10
left_child=1 3 -3 5 -5 8 7 9 -1 10 -7 -12 -8 14 -9 -10 -6 19 -19 24 -21 -20 -23 -24 25 26 27 28 29 -2
right_child=17 2 -4 4 16 6 12 13 15 -11 11 -13 -14 -15 -16 -17 -18 18 21 20 -22 22 23 -25 -26 -27 -28 -29 -30 -31
leaf_value=6.6466557907040848e-05 0.00034499064438209541 -3.6516440533963361e-05 -0.0011605785193569318 0.00020154674612906506 0.00013507212879189861 -8.436669122171322e-05 -1.9067905499385484e-05 -5.355438943895245e-05 6.2608534838834415e-05 -0.00011446286433330591 -0.00086540609513393652 -0.000350250705335934 7.601729523570882e-05 -0.00019728047617013314 0.00032687286786942706 -1.5976906764503663e-05 1.6390676704480982e-05 -1.2767032670877852e-05 -5.1537730013662726e-06 9.7932925263444452e-07 -7.5186529252476041e-05 2.3315029081333722e-05 2.8738923764453181e-05 -1.1694104146411439e-05 -1.0275992530068745e-05 -8.8034869362308912e-05 -1.3491313007414777e-05 -0.0001571396572003583 4.0828099701827133e-05 0.0009885946545483157
leaf_weight=99652 6577 90547 159 16532 13290 3006 88120 20837 41175 16181 1104 5072 36106 6998 3080 135856 181019 1025202 849092 54405 111037 870519 181168 474101 247367 9194 6106 1520 2002 761
leaf_count=99652 6577 90547 159 16532 13290 3006 88120 20837 41175 16181 1104 5072 36106 6998 3080 135856 181019 1025202 849092 54405 111037 870519 181168 474101 247367 9194 6106 1520 2002 761
internal_value=-1.81728e-10 8.39433e-06 -3.84996e-05 1.47617e-05 3.83911e-05 3.86449e-06 -2.91637e-05 -0.000112452 2.54116e-05 -0.000190783 -0.000325252 -0.000442463 8.56878e-06 -4.81834e-05 -4.55185e-06 2.30125e-06 2.45087e-05 -1.65924e-06 7.33444e-07 -2.0192e-05 -5.01398e-05 6.56141e-06 1.30808e-05 -5.15201e-07 -2.07802e-06 7.54388e-05 0.000164026 0.000263827 0.000332345 0.000411862
internal_weight=4.59778e+06 758734 90706 668028 210841 457187 180504 56278 276683 25363 9182 6176 124226 30915 23917 177031 194309 3.83905e+06 3.40008e+06 438969 165442 2.37488e+06 1.52579e+06 655269 273527 26160 16966 10860 9340 7338
internal_count=4597785 758734 90706 668028 210841 457187 180504 56278 276683 25363 9182 6176 124226 30915 23917 177031 194309 3839051 3400082 438969 165442 2374880 1525788 655269 273527 26160 16966 10860 9340 7338
is_linear=0
shrinkage=0.05


Tree=92
num_leaves=31
num_cat=0
split_feature=0 0 9 3 6 8 7 9 9 5 4 1 5 8 3 9 1 8 3 9 6 3 3 4 2 3 3 1 0 1
split_gain=0.0256094 0.0559127 0.0405893 0.0541946 0.0401087 0.0512132 0.0425481 0.0484635 0.0413704 0.0474978 0.0412709 0.0554831 0.0400645 0.0361684 0.0392612 0.0354987 0.0354565 0.0684903 0.0852875 0.0348049 0.03471 0.0343422 0.0336603 0.0327646 0.0316763 0.0791388 0.0654643 0.163882 0.11918 0.14759
threshold=0.049224495887756355 0.050689935684204109 3.562729120254517 0.099059760570526137 0.089947186410427107 0.5695580542087556 0.051073934882879264 0.44853813946247106 0.99834382534027111 0.066215097904205336 -0.0038609802722930904 0.31152415275573736 0.13562166690826419 1.4898381829261782 0.01417207717895508 0.84224200248718273 0.20945948362350467 2.8451790809631352 0.044776141643524177 5.2858159542083749 0.0030453326180577282 0.027942299842834476 -0.050491750240325921 0.10893654823303224 -0.10386639833450316 inf -0.0049382150173187247 -0.044607758522033684 -0.014705866575241087 -0.099604606628417955
decision_type=10 10 10 10 10 8 10 8 10 2 2 8 2 8 10 8 10 10 10 8 8 10 10 2 8 8 10 10 10 8
left_child=2 19 24 22 6 -6 7 -3 12 -10 11 -9 -7 -8 -15 -14 23 18 -18 -2 -12 -19 -4 -11 25 26 27 28 -1 -30
right_child=1 4 3 -5 5 8 13 10 9 16 20 -13 15 14 -16 -17 17 21 -20 -21 -22 -23 -24 -25 -26 -27 -28 -29 29 -31
leaf_value=2.3946193292767152e-05 9.0869837042717393e-05 0.00026799935114010922 -0.00029095734614757588 -0.00042440885305707949 0.0010670925952338925 -0.00045146259920306918 -1.0985215358797165e-05 -0.00013252325102697121 0.0010576637840320285 2.7768588162236562e-05 0.00021154648812675574 -0.0010526960511469952 0.0010430627135677485 -0.00021951887854323646 -5.7900542747683688e-06 -0.00022751446560189737 -2.3761200613308766e-05 -0.0011798418890835057 0.0012243850597791963 0.00054944091251906324 1.165673351989041e-05 -0.00021056455613062202 -3.4807734992173745e-05 0.00045249351837733091 -2.399063645309296e-06 -0.0011029122743548216 -7.5207591791401182e-07 7.366771962671729e-05 -0.00021959832319759531 -9.7077016708698551e-06
leaf_weight=77392 17246 1869 1355 997 149 520 17124 1119 153 719 2199 191 100 5424 3558 120 827 154 163 423 169254 224 23686 1232 3610741 159 509919 114559 13153 23056
leaf_count=77392 17246 1869 1355 997 149 520 17124 1119 153 719 2199 191 100 5424 3558 120 827 154 163 423 169254 224 23686 1232 3610741 159 509919 114559 13153 23056
internal_value=-1.83085e-10 1.65368e-05 -8.42222e-07 -6.30819e-05 9.18431e-06 0.00015918 5.9249e-06 1.48252e-05 0.000126817 0.000199156 1.20848e-05 -0.000267386 -0.000212405 -5.36109e-05 -0.000134865 0.000352127 0.000159274 -3.58858e-05 0.00018277 0.000101879 1.42217e-05 -0.000607526 -4.86794e-05 0.000296064 -4.6957e-07 8.96762e-06 9.20864e-06 3.14699e-05 -1.1084e-05 -8.59549e-05
internal_weight=4.59778e+06 222768 4.37502e+06 26038 205099 4361 200738 174632 4212 3472 172763 1310 740 26106 8982 220 3319 1368 990 17669 171453 378 25041 1951 4.34898e+06 738238 738079 228160 113601 36209
internal_count=4597785 222768 4375017 26038 205099 4361 200738 174632 4212 3472 172763 1310 740 26106 8982 220 3319 1368 990 17669 171453 378 25041 1951 4348979 738238 738079 228160 113601 36209
is_linear=0
shrinkage=0.05


Tree=93
num_leaves=31
num_cat=0
split_feature=7 4 3 3 9 0 5 1 8 1 2 6 1 2 0 3 9 5 5 5 3 1 9 7 1 2 3 7 5 4
split_gain=0.0246015 0.0750258 0.0730318 0.0705245 0.0962384 0.0776503 0.0727695 0.0911772 0.0706501 0.06551 0.0614144 0.0608502 0.0676165 0.0742905 0.0932645 0.0985325 0.0796625 0.0682642 0.0614259 0.0597678 0.0857043 0.077676 0.0729302 0.0582419 0.0573343 0.142785 0.0907936 0.0921836 0.111683 0.101344
threshold=0.04023407772183419 0.0098736286163330095 -0.071529179811477647 -0.071529179811477647 3.562729120254517 -0.099913775920867906 0.0077120661735534677 -0.099604606628417955 0.78598490357398998 -0.045454531908035271 -0.13959667086601255 0.035938372835516937 -0.011494308710098265 -0.047325104475021355 0.0019531846046447758 -0.014310538768768309 0.61516821384429943 0.028437912464141849 0.025815606117248539 0.15901005268096927 -0.023554086685180661 0.17074912786483767 1.1445202231407168 0.024929235689342025 -0.016509383916854855 0.045093834400177009 0.0026177763938903813 0.020044350065290931 0.040004074573516853 -0.0052760243415832511
decision_type=8 2 8 10 8 10 2 10 10 10 10 10 10 10 10 10 8 2 2 2 8 10 10 10 10 10 10 10 2 2
left_child=3 2 -2 4 6 8 10 -8 -5 -4 -1 24 13 16 -15 -16 18 -18 -13 22 21 -21 -11 -10 25 26 27 28 -7 -29
right_child=1 -3 9 5 -6 11 7 -9 23 19 -12 12 -14 14 15 -17 17 -19 -20 20 -22 -23 -24 -25 -26 -27 -28 29 -30 -31
leaf_value=-0.00027102755680306223 -0.00019386212716108239 -2.9608443668259949e-05 3.0971707533443013e-05 -0.0012774991268016159 -0.00022409269902158731 -3.291361961186325e-05 0.00049097453138349106 2.7898000697978604e-05 -0.0012376050868071616 -2.1163883125856932e-05 0.00023877387464155337 7.2528626256497704e-05 3.2448616738565153e-06 3.3705175675701576e-05 0.00050793848392899864 0.0001259750240556682 0.00017785262232891734 2.4816277531192618e-05 -0.00010869540553709863 -0.0016114798073198215 -0.0001360787034802423 -5.7249448946095076e-05 4.3701824428689752e-05 -0.00014078220289336354 3.9839441885428514e-06 3.4843605302105075e-05 8.5285002051332395e-06 1.0325178229137666e-05 -0.00011594226170896766 -3.6433866712144852e-05
leaf_weight=1134 4597 264565 165499 150 1465 284410 3132 1609 124 194956 1231 6255 303068 42631 1796 27979 7979 83907 18513 198 2805 135 55716 3838 2164723 158345 279808 262582 47226 207409
leaf_count=1134 4597 264565 165499 150 1465 284410 3132 1609 124 194956 1231 6255 303068 42631 1796 27979 7979 83907 18513 198 2805 135 55716 3838 2164723 158345 279808 262582 47226 207409
internal_value=-1.68511e-10 -8.71549e-06 4.32411e-06 1.53469e-06 0.000144794 1.21988e-06 0.000220866 0.000333855 -0.000215917 6.49734e-06 -5.68337e-06 1.44907e-06 1.78831e-05 4.13484e-05 8.11312e-05 0.000149031 1.66551e-05 3.81071e-05 -6.29274e-05 -9.46145e-06 -0.000226285 -0.000983444 -6.74629e-06 -0.000175413 -9.26507e-07 -9.50042e-06 -1.59933e-05 -2.45527e-05 -4.47375e-05 -1.03098e-05
internal_weight=4.59778e+06 688471 423906 3.90931e+06 8571 3.90074e+06 7106 4741 4112 419309 2365 3.89663e+06 492128 189060 72406 29775 116654 91886 24768 253810 3138 333 250672 3962 3.4045e+06 1.23978e+06 1.08144e+06 801627 331636 469991
internal_count=4597785 688471 423906 3909314 8571 3900743 7106 4741 4112 419309 2365 3896631 492128 189060 72406 29775 116654 91886 24768 253810 3138 333 250672 3962 3404503 1239780 1081435 801627 331636 469991
is_linear=0
shrinkage=0.05


Tree=94
num_leaves=31
num_cat=0
split_feature=0 0 6 9 9 5 7 9 4 1 9 5 7 3 3 2 8 3 2 2 6 6 1 7 7 5 2 3 9 4
split_gain=0.023734 0.0499971 0.0367891 0.0470931 0.0413285 0.0427268 0.0368953 0.0439012 0.0374729 0.0501566 0.0364993 0.061002 0.0359648 0.0438327 0.0409612 0.0344556 0.0327445 0.0352014 0.0315552 0.0312614 0.0309652 0.0314588 0.0409986 0.0501943 0.039221 0.031058 0.0304044 0.0300174 0.0293985 0.0574908
threshold=0.049224495887756355 0.050689935684204109 0.089947186410427107 0.56128665804862987 0.99834382534027111 0.066215097904205336 0.051073934882879264 0.44853813946247106 -0.0038609802722930904 0.31152415275573736 5.2858159542083749 0.15901005268096927 0.072536423802375807 0.019258260726928714 -0.022417664527893063 0.63825666904449474 1.4898381829261782 0.01417207717895508 0.35084515810012823 0.30438482761383062 0.0030453326180577282 0.070700157433748259 0.10741943120956422 0.04682892560958863 0.042164573445916183 0.063957035541534438 0.28774785995483404 0.005634486675262452 0.5018262267112733 -0.0062893331050872794
decision_type=10 10 10 8 10 2 10 8 2 8 10 2 10 10 10 10 8 10 8 10 8 10 10 10 8 2 10 10 8 2
left_child=10 18 6 -4 -5 -6 7 -3 9 -9 28 -12 14 -14 -7 -15 -8 19 -2 26 27 -22 24 -24 -23 -25 -18 -10 29 -1
right_child=1 2 3 4 5 12 16 8 20 -11 11 -13 13 15 -16 -17 17 -19 -20 -21 21 22 23 25 -26 -27 -28 -29 -30 -31
leaf_value=1.5346415009963574e-05 7.384209907814238e-05 0.00025509638103197654 0.0009610919079038778 -0.00022617136439691718 0.0010048238885424149 0.00089287235019958251 -9.0367586164671449e-06 -0.00012654919859317359 0.00104203971095918 -0.001001439377796487 -7.1829703656982135e-05 -0.00062766180243109797 -0.0004326993922574722 0.00079669589425965064 0.00018282827832446645 -0.00025287984431374464 -0.00015177298448504413 -4.6879652072409762e-06 0.00029267023841990142 -0.00038153071215079205 6.8968340418028076e-06 0.00045612170526025393 -0.00025289936447958584 0.00099277321098349583 0.00011492745116342213 0.0001182464078028068 0.00062972398451348961 0.0001593419590769502 4.2835923968246122e-07 -3.3322481856203061e-05
leaf_weight=92361 15831 1869 172 717 153 222 17124 1119 100 191 6850 531 491 172 2292 142 3554 3558 1838 1742 162945 1199 1297 114 2829 870 128 2099 4098388 176887
leaf_count=92361 15831 1869 172 717 153 222 17124 1119 100 191 6850 531 491 172 2292 142 3554 3558 1838 1742 162945 1199 1297 114 2829 870 128 2099 4098388 176887
internal_value=-1.99824e-10 1.59198e-05 8.9671e-06 0.000152622 0.000119204 0.000190572 5.84549e-06 1.41335e-05 1.15253e-05 -0.000254776 -8.10822e-07 -0.000111897 0.000152745 -0.000137992 0.000245859 0.000322751 -4.95946e-05 -0.000126908 9.66208e-05 -0.000207065 1.35614e-05 1.11388e-05 0.00012068 -4.86862e-05 0.000216577 0.000220469 -0.000124442 0.000199938 -6.23069e-07 -1.66274e-05
internal_weight=4.59778e+06 222768 205099 4361 4189 3472 200738 174632 172763 1310 4.37502e+06 7381 3319 805 2514 314 26106 8982 17669 5424 171453 169254 6309 2281 4028 984 3682 2199 4.36764e+06 269248
internal_count=4597785 222768 205099 4361 4189 3472 200738 174632 172763 1310 4375017 7381 3319 805 2514 314 26106 8982 17669 5424 171453 169254 6309 2281 4028 984 3682 2199 4367636 269248
is_linear=0
shrinkage=0.05


Tree=95
num_leaves=31
num_cat=0
split_feature=8 6 3 6 5 0 1 7 6 8 3 7 4 7 4 5 6 2 1 1 1 2 2 5 2 6 5 5 2 3
split_gain=0.0231269 0.0532222 0.0502365 0.059886 0.0484652 0.0480677 0.0474711 0.0419231 0.062931 0.0601318 0.0407513 0.0397481 0.0405969 0.0479568 0.0388184 0.0378752 0.0374933 0.0478194 0.0531706 0.0347772 0.0331467 0.0429647 0.0322362 0.0468979 0.0318223 0.0312699 0.0378768 0.0336307 0.0310828 0.0671766
threshold=2.0793143510818486 0.053217262029647834 -0.071529179811477647 0.089947186410427107 0.0095923542976379412 0.045517027378082282 0.011697232723236086 0.038257025182247169 0.057001238688826568 1.0506768822669985 0.021690428256988529 0.066488545387983336 0.098773837089538588 0.055245274677872665 -0.0097648203372955305 0.047609031200408942 0.050221057608723647 -0.097607672214508043 -0.034403711557388299 0.24212771654129031 0.17074912786483767 -0.0026434659957885738 0.12012475728988649 0.15901005268096927 0.26012134552001959 0.030489658005535606 0.15901005268096927 0.15901005268096927 -0.10075703263282774 -0.0049382150173187247
decision_type=10 10 10 10 2 10 10 8 8 8 10 10 2 10 2 2 10 10 10 10 10 10 10 2 10 10 2 2 8 8
left_child=5 11 14 4 -4 28 -5 9 10 19 -9 12 15 25 -3 -2 -11 -18 -19 24 21 -17 23 -6 -7 26 -14 -27 29 -1
right_child=1 2 3 6 22 7 -8 8 -10 16 -12 -13 13 -15 -16 20 17 18 -20 -21 -22 -23 -24 -25 -26 27 -28 -29 -30 -31
leaf_value=3.1695608939178033e-05 2.7415793727403133e-05 0.00030531660862371726 0.00058862143964152577 -0.00074115642992717988 -8.4416598539688718e-06 0.00012336731213728725 0.00021921818269739248 -5.5661485193025508e-05 5.2626074022851847e-05 1.7211914119883214e-05 5.4710275011476045e-05 -0.00072336496988557517 9.6008020757882019e-05 -0.00078992987125761161 -0.00051390521052462241 -5.3226553818847392e-05 -0.00010331320463860469 0.00058320860997974097 0.0001356243929599887 -0.00019191585640973151 -0.00010606047954601216 5.5471292420692778e-06 -0.00014953325879894094 -0.00033813020591444702 0.00031324473388297664 0.00013580655582896869 0.0014116836316178292 -0.00029811773797119417 -2.2533959879259534e-06 -8.8327274485025855e-07
leaf_weight=226963 50447 168 262 135 11919 11728 2398 40926 36657 59439 10510 192 117 145 1012 49107 1880 731 7111 741 11063 84770 12942 1185 2718 6795 102 477 3442672 522473
leaf_count=226963 50447 168 262 135 11919 11728 2398 40926 36657 59439 10510 192 117 145 1012 49107 1880 731 7111 741 11063 84770 12942 1185 2718 6795 102 477 3442672 522473
internal_value=-1.41785e-10 -1.53401e-05 -7.74808e-05 -6.43902e-05 -8.67478e-05 8.19612e-07 0.000167761 2.66911e-05 2.56736e-06 5.18856e-05 -3.31084e-05 -6.15976e-06 -5.47793e-06 0.000107613 -0.00039711 -9.89823e-06 3.21016e-05 0.000123124 0.000177415 0.000141973 -2.28856e-05 -1.60117e-05 -9.35638e-05 -3.82791e-05 0.000159112 0.00012509 0.00071242 0.000107307 -2.4461e-07 8.98311e-06
internal_weight=4.59778e+06 233236 30021 28841 26308 4.36455e+06 2533 172441 88093 84348 51436 203215 203023 7636 1180 195387 69161 9722 7842 15187 144940 133877 26046 13104 14446 7491 219 7272 4.19211e+06 749436
internal_count=4597785 233236 30021 28841 26308 4364549 2533 172441 88093 84348 51436 203215 203023 7636 1180 195387 69161 9722 7842 15187 144940 133877 26046 13104 14446 7491 219 7272 4192108 749436
is_linear=0
shrinkage=0.05


Tree=96
num_leaves=31
num_cat=0
split_feature=5 1 1 6 8 0 5 3 0 3 6 1 1 7 8 3 6 5 8 0 2 1 2 3 3 8 2 2 3 6
split_gain=0.0222974 0.068733 0.0634091 0.0465517 0.0365373 0.0896992 0.0892672 0.0849623 0.0776898 0.125002 0.130469 0.140106 0.0931064 0.0922169 0.0757045 0.0769261 0.11902 0.122621 0.0680754 0.0647732 0.0643998 0.0692797 0.125765 0.0753245 0.0626677 0.0621911 0.0583913 0.0849327 0.0679242 0.0707696
threshold=0.01552790403366089 0.31152415275573736 -0.20259189605712888 0.050221057608723647 1.3374590873718264 0.024657547473907474 0.031250059604644782 0.019258260726928714 -0.037168622016906731 -0.050491750240325921 0.057001238688826568 -1.0000000180025095e-35 -0.13894048333168027 0.035760859027504928 0.31881374120712286 -0.022417664527893063 0.061007544398307807 0.046258509159088142 0.72420465946197521 -0.070485889911651597 0.057291686534881599 -0.12531790137290952 -0.17067304253578183 -0.014732539653778074 -0.009345740079879759 0.89619356393814098 -0.0035971701145172115 0.1255869269371033 -0.018927484750747677 0.028585115447640422
decision_type=2 8 10 8 8 10 2 8 8 10 10 10 10 10 10 10 10 2 10 10 8 10 10 10 10 10 10 10 10 10
left_child=1 2 3 -1 5 8 -6 18 14 10 11 12 25 -14 -2 16 17 -16 -7 -19 21 22 24 -23 -20 -10 -8 -28 29 -29
right_child=4 -3 -4 -5 6 7 26 -9 9 -11 -12 -13 13 -15 15 -17 -18 19 20 -21 -22 23 -24 -25 -26 -27 27 28 -30 -31
leaf_value=-0.00016851509256801884 -0.0008568820351453621 0.00012387270809251344 -1.2837007910882342e-05 -0.00079207861049426375 2.6171137349948767e-05 8.7891911369725187e-05 -3.2082805645128981e-05 0.0001167751479521121 -0.00069080795914314456 -9.6029154352127177e-07 0.00024589597579630974 1.5422131748534472e-05 -0.0004609512110462455 -0.0011877079806853071 -1.7933051302077047e-05 1.5852970953582807e-05 -2.5371169540373112e-05 0.00032331920056739589 -0.00081911205930908562 0.00014203334863409069 -1.596931871897572e-05 0.00023587850892896106 0.0001859898686146783 3.4769321233308514e-05 -0.00023608118490621346 0.00058060459315472854 1.3147788306324592e-05 0.00011141085070504525 -2.1791583001485448e-05 -0.00017613803475684904
leaf_weight=1119 240 9237 408052 408 158555 33823 301769 25673 167 2755487 949 1195 896 854 7908 186924 14776 8145 689 12478 109603 4848 1380 117003 1392 224 277708 2543 140267 13473
leaf_count=1119 240 9237 408052 408 158555 33823 301769 25673 167 2755487 949 1195 896 854 7908 186924 14776 8145 689 12478 109603 4848 1380 117003 1392 224 277708 2543 140267 13473
internal_value=-1.34434e-10 -1.09989e-05 -1.40409e-05 -0.000335535 1.10217e-06 3.54169e-06 -7.85773e-06 2.98744e-05 9.49036e-07 -1.37997e-06 -0.000271194 -0.000418321 -0.00066031 -0.000816084 2.88376e-05 2.97646e-05 8.9809e-05 0.000149459 2.15722e-05 0.000213644 1.20231e-05 3.65064e-05 -0.000184054 4.27726e-05 -0.000429418 3.71946e-05 -1.51909e-05 -3.44536e-06 -3.29305e-05 -0.000130477
internal_weight=4.59778e+06 418816 409579 1527 4.17897e+06 3.28465e+06 894315 294411 2.99024e+06 2.75977e+06 4285 3336 2141 1750 230471 230231 43307 28531 268738 20623 234915 125312 3461 121851 2081 391 735760 433991 156283 16016
internal_count=4597785 418816 409579 1527 4178969 3284654 894315 294411 2990243 2759772 4285 3336 2141 1750 230471 230231 43307 28531 268738 20623 234915 125312 3461 121851 2081 391 735760 433991 156283 16016
is_linear=0
shrinkage=0.05


Tree=97
num_leaves=31
num_cat=0
split_feature=7 3 9 0 4 5 1 8 3 2 5 2 6 2 1 2 2 2 0 2 7 1 3 6 5 3 7 0 2 6
split_gain=0.0229176 0.0666216 0.0850872 0.0705244 0.0656445 0.0647225 0.080962 0.0641758 0.0623031 0.0636472 0.100735 0.0646942 0.0610407 0.0803154 0.0605762 0.0542098 0.0526549 0.052336 0.0897002 0.111884 0.179734 0.0812641 0.0939248 0.08711 0.115059 0.0709378 0.100368 0.144483 0.207544 0.0638615
threshold=0.04023407772183419 -0.071529179811477647 3.562729120254517 -0.099913775920867906 0.0098736286163330095 0.0077120661735534677 -0.099604606628417955 0.78598490357398998 -0.071529179811477647 -0.067796617746353136 1.0000000180025095e-35 0.27307158708572393 0.081208650022745146 0.094797015190124526 -0.045454531908035271 -0.13959667086601255 -0.28293588757514948 1.0000000180025095e-35 -0.070485889911651597 0.13468533754348758 0.032039294019341476 0.0043965578079223641 1.0000000180025095e-35 0.046455599367618568 0.070451915264129653 -0.0084996819496154768 0.023889430798590187 -0.051459103822708123 0.087030053138732924 0.0131234098225832
decision_type=8 8 8 10 2 2 10 10 10 8 2 10 10 8 10 10 8 8 10 10 10 10 10 10 2 10 10 10 10 8
left_child=1 2 5 7 8 15 -7 -3 9 -2 12 -12 13 -11 -10 -1 -6 21 19 -19 -21 23 -23 -5 -25 26 27 28 -20 -27
right_child=4 3 -4 17 16 6 -8 -9 14 10 11 -13 -14 -15 -16 -17 -18 18 25 20 -22 22 -24 24 -26 29 -28 -29 -30 -31
leaf_value=-0.00025070551836751042 -0.0004105387847319094 -0.0012175306233358665 -0.00020613872947903398 -1.2497997775206491e-05 0.00012576448273601183 0.00046686423750838996 3.0496136523143828e-05 -0.00016715550010335 3.0250049655750354e-05 1.759254403479969e-05 -6.8489662033036371e-05 -0.00052844164520852966 -0.0002619040029465089 0.0010699627217597635 -8.8535290890354077e-06 0.00022826041865991773 -3.119174634669764e-05 7.9112016181513483e-05 4.2290198627032909e-05 0.0016941496264383509 0.00029537379577126955 2.6296841171834393e-05 -1.2134743042373406e-05 9.9472959810158394e-05 -7.1250070856226049e-05 -6.8833911515045816e-06 -4.0053578608582377e-05 2.2107638343228791e-05 0.0015438340668455595 1.716138003713053e-05
leaf_weight=1134 1658 150 1465 1448105 5455 3132 1609 3962 162574 313 4320 928 260 430 253423 1231 259110 3608 579 299 982 394384 266347 37222 13429 365515 163220 73154 381 1129406
leaf_count=1134 1658 150 1465 1448105 5455 3132 1609 3962 162574 313 4320 928 260 430 253423 1231 259110 3608 579 299 982 394384 266347 37222 13429 365515 163220 73154 381 1129406
internal_value=-1.63063e-10 1.48124e-06 0.00014072 1.17526e-06 -8.41193e-06 0.000212249 0.000318807 -0.000205758 3.78521e-06 -0.000135225 -6.21473e-05 -0.000149908 0.000396734 0.000627255 6.42841e-06 -1.4091e-06 -2.7955e-05 1.39368e-06 7.85443e-06 0.0002217 0.000622931 -3.8035e-06 1.08047e-05 -1.02436e-05 5.4209e-05 7.25076e-06 -1.81432e-05 3.01094e-05 0.000639202 1.12823e-05
internal_weight=4.59778e+06 3.90931e+06 8571 3.90074e+06 688471 7106 4741 4112 423906 7909 6251 5248 1003 743 415997 2365 264565 3.89663e+06 1.73714e+06 4889 1281 2.15949e+06 660731 1.49876e+06 50651 1.73226e+06 237334 74114 960 1.49492e+06
internal_count=4597785 3909314 8571 3900743 688471 7106 4741 4112 423906 7909 6251 5248 1003 743 415997 2365 264565 3896631 1737144 4889 1281 2159487 660731 1498756 50651 1732255 237334 74114 960 1494921
is_linear=0
shrinkage=0.05


Tree=98
num_leaves=31
num_cat=0
split_feature=4 3 2 6 1 8 6 6 5 3 1 0 6 6 1 8 8 0 7 8 7 5 2 3 6 3 6 1 9 8
split_gain=0.0231109 0.0652396 0.0458083 0.0502697 0.0394376 0.0461165 0.0451061 0.0442231 0.0924452 0.046825 0.0409287 0.0547401 0.0458873 0.0349068 0.0349043 0.0455302 0.0490009 0.0371194 0.033273 0.0323938 0.0300223 0.029974 0.0781289 0.0717207 0.103406 0.0708935 0.0859961 0.0906468 0.1819 0.0707969
threshold=0.098773837089538588 0.044776141643524177 0.63825666904449474 0.027408521622419361 0.31152415275573736 2.6850341558456425 0.065029647201299681 0.089947186410427107 0.15901005268096927 0.003175139427185059 0.20945948362350467 0.10044640302658082 0.081208650022745146 0.03116739355027676 0.072072088718414321 1.0553504228591921 1.1623270511627199 0.09951645135879518 0.049476299434900291 0.81467643380165111 0.055245274677872665 0.067796647548675551 -0.28293588757514948 -0.071529179811477647 0.081208650022745146 -0.042735069990158074 0.053217262029647834 -0.042214661836624139 0.66862502694129955 0.8727649748325349
decision_type=2 8 8 8 8 8 10 8 2 10 10 10 10 10 10 8 10 10 10 10 10 2 8 8 8 8 8 8 10 10
left_child=21 2 4 -4 7 6 13 8 9 18 11 -10 -12 -6 -5 17 -17 -16 -2 -9 -7 25 -23 24 29 -1 -27 28 -28 -24
right_child=1 -3 3 14 5 20 -8 19 10 -11 12 -13 -14 -15 15 16 -18 -19 -20 -21 -22 22 23 -25 -26 26 27 -29 -30 -31
leaf_value=-8.352847588578731e-05 0.00012764841205294906 0.0004521147890902899 0.00052751749634250792 -0.00053247713482886352 0.00051841974642882229 -0.00033780100566218609 0.00039102078045033615 0.0010791876968790511 -3.7254987829858703e-05 -0.00040744380486238644 -0.00018249612189490989 -0.00052298550790565613 0.00053532459353410999 -0.0003703457447425607 0.0011078467692381569 -0.00087764282267509177 -0.00013106506371718374 7.172823723136731e-05 -3.1630032767940068e-05 0.00025255186397755503 -0.0011886832405707537 0.00012941074184982717 -0.00011113359230673976 -1.5782029214112045e-05 -0.00021374559455039196 3.2995552461438342e-07 7.9890617293296295e-06 1.8509548778631304e-05 0.00025113639142050652 0.0004098077380308086
leaf_weight=24546 17121 941 247 661 130 375 444 128 1035 469 614 1319 348 707 104 265 1268 490 4055 1480 143 9677 827 524086 1310 3866171 17372 104571 13803 3078
leaf_count=24546 17121 941 247 661 130 375 444 128 1035 469 614 1319 348 707 104 265 1268 490 4055 1480 143 9677 827 524086 1310 3866171 17372 104571 13803 3078
internal_value=-1.27782e-10 4.21153e-05 2.98156e-05 -0.000154779 4.95694e-05 -0.000176928 -1.58249e-05 6.49118e-05 4.85323e-05 8.61963e-05 -0.00019727 -0.000309527 7.74592e-05 -0.000231852 -0.000215393 -0.00011665 -0.000260609 0.000254693 9.71481e-05 0.000318984 -0.000574535 -2.98505e-07 -1.13718e-05 -1.39459e-05 0.000170544 1.18376e-06 1.70336e-06 4.0819e-05 0.000115649 0.000299483
internal_weight=4.59778e+06 32344 31403 3035 28368 1799 1281 26569 24961 21645 3316 2354 962 837 2788 2127 1533 594 21176 1608 518 4.56544e+06 538978 529301 5215 4.02646e+06 4.00192e+06 135746 31175 3905
internal_count=4597785 32344 31403 3035 28368 1799 1281 26569 24961 21645 3316 2354 962 837 2788 2127 1533 594 21176 1608 518 4565441 538978 529301 5215 4026463 4001917 135746 31175 3905
is_linear=0
shrinkage=0.05


Tree=99
num_leaves=31
num_cat=0
split_feature=9 0 0 2 6 3 7 1 2 3 7 5 0 7 4 0 1 0 4 2 3 2 3 1 6 1 7 3 6 2
split_gain=0.0213604 0.103448 0.123378 0.0823675 0.0618995 0.0543441 0.0553955 0.0519394 0.0705858 0.0492979 0.0442188 0.0438765 0.126815 0.0913233 0.0829765 0.0824074 0.0835169 0.0772662 0.0772168 0.0946674 0.10958 0.0728947 0.120938 0.0710731 0.0709919 0.112033 0.070902 0.0770904 0.0708626 0.0570117
threshold=0.56128665804862987 0.025254964828491214 -0.0016919672489166258 0.10309499502182008 0.089947186410427107 -0.014310538768768309 0.024585238657891754 -0.088599622249603258 -0.076594322919845567 -0.016074120998382565 0.030590517446398739 0.038832664489746101 -0.048067986965179436 0.018997049890458587 0.024520754814147953 -0.010502874851226805 -0.1590296924114227 0.0035175681114196782 0.038961112499237067 -0.24467906355857846 -0.0031103789806365962 0.10108309984207155 -0.0097087323665618879 -0.090987533330917345 0.040994362905621536 -0.050555527210235589 0.025158763863146309 0.010126531124114992 0.054908955469727523 0.12285357713699342
decision_type=8 8 10 10 10 10 10 10 8 10 8 2 8 10 2 8 10 8 2 10 10 10 10 8 8 8 10 10 10 8
left_child=1 2 5 7 -3 -1 -7 8 9 -4 -11 12 -2 14 23 16 18 24 19 20 -15 28 -23 -13 -14 -26 27 -19 -17 -16
right_child=11 4 3 -5 -6 6 -8 -9 -10 10 -12 13 17 15 29 21 -18 26 -20 -21 -22 22 -24 -25 25 -27 -28 -29 -30 -31
leaf_value=-5.5253446840467901e-05 -0.00022136151147654715 0.00010794487082421024 -0.00065613215499663871 3.4839012696946511e-05 0.00084983343161149311 -1.2666025231861372e-05 3.8968274608255003e-05 -4.5021674142808005e-05 -3.6773867135707831e-05 -0.00032239194956298564 -0.00010920530444991745 0.00010075676782010301 -2.9856417551899461e-06 8.6606234679101704e-05 4.2504838567052939e-05 -4.2134246905883997e-06 9.6523771890883009e-06 2.1696173808986552e-05 0.00045714232027020956 1.2455978941223603e-05 0.00048050638377516861 -8.8744199161966422e-05 -1.3821887284486647e-05 -6.4800908170273999e-05 0.0002212852613004987 2.4035127775572959e-05 -3.1832782764348231e-06 8.4398182029372601e-05 6.2887812860059085e-05 -6.2386198759343791e-05
leaf_weight=28293 6141 13877 604 29797 286 86269 130550 159985 10754 3964 6297 6803 1432255 5044 44427 527944 587784 565983 1443 16351 2716 66793 278190 137270 8578 44743 280177 53668 42513 18286
leaf_count=28293 6141 13877 604 29797 286 86269 130550 159985 10754 3964 6297 6803 1432255 5044 44427 527944 587784 565983 1443 16351 2716 66793 278190 137270 8578 44743 280177 53668 42513 18286
internal_value=-1.12311e-10 -1.00918e-05 -1.42206e-05 -4.22098e-05 0.000122985 9.91913e-06 1.84238e-05 -5.48518e-05 -0.000127591 -0.000217469 -0.000191586 1.15079e-06 5.54261e-06 -4.90097e-06 -3.60863e-05 -6.82746e-07 1.34995e-05 6.12684e-06 0.000101986 8.07127e-05 0.000224515 -1.01848e-05 -2.8328e-05 -5.69828e-05 -8.76676e-07 5.57712e-05 1.76893e-05 2.71269e-05 7.8736e-07 1.192e-05
internal_weight=4.59778e+06 470676 456513 211401 14163 245112 216819 181604 21619 10865 10261 4.12711e+06 2.39154e+06 1.73556e+06 206786 1.52878e+06 613338 2.3854e+06 25554 24111 7760 915440 344983 144073 1.48558e+06 53321 899828 619651 570457 62713
internal_count=4597785 470676 456513 211401 14163 245112 216819 181604 21619 10865 10261 4127109 2391545 1735564 206786 1528778 613338 2385404 25554 24111 7760 915440 344983 144073 1485576 53321 899828 619651 570457 62713
is_linear=0
shrinkage=0.05


end of trees

feature_importances:
high_low_range=404
ret_1d=396
ret_5d=359
ret_20d=356
gap_1d=329
volume_ratio_5d=289
volatility_5d=250
volatility_20d=215
intraday_ret=209
amount_ratio_5d=193

parameters:
[boosting: gbdt]
[objective: regression]
[metric: l2]
[tree_learner: serial]
[device_type: cpu]
[data_sample_strategy: bagging]
[data: ]
[valid: ]
[num_iterations: 100]
[learning_rate: 0.05]
[num_leaves: 31]
[num_threads: 32]
[seed: 20260927]
[deterministic: 1]
[force_col_wise: 1]
[force_row_wise: 0]
[histogram_pool_size: -1]
[max_depth: -1]
[min_data_in_leaf: 100]
[min_sum_hessian_in_leaf: 0.001]
[bagging_fraction: 1]
[pos_bagging_fraction: 1]
[neg_bagging_fraction: 1]
[bagging_freq: 0]
[bagging_seed: 20260927]
[bagging_by_query: 0]
[feature_fraction: 1]
[feature_fraction_bynode: 1]
[feature_fraction_seed: 20260927]
[extra_trees: 0]
[extra_seed: 2444]
[early_stopping_round: 0]
[early_stopping_min_delta: 0]
[first_metric_only: 0]
[max_delta_step: 0]
[lambda_l1: 0]
[lambda_l2: 1]
[linear_lambda: 0]
[min_gain_to_split: 0]
[drop_rate: 0.1]
[max_drop: 50]
[skip_drop: 0.5]
[xgboost_dart_mode: 0]
[uniform_drop: 0]
[drop_seed: 16765]
[top_rate: 0.2]
[other_rate: 0.1]
[min_data_per_group: 100]
[max_cat_threshold: 32]
[cat_l2: 10]
[cat_smooth: 10]
[max_cat_to_onehot: 4]
[top_k: 20]
[monotone_constraints: ]
[monotone_constraints_method: basic]
[monotone_penalty: 0]
[feature_contri: ]
[forcedsplits_filename: ]
[refit_decay_rate: 0.9]
[cegb_tradeoff: 1]
[cegb_penalty_split: 0]
[cegb_penalty_feature_lazy: ]
[cegb_penalty_feature_coupled: ]
[path_smooth: 0]
[interaction_constraints: ]
[verbosity: -1]
[saved_feature_importance_type: 0]
[use_quantized_grad: 0]
[num_grad_quant_bins: 4]
[quant_train_renew_leaf: 0]
[stochastic_rounding: 1]
[linear_tree: 0]
[max_bin: 255]
[max_bin_by_feature: ]
[min_data_in_bin: 3]
[bin_construct_sample_cnt: 200000]
[data_random_seed: 20260927]
[is_enable_sparse: 1]
[enable_bundle: 1]
[use_missing: 1]
[zero_as_missing: 0]
[feature_pre_filter: 1]
[pre_partition: 0]
[two_round: 0]
[header: 0]
[label_column: ]
[weight_column: ]
[group_column: ]
[ignore_column: ]
[categorical_feature: ]
[forcedbins_filename: ]
[precise_float_parser: 0]
[parser_config_file: ]
[objective_seed: 12956]
[num_class: 1]
[is_unbalance: 0]
[scale_pos_weight: 1]
[sigmoid: 1]
[boost_from_average: 1]
[reg_sqrt: 0]
[alpha: 0.9]
[fair_c: 1]
[poisson_max_delta_step: 0.7]
[tweedie_variance_power: 1.5]
[lambdarank_truncation_level: 30]
[lambdarank_norm: 1]
[label_gain: ]
[lambdarank_position_bias_regularization: 0]
[eval_at: ]
[multi_error_top_k: 1]
[auc_mu_weights: ]
[num_machines: 1]
[local_listen_port: 12400]
[time_out: 120]
[machine_list_filename: ]
[machines: ]
[gpu_platform_id: -1]
[gpu_device_id: -1]
[gpu_device_id_list: ]
[gpu_use_dp: 0]
[num_gpu: 1]

end of parameters

pandas_categorical:[]
